{"type":"FeatureCollection","features":[{"type":"Feature","id":"02013","properties":{"name":"Aleutians East","fips":"02013"},"geometry":{"type":"MultiPolygon","coordinates":[[[[-162.255,54.9784],[-162.2497,54.9759],[-162.2357,54.9626],[-162.233,54.891],[-162.2368,54.8816],[-162.2753,54.8456],[-162.2829,54.8412],[-162.3006,54.8326],[-162.3211,54.8279],[-162.3493,54.836],[-162.4174,54.8775],[-162.4252,54.885],[-162.4375,54.9276],[-162.4355,54.9292],[-162.3374,54.9816],[-162.3268,54.9853],[-162.2667,54.9821],[-162.255,54.9784]]],[[[-159.3244,54.9283],[-159.3177,54.9337],[-159.2787,54.9485],[-159.2057,54.9274],[-159.2029,54.9255],[-159.2032,54.9148],[-159.2126,54.8961],[-159.2361,54.8765],[-159.2724,54.8642],[-159.3059,54.8637],[-159.3097,54.8658],[-159.3279,54.8847],[-159.3207,54.8973],[-159.3135,54.9034],[-159.3121,54.9096],[-159.3127,54.9187],[-159.3244,54.9283]]],[[[-160.0179,55.1561],[-160.0474,55.1809],[-160.0615,55.2004],[-160.0529,55.203],[-160.0253,55.2039],[-160.0022,55.1945],[-159.994,55.1852],[-159.9835,55.1804],[-159.9544,55.1893],[-159.9312,55.2201],[-159.8892,55.2871],[-159.8797,55.2902],[-159.8706,55.2849],[-159.8486,55.2675],[-159.8439,55.2494],[-159.8446,55.2438],[-159.8553,55.2304],[-159.861,55.2279],[-159.8666,55.2312],[-159.8865,55.2291],[-159.8953,55.2179],[-159.9054,55.1647],[-159.9016,55.1569],[-159.885,55.1456],[-159.8609,55.1493],[-159.8596,55.1649],[-159.8613,55.1717],[-159.8608,55.1771],[-159.8463,55.1808],[-159.8164,55.1781],[-159.8237,55.1441],[-159.8309,55.1265],[-159.8554,55.1008],[-159.8686,55.0949],[-159.8861,55.1026],[-159.8865,55.1071],[-159.9066,55.1125],[-159.9476,55.1052],[-159.9513,55.1006],[-159.9454,55.0879],[-159.9511,55.0666],[-160.0521,55.0058],[-160.0807,54.9944],[-160.1158,54.9851],[-160.1835,54.9157],[-160.1816,54.903],[-160.2008,54.8753],[-160.227,54.8641],[-160.2548,54.896],[-160.2508,54.9298],[-160.2443,54.9335],[-160.2234,54.9391],[-160.1776,54.9814],[-160.1322,55.0137],[-160.1068,55.027],[-160.0822,55.0336],[-160.0779,55.0376],[-160.0876,55.05],[-160.0943,55.053],[-160.1334,55.0439],[-160.1744,55.0526],[-160.1914,55.1086],[-160.1873,55.1184],[-160.1099,55.1608],[-160.0773,55.1465],[-160.0596,55.1337],[-160.0525,55.1217],[-160.0528,55.1194],[-160.057,55.1185],[-160.0578,55.1154],[-160.0556,55.1116],[-160.0303,55.1161],[-160.0122,55.1229],[-160.0052,55.1294],[-160.0041,55.1345],[-160.0179,55.1561]]],[[[-159.4553,55.0615],[-159.4485,55.0643],[-159.3818,55.064],[-159.3453,55.0594],[-159.3385,55.0467],[-159.3288,54.9806],[-159.3302,54.9764],[-159.3318,54.9746],[-159.4266,54.9423],[-159.448,54.9414],[-159.458,54.9457],[-159.4596,54.9487],[-159.4513,54.9753],[-159.4401,54.9885],[-159.4168,55.0003],[-159.418,55.022],[-159.4554,55.0358],[-159.4553,55.0615]]],[[[-159.5335,55.1848],[-159.5043,55.1768],[-159.4995,55.174],[-159.4934,55.1551],[-159.4948,55.136],[-159.5036,55.1314],[-159.5094,55.1302],[-159.5303,55.1062],[-159.5336,55.084],[-159.5244,55.0774],[-159.4842,55.0577],[-159.485,55.054],[-159.4896,55.0492],[-159.5097,55.0414],[-159.5178,55.0447],[-159.5355,55.0587],[-159.5724,55.0601],[-159.5978,55.047],[-159.6352,55.0373],[-159.6389,55.0387],[-159.644,55.0426],[-159.6491,55.0495],[-159.6509,55.0658],[-159.6354,55.1167],[-159.617,55.1277],[-159.5861,55.1577],[-159.5731,55.1876],[-159.5211,55.2534],[-159.5192,55.2537],[-159.5032,55.235],[-159.5053,55.2223],[-159.5123,55.2084],[-159.5335,55.1848]]],[[[-161.7186,55.1542],[-161.6971,55.1371],[-161.6784,55.1317],[-161.6636,55.1303],[-161.6516,55.1309],[-161.6086,55.1169],[-161.5766,55.1038],[-161.5705,55.1005],[-161.5499,55.0826],[-161.5489,55.0801],[-161.5504,55.0657],[-161.5573,55.0612],[-161.565,55.0589],[-161.5826,55.0582],[-161.5911,55.0608],[-161.6064,55.0703],[-161.6065,55.0742],[-161.5983,55.0813],[-161.597,55.0866],[-161.6025,55.0983],[-161.6159,55.1044],[-161.6324,55.1049],[-161.6549,55.1032],[-161.6745,55.0959],[-161.6785,55.0928],[-161.6782,55.0877],[-161.6903,55.0785],[-161.7379,55.0541],[-161.7642,55.0595],[-161.7916,55.0773],[-161.815,55.0986],[-161.8165,55.1113],[-161.8199,55.114],[-161.8512,55.1264],[-161.8625,55.1276],[-161.8863,55.1269],[-161.8978,55.1358],[-161.9007,55.1421],[-161.8889,55.1607],[-161.8501,55.1753],[-161.8278,55.1785],[-161.7378,55.1619],[-161.7186,55.1542]]],[[[-160.5069,55.3277],[-160.5289,55.3435],[-160.5349,55.3435],[-160.5644,55.3325],[-160.5797,55.3143],[-160.5807,55.3072],[-160.5801,55.3025],[-160.5659,55.2731],[-160.5508,55.2643],[-160.5276,55.2564],[-160.4862,55.1936],[-160.4865,55.182],[-160.4963,55.1664],[-160.5252,55.1299],[-160.6556,55.1603],[-160.6759,55.1736],[-160.6884,55.1956],[-160.6903,55.2105],[-160.7566,55.1951],[-160.7674,55.1854],[-160.7652,55.1767],[-160.7942,55.1344],[-160.806,55.1257],[-160.8214,55.1179],[-160.8245,55.1202],[-160.8159,55.1416],[-160.8075,55.1556],[-160.8076,55.1682],[-160.8195,55.1875],[-160.8419,55.2044],[-160.8412,55.294],[-160.8566,55.3185],[-160.8403,55.3398],[-160.7971,55.3815],[-160.7778,55.3886],[-160.7103,55.4031],[-160.6874,55.4022],[-160.6659,55.399],[-160.6492,55.3888],[-160.6462,55.3831],[-160.6462,55.3577],[-160.651,55.3436],[-160.6143,55.348],[-160.5727,55.389],[-160.5674,55.3901],[-160.5452,55.3879],[-160.5175,55.3794],[-160.5221,55.3744],[-160.5224,55.3704],[-160.5223,55.3644],[-160.519,55.3616],[-160.4257,55.3389],[-160.4086,55.3417],[-160.4033,55.3463],[-160.3618,55.3632],[-160.3444,55.363],[-160.3337,55.3601],[-160.3265,55.3532],[-160.3177,55.3385],[-160.3065,55.3033],[-160.3307,55.261],[-160.3412,55.2518],[-160.3726,55.2599],[-160.3789,55.2667],[-160.3805,55.2728],[-160.3904,55.2866],[-160.4419,55.2983],[-160.4498,55.2971],[-160.4578,55.2919],[-160.4683,55.2889],[-160.4755,55.2892],[-160.4815,55.2918],[-160.5181,55.3091],[-160.5269,55.319],[-160.5069,55.3277]]],[[[-160.2118,55.4559],[-160.137,55.4507],[-160.1418,55.3872],[-160.1425,55.3835],[-160.148,55.3776],[-160.154,55.3775],[-160.2036,55.3917],[-160.28,55.3959],[-160.3089,55.3932],[-160.3211,55.3937],[-160.3399,55.4097],[-160.3495,55.4205],[-160.3476,55.4262],[-160.3232,55.4446],[-160.2668,55.4628],[-160.2606,55.4637],[-160.2275,55.4603],[-160.2118,55.4559]]],[[[-165.7905,54.1718],[-165.7479,54.1613],[-165.7426,54.1584],[-165.7326,54.1481],[-165.7142,54.1208],[-165.6673,54.1321],[-165.6614,54.1309],[-165.6556,54.1191],[-165.6715,54.0962],[-165.7672,54.0659],[-165.8107,54.0748],[-165.8751,54.0364],[-165.8963,54.0557],[-165.8973,54.0606],[-165.9016,54.0629],[-165.9162,54.0657],[-165.9302,54.0666],[-165.9844,54.0617],[-166.0199,54.0514],[-166.0277,54.0459],[-166.0464,54.0442],[-166.0983,54.1035],[-166.1122,54.1225],[-166.1014,54.1441],[-166.082,54.1752],[-166.0025,54.2136],[-165.9832,54.2212],[-165.9446,54.2209],[-165.8731,54.2165],[-165.8682,54.2149],[-165.8651,54.2122],[-165.8659,54.2],[-165.872,54.1898],[-165.8805,54.1836],[-165.8681,54.1687],[-165.8635,54.1662],[-165.8373,54.161],[-165.8324,54.1613],[-165.8252,54.1645],[-165.7971,54.1832],[-165.7938,54.1834],[-165.7926,54.1816],[-165.7905,54.1718]]],[[[-165.271,54.0957],[-165.267,54.0955],[-165.2344,54.0654],[-165.2351,54.0628],[-165.2458,54.0561],[-165.3244,54.0639],[-165.3368,54.0701],[-165.3658,54.0733],[-165.4582,54.0663],[-165.4827,54.0722],[-165.4834,54.075],[-165.4682,54.0796],[-165.439,54.0841],[-165.3223,54.0946],[-165.271,54.0957]]],[[[-164.9762,54.1346],[-164.9378,54.1367],[-164.9213,54.1286],[-164.9197,54.1161],[-164.9215,54.1111],[-164.9532,54.0781],[-164.9606,54.076],[-165.0443,54.0666],[-165.2034,54.0878],[-165.2123,54.0902],[-165.2209,54.1016],[-165.1987,54.1165],[-165.141,54.1311],[-165.0885,54.128],[-165.0674,54.1232],[-165.0502,54.1217],[-165.0231,54.1219],[-165.0079,54.1349],[-164.9762,54.1346]]],[[[-165.5235,54.2999],[-165.5028,54.2995],[-165.4785,54.2953],[-165.4777,54.2837],[-165.48,54.2818],[-165.5137,54.2741],[-165.5576,54.2541],[-165.5588,54.2508],[-165.558,54.2468],[-165.5533,54.2396],[-165.5128,54.2129],[-165.4963,54.2109],[-165.4788,54.2133],[-165.4054,54.2128],[-165.3914,54.2043],[-165.3837,54.1967],[-165.4,54.1777],[-165.4129,54.1792],[-165.4224,54.1828],[-165.4762,54.1827],[-165.4813,54.18],[-165.536,54.1296],[-165.5492,54.1122],[-165.5654,54.1081],[-165.5756,54.1086],[-165.6132,54.1209],[-165.6297,54.1326],[-165.6371,54.1994],[-165.6219,54.2081],[-165.5937,54.2184],[-165.5858,54.2231],[-165.5798,54.2296],[-165.5872,54.2382],[-165.5957,54.2427],[-165.6121,54.2465],[-165.6156,54.2448],[-165.6256,54.2338],[-165.64,54.2297],[-165.6694,54.229],[-165.6815,54.2369],[-165.6858,54.2434],[-165.6841,54.2499],[-165.6754,54.2646],[-165.6364,54.2976],[-165.6256,54.299],[-165.6156,54.2974],[-165.6052,54.2942],[-165.5865,54.2844],[-165.5235,54.2999]]],[[[-162.8019,54.4894],[-162.7963,54.4923],[-162.7284,54.4754],[-162.5889,54.4501],[-162.5567,54.4246],[-162.5527,54.4161],[-162.5516,54.3922],[-162.5627,54.3828],[-162.6119,54.3681],[-162.7228,54.4003],[-162.7604,54.3733],[-162.7595,54.3711],[-162.7812,54.3751],[-162.8601,54.4255],[-162.8276,54.4909],[-162.8019,54.4894]]],[[[-158.8932,56.8058],[-158.891,56.7542],[-159.0286,56.7541],[-159.0286,56.6694],[-159.2755,56.6718],[-159.2755,56.5809],[-159.5927,56.5809],[-159.5934,56.4945],[-159.8994,56.492],[-159.9037,56.3226],[-159.8097,56.3217],[-159.8053,55.9826],[-159.8679,55.9826],[-159.8681,55.8885],[-159.5647,55.8885],[-159.5644,55.633],[-159.6178,55.5958],[-159.6967,55.5733],[-159.7293,55.5697],[-159.7339,55.57],[-159.7445,55.6],[-159.7433,55.6036],[-159.7352,55.6109],[-159.7242,55.6145],[-159.6734,55.6174],[-159.6675,55.6148],[-159.6396,55.6179],[-159.6268,55.6294],[-159.6359,55.6444],[-159.6447,55.6525],[-159.6792,55.6559],[-159.6806,55.6813],[-159.6768,55.7374],[-159.6732,55.751],[-159.6275,55.8032],[-159.6249,55.8047],[-159.6021,55.805],[-159.608,55.8129],[-159.6437,55.8304],[-159.7128,55.8464],[-159.8111,55.8566],[-159.839,55.8524],[-159.8533,55.8472],[-159.8585,55.8418],[-159.8508,55.8241],[-159.8474,55.8025],[-159.8625,55.7876],[-159.876,55.7846],[-159.8923,55.7851],[-159.9371,55.8033],[-160.0103,55.7971],[-160.0263,55.7923],[-160.0487,55.7721],[-160.0525,55.7664],[-160.0519,55.7606],[-160.0494,55.7576],[-160.0584,55.7217],[-160.1304,55.6814],[-160.1857,55.6586],[-160.2798,55.6414],[-160.3254,55.6442],[-160.3535,55.6497],[-160.4108,55.6654],[-160.4165,55.6653],[-160.4219,55.6627],[-160.4297,55.658],[-160.4336,55.649],[-160.433,55.64],[-160.3926,55.6028],[-160.4359,55.5737],[-160.4483,55.559],[-160.4643,55.5332],[-160.4652,55.5274],[-160.4598,55.515],[-160.4627,55.5067],[-160.4816,55.4891],[-160.5013,55.4785],[-160.5213,55.4744],[-160.5367,55.4749],[-160.5442,55.5024],[-160.5542,55.523],[-160.5801,55.5644],[-160.5958,55.5755],[-160.6153,55.5755],[-160.6384,55.5574],[-160.6528,55.5487],[-160.667,55.5444],[-160.7069,55.5561],[-160.7371,55.5554],[-160.751,55.5529],[-160.7662,55.5476],[-160.773,55.539],[-160.7714,55.5294],[-160.7321,55.5236],[-160.6601,55.5185],[-160.6541,55.5126],[-160.6475,55.5009],[-160.6463,55.4929],[-160.6515,55.4742],[-160.6669,55.4598],[-160.7814,55.4518],[-160.796,55.4549],[-160.8367,55.4731],[-160.8434,55.4898],[-160.836,55.4973],[-160.8218,55.5062],[-160.8208,55.508],[-160.8283,55.5161],[-160.8491,55.5239],[-160.8654,55.527],[-160.9096,55.5241],[-160.9229,55.5193],[-160.9443,55.5078],[-160.9766,55.4727],[-160.9793,55.4663],[-160.9774,55.4612],[-160.9827,55.4543],[-160.9973,55.4403],[-161.0137,55.431],[-161.2315,55.3575],[-161.2807,55.354],[-161.3253,55.3599],[-161.3175,55.3628],[-161.312,55.3728],[-161.3149,55.3792],[-161.3461,55.3858],[-161.3646,55.3842],[-161.4452,55.3681],[-161.4604,55.3591],[-161.4861,55.3593],[-161.5077,55.3628],[-161.5142,55.3853],[-161.5093,55.3906],[-161.4961,55.397],[-161.4846,55.418],[-161.4783,55.4406],[-161.4715,55.4786],[-161.4771,55.4852],[-161.4693,55.4968],[-161.3761,55.5698],[-161.3674,55.5795],[-161.3557,55.6064],[-161.3577,55.6126],[-161.3634,55.6185],[-161.3926,55.6282],[-161.4162,55.6323],[-161.4821,55.634],[-161.5262,55.6305],[-161.587,55.6201],[-161.6028,55.6138],[-161.6129,55.6062],[-161.6989,55.5194],[-161.7001,55.5144],[-161.6967,55.4233],[-161.6884,55.4164],[-161.6865,55.408],[-161.7201,55.3767],[-161.8275,55.2879],[-161.8339,55.2844],[-161.8455,55.2812],[-161.8534,55.2776],[-161.8633,55.267],[-161.8756,55.2499],[-161.8795,55.2408],[-161.8758,55.2326],[-161.8752,55.2272],[-161.8781,55.2236],[-161.9034,55.2049],[-161.9195,55.2082],[-161.9575,55.228],[-161.9788,55.2361],[-162.0296,55.2395],[-162.0412,55.2368],[-162.0457,55.2328],[-162.0462,55.2256],[-162.0017,55.1692],[-161.967,55.1548],[-161.9499,55.1267],[-161.9566,55.1122],[-161.9609,55.1067],[-162.0533,55.0742],[-162.1187,55.1029],[-162.1319,55.1228],[-162.119,55.1411],[-162.1264,55.1534],[-162.1411,55.1573],[-162.1774,55.1544],[-162.2182,55.1189],[-162.224,55.1087],[-162.2235,55.1022],[-162.2068,55.0824],[-162.1903,55.067],[-162.1892,55.0603],[-162.2193,55.029],[-162.2479,55.0204],[-162.2535,55.0205],[-162.2678,55.0216],[-162.2805,55.0262],[-162.2925,55.0334],[-162.2996,55.0402],[-162.3004,55.0429],[-162.362,55.0427],[-162.4135,55.0366],[-162.4714,55.0519],[-162.4897,55.0648],[-162.5121,55.0862],[-162.5217,55.104],[-162.521,55.1154],[-162.5069,55.1189],[-162.461,55.1258],[-162.4535,55.1239],[-162.4426,55.1182],[-162.4374,55.1121],[-162.4248,55.1048],[-162.4168,55.1041],[-162.4106,55.1056],[-162.4062,55.1205],[-162.4452,55.1515],[-162.481,55.1613],[-162.4945,55.1839],[-162.4979,55.1991],[-162.499,55.2138],[-162.5104,55.2502],[-162.5131,55.2524],[-162.5849,55.2984],[-162.6261,55.3041],[-162.6492,55.2991],[-162.662,55.2943],[-162.6824,55.2764],[-162.7029,55.2528],[-162.7146,55.2316],[-162.7181,55.2199],[-162.7111,55.2113],[-162.6923,55.1973],[-162.6683,55.1934],[-162.6447,55.1971],[-162.6388,55.1948],[-162.6145,55.1747],[-162.5798,55.1369],[-162.5829,55.1302],[-162.5855,55.1286],[-162.5956,55.1248],[-162.6045,55.126],[-162.6189,55.0971],[-162.5998,55.0548],[-162.5693,55.0159],[-162.5693,54.9712],[-162.588,54.972],[-162.6152,54.9878],[-162.6465,54.9972],[-162.6881,54.9961],[-162.7071,54.9912],[-162.7162,54.9867],[-162.7204,54.9802],[-162.7072,54.972],[-162.7051,54.966],[-162.7085,54.9585],[-162.771,54.9327],[-162.8342,54.9269],[-162.8455,54.927],[-162.8816,54.9348],[-162.9137,54.9503],[-162.9706,55.001],[-162.9659,55.0174],[-162.959,55.0202],[-162.9578,55.0318],[-162.9649,55.0422],[-163.0016,55.08],[-163.0516,55.1033],[-163.0715,55.1105],[-163.079,55.1117],[-163.1115,55.1097],[-163.165,55.0992],[-163.1884,55.0909],[-163.213,55.0667],[-163.2251,55.0497],[-163.2263,55.0427],[-163.219,55.0303],[-163.2133,55.0261],[-163.1894,55.0167],[-163.1748,55.0131],[-163.1486,55.014],[-163.067,54.9793],[-163.0505,54.9691],[-163.0361,54.9425],[-163.0656,54.9262],[-163.1496,54.8859],[-163.2144,54.8475],[-163.2998,54.8292],[-163.353,54.8102],[-163.3732,54.8008],[-163.3728,54.7909],[-163.3427,54.7651],[-163.3228,54.7503],[-163.2284,54.7535],[-163.2198,54.7551],[-163.1889,54.7737],[-163.1843,54.7749],[-163.1441,54.7615],[-163.1076,54.7328],[-163.0572,54.6881],[-163.051,54.6723],[-163.0591,54.6611],[-163.0967,54.6616],[-163.1257,54.6682],[-163.1409,54.6948],[-163.1854,54.7004],[-163.195,54.699],[-163.2088,54.6931],[-163.2806,54.6954],[-163.318,54.7199],[-163.3275,54.7434],[-163.3315,54.7475],[-163.3448,54.7512],[-163.3646,54.7495],[-163.3806,54.7462],[-163.392,54.742],[-163.4231,54.7204],[-163.4284,54.7148],[-163.4255,54.7101],[-163.4394,54.6559],[-163.472,54.6565],[-163.4889,54.6551],[-163.5724,54.6232],[-163.5815,54.6169],[-163.586,54.6116],[-163.6708,54.6278],[-163.7473,54.635],[-163.8036,54.6365],[-163.8612,54.6329],[-163.9524,54.6305],[-163.9663,54.6317],[-164.0849,54.6201],[-164.1796,54.5992],[-164.2325,54.5855],[-164.2576,54.5727],[-164.3314,54.5304],[-164.3375,54.5243],[-164.3415,54.4953],[-164.336,54.4845],[-164.3365,54.481],[-164.3527,54.465],[-164.4168,54.4317],[-164.4566,54.4199],[-164.499,54.4142],[-164.52,54.4147],[-164.5828,54.4057],[-164.6016,54.4025],[-164.6405,54.3912],[-164.744,54.3942],[-164.7894,54.402],[-164.8449,54.4176],[-164.8761,54.4435],[-164.8774,54.4499],[-164.9041,54.4992],[-164.9101,54.5075],[-164.9361,54.5213],[-164.9446,54.5329],[-164.9498,54.5757],[-164.9488,54.5799],[-164.9322,54.5987],[-164.9188,54.6053],[-164.8319,54.629],[-164.7613,54.6406],[-164.7418,54.6454],[-164.7277,54.651],[-164.7095,54.6615],[-164.6297,54.756],[-164.5769,54.8246],[-164.5615,54.8508],[-164.5641,54.8755],[-164.5503,54.8888],[-164.4868,54.9224],[-164.4353,54.9331],[-164.4273,54.9328],[-164.3734,54.9153],[-164.3616,54.9074],[-164.3533,54.8983],[-164.3435,54.8941],[-164.295,54.9021],[-164.2071,54.9276],[-164.2049,54.9312],[-164.1643,54.9535],[-164.1192,54.9694],[-164.1093,54.964],[-164.0868,54.9634],[-164.0612,54.9647],[-164.0307,54.9698],[-163.9942,54.9833],[-163.9647,54.9973],[-163.9304,55.0176],[-163.9092,55.0321],[-163.8947,55.0391],[-163.8849,55.0399],[-163.8721,55.0374],[-163.8543,55.0378],[-163.8158,55.0446],[-163.7907,55.0526],[-163.7741,55.0558],[-163.7407,55.0483],[-163.6468,55.0445],[-163.5682,55.0491],[-163.533,55.0489],[-163.5271,55.0409],[-163.5346,55.0253],[-163.5301,55.0167],[-163.4615,54.9825],[-163.4429,54.9699],[-163.4295,54.9548],[-163.418,54.9385],[-163.3983,54.9024],[-163.3993,54.894],[-163.408,54.8846],[-163.4159,54.8597],[-163.4147,54.8561],[-163.4106,54.8546],[-163.3914,54.8553],[-163.3342,54.8729],[-163.3189,54.8801],[-163.3192,54.899],[-163.32,54.9031],[-163.3367,54.9175],[-163.3444,54.9193],[-163.3477,54.9251],[-163.3437,54.9504],[-163.3384,54.9562],[-163.3231,54.9599],[-163.3146,54.9589],[-163.2909,54.946],[-163.2796,54.9448],[-163.2399,54.9546],[-163.2374,54.9593],[-163.24,54.9629],[-163.2932,55.0069],[-163.2979,55.0576],[-163.3107,55.1056],[-163.3141,55.1051],[-163.3187,55.1108],[-163.3199,55.1196],[-163.3147,55.1263],[-163.2688,55.1455],[-163.2009,55.1661],[-163.1575,55.1755],[-163.105,55.184],[-163.0816,55.1804],[-163.0807,55.1769],[-163.0705,55.1741],[-163.0323,55.1721],[-162.9572,55.1713],[-162.8823,55.1833],[-162.8615,55.1983],[-162.8401,55.224],[-162.8432,55.2426],[-162.8518,55.2473],[-162.8566,55.2487],[-162.8695,55.2481],[-162.8809,55.2396],[-162.894,55.243],[-162.9005,55.2464],[-162.9016,55.2477],[-162.9,55.2525],[-162.8881,55.2704],[-162.8818,55.2738],[-162.7504,55.3076],[-162.7318,55.3078],[-162.7047,55.3203],[-162.6805,55.337],[-162.6499,55.3642],[-162.6199,55.4087],[-162.5805,55.4465],[-162.5758,55.4468],[-162.5332,55.4676],[-162.504,55.4826],[-162.4837,55.4952],[-162.4036,55.5575],[-162.3264,55.6139],[-162.286,55.6493],[-162.247,55.68],[-162.1931,55.7022],[-162.1471,55.7184],[-162.0907,55.7534],[-162.0797,55.7634],[-161.9726,55.8005],[-161.899,55.8335],[-161.8584,55.8654],[-161.8162,55.889],[-161.8078,55.892],[-161.7734,55.8973],[-161.7123,55.9042],[-161.64,55.9195],[-161.5856,55.9373],[-161.4504,55.9545],[-161.3806,55.9656],[-161.2908,55.9831],[-161.2803,55.9793],[-161.2783,55.9749],[-161.2628,55.9587],[-161.2304,55.9475],[-161.2113,55.9517],[-161.0966,55.9548],[-161.0764,55.9421],[-161.0492,55.9454],[-161.0277,55.9546],[-161.0234,55.9595],[-160.8987,55.999],[-160.8732,56.0014],[-160.8632,55.9962],[-160.8142,55.9538],[-160.8129,55.9509],[-160.8141,55.9306],[-160.8182,55.9107],[-160.8351,55.9157],[-160.8497,55.9162],[-160.9239,55.9006],[-160.9516,55.8528],[-160.9464,55.8349],[-160.9408,55.8225],[-160.9306,55.8144],[-160.806,55.7382],[-160.7652,55.7572],[-160.7307,55.7477],[-160.6681,55.7236],[-160.6612,55.7234],[-160.6556,55.73],[-160.6555,55.7399],[-160.663,55.7455],[-160.6758,55.7514],[-160.6952,55.7551],[-160.7512,55.7794],[-160.7577,55.7858],[-160.7692,55.8583],[-160.7342,55.871],[-160.6976,55.8624],[-160.6391,55.8583],[-160.564,55.8637],[-160.5503,55.8675],[-160.5326,55.8699],[-160.5084,55.8694],[-160.4947,55.8642],[-160.4779,55.8411],[-160.4794,55.8224],[-160.4387,55.7896],[-160.3859,55.7964],[-160.3429,55.7782],[-160.2939,55.7656],[-160.2774,55.7659],[-160.2646,55.7757],[-160.2689,55.7843],[-160.2935,55.8018],[-160.3157,55.8145],[-160.3178,55.819],[-160.2725,55.8317],[-160.2732,55.8569],[-160.3256,55.8679],[-160.3806,55.8895],[-160.4207,55.9086],[-160.4866,55.9242],[-160.5358,55.9396],[-160.5337,55.9599],[-160.5271,55.973],[-160.5264,55.9824],[-160.5293,55.9861],[-160.5345,55.9895],[-160.5596,55.9968],[-160.5676,55.9917],[-160.5709,55.9889],[-160.5744,55.9866],[-160.5767,55.9854],[-160.5808,55.9841],[-160.5835,55.9865],[-160.5684,56.0041],[-160.4887,56.0772],[-160.4822,56.0852],[-160.4514,56.1256],[-160.4114,56.1941],[-160.3963,56.2318],[-160.3831,56.2514],[-160.3572,56.2796],[-160.3402,56.2913],[-160.3159,56.3022],[-160.2746,56.3172],[-160.2229,56.3469],[-160.2084,56.358],[-160.1963,56.3725],[-160.1463,56.4002],[-160.0826,56.4111],[-160.0015,56.4422],[-159.9768,56.454],[-159.9383,56.4742],[-159.828,56.5439],[-159.8155,56.5489],[-159.6362,56.5974],[-159.535,56.6265],[-159.4394,56.6413],[-159.3694,56.6571],[-159.3244,56.6704],[-159.2649,56.7031],[-159.2799,56.7157],[-159.2631,56.7233],[-159.1565,56.7633],[-159.1067,56.7811],[-159.0935,56.7837],[-159.0384,56.806],[-159.0183,56.8151],[-158.9575,56.8512],[-158.9553,56.8498],[-158.9535,56.8434],[-158.9336,56.8279],[-158.9107,56.8148],[-158.8932,56.8058],[-158.8932,56.8058]]]]}},{"type":"Feature","id":"02016","properties":{"name":"Aleutians West","fips":"02016"},"geometry":{"type":"MultiPolygon","coordinates":[[[[-179.0692,51.2629],[-179.0723,51.251],[-179.0976,51.2261],[-179.1269,51.2199],[-179.1362,51.2292],[-179.1473,51.2768],[-179.1372,51.286],[-179.1135,51.3008],[-179.0947,51.3012],[-179.0755,51.2846],[-179.0692,51.2629]]],[[[-178.9543,51.3392],[-178.9545,51.3327],[-178.9652,51.3227],[-178.9792,51.3144],[-178.9872,51.311],[-178.9907,51.3116],[-178.9921,51.3813],[-178.9778,51.3989],[-178.9643,51.4025],[-178.9269,51.3836],[-178.9142,51.364],[-178.9089,51.3406],[-178.9543,51.3392]]],[[[178.7858,51.6334],[178.8041,51.635],[178.8649,51.6231],[178.9039,51.6149],[178.9191,51.6055],[178.9176,51.5949],[178.9188,51.5883],[178.9208,51.5861],[179.0029,51.5525],[179.0768,51.4985],[179.1014,51.4855],[179.1437,51.4694],[179.1645,51.4646],[179.1781,51.4648],[179.1911,51.4629],[179.218,51.4389],[179.2269,51.4239],[179.2303,51.4134],[179.2363,51.4096],[179.2639,51.4058],[179.335,51.4049],[179.3862,51.4044],[179.4008,51.4006],[179.4628,51.3762],[179.4676,51.3716],[179.4502,51.3651],[179.3995,51.3594],[179.3899,51.361],[179.3847,51.3642],[179.3668,51.3718],[179.2616,51.3577],[179.2205,51.3767],[179.2182,51.3874],[179.2065,51.3933],[179.0975,51.4406],[179.0604,51.4549],[179.0345,51.4785],[179.0135,51.4973],[178.969,51.5312],[178.9516,51.542],[178.8436,51.5786],[178.8318,51.5805],[178.7952,51.5754],[178.7851,51.5719],[178.7678,51.5761],[178.706,51.5932],[178.634,51.624],[178.6316,51.6258],[178.6255,51.6373],[178.6455,51.6576],[178.664,51.6619],[178.6755,51.6591],[178.682,51.6499],[178.6899,51.6444],[178.738,51.6327],[178.7858,51.6334]]],[[[-176.7625,51.8679],[-176.7978,51.9085],[-176.8104,51.9271],[-176.7896,51.9572],[-176.774,51.9659],[-176.7365,51.9698],[-176.7208,51.9695],[-176.6988,51.9645],[-176.6305,51.9704],[-176.6272,51.9783],[-176.6036,51.9971],[-176.59,52.0027],[-176.58,52.0032],[-176.5606,51.9967],[-176.5544,51.9907],[-176.5449,51.9272],[-176.5547,51.9098],[-176.5584,51.9087],[-176.5663,51.9147],[-176.5689,51.9213],[-176.5656,51.9259],[-176.5697,51.9513],[-176.5756,51.9526],[-176.5789,51.9513],[-176.5829,51.948],[-176.6161,51.903],[-176.62,51.8956],[-176.6235,51.8832],[-176.6255,51.8598],[-176.5764,51.8423],[-176.5433,51.8386],[-176.5176,51.8396],[-176.508,51.846],[-176.3981,51.8678],[-176.3116,51.8725],[-176.2907,51.8721],[-176.2872,51.8703],[-176.2817,51.8639],[-176.2665,51.8177],[-176.2682,51.7855],[-176.2738,51.772],[-176.2899,51.7417],[-176.3438,51.7315],[-176.4741,51.7472],[-176.4971,51.7614],[-176.5097,51.7633],[-176.5193,51.7585],[-176.5829,51.6918],[-176.6085,51.6933],[-176.7027,51.6854],[-176.7131,51.6833],[-176.7359,51.6622],[-176.7518,51.635],[-176.8017,51.6135],[-176.809,51.6162],[-176.8237,51.634],[-176.8263,51.6409],[-176.8144,51.6602],[-176.8375,51.6827],[-176.8631,51.6849],[-176.9032,51.6356],[-176.931,51.5925],[-176.9389,51.591],[-176.9541,51.5926],[-176.9843,51.6021],[-176.9874,51.6069],[-176.9913,51.6291],[-176.9845,51.6574],[-176.9762,51.6664],[-176.9501,51.6867],[-176.9309,51.6972],[-176.9069,51.6966],[-176.897,51.7004],[-176.8739,51.7241],[-176.871,51.7294],[-176.8707,51.732],[-176.882,51.7666],[-176.905,51.7715],[-176.9181,51.788],[-176.9171,51.797],[-176.911,51.8076],[-176.9043,51.8118],[-176.8562,51.8184],[-176.7902,51.8172],[-176.7625,51.8679]]],[[[-177.8006,51.7783],[-177.7963,51.7708],[-177.8139,51.7543],[-177.8423,51.7325],[-177.8424,51.7226],[-177.8381,51.7172],[-177.8275,51.7121],[-177.827,51.706],[-177.8414,51.6896],[-177.8563,51.681],[-177.868,51.6794],[-177.8768,51.6814],[-177.8878,51.6895],[-177.8994,51.6926],[-177.9027,51.6916],[-177.9188,51.6744],[-177.9289,51.6554],[-177.929,51.6505],[-177.9256,51.6425],[-177.9154,51.6307],[-177.9031,51.6065],[-177.9061,51.5977],[-177.9092,51.5967],[-177.9301,51.6015],[-177.945,51.6115],[-177.9507,51.62],[-177.953,51.6382],[-177.9574,51.6471],[-177.9639,51.6502],[-178.0698,51.6707],[-178.0863,51.6636],[-178.1094,51.6705],[-178.1179,51.6778],[-178.1043,51.7015],[-178.0218,51.7069],[-177.9624,51.7198],[-177.9564,51.7229],[-177.9478,51.7404],[-177.9466,51.7527],[-177.9503,51.7657],[-177.957,51.7725],[-177.965,51.7782],[-177.9953,51.7815],[-178.0393,51.7789],[-178.0593,51.7868],[-178.0806,51.7987],[-178.0861,51.808],[-178.1727,51.84],[-178.2151,51.8578],[-178.2241,51.8649],[-178.2278,51.8735],[-178.2246,51.8807],[-178.2207,51.8848],[-178.1971,51.9055],[-178.175,51.9116],[-178.1453,51.9172],[-178.1248,51.9201],[-178.0906,51.9194],[-178.0705,51.9174],[-178.0611,51.9125],[-178.0023,51.91],[-177.9637,51.9179],[-177.9521,51.9153],[-177.9133,51.8797],[-177.9243,51.8575],[-177.9216,51.8539],[-177.8598,51.8269],[-177.8523,51.826],[-177.7596,51.8312],[-177.6917,51.844],[-177.6153,51.8551],[-177.6145,51.853],[-177.625,51.8375],[-177.6492,51.8207],[-177.6856,51.8127],[-177.6921,51.8139],[-177.7359,51.808],[-177.7977,51.7933],[-177.8006,51.7783]]],[[[-177.3604,51.7275],[-177.3908,51.7335],[-177.4177,51.7309],[-177.4447,51.7254],[-177.4636,51.7139],[-177.49,51.7051],[-177.5404,51.6988],[-177.571,51.6982],[-177.6081,51.7052],[-177.6168,51.704],[-177.6315,51.6968],[-177.6405,51.6721],[-177.6359,51.6595],[-177.6514,51.6536],[-177.671,51.664],[-177.7078,51.7033],[-177.7053,51.7072],[-177.6977,51.7131],[-177.64,51.7361],[-177.5975,51.7265],[-177.5552,51.7211],[-177.537,51.7215],[-177.5156,51.725],[-177.498,51.7386],[-177.4612,51.7507],[-177.2815,51.7841],[-177.2382,51.7985],[-177.2119,51.8123],[-177.2057,51.8206],[-177.2008,51.8446],[-177.1991,51.8831],[-177.1998,51.9248],[-177.1975,51.9313],[-177.1914,51.938],[-177.1813,51.9432],[-177.1548,51.9444],[-177.0993,51.9361],[-177.0548,51.9089],[-177.0451,51.8986],[-177.081,51.8555],[-177.1204,51.8397],[-177.1286,51.8338],[-177.137,51.8145],[-177.131,51.7628],[-177.1206,51.7398],[-177.1228,51.7294],[-177.1457,51.7073],[-177.2616,51.6808],[-177.2751,51.6805],[-177.2964,51.6842],[-177.3165,51.6904],[-177.3179,51.6934],[-177.3179,51.6969],[-177.3164,51.7008],[-177.323,51.7114],[-177.3428,51.7214],[-177.3604,51.7275]]],[[[-178.7924,51.7461],[-178.8082,51.7471],[-178.8158,51.7492],[-178.873,51.7826],[-178.8701,51.7953],[-178.8582,51.821],[-178.8286,51.8362],[-178.8195,51.8396],[-178.8112,51.839],[-178.7885,51.8326],[-178.7677,51.8232],[-178.7483,51.8099],[-178.7334,51.7839],[-178.7504,51.7578],[-178.7767,51.7486],[-178.7924,51.7461]]],[[[178.3807,51.7639],[178.3675,51.7728],[178.3637,51.7739],[178.3391,51.7715],[178.3357,51.7699],[178.3188,51.7723],[178.3086,51.7757],[178.3049,51.7774],[178.2462,51.8171],[178.2369,51.8282],[178.3056,51.8217],[178.3103,51.82],[178.3194,51.8157],[178.3322,51.809],[178.3356,51.807],[178.3723,51.7741],[178.3807,51.7639]]],[[[-175.9716,51.8886],[-175.9575,51.8935],[-175.9533,51.8814],[-175.9543,51.8684],[-175.963,51.8463],[-175.9837,51.8524],[-176.0479,51.8463],[-176.1011,51.8106],[-176.124,51.8027],[-176.1396,51.8024],[-176.1831,51.8071],[-176.217,51.8127],[-176.2355,51.8232],[-176.2362,51.826],[-176.2175,51.8746],[-176.2061,51.8831],[-176.1739,51.8824],[-176.1698,51.8801],[-176.1688,51.8773],[-176.1611,51.8697],[-176.1409,51.8596],[-176.0991,51.8555],[-176.0804,51.8586],[-176.0722,51.8679],[-176.0734,51.8703],[-176.0789,51.8748],[-176.1155,51.887],[-176.1115,51.8897],[-176.0653,51.903],[-176.0202,51.9114],[-175.9926,51.9127],[-175.985,51.9084],[-175.9716,51.8886]]],[[[177.6016,52.0164],[177.5772,52.005],[177.5721,52.0018],[177.5382,51.9789],[177.5327,51.9701],[177.5396,51.9594],[177.5435,51.9562],[177.5718,51.9516],[177.5798,51.9508],[177.6075,51.9547],[177.6116,51.9508],[177.6106,51.9367],[177.6065,51.9251],[177.601,51.9223],[177.5605,51.9164],[177.4843,51.9234],[177.4095,51.9308],[177.3739,51.9198],[177.3488,51.9045],[177.3268,51.8736],[177.3272,51.871],[177.3342,51.8668],[177.334,51.8444],[177.3217,51.8285],[177.3118,51.826],[177.3033,51.8295],[177.294,51.8373],[177.296,51.8399],[177.2934,51.8456],[177.2734,51.8571],[177.2355,51.8733],[177.2124,51.8764],[177.204,51.8805],[177.2004,51.8947],[177.2033,51.8966],[177.2339,51.9096],[177.2727,51.9201],[177.2913,51.9194],[177.3415,51.955],[177.3456,51.963],[177.4135,51.9797],[177.4837,51.9849],[177.4974,51.9933],[177.5034,52.0088],[177.5057,52.0164],[177.5053,52.0388],[177.5456,52.1011],[177.5634,52.122],[177.6027,52.1373],[177.6616,52.1127],[177.676,52.0922],[177.6673,52.0763],[177.6595,52.0694],[177.6536,52.0703],[177.6419,52.0683],[177.6326,52.0648],[177.6091,52.0285],[177.6016,52.0164]]],[[[179.759,51.9466],[179.7515,51.9239],[179.743,51.9117],[179.7348,51.9076],[179.6495,51.8737],[179.6391,51.8719],[179.6144,51.8718],[179.5219,51.8968],[179.4846,51.9213],[179.4756,51.9375],[179.4825,51.9828],[179.4866,51.984],[179.515,51.9838],[179.5267,51.9812],[179.5392,51.9852],[179.571,52.0111],[179.5829,52.0168],[179.6223,52.025],[179.6476,52.0263],[179.6633,52.0229],[179.7044,52.0049],[179.7739,51.9707],[179.7785,51.9622],[179.7772,51.9587],[179.7673,51.9476],[179.759,51.9466]]],[[[178.447,51.9782],[178.4634,51.9878],[178.4786,51.9875],[178.5526,51.974],[178.5706,51.9681],[178.5916,51.9527],[178.5902,51.9455],[178.5674,51.9259],[178.5394,51.9032],[178.5189,51.8998],[178.5025,51.8996],[178.4848,51.9099],[178.468,51.9316],[178.4547,51.9605],[178.447,51.9782]]],[[[-175.6801,51.969],[-175.6726,51.9725],[-175.6697,51.9722],[-175.6551,51.9667],[-175.6525,51.9648],[-175.6532,51.9617],[-175.7174,51.9337],[-175.73,51.9338],[-175.7474,51.9462],[-175.7478,51.9507],[-175.7426,51.9666],[-175.7355,51.9733],[-175.7262,51.976],[-175.6801,51.969]]],[[[-176.0181,52.0201],[-176.044,52.0093],[-176.0322,51.9937],[-176.0275,51.9916],[-176.0218,51.9848],[-176.0227,51.9806],[-176.0277,51.9751],[-176.0571,51.9678],[-176.0792,51.9689],[-176.1804,52.0004],[-176.1851,52.0057],[-176.2019,52.0402],[-176.2119,52.0655],[-176.2053,52.0762],[-176.1732,52.1023],[-176.1439,52.1161],[-176.0581,52.1065],[-175.9887,52.0355],[-175.999,52.0254],[-176.0181,52.0201]]],[[[178.1176,52.0486],[178.1191,52.0517],[178.1417,52.051],[178.1758,52.0368],[178.18,52.0332],[178.191,52.0035],[178.1745,51.9917],[178.1325,51.987],[178.1059,51.9984],[178.1027,52.0039],[178.0946,52.0333],[178.1073,52.0457],[178.1176,52.0486]]],[[[-174.3018,52.2789],[-174.3235,52.284],[-174.3461,52.285],[-174.3494,52.2813],[-174.3688,52.2804],[-174.4083,52.2899],[-174.4516,52.3056],[-174.456,52.3137],[-174.4537,52.3194],[-174.4431,52.3257],[-174.4328,52.328],[-174.3842,52.3211],[-174.367,52.3141],[-174.3586,52.3142],[-174.3407,52.3223],[-174.3311,52.3285],[-174.3177,52.3449],[-174.3208,52.3557],[-174.3305,52.3664],[-174.3298,52.3735],[-174.3249,52.3781],[-174.1853,52.4178],[-174.1558,52.416],[-174.0682,52.3903],[-174.0168,52.3485],[-173.9894,52.3253],[-173.9852,52.3176],[-173.9864,52.2986],[-173.9879,52.2953],[-174.0362,52.245],[-174.0605,52.2253],[-174.084,52.2237],[-174.1065,52.2284],[-174.1777,52.2336],[-174.1829,52.2328],[-174.1986,52.2192],[-174.2004,52.2119],[-174.1968,52.1959],[-174.1901,52.1903],[-174.175,52.1818],[-174.1352,52.1685],[-174.0902,52.1391],[-174.0828,52.1321],[-174.0807,52.128],[-174.0891,52.1073],[-174.0945,52.1043],[-174.1022,52.1045],[-174.1091,52.1131],[-174.1144,52.1171],[-174.1423,52.1255],[-174.2064,52.1166],[-174.2185,52.1049],[-174.3029,52.1113],[-174.3344,52.1152],[-174.3485,52.1092],[-174.3657,52.0972],[-174.3827,52.0817],[-174.4113,52.0488],[-174.4528,52.061],[-174.5078,52.055],[-174.5088,52.0486],[-174.5563,52.0367],[-174.5807,52.0405],[-174.5936,52.0452],[-174.6159,52.0327],[-174.7146,52.0099],[-174.7366,52.0073],[-174.7832,52.0323],[-174.8856,52.043],[-174.9679,52.0372],[-175.0008,52.0284],[-175.0147,52.0206],[-175.0148,52.007],[-175.0955,52.0008],[-175.1049,52.0035],[-175.1557,52.0115],[-175.2748,52.0186],[-175.2928,52.0188],[-175.3006,52.015],[-175.3027,52.0115],[-175.3233,52.0075],[-175.3416,52.0216],[-175.3271,52.027],[-175.1959,52.0514],[-175.1567,52.0576],[-175.1326,52.0592],[-175.1171,52.0545],[-175.1177,52.0532],[-175.1137,52.0463],[-175.0929,52.0348],[-175.0443,52.0575],[-174.9952,52.0614],[-174.9923,52.0586],[-174.9805,52.0615],[-174.9375,52.0783],[-174.9223,52.0916],[-174.9275,52.1014],[-174.92,52.1093],[-174.9054,52.1165],[-174.8667,52.1032],[-174.8397,52.0913],[-174.7868,52.0913],[-174.6563,52.108],[-174.6049,52.1221],[-174.5684,52.1384],[-174.5571,52.1536],[-174.5547,52.1604],[-174.5271,52.1747],[-174.4969,52.1792],[-174.4652,52.1807],[-174.4557,52.1768],[-174.4241,52.1691],[-174.4153,52.1694],[-174.4046,52.1813],[-174.4055,52.1836],[-174.4578,52.2028],[-174.463,52.213],[-174.4537,52.2188],[-174.4001,52.2191],[-174.3606,52.213],[-174.3286,52.2116],[-174.299,52.2147],[-174.2498,52.2437],[-174.2558,52.2742],[-174.3018,52.2789]]],[[[-173.6024,52.1538],[-173.5906,52.1454],[-173.5142,52.1083],[-173.497,52.1036],[-173.4679,52.1164],[-173.3752,52.1082],[-173.3756,52.1063],[-173.3726,52.1028],[-173.3575,52.0961],[-173.2383,52.1004],[-173.1732,52.1091],[-173.1245,52.1094],[-173.1193,52.1076],[-173.1074,52.0993],[-173.0664,52.0963],[-173.0196,52.0979],[-172.9585,52.0936],[-172.9608,52.087],[-173.0332,52.0746],[-173.0475,52.0733],[-173.1079,52.0788],[-173.2068,52.0635],[-173.3137,52.0587],[-173.4242,52.0463],[-173.5119,52.0313],[-173.5484,52.0293],[-173.612,52.0511],[-173.718,52.0631],[-173.7996,52.0536],[-173.817,52.0485],[-173.8207,52.0433],[-173.8316,52.0408],[-173.9011,52.0494],[-173.9372,52.0575],[-173.9356,52.0647],[-173.9713,52.0994],[-173.9923,52.1006],[-174.0019,52.0976],[-174.0113,52.0989],[-174.0351,52.113],[-174.0468,52.1224],[-174.0523,52.1304],[-174.0485,52.1329],[-174.0369,52.1359],[-173.9842,52.1279],[-173.8907,52.1255],[-173.8309,52.1105],[-173.8241,52.1059],[-173.8183,52.1054],[-173.8023,52.1064],[-173.7213,52.1302],[-173.6544,52.1462],[-173.6248,52.1522],[-173.6024,52.1538]]],[[[177.3552,52.0714],[177.3326,52.0752],[177.3214,52.0804],[177.3052,52.0903],[177.2906,52.1022],[177.2835,52.1142],[177.2802,52.1276],[177.2818,52.1351],[177.2888,52.1442],[177.306,52.1561],[177.3293,52.1667],[177.3405,52.1703],[177.3674,52.1753],[177.3837,52.1743],[177.4088,52.1676],[177.4258,52.1572],[177.4379,52.1469],[177.446,52.1351],[177.4466,52.1145],[177.443,52.1053],[177.4356,52.097],[177.4288,52.0917],[177.402,52.0797],[177.3868,52.0752],[177.3552,52.0714]]],[[[-172.6332,52.2662],[-172.6203,52.2988],[-172.5742,52.3453],[-172.5681,52.3494],[-172.4746,52.3838],[-172.4482,52.3914],[-172.4052,52.3894],[-172.3264,52.3665],[-172.3114,52.3565],[-172.3024,52.3424],[-172.3014,52.33],[-172.3131,52.3207],[-172.4144,52.2767],[-172.5281,52.2543],[-172.6089,52.253],[-172.6168,52.2553],[-172.6332,52.2662]]],[[[175.9113,52.3348],[175.9028,52.3368],[175.8907,52.3445],[175.8733,52.3611],[175.8744,52.371],[175.9067,52.3757],[175.9506,52.3684],[175.9665,52.3597],[175.9442,52.3364],[175.9113,52.3348]]],[[[173.5876,52.4768],[173.6239,52.5069],[173.6806,52.5129],[173.7363,52.5124],[173.7695,52.5121],[173.7728,52.5099],[173.7724,52.5069],[173.755,52.4961],[173.7394,52.4933],[173.7077,52.4774],[173.6957,52.4589],[173.6916,52.4459],[173.6939,52.4387],[173.7023,52.4348],[173.7043,52.4322],[173.7123,52.421],[173.7192,52.3977],[173.7257,52.3566],[173.6513,52.3564],[173.6448,52.3576],[173.6408,52.3594],[173.6068,52.3782],[173.5954,52.3919],[173.5888,52.401],[173.5599,52.4012],[173.5438,52.3927],[173.5122,52.385],[173.4838,52.3835],[173.4654,52.3846],[173.4556,52.3897],[173.3955,52.4026],[173.3857,52.4041],[173.3569,52.4039],[173.3561,52.4056],[173.3801,52.4318],[173.4401,52.4537],[173.4457,52.455],[173.4677,52.4445],[173.4762,52.4419],[173.501,52.4409],[173.5252,52.4481],[173.5301,52.45],[173.55,52.4671],[173.5496,52.47],[173.5453,52.476],[173.5557,52.4795],[173.5876,52.4768]]],[[[-171.2946,52.4511],[-171.2993,52.4487],[-171.3042,52.45],[-171.3131,52.4729],[-171.3127,52.4935],[-171.3075,52.5015],[-171.2914,52.5148],[-171.2772,52.5226],[-171.2521,52.53],[-171.196,52.5001],[-171.1946,52.498],[-171.2089,52.469],[-171.2146,52.4633],[-171.2368,52.4505],[-171.2523,52.4495],[-171.2946,52.4511]]],[[[-170.8419,52.5582],[-170.8334,52.6],[-170.8206,52.6331],[-170.8179,52.6363],[-170.7277,52.68],[-170.6715,52.6981],[-170.6338,52.6975],[-170.5799,52.682],[-170.5627,52.6748],[-170.5595,52.6679],[-170.5573,52.6521],[-170.5636,52.6407],[-170.6039,52.6017],[-170.6354,52.5957],[-170.659,52.5938],[-170.6653,52.5953],[-170.6681,52.6007],[-170.6745,52.6034],[-170.6839,52.6025],[-170.6965,52.5984],[-170.7358,52.5808],[-170.7674,52.5583],[-170.7771,52.5467],[-170.7885,52.5402],[-170.8419,52.5582]]],[[[174.0692,52.7349],[174.0921,52.7421],[174.0967,52.7435],[174.1332,52.7338],[174.1453,52.7285],[174.1558,52.7154],[174.1593,52.7074],[174.1581,52.7061],[174.1094,52.7086],[174.0718,52.7183],[174.0662,52.731],[174.0692,52.7349]]],[[[-170.1707,52.7849],[-170.1287,52.7874],[-170.0619,52.7735],[-170.0534,52.7691],[-170.0529,52.7587],[-170.0554,52.7459],[-170.0703,52.7243],[-170.0777,52.7204],[-170.1141,52.7162],[-170.1706,52.7174],[-170.1846,52.7219],[-170.1857,52.723],[-170.1707,52.7849]]],[[[174.0048,52.7199],[173.9726,52.7294],[173.9609,52.7381],[173.9528,52.7479],[173.9541,52.7514],[173.9834,52.7491],[174.0037,52.7443],[174.0217,52.7303],[174.0048,52.7199]]],[[[173.9329,52.7466],[173.9309,52.7502],[173.9253,52.7524],[173.8948,52.7508],[173.8756,52.7619],[173.8617,52.7736],[173.8674,52.7751],[173.8814,52.775],[173.8975,52.7718],[173.9316,52.7586],[173.94,52.7519],[173.9329,52.7466]]],[[[172.7634,52.8237],[172.7674,52.8484],[172.7667,52.8627],[172.7542,52.8775],[172.6404,52.9254],[172.5851,52.9213],[172.5487,52.9143],[172.513,52.9052],[172.469,52.9113],[172.4617,52.9272],[172.6291,53.0013],[172.6433,53.005],[172.7466,53.0108],[173.1072,52.9932],[173.122,52.9904],[173.1315,52.9875],[173.1596,52.9742],[173.1724,52.9605],[173.2118,52.9395],[173.2353,52.9436],[173.2513,52.9444],[173.2954,52.927],[173.4217,52.8455],[173.4277,52.8308],[173.4238,52.8288],[173.413,52.8279],[173.3023,52.8233],[173.2844,52.8279],[173.2291,52.8562],[173.2241,52.8564],[173.2049,52.8489],[173.188,52.8315],[173.1735,52.8044],[173.1669,52.7952],[173.1427,52.7863],[173.1345,52.7844],[173.1186,52.7844],[172.9985,52.797],[172.9036,52.7617],[172.8094,52.7893],[172.7634,52.8237]]],[[[-169.9435,52.8611],[-169.9056,52.8532],[-169.8602,52.8584],[-169.8181,52.8784],[-169.7735,52.8944],[-169.7492,52.8933],[-169.7047,52.8863],[-169.6665,52.8643],[-169.6835,52.8266],[-169.7041,52.7939],[-169.7501,52.7906],[-169.8382,52.8173],[-169.8799,52.8161],[-169.8867,52.8086],[-169.8971,52.8021],[-169.9274,52.7927],[-169.9515,52.7886],[-169.9629,52.7899],[-169.9954,52.8047],[-170.0125,52.8312],[-170.0042,52.8467],[-169.9901,52.8563],[-169.9753,52.8589],[-169.9435,52.8611]]],[[[-168.2117,53.2562],[-168.2269,53.2548],[-168.2707,53.2428],[-168.2962,53.2272],[-168.3124,53.2152],[-168.3417,53.1859],[-168.3445,53.1552],[-168.3732,53.1289],[-168.3924,53.1236],[-168.4125,53.1107],[-168.4337,53.0939],[-168.4429,53.0856],[-168.4512,53.0751],[-168.4571,53.0558],[-168.4975,53.0354],[-168.5274,53.0286],[-168.5461,53.0296],[-168.5532,53.0333],[-168.5789,53.0299],[-168.5878,53.0272],[-168.614,53.0088],[-168.6253,52.9982],[-168.6885,52.9664],[-168.7419,52.9514],[-168.8089,52.9261],[-168.907,52.884],[-169.0413,52.8393],[-169.1025,52.8243],[-169.0542,52.8633],[-169.0388,52.8697],[-168.9924,52.8734],[-168.9717,52.878],[-168.959,52.886],[-168.8611,52.968],[-168.7852,53.045],[-168.7637,53.071],[-168.7597,53.0815],[-168.7685,53.0937],[-168.7762,53.0978],[-168.7894,53.101],[-168.802,53.1082],[-168.8049,53.12],[-168.7995,53.1438],[-168.7923,53.1557],[-168.7888,53.1607],[-168.7633,53.1828],[-168.6171,53.261],[-168.5394,53.2517],[-168.525,53.2523],[-168.5014,53.2573],[-168.491,53.264],[-168.4451,53.2653],[-168.4129,53.2579],[-168.3665,53.252],[-168.3618,53.2523],[-168.344,53.2621],[-168.3654,53.3091],[-168.3712,53.3166],[-168.3757,53.3183],[-168.4065,53.3464],[-168.3869,53.4315],[-168.3421,53.476],[-168.3158,53.4817],[-168.2958,53.4891],[-168.2396,53.5185],[-168.2383,53.5219],[-168.2004,53.5341],[-168.1446,53.5453],[-168.0046,53.5661],[-167.981,53.5617],[-167.9627,53.5541],[-167.9609,53.5525],[-167.9657,53.5434],[-167.965,53.5389],[-167.939,53.5269],[-167.9019,53.5205],[-167.8889,53.5197],[-167.817,53.5179],[-167.7969,53.5211],[-167.791,53.5211],[-167.7892,53.5193],[-167.7864,53.5139],[-167.7841,53.501],[-167.7881,53.4924],[-167.8081,53.4739],[-167.8436,53.4539],[-167.8532,53.4455],[-167.8583,53.4379],[-167.8568,53.4286],[-167.8517,53.4212],[-167.8448,53.4175],[-167.8395,53.4103],[-167.8399,53.3944],[-167.8423,53.3865],[-167.8522,53.3783],[-167.8729,53.3674],[-167.8781,53.3669],[-167.9591,53.3418],[-167.9885,53.3296],[-168.0093,53.3173],[-168.0398,53.3043],[-168.1589,53.2677],[-168.2117,53.2562]]],[[[-169.9967,52.8915],[-169.9991,52.884],[-170.0024,52.8802],[-170.0155,52.8703],[-170.0503,52.8574],[-170.0953,52.8709],[-170.1132,52.8911],[-170.1129,52.902],[-170.0922,52.9194],[-170.084,52.9236],[-170.0466,52.9239],[-170.0205,52.9172],[-170.0021,52.91],[-169.996,52.9024],[-169.9967,52.8915]]],[[[-169.7217,52.9471],[-169.7411,52.9515],[-169.758,52.9672],[-169.7607,52.9716],[-169.7627,52.9781],[-169.7457,53.0215],[-169.7425,53.0241],[-169.6981,53.0338],[-169.68,53.0351],[-169.6649,53.024],[-169.6636,53.0213],[-169.6661,52.9971],[-169.6983,52.9583],[-169.7217,52.9471]]],[[[-166.7289,54.0031],[-166.6766,54.0174],[-166.6446,54.0145],[-166.6369,54.012],[-166.6198,54.0013],[-166.5999,53.9837],[-166.5874,53.9598],[-166.6054,53.9554],[-166.622,53.9537],[-166.6468,53.9238],[-166.6405,53.9125],[-166.619,53.8935],[-166.5972,53.884],[-166.5751,53.8792],[-166.5605,53.8788],[-166.4878,53.8954],[-166.4437,53.9097],[-166.4365,53.9162],[-166.4352,53.9204],[-166.4371,53.9556],[-166.3737,54.01],[-166.3675,54.0089],[-166.3571,54.0023],[-166.3546,53.999],[-166.3543,53.9955],[-166.3599,53.9771],[-166.3199,53.9601],[-166.2794,53.9825],[-166.2645,53.9776],[-166.211,53.9336],[-166.2088,53.9291],[-166.2112,53.9123],[-166.2365,53.8813],[-166.2509,53.8769],[-166.32,53.8695],[-166.352,53.8585],[-166.3892,53.8323],[-166.4049,53.8093],[-166.4348,53.798],[-166.5474,53.7494],[-166.5521,53.7285],[-166.5405,53.7159],[-166.4691,53.7359],[-166.4603,53.7458],[-166.4205,53.7621],[-166.3368,53.7871],[-166.3032,53.7915],[-166.2126,53.8171],[-166.2143,53.8204],[-166.2123,53.8278],[-166.1988,53.8361],[-166.1199,53.855],[-166.113,53.8537],[-166.0976,53.844],[-166.0941,53.8392],[-166.1113,53.7769],[-166.1667,53.7334],[-166.1991,53.7273],[-166.263,53.7037],[-166.2652,53.6982],[-166.2749,53.6873],[-166.2833,53.6842],[-166.4449,53.6406],[-166.4676,53.6466],[-166.5326,53.6305],[-166.554,53.6234],[-166.581,53.5304],[-166.6562,53.4871],[-166.6623,53.4853],[-166.6679,53.486],[-166.7125,53.4984],[-166.735,53.5066],[-166.7431,53.5148],[-166.7727,53.4964],[-166.7891,53.4531],[-166.8631,53.4439],[-166.8781,53.4299],[-166.9227,53.4411],[-166.9591,53.4558],[-166.9943,53.4292],[-167.0361,53.4493],[-167.0482,53.4488],[-167.05,53.4331],[-167.0754,53.425],[-167.112,53.4168],[-167.1243,53.4255],[-167.1341,53.4264],[-167.2014,53.3979],[-167.2918,53.3641],[-167.303,53.3369],[-167.3081,53.3343],[-167.3487,53.3333],[-167.387,53.3407],[-167.4428,53.321],[-167.4663,53.2959],[-167.4882,53.2691],[-167.5155,53.2679],[-167.5309,53.2757],[-167.5392,53.2779],[-167.5892,53.2887],[-167.5984,53.288],[-167.6099,53.2853],[-167.6222,53.2504],[-167.6442,53.2508],[-167.799,53.2848],[-167.8351,53.2996],[-167.8515,53.3087],[-167.8523,53.3156],[-167.7909,53.3355],[-167.7104,53.3813],[-167.6945,53.388],[-167.6531,53.3923],[-167.6221,53.3853],[-167.4883,53.42],[-167.4745,53.4318],[-167.4733,53.438],[-167.4574,53.4428],[-167.394,53.4398],[-167.3735,53.4328],[-167.3556,53.4245],[-167.3328,53.4331],[-167.3191,53.4513],[-167.3013,53.466],[-167.2788,53.4786],[-167.2679,53.4781],[-167.2262,53.4687],[-167.2176,53.4654],[-167.2,53.463],[-167.1938,53.467],[-167.1585,53.5037],[-167.1023,53.5151],[-167.1058,53.5405],[-167.1312,53.5473],[-167.1357,53.5512],[-167.1616,53.6059],[-167.1632,53.6138],[-167.1598,53.6173],[-167.1404,53.627],[-167.1078,53.6331],[-167.0914,53.6334],[-167.0846,53.6265],[-167.0701,53.6199],[-167.0622,53.6201],[-167.0096,53.6353],[-167.0087,53.642],[-167.0179,53.6486],[-167.03,53.6536],[-167.0718,53.6656],[-167.0677,53.6873],[-167.0577,53.6989],[-167.0412,53.7079],[-167.0224,53.7155],[-166.9993,53.7185],[-166.9233,53.7197],[-166.895,53.7177],[-166.859,53.6744],[-166.8618,53.6592],[-166.8327,53.6574],[-166.8059,53.6657],[-166.78,53.7191],[-166.7873,53.7346],[-166.8565,53.7473],[-166.9428,53.7696],[-166.9607,53.7768],[-166.9756,53.7753],[-166.9833,53.7713],[-166.9928,53.7626],[-167.0058,53.7554],[-167.0169,53.7549],[-167.025,53.7572],[-167.0759,53.7863],[-167.142,53.8269],[-167.141,53.8668],[-167.0582,53.9298],[-167.0313,53.9452],[-166.9305,53.9761],[-166.8795,53.9887],[-166.8186,53.9932],[-166.7517,54.016],[-166.7461,54.0169],[-166.7426,54.0155],[-166.7289,54.0031]]],[[[-169.5539,56.6087],[-169.5287,56.6122],[-169.5074,56.6107],[-169.4731,56.6017],[-169.4716,56.5989],[-169.4901,56.5835],[-169.569,56.5409],[-169.5826,56.5369],[-169.6407,56.5422],[-169.6501,56.5442],[-169.6577,56.5473],[-169.6677,56.5545],[-169.6728,56.5609],[-169.6713,56.5673],[-169.6753,56.5784],[-169.6836,56.5833],[-169.7558,56.5919],[-169.7857,56.6132],[-169.7897,56.6182],[-169.7635,56.6207],[-169.6793,56.6116],[-169.6115,56.6069],[-169.5539,56.6087]]],[[[-170.2863,57.1282],[-170.2908,57.1451],[-170.304,57.1549],[-170.3248,57.1568],[-170.3598,57.1561],[-170.4219,57.1612],[-170.4235,57.1693],[-170.4204,57.1918],[-170.4189,57.1928],[-170.4028,57.2019],[-170.3901,57.2062],[-170.3319,57.2175],[-170.3117,57.2191],[-170.2919,57.2121],[-170.2677,57.2106],[-170.2396,57.2147],[-170.1616,57.2297],[-170.1508,57.2232],[-170.1708,57.1811],[-170.2863,57.1282]]]]}},{"type":"Feature","id":"02020","properties":{"name":"Anchorage","fips":"02020"},"geometry":{"type":"Polygon","coordinates":[[[-149.7364,60.9947],[-149.7397,61.017],[-149.7519,61.0241],[-149.7844,61.0381],[-149.7851,61.0408],[-149.8058,61.0586],[-149.8319,61.0762],[-149.8572,61.079],[-149.9157,61.1014],[-149.9601,61.1153],[-150.0393,61.1443],[-150.0656,61.1511],[-150.0755,61.1563],[-150.068,61.1661],[-150.0099,61.2036],[-149.987,61.2228],[-149.9866,61.2283],[-149.8979,61.267],[-149.7924,61.3889],[-149.3594,61.4839],[-149.2376,61.4831],[-149.1874,61.4253],[-148.46,61.427],[-148.4796,61.1651],[-148.4735,60.8506],[-148.746,60.8461],[-148.7456,60.7339],[-149.0429,60.7348],[-149.0386,60.8493],[-149.1886,60.9055],[-149.3733,60.9076],[-149.7364,60.9947]]]}},{"type":"Feature","id":"02050","properties":{"name":"Bethel","fips":"02050"},"geometry":{"type":"MultiPolygon","coordinates":[[[[-173.1169,60.516],[-173.0981,60.5334],[-173.0981,60.574],[-173.0418,60.6115],[-172.9997,60.6115],[-172.9715,60.6052],[-172.9153,60.5271],[-172.9153,60.5146],[-172.8953,60.4997],[-172.7153,60.4299],[-172.7065,60.4252],[-172.4805,60.4002],[-172.3526,60.3814],[-172.3414,60.3731],[-172.3331,60.3644],[-172.2698,60.3339],[-172.2548,60.3341],[-172.2548,60.3265],[-172.2913,60.3212],[-172.4355,60.3327],[-172.4915,60.3349],[-172.5055,60.3304],[-172.5196,60.3238],[-172.5476,60.3171],[-172.5896,60.3149],[-172.613,60.3193],[-172.6223,60.3304],[-172.7578,60.3749],[-172.8115,60.4066],[-172.9515,60.4786],[-172.9591,60.4797],[-172.9665,60.4782],[-172.9903,60.4787],[-173.119,60.5001],[-173.1208,60.513],[-173.1169,60.516]]],[[[-165.7214,60.1696],[-165.7232,60.1566],[-165.7191,60.1535],[-165.7024,60.1513],[-165.6973,60.1536],[-165.6835,60.1542],[-165.6754,60.1494],[-165.6679,60.1147],[-165.6716,60.0969],[-165.6806,60.09],[-165.6846,60.0552],[-165.6493,59.9918],[-165.5889,59.966],[-165.5394,59.9652],[-165.5345,59.9513],[-165.5435,59.9304],[-165.5504,59.92],[-165.5758,59.9047],[-165.696,59.8935],[-165.7129,59.8954],[-165.7175,59.8991],[-165.7225,59.8998],[-165.7519,59.8999],[-165.9055,59.8719],[-166.0102,59.8471],[-166.061,59.8205],[-166.0725,59.8055],[-166.0581,59.7871],[-166.0421,59.7762],[-166.0323,59.7737],[-166.0308,59.7706],[-166.0369,59.7579],[-166.0629,59.7486],[-166.1571,59.7489],[-166.1809,59.7637],[-166.1767,59.7665],[-166.1748,59.7707],[-166.1842,59.7794],[-166.2033,59.7917],[-166.2515,59.8098],[-166.382,59.8491],[-166.4073,59.8546],[-166.4397,59.8578],[-166.5122,59.8499],[-166.5833,59.8487],[-166.6168,59.8507],[-166.6215,59.8564],[-166.6481,59.8711],[-166.6782,59.8812],[-166.7166,59.889],[-166.7642,59.8921],[-166.8016,59.9163],[-166.8665,59.9495],[-166.8923,59.9605],[-166.9957,59.9935],[-167.0676,59.9923],[-167.1118,59.9893],[-167.1249,59.9917],[-167.1333,59.9947],[-167.2202,60.0401],[-167.2476,60.0589],[-167.2814,60.0639],[-167.3107,60.0649],[-167.3391,60.0702],[-167.3427,60.0724],[-167.3429,60.075],[-167.334,60.0886],[-167.3339,60.0941],[-167.3433,60.1232],[-167.3479,60.1311],[-167.3628,60.1476],[-167.4231,60.1951],[-167.4215,60.2054],[-167.3699,60.2255],[-167.3126,60.2385],[-167.2019,60.2378],[-167.106,60.2329],[-167.0819,60.2258],[-167.0458,60.2191],[-166.938,60.2059],[-166.9098,60.2065],[-166.8474,60.2136],[-166.8125,60.2278],[-166.8035,60.2428],[-166.8095,60.2597],[-166.8262,60.2686],[-166.835,60.2714],[-166.8329,60.2754],[-166.815,60.2863],[-166.7625,60.3098],[-166.7383,60.3143],[-166.6621,60.323],[-166.6089,60.3212],[-166.5783,60.3218],[-166.5698,60.326],[-166.5621,60.359],[-166.4935,60.3924],[-166.4146,60.3719],[-166.4085,60.3659],[-166.3872,60.3597],[-166.3666,60.3582],[-166.3107,60.3776],[-166.2,60.3934],[-166.1749,60.401],[-166.1712,60.4289],[-166.1632,60.4326],[-166.1357,60.4245],[-166.1244,60.4143],[-166.1242,60.41],[-166.1349,60.4001],[-166.1238,60.3781],[-166.0848,60.3253],[-166.0122,60.3177],[-165.9873,60.3178],[-165.928,60.3216],[-165.9246,60.3252],[-165.9236,60.3305],[-165.9208,60.3354],[-165.9168,60.338],[-165.8835,60.3439],[-165.7866,60.3268],[-165.7145,60.3105],[-165.6973,60.2972],[-165.6858,60.2776],[-165.6861,60.2678],[-165.6983,60.2107],[-165.7089,60.1891],[-165.7214,60.1696]]],[[[-160.5341,61.9473],[-159.2651,61.9456],[-159.261,62.032],[-158.5311,62.0317],[-158.5324,62.1186],[-157.517,62.1235],[-157.0742,62.1299],[-157.0736,62.0296],[-155.1075,62.0294],[-153.7358,62.0294],[-153.7406,62.1216],[-153.3954,62.1248],[-153.3943,62.2091],[-153.0703,62.2085],[-153.0677,62.2952],[-153.0013,62.2953],[-153.0013,62.1063],[-153.0022,61.4257],[-153.4697,61.4281],[-153.4753,61.1369],[-153.4304,61.1357],[-153.4362,60.9085],[-154.4221,60.907],[-155.9611,60.9076],[-157.1683,60.9122],[-157.1695,61.0002],[-157.5225,61.0005],[-157.5219,60.9113],[-157.7009,60.9113],[-157.6979,60.8236],[-157.8807,60.8248],[-157.8836,60.9037],[-158.9447,60.9035],[-158.9489,60.8232],[-159.0141,60.8235],[-159.0159,60.7319],[-159.183,60.7311],[-159.1852,60.6446],[-159.3672,60.6443],[-159.3696,60.4711],[-159.4327,60.471],[-159.437,60.3872],[-159.6136,60.3878],[-159.6134,60.2146],[-159.7845,60.2133],[-159.7869,60.1281],[-159.8503,60.1284],[-159.8553,59.9637],[-160.0152,59.9589],[-160.0194,59.7868],[-160.2482,59.7845],[-160.2507,59.6113],[-160.4245,59.6115],[-160.425,59.4359],[-160.4817,59.4362],[-160.4805,59.3522],[-160.6508,59.3492],[-160.6503,59.2622],[-160.8209,59.2615],[-160.8191,59.0849],[-160.8759,59.084],[-160.8743,59.0037],[-161.0349,59.0034],[-161.0345,58.8439],[-161.0942,58.822],[-161.1834,58.7893],[-161.338,58.7429],[-161.3454,58.7355],[-161.3727,58.708],[-161.3723,58.6662],[-161.5213,58.6331],[-161.5505,58.6112],[-161.6265,58.6026],[-161.6829,58.5647],[-161.752,58.5518],[-161.7663,58.5992],[-161.8712,58.6375],[-162.0663,58.6208],[-162.1717,58.6484],[-161.9946,58.6888],[-161.9392,58.6556],[-161.8772,58.6661],[-161.8591,58.7086],[-161.7695,58.7749],[-161.7566,58.8265],[-161.784,58.9694],[-161.8282,59.0627],[-161.982,59.151],[-162.0486,59.2542],[-162.019,59.2923],[-161.943,59.2638],[-161.9565,59.3618],[-161.9041,59.3873],[-161.8379,59.4238],[-161.8281,59.4282],[-161.7904,59.4682],[-161.7383,59.467],[-161.7025,59.4909],[-161.758,59.5572],[-161.8548,59.6462],[-161.9112,59.7417],[-162.0171,59.8294],[-162.0924,59.8811],[-162.1007,59.9447],[-162.1086,59.9539],[-162.1211,59.9652],[-162.143,59.9675],[-162.1718,59.9842],[-162.1906,60.002],[-162.2072,60.0218],[-162.2284,60.0563],[-162.2346,60.0773],[-162.234,60.0913],[-162.2314,60.0953],[-162.2201,60.1011],[-162.2021,60.1165],[-162.1861,60.1496],[-162.1884,60.1565],[-162.2164,60.1742],[-162.2393,60.1801],[-162.2526,60.1786],[-162.2581,60.1727],[-162.2573,60.1634],[-162.2583,60.1579],[-162.2871,60.1222],[-162.2938,60.1166],[-162.3011,60.1121],[-162.3169,60.1076],[-162.3215,60.108],[-162.3602,60.1474],[-162.3711,60.169],[-162.3719,60.1735],[-162.371,60.1786],[-162.4023,60.1864],[-162.4263,60.1853],[-162.4457,60.1764],[-162.4479,60.1705],[-162.463,60.153],[-162.4762,60.1455],[-162.4842,60.138],[-162.4923,60.1218],[-162.4943,60.1107],[-162.4812,60.0875],[-162.4768,60.0477],[-162.5036,59.9992],[-162.5301,59.9901],[-162.5855,59.9772],[-162.6226,59.9718],[-162.6442,59.973],[-162.6827,59.9794],[-162.7386,59.9763],[-162.7401,59.9688],[-162.7486,59.9627],[-162.76,59.958],[-162.8286,59.9391],[-162.9073,59.9237],[-162.975,59.9064],[-163.0331,59.8841],[-163.1096,59.8616],[-163.1726,59.8451],[-163.349,59.8199],[-163.3877,59.8159],[-163.5591,59.8014],[-163.6626,59.7957],[-163.7048,59.7948],[-163.7722,59.7956],[-163.9308,59.8039],[-164.0798,59.828],[-164.1151,59.8367],[-164.1334,59.8456],[-164.1603,59.8647],[-164.2018,59.9161],[-164.2085,59.9345],[-164.2098,59.9429],[-164.2083,59.949],[-164.1985,59.9551],[-164.1787,59.9618],[-164.161,59.9641],[-164.1254,59.9646],[-164.1151,59.9732],[-164.1318,59.9912],[-164.1916,60.0245],[-164.303,60.0542],[-164.3361,60.0555],[-164.3855,60.0772],[-164.4612,60.1378],[-164.4986,60.1705],[-164.4939,60.1774],[-164.4943,60.1848],[-164.5057,60.1943],[-164.5176,60.1995],[-164.5417,60.2053],[-164.5583,60.207],[-164.5961,60.2229],[-164.6195,60.2349],[-164.6344,60.243],[-164.6463,60.2533],[-164.652,60.2627],[-164.6531,60.2679],[-164.6989,60.2963],[-164.7266,60.2915],[-164.7772,60.2938],[-164.8504,60.3036],[-164.8993,60.3168],[-164.9627,60.3397],[-165.0056,60.3598],[-165.0576,60.3863],[-165.1294,60.4337],[-165.1329,60.4389],[-165.1248,60.4492],[-165.1207,60.4512],[-165.0697,60.4609],[-165.0491,60.4615],[-165.0152,60.4714],[-164.9979,60.4805],[-164.9614,60.5084],[-164.9568,60.5278],[-164.9608,60.5338],[-164.9655,60.5367],[-164.9713,60.5396],[-164.987,60.5424],[-165.0574,60.5446],[-165.1904,60.498],[-165.2444,60.4963],[-165.363,60.5069],[-165.3776,60.5132],[-165.4051,60.5346],[-165.4203,60.5507],[-165.4198,60.5524],[-165.4152,60.5582],[-165.3811,60.578],[-165.3677,60.5812],[-165.3467,60.5806],[-165.3129,60.5763],[-165.2897,60.5758],[-165.2687,60.5795],[-165.1786,60.6239],[-165.1705,60.6291],[-165.1472,60.6512],[-165.0631,60.6886],[-165.0526,60.6901],[-165.0433,60.6875],[-165.0275,60.686],[-164.9917,60.6988],[-164.9712,60.7114],[-164.9666,60.7174],[-164.9654,60.7243],[-164.9718,60.7297],[-165.0105,60.7448],[-165.0239,60.7531],[-165.0321,60.76],[-165.0408,60.7727],[-165.0426,60.7844],[-165.0379,60.789],[-165.0326,60.7867],[-165.0203,60.7855],[-164.9777,60.7904],[-164.9449,60.8004],[-164.9242,60.8093],[-164.9393,60.8235],[-165.0097,60.8151],[-165.0214,60.8151],[-165.0296,60.826],[-165.0302,60.8381],[-165.0037,60.8756],[-164.946,60.9211],[-164.9395,60.9248],[-164.926,60.9251],[-164.9175,60.9281],[-164.9039,60.9422],[-164.9213,60.9465],[-164.9401,60.9454],[-165.0071,60.9221],[-165.032,60.904],[-165.0169,60.8911],[-165.0809,60.8602],[-165.1325,60.8501],[-165.1768,60.8471],[-165.1775,60.8589],[-165.2235,60.8965],[-165.2169,60.9143],[-165.1571,60.9174],[-164.7976,60.9825],[-164.6166,60.979],[-164.5299,60.9408],[-164.235,60.9882],[-164.1547,61.0226],[-164.2118,61.0823],[-164.2019,61.1516],[-164.1215,61.127],[-163.9474,61.2056],[-163.9928,61.3718],[-163.5416,61.3496],[-163.5314,61.4015],[-163.4313,61.4841],[-163.1714,61.4491],[-163.062,61.4799],[-162.8472,61.4987],[-162.754,61.5427],[-162.5058,61.5564],[-162.4762,61.504],[-162.3283,61.5184],[-162.0134,61.4771],[-161.8853,61.4828],[-161.6971,61.5301],[-161.4496,61.5688],[-161.1268,61.5995],[-160.954,61.6857],[-160.7752,61.7385],[-160.5977,61.7602],[-160.3501,61.8191],[-160.1867,61.8317],[-160.4695,61.8693],[-160.5341,61.9473]]]]}},{"type":"Feature","id":"02060","properties":{"name":"Bristol Bay","fips":"02060"},"geometry":{"type":"Polygon","coordinates":[[[-156.9858,58.8887],[-156.3181,58.8949],[-156.3177,58.6096],[-157.2674,58.6098],[-157.2515,58.6208],[-157.1788,58.6604],[-157.0779,58.7081],[-157.0619,58.7261],[-157.0082,58.8171],[-157.0034,58.8368],[-157.0036,58.8393],[-157.011,58.8484],[-157.0161,58.8635],[-157.0124,58.8759],[-156.9858,58.8887]]]}},{"type":"Feature","id":"02068","properties":{"name":"Denali","fips":"02068"},"geometry":{"type":"Polygon","coordinates":[[[-153.0013,62.7274],[-152.4342,63.1698],[-152.4346,63.3059],[-152.812,63.3512],[-152.8534,63.6517],[-152.2419,63.6567],[-152.2336,63.8237],[-152.0555,63.8237],[-152.0474,64.0006],[-151.8251,64.0054],[-151.7906,64.0823],[-151.5793,64.0854],[-151.5251,64.0325],[-151.3013,64.01],[-151.1362,64.1331],[-150.7497,64.3651],[-149.668,64.3578],[-149.12,64.3588],[-149.1207,64.3436],[-147.9952,64.3417],[-147.7616,64.2579],[-147.0032,64.2589],[-146.972,63.9118],[-146.9755,63.4797],[-148.0327,63.4698],[-148.0359,63.3308],[-149.507,63.3322],[-151.3879,62.9103],[-151.889,62.7953],[-151.8931,62.723],[-153.0013,62.7274]]]}},{"type":"Feature","id":"02070","properties":{"name":"Dillingham","fips":"02070"},"geometry":{"type":"Polygon","coordinates":[[[-155.9611,60.9076],[-155.9536,60.1062],[-155.9558,59.6773],[-156.1221,59.6752],[-156.1233,59.5882],[-156.4648,59.5894],[-156.4649,59.503],[-156.6345,59.504],[-156.635,59.4151],[-156.7312,59.4162],[-156.7294,59.3288],[-157.0733,59.3315],[-157.0742,59.2444],[-157.2442,59.2462],[-157.158,58.8602],[-157.1169,58.8675],[-157.1896,58.8477],[-157.201,58.845],[-157.2157,58.8415],[-157.2414,58.8376],[-157.2597,58.8357],[-157.2755,58.8361],[-157.3531,58.8177],[-157.4295,58.7911],[-157.4841,58.786],[-157.5327,58.7726],[-157.5375,58.7685],[-157.5423,58.761],[-157.5506,58.7545],[-157.6965,58.73],[-157.7218,58.7232],[-157.7536,58.7119],[-157.7996,58.6956],[-157.8554,58.6783],[-158.001,58.6429],[-158.0366,58.6342],[-158.1016,58.6211],[-158.1403,58.615],[-158.1903,58.6137],[-158.2139,58.6158],[-158.2323,58.6199],[-158.273,58.6335],[-158.2972,58.6431],[-158.327,58.6598],[-158.3321,58.6653],[-158.3329,58.6693],[-158.3302,58.675],[-158.3324,58.6868],[-158.3435,58.7136],[-158.3515,58.7277],[-158.3769,58.748],[-158.4005,58.7612],[-158.4238,58.7698],[-158.4552,58.777],[-158.5125,58.7831],[-158.5385,58.7884],[-158.5506,58.7929],[-158.5648,58.8027],[-158.5664,58.8071],[-158.5659,58.8154],[-158.5595,58.8418],[-158.5591,58.8608],[-158.5657,58.8758],[-158.5986,58.9012],[-158.6197,58.911],[-158.7174,58.8725],[-158.7296,58.8712],[-158.7453,58.8741],[-158.7677,58.8643],[-158.7896,58.8143],[-158.7908,58.8084],[-158.7904,58.8047],[-158.7824,58.7912],[-158.7746,58.7786],[-158.7698,58.7741],[-158.7712,58.7651],[-158.7849,58.7477],[-158.801,58.7328],[-158.8121,58.7278],[-158.8271,58.7245],[-158.8482,58.7227],[-158.8612,58.6956],[-158.8279,58.6264],[-158.7691,58.5487],[-158.7212,58.498],[-158.7041,58.4828],[-158.7953,58.408],[-158.8306,58.3971],[-158.8809,58.3907],[-158.8961,58.3901],[-158.9442,58.3969],[-159.0461,58.4175],[-159.0633,58.4231],[-159.0805,58.4443],[-159.1873,58.5556],[-159.2423,58.6191],[-159.3576,58.7345],[-159.3907,58.7624],[-159.4508,58.7977],[-159.5018,58.8243],[-159.5323,58.8336],[-159.5564,58.8374],[-159.5803,58.8407],[-159.6435,58.8451],[-159.6019,58.8847],[-159.5898,58.8904],[-159.587,58.9003],[-159.5948,58.9124],[-159.6026,58.9209],[-159.6161,58.9316],[-159.6424,58.9387],[-159.6574,58.9387],[-159.6915,58.9316],[-159.7121,58.9295],[-159.7235,58.9323],[-159.7329,58.9307],[-159.7538,58.8557],[-159.8088,58.8615],[-159.7929,58.824],[-159.8063,58.8056],[-159.9084,58.7799],[-159.9957,58.8483],[-159.9854,58.8705],[-160.054,58.887],[-160.0931,58.8608],[-160.1505,58.8661],[-160.1545,58.9169],[-160.2328,58.9011],[-160.2863,58.945],[-160.3229,58.954],[-160.2566,58.9945],[-160.3178,59.0705],[-160.4766,59.026],[-160.6418,58.9645],[-160.7531,58.9104],[-160.8354,58.8235],[-160.8552,58.8825],[-160.9997,58.8567],[-161.0345,58.8439],[-161.0349,59.0034],[-160.8743,59.0037],[-160.8759,59.084],[-160.8191,59.0849],[-160.8209,59.2615],[-160.6503,59.2622],[-160.6508,59.3492],[-160.4805,59.3522],[-160.4817,59.4362],[-160.425,59.4359],[-160.4245,59.6115],[-160.2507,59.6113],[-160.2482,59.7845],[-160.0194,59.7868],[-160.0152,59.9589],[-159.8553,59.9637],[-159.8503,60.1284],[-159.7869,60.1281],[-159.7845,60.2133],[-159.6134,60.2146],[-159.6136,60.3878],[-159.437,60.3872],[-159.4327,60.471],[-159.3696,60.4711],[-159.3672,60.6443],[-159.1852,60.6446],[-159.183,60.7311],[-159.0159,60.7319],[-159.0141,60.8235],[-158.9489,60.8232],[-158.9447,60.9035],[-157.8836,60.9037],[-157.8807,60.8248],[-157.6979,60.8236],[-157.7009,60.9113],[-157.5219,60.9113],[-157.5225,61.0005],[-157.1695,61.0002],[-157.1683,60.9122],[-155.9611,60.9076]]]}},{"type":"Feature","id":"02090","properties":{"name":"Fairbanks North Star","fips":"02090"},"geometry":{"type":"Polygon","coordinates":[[[-147.9952,64.3417],[-148.2298,64.4366],[-148.2422,64.4834],[-148.3805,64.5206],[-148.4411,64.5778],[-148.6524,64.5911],[-148.6427,64.8657],[-148.6638,65.2114],[-147.5502,65.211],[-147.3348,65.2733],[-147.0171,65.2904],[-146.9197,65.273],[-146.5688,65.3447],[-146.4904,65.3869],[-146.1924,65.4545],[-146.1198,65.4058],[-145.9943,65.406],[-146.1375,65.3099],[-146.0781,65.2452],[-145.8738,65.214],[-145.6155,65.1441],[-145.7497,65.0982],[-145.6464,65.0337],[-145.4175,65.0848],[-145.2099,65.073],[-144.8914,65.1372],[-144.4454,65.0623],[-144.2472,65.1188],[-143.978,65.119],[-143.8848,65.0903],[-144.1055,65.0155],[-143.992,64.977],[-144.1201,64.7983],[-144.0612,64.6834],[-144.0465,64.6668],[-146.2271,64.3638],[-146.3573,64.2785],[-147.0032,64.2589],[-147.7616,64.2579],[-147.9952,64.3417]]]}},{"type":"Feature","id":"02100","properties":{"name":"Haines","fips":"02100"},"geometry":{"type":"Polygon","coordinates":[[[-135.2191,58.975],[-135.1758,58.9739],[-135.1801,58.9979],[-135.2086,59.0768],[-135.2383,59.1301],[-135.284,59.1925],[-135.3683,59.2633],[-135.4303,59.3272],[-135.4364,59.3158],[-135.4445,59.2777],[-135.4296,59.2427],[-135.4037,59.2228],[-135.3641,59.2114],[-135.3423,59.1778],[-135.3295,59.1527],[-135.3778,59.0993],[-135.3824,59.0607],[-135.3826,59.0334],[-135.3394,59.0177],[-135.3267,59.0115],[-135.3226,59.0078],[-135.2973,58.9599],[-135.2986,58.9193],[-135.3059,58.9013],[-135.3226,58.9007],[-135.3399,58.889],[-135.2847,58.8181],[-135.2742,58.8131],[-135.249,58.7909],[-135.2432,58.7831],[-135.2339,58.7355],[-135.1423,58.6164],[-135.1358,58.5882],[-135.1375,58.5778],[-135.1422,58.5771],[-135.1455,58.5783],[-135.1538,58.5866],[-135.1591,58.5955],[-135.1864,58.5978],[-135.1905,58.5924],[-135.1894,58.5762],[-135.1659,58.5466],[-135.1323,58.4965],[-135.089,58.423],[-135.0581,58.3494],[-135.0491,58.3093],[-135.0535,58.2905],[-135.0566,58.2887],[-135.0605,58.2903],[-135.0698,58.3027],[-135.0958,58.2972],[-135.1012,58.2926],[-135.1077,58.265],[-135.0991,58.2451],[-135.0562,58.1899],[-135.0733,58.1906],[-135.0879,58.2001],[-135.1129,58.2016],[-135.1591,58.2102],[-135.2203,58.2356],[-135.2277,58.2369],[-135.2467,58.2364],[-135.2772,58.2336],[-135.2877,58.2349],[-135.3065,58.2429],[-135.3449,58.2708],[-135.3983,58.3277],[-135.4081,58.343],[-135.4331,58.3999],[-135.4474,58.3999],[-135.4968,58.4986],[-135.3185,58.5005],[-135.4134,58.5847],[-135.4019,58.6161],[-135.5282,58.656],[-135.5483,58.6983],[-135.7571,58.7423],[-135.682,58.8582],[-135.5222,58.8894],[-135.6043,58.9095],[-135.5853,58.986],[-135.6882,59.0167],[-135.7019,59.1041],[-135.8921,59.1728],[-136.0535,59.1775],[-136.1223,59.2078],[-136.3689,59.2327],[-136.4866,59.2611],[-136.4668,59.2843],[-136.4729,59.4217],[-136.3658,59.448],[-136.3581,59.4498],[-136.3018,59.4641],[-136.2342,59.5247],[-136.2373,59.5587],[-136.2257,59.6046],[-136.1904,59.6399],[-136.0052,59.6582],[-135.8542,59.6918],[-135.7225,59.7295],[-135.3758,59.3406],[-135.0292,59.3454],[-135.0052,59.3572],[-134.9921,59.3307],[-134.962,59.2804],[-134.7662,59.2314],[-134.6819,59.1908],[-134.5667,59.1283],[-134.4812,59.1281],[-134.3898,59.0327],[-134.3836,59.0019],[-134.3699,58.9717],[-134.3638,58.9639],[-135.1758,58.9739],[-135.2191,58.975]]]}},{"type":"Feature","id":"02105","properties":{"name":"Hoonah-Angoon","fips":"02105"},"geometry":{"type":"MultiPolygon","coordinates":[[[[-134.714,58.2207],[-134.7727,58.1649],[-134.7619,58.0781],[-134.6727,58.0272],[-134.5539,58.0536],[-134.5318,58.0967],[-134.1775,58.1596],[-134.1663,58.1326],[-134.1673,58.1286],[-134.1744,58.1253],[-134.1927,58.1077],[-134.1894,58.0834],[-134.184,58.0773],[-134.1697,58.0668],[-134.1382,58.0471],[-134.0987,58.0187],[-134.0919,58.0108],[-134.0875,58.0017],[-134.0876,57.9965],[-134.1015,57.9887],[-134.1011,57.9841],[-134.0896,57.9744],[-134.0689,57.9611],[-134.0169,57.93],[-133.9999,57.9148],[-133.9963,57.9042],[-133.996,57.8956],[-133.9638,57.8546],[-133.9347,57.8376],[-133.9049,57.8074],[-133.9027,57.7978],[-133.9039,57.7948],[-133.9081,57.7917],[-133.9099,57.7806],[-133.8968,57.6855],[-133.8681,57.6601],[-133.8374,57.6385],[-133.8329,57.6357],[-133.8217,57.6339],[-133.8177,57.6298],[-133.8083,57.6096],[-133.806,57.5835],[-133.8071,57.5788],[-133.8116,57.5724],[-133.8176,57.5684],[-133.8408,57.5769],[-133.8596,57.6053],[-133.858,57.6169],[-133.8631,57.6237],[-133.9113,57.6636],[-133.9626,57.6899],[-133.9701,57.6953],[-133.995,57.7198],[-134.0107,57.7594],[-134.0131,57.7894],[-134.0308,57.8186],[-134.0618,57.8298],[-134.0986,57.8505],[-134.1213,57.8712],[-134.1192,57.8729],[-134.1219,57.8825],[-134.1261,57.8903],[-134.1321,57.8962],[-134.1511,57.9032],[-134.1766,57.9097],[-134.2024,57.9063],[-134.2069,57.8959],[-134.1631,57.8487],[-134.1129,57.8093],[-134.1054,57.796],[-134.0998,57.7803],[-134.1009,57.7768],[-134.1463,57.7603],[-134.1277,57.7392],[-134.1161,57.7276],[-134.0202,57.6567],[-134.0134,57.6559],[-133.994,57.6491],[-133.9585,57.6295],[-133.936,57.6144],[-133.9344,57.6018],[-133.9452,57.5698],[-133.9434,57.5616],[-133.9332,57.5444],[-133.9206,57.5301],[-133.9011,57.5172],[-133.8863,57.505],[-133.8574,57.464],[-133.9275,57.4696],[-133.9255,57.4567],[-133.8703,57.3813],[-133.8669,57.3679],[-133.8673,57.3621],[-133.8707,57.3583],[-133.9629,57.3054],[-133.9685,57.3039],[-133.9835,57.3028],[-134.0084,57.3175],[-134.0346,57.3276],[-134.0556,57.3302],[-134.0949,57.3264],[-134.1006,57.3217],[-134.0844,57.304],[-134.0805,57.2977],[-134.1103,57.2499],[-134.1554,57.208],[-134.1936,57.1849],[-134.2928,57.137],[-134.3027,57.1366],[-134.3496,57.1246],[-134.3784,57.115],[-134.3708,57.0999],[-134.3861,57.0874],[-134.4812,57.046],[-134.4843,57.0365],[-134.4977,57.0312],[-134.5657,57.0237],[-134.6014,57.0338],[-134.6346,57.1099],[-134.6468,57.2263],[-134.6402,57.2399],[-134.605,57.273],[-134.571,57.2946],[-134.5173,57.3146],[-134.5434,57.3374],[-134.5598,57.3361],[-134.5741,57.3412],[-134.5755,57.3437],[-134.5785,57.4003],[-134.5555,57.4074],[-134.5276,57.4053],[-134.526,57.3978],[-134.5278,57.3939],[-134.5279,57.3899],[-134.486,57.3725],[-134.4772,57.3744],[-134.464,57.3922],[-134.5449,57.4579],[-134.6076,57.513],[-134.5985,57.5224],[-134.596,57.5341],[-134.6112,57.5631],[-134.6653,57.6057],[-134.6744,57.6144],[-134.6954,57.6853],[-134.7005,57.696],[-134.7049,57.7015],[-134.7204,57.7071],[-134.7318,57.7219],[-134.7288,57.7566],[-134.709,57.7805],[-134.7059,57.8289],[-134.7271,57.8771],[-134.7375,57.8908],[-134.7461,57.8985],[-134.7588,57.9802],[-134.7653,57.9938],[-134.777,58.0047],[-134.7968,58.0589],[-134.7838,58.0823],[-134.7849,58.0968],[-134.8207,58.1415],[-134.8572,58.1763],[-134.8643,58.1805],[-134.8779,58.1815],[-134.8859,58.184],[-134.8997,58.1943],[-134.9149,58.2149],[-134.9483,58.2813],[-134.9692,58.3675],[-134.9605,58.4038],[-134.9559,58.4103],[-134.8973,58.3769],[-134.8061,58.3213],[-134.8038,58.3166],[-134.8024,58.3011],[-134.7794,58.2813],[-134.7601,58.2753],[-134.7299,58.2735],[-134.7245,58.2683],[-134.714,58.2207]]],[[[-132.368,57.3487],[-132.4873,57.3542],[-132.6446,57.4263],[-132.9864,57.3308],[-133.0293,57.2355],[-133.127,57.1863],[-133.2997,57.2377],[-133.5172,57.1778],[-133.5172,57.1778],[-133.5448,57.2426],[-133.5426,57.2507],[-133.5228,57.2786],[-133.4897,57.3052],[-133.4759,57.308],[-133.4559,57.304],[-133.445,57.2977],[-133.4424,57.29],[-133.4259,57.286],[-133.3716,57.2867],[-133.3076,57.2901],[-133.2871,57.3029],[-133.2748,57.3306],[-133.2835,57.3331],[-133.3421,57.3368],[-133.3547,57.3333],[-133.4039,57.3427],[-133.4427,57.3528],[-133.4538,57.3562],[-133.4683,57.3642],[-133.472,57.3687],[-133.476,57.3804],[-133.4725,57.3884],[-133.4612,57.3946],[-133.5031,57.4535],[-133.5251,57.4903],[-133.5258,57.5018],[-133.5167,57.5439],[-133.5108,57.5481],[-133.4964,57.5488],[-133.4882,57.5514],[-133.4781,57.5617],[-133.4812,57.5715],[-133.506,57.5785],[-133.5283,57.5739],[-133.5319,57.5695],[-133.5379,57.5673],[-133.5655,57.5631],[-133.5789,57.5651],[-133.6208,57.5789],[-133.6644,57.6117],[-133.6764,57.6252],[-133.681,57.6483],[-133.6585,57.7079],[-133.6545,57.7137],[-133.5822,57.7151],[-133.5439,57.6965],[-133.531,57.6869],[-133.5222,57.6837],[-133.4897,57.6771],[-133.4412,57.672],[-133.405,57.6638],[-133.2346,57.6087],[-133.1889,57.5891],[-133.1791,57.5871],[-133.1625,57.5998],[-133.174,57.6101],[-133.2511,57.65],[-133.2782,57.6619],[-133.2911,57.6654],[-133.3225,57.6658],[-133.4854,57.7387],[-133.545,57.768],[-133.5599,57.7775],[-133.5561,57.7888],[-133.5698,57.8594],[-133.602,57.8604],[-133.5692,57.8854],[-133.1764,58.1502],[-133.0764,57.9998],[-132.8693,57.8429],[-132.7568,57.7051],[-132.6581,57.6195],[-132.5592,57.5039],[-132.368,57.3487]]],[[[-135.588,57.8973],[-135.8998,58.0014],[-135.9067,58.0013],[-136.0267,57.8359],[-136.3707,57.8317],[-136.3724,57.8326],[-136.3912,57.8327],[-136.4588,57.8539],[-136.4744,57.8716],[-136.4843,57.8965],[-136.5342,57.9139],[-136.5577,57.9121],[-136.572,57.9185],[-136.5733,57.9268],[-136.5632,58.0351],[-136.56,58.0634],[-136.5562,58.077],[-136.5387,58.0935],[-136.5001,58.1048],[-136.4758,58.1013],[-136.4693,58.0969],[-136.4204,58.1319],[-136.3753,58.2087],[-136.3871,58.2524],[-136.3773,58.2683],[-136.3116,58.2704],[-136.2878,58.2674],[-136.2863,58.2597],[-136.2898,58.2491],[-136.2839,58.2237],[-136.2775,58.2089],[-136.2352,58.1544],[-136.1902,58.1613],[-136.1904,58.1645],[-136.1946,58.1718],[-136.1995,58.1721],[-136.2036,58.1744],[-136.1999,58.1809],[-136.1621,58.2187],[-136.139,58.2244],[-136.0362,58.2192],[-136.033,58.2055],[-135.9764,58.202],[-135.9661,58.2114],[-135.9142,58.2441],[-135.8236,58.283],[-135.8011,58.2877],[-135.7834,58.2867],[-135.7644,58.2663],[-135.7351,58.2402],[-135.7124,58.2319],[-135.6305,58.2229],[-135.5892,58.2137],[-135.5226,58.1859],[-135.5047,58.1749],[-135.4979,58.1689],[-135.5247,58.1208],[-135.5407,58.1018],[-135.5868,58.0817],[-135.6514,58.0365],[-135.6385,57.9945],[-135.6216,57.9846],[-135.5933,57.9896],[-135.5818,57.9976],[-135.5643,58.015],[-135.5678,58.0234],[-135.5654,58.0411],[-135.5634,58.0435],[-135.5445,58.0609],[-135.4967,58.0862],[-135.4514,58.1343],[-135.4201,58.1442],[-135.4118,58.1455],[-135.3975,58.1442],[-135.2758,58.097],[-135.261,58.0973],[-135.1089,58.0883],[-135.0848,58.0809],[-135.083,58.0747],[-135.0707,58.0612],[-134.9772,58.0499],[-134.9677,58.0476],[-134.9508,58.037],[-134.935,58.0216],[-134.9129,57.9793],[-134.9211,57.9353],[-134.9264,57.9219],[-135.005,57.8843],[-135.1407,57.9261],[-135.1737,57.9194],[-135.1652,57.9015],[-135.1467,57.8917],[-135.132,57.8852],[-135.0657,57.8695],[-134.9918,57.8354],[-134.9545,57.8158],[-134.9494,57.805],[-135.0234,57.7805],[-135.199,57.7751],[-135.2252,57.7778],[-135.3138,57.8057],[-135.344,57.8214],[-135.3899,57.851],[-135.4185,57.8605],[-135.5142,57.8854],[-135.5528,57.9027],[-135.5813,57.9031],[-135.588,57.8973]]],[[[-135.4474,58.3999],[-135.4613,58.3999],[-135.4661,58.3943],[-135.5124,58.3858],[-135.5214,58.3914],[-135.5561,58.4077],[-135.6221,58.4282],[-135.6304,58.4286],[-135.7281,58.3971],[-135.8261,58.3902],[-135.9073,58.3808],[-135.9179,58.3812],[-135.9211,58.3858],[-135.9203,58.3891],[-135.8973,58.4161],[-135.8972,58.45],[-135.9161,58.4639],[-135.9233,58.4629],[-135.9345,58.452],[-135.9399,58.4516],[-135.9876,58.4644],[-135.9974,58.4704],[-135.9995,58.4803],[-135.9909,58.4873],[-135.9681,58.4947],[-135.9556,58.4928],[-135.9451,58.4948],[-135.9069,58.5058],[-135.8932,58.5139],[-135.8951,58.5341],[-135.914,58.5406],[-135.9286,58.5729],[-135.9122,58.6188],[-136.0122,58.7122],[-136.0158,58.7226],[-136.0089,58.7319],[-136.0117,58.7433],[-136.0462,58.7818],[-136.0829,58.8084],[-136.0896,58.8157],[-136.0773,58.825],[-136.0453,58.8361],[-136.0504,58.9134],[-136.0607,58.9276],[-136.1203,58.9684],[-136.1453,58.9767],[-136.1627,58.9773],[-136.1636,58.9732],[-136.1603,58.962],[-136.1503,58.9471],[-136.1245,58.9245],[-136.107,58.8644],[-136.1508,58.7573],[-136.1619,58.7522],[-136.2137,58.7512],[-136.2473,58.7529],[-136.3973,58.813],[-136.4311,58.8184],[-136.4747,58.8308],[-136.4937,58.839],[-136.5282,58.9285],[-136.5265,58.9545],[-136.5449,58.9673],[-136.5598,58.9634],[-136.5722,58.9573],[-136.5755,58.9466],[-136.5755,58.9289],[-136.5863,58.9094],[-136.6305,58.8903],[-136.6704,58.8932],[-136.6769,58.895],[-136.6946,58.9041],[-136.7048,58.9144],[-136.725,58.9235],[-136.7504,58.9304],[-136.7829,58.9367],[-136.7887,58.9363],[-136.8028,58.9231],[-136.841,58.9197],[-136.86,58.932],[-136.8578,58.9429],[-136.8778,58.9624],[-136.9185,58.9472],[-136.916,58.9384],[-136.9324,58.9163],[-136.9348,58.9163],[-136.9335,58.9086],[-136.9286,58.9001],[-136.8682,58.8852],[-136.7679,58.8706],[-136.7445,58.8766],[-136.6764,58.8563],[-136.6128,58.8462],[-136.5834,58.8388],[-136.538,58.8198],[-136.4633,58.7816],[-136.3568,58.6926],[-136.3542,58.6843],[-136.3728,58.6674],[-136.3961,58.6544],[-136.4099,58.6493],[-136.4223,58.6474],[-136.4498,58.6378],[-136.4824,58.6167],[-136.4594,58.6079],[-136.3833,58.63],[-136.3428,58.645],[-136.3314,58.6635],[-136.3172,58.6712],[-136.2464,58.6632],[-136.2325,58.6771],[-136.2233,58.675],[-136.2137,58.6651],[-136.1942,58.5817],[-136.1816,58.535],[-136.1705,58.5273],[-136.1003,58.5007],[-136.1039,58.478],[-136.0836,58.4471],[-136.0622,58.4358],[-136.053,58.4174],[-136.0418,58.3802],[-136.0926,58.349],[-136.1119,58.3425],[-136.2659,58.3145],[-136.2768,58.3139],[-136.2883,58.3161],[-136.2963,58.3184],[-136.3042,58.3235],[-136.3051,58.3287],[-136.3031,58.3363],[-136.2987,58.3429],[-136.2901,58.3514],[-136.2816,58.3531],[-136.2739,58.3634],[-136.2826,58.3673],[-136.2889,58.3696],[-136.3367,58.3776],[-136.382,58.3627],[-136.3651,58.3467],[-136.3604,58.3441],[-136.3571,58.3288],[-136.371,58.3016],[-136.3765,58.2986],[-136.39,58.2971],[-136.472,58.3064],[-136.5328,58.3341],[-136.55,58.3404],[-136.593,58.3498],[-136.6135,58.3479],[-136.6304,58.3406],[-136.6386,58.3285],[-136.6263,58.3206],[-136.5768,58.278],[-136.5698,58.2687],[-136.568,58.2452],[-136.5919,58.2179],[-136.5972,58.215],[-136.6198,58.2099],[-136.6586,58.2073],[-136.7012,58.2194],[-136.7234,58.2449],[-136.7309,58.2565],[-136.7171,58.2735],[-136.7302,58.2862],[-136.7622,58.2868],[-136.7843,58.2905],[-136.8576,58.3164],[-136.849,58.329],[-136.9467,58.3932],[-136.9864,58.404],[-137.0094,58.4089],[-137.0184,58.4091],[-137.0781,58.3975],[-137.1118,58.3926],[-137.1345,58.4066],[-137.18,58.4299],[-137.2394,58.4532],[-137.2527,58.4563],[-137.2786,58.4595],[-137.2958,58.4662],[-137.4088,58.5158],[-137.497,58.5577],[-137.5682,58.588],[-137.6088,58.6012],[-137.6329,58.6],[-137.6717,58.6155],[-137.6808,58.6218],[-137.6769,58.6468],[-137.6835,58.6603],[-137.6876,58.665],[-137.795,58.7249],[-137.8753,58.7572],[-137.9017,58.7653],[-137.9282,58.7805],[-137.9418,58.7943],[-137.9443,58.8023],[-137.5253,58.9069],[-137.4474,58.9095],[-137.2648,59.0024],[-136.8639,59.1385],[-136.8266,59.1584],[-136.5815,59.1649],[-136.4866,59.2611],[-136.3689,59.2327],[-136.1223,59.2078],[-136.0535,59.1775],[-135.8921,59.1728],[-135.7019,59.1041],[-135.6882,59.0167],[-135.5853,58.986],[-135.6043,58.9095],[-135.5222,58.8894],[-135.682,58.8582],[-135.7571,58.7423],[-135.5483,58.6983],[-135.5282,58.656],[-135.4019,58.6161],[-135.4134,58.5847],[-135.3185,58.5005],[-135.4968,58.4986],[-135.4474,58.3999]]]]}},{"type":"Feature","id":"02110","properties":{"name":"Juneau","fips":"02110"},"geometry":{"type":"MultiPolygon","coordinates":[[[[-134.714,58.2207],[-134.7128,58.2154],[-134.7105,58.1926],[-134.7037,58.1668],[-134.7,58.1615],[-134.6895,58.1588],[-134.6828,58.1588],[-134.6314,58.1622],[-134.6089,58.1716],[-134.6084,58.1735],[-134.5948,58.1835],[-134.5592,58.1951],[-134.5416,58.1843],[-134.5196,58.1758],[-134.5007,58.1725],[-134.4798,58.1712],[-134.4626,58.1739],[-134.4467,58.1736],[-134.414,58.1675],[-134.4015,58.1634],[-134.3714,58.149],[-134.3274,58.1439],[-134.317,58.1454],[-134.3065,58.1525],[-134.2597,58.1577],[-134.216,58.1621],[-134.1775,58.1596],[-134.5318,58.0967],[-134.5539,58.0536],[-134.6727,58.0272],[-134.7619,58.0781],[-134.7727,58.1649],[-134.714,58.2207]]],[[[-133.602,57.8604],[-133.6102,57.8607],[-133.6313,57.8468],[-133.6339,57.838],[-133.642,57.8112],[-133.6389,57.8033],[-133.6356,57.7999],[-133.6371,57.7922],[-133.6397,57.7904],[-133.6581,57.7864],[-133.6774,57.7866],[-133.6968,57.7951],[-133.7031,57.7922],[-133.7091,57.7927],[-133.8147,57.833],[-133.9993,57.999],[-134.0575,58.0395],[-134.0717,58.0546],[-134.0892,58.0825],[-134.1448,58.1712],[-134.5871,58.2058],[-134.7034,58.2765],[-134.8393,58.3593],[-135.0741,58.5021],[-135.1963,58.9079],[-135.2191,58.975],[-135.1758,58.9739],[-134.3638,58.9639],[-134.329,58.9196],[-134.2505,58.858],[-133.9921,58.7746],[-133.8404,58.728],[-133.7236,58.626],[-133.6998,58.6073],[-133.5599,58.5223],[-133.4434,58.4424],[-133.4361,58.3913],[-133.4377,58.3581],[-133.3597,58.2848],[-133.3437,58.2709],[-133.2229,58.1864],[-133.1764,58.1502],[-133.5692,57.8854],[-133.602,57.8604]]]]}},{"type":"Feature","id":"02122","properties":{"name":"Kenai Peninsula","fips":"02122"},"geometry":{"type":"MultiPolygon","coordinates":[[[[-148.7456,60.7339],[-148.6554,60.7345],[-148.6666,60.4231],[-148.5624,60.4226],[-148.5836,59.9615],[-148.6738,59.9448],[-148.6762,59.9472],[-148.6755,59.9521],[-148.6643,59.9651],[-148.6619,59.9674],[-148.6608,59.9697],[-148.6627,59.9718],[-148.6681,59.9735],[-148.6748,59.9727],[-148.6888,59.968],[-148.7155,59.9621],[-148.7259,59.9637],[-148.7277,59.965],[-148.7297,59.9724],[-148.7375,59.9809],[-148.7432,59.9854],[-148.7497,59.9885],[-148.7554,59.9892],[-148.7598,59.9889],[-148.7638,59.9879],[-148.7669,59.9869],[-148.7699,59.9835],[-148.7979,59.9774],[-148.8012,59.9758],[-148.8107,59.9631],[-148.8383,59.9499],[-148.8722,59.9503],[-148.8843,59.9554],[-148.8885,59.9664],[-148.902,59.9733],[-148.9131,59.9832],[-148.9146,59.9869],[-148.9127,59.9929],[-148.9178,59.9956],[-148.9383,59.9991],[-148.9576,59.9984],[-148.9776,59.9899],[-148.9903,59.981],[-149.0168,59.9761],[-149.0284,59.9788],[-149.0294,59.9841],[-149.0273,59.9917],[-149.0313,59.9985],[-149.0433,59.9991],[-149.0678,59.9822],[-149.0951,59.983],[-149.1007,59.9857],[-149.1018,59.9909],[-149.1023,59.9931],[-149.1017,59.9942],[-149.0987,59.9962],[-149.0953,59.9974],[-149.0901,59.9994],[-149.0891,60.0045],[-149.0727,60.0197],[-149.0416,60.0307],[-149.0374,60.0405],[-149.0404,60.0487],[-149.0493,60.0587],[-149.0587,60.0614],[-149.0966,60.0446],[-149.1331,60.0449],[-149.2049,60.0092],[-149.2238,59.9828],[-149.2354,59.9388],[-149.2876,59.9065],[-149.327,59.987],[-149.3258,60.001],[-149.3416,60.0768],[-149.3604,60.1017],[-149.3932,60.0998],[-149.4168,60.0889],[-149.4168,59.9979],[-149.4277,59.9961],[-149.435,59.9907],[-149.4629,59.9502],[-149.4757,59.9527],[-149.5074,59.9645],[-149.5497,59.9197],[-149.5843,59.8669],[-149.5424,59.8232],[-149.5115,59.8069],[-149.5278,59.7504],[-149.5988,59.7559],[-149.6407,59.7996],[-149.6661,59.8505],[-149.7062,59.9106],[-149.7535,59.8614],[-149.7389,59.7322],[-149.7517,59.7177],[-149.7591,59.6978],[-149.778,59.6859],[-149.7983,59.6775],[-149.8427,59.7013],[-149.839,59.7523],[-149.89,59.785],[-149.9773,59.8014],[-150.0283,59.7887],[-150.0429,59.7723],[-150.0156,59.7541],[-149.9792,59.745],[-149.9482,59.7177],[-149.9628,59.6977],[-150.0028,59.6831],[-150.0228,59.6558],[-150.0319,59.6139],[-150.0683,59.6376],[-150.0956,59.6485],[-150.1084,59.603],[-150.1684,59.5612],[-150.223,59.5393],[-150.254,59.5211],[-150.3104,59.5084],[-150.3431,59.512],[-150.334,59.5412],[-150.3158,59.563],[-150.3177,59.5994],[-150.3477,59.6009],[-150.3555,59.5984],[-150.4124,59.5546],[-150.4315,59.5143],[-150.4787,59.4585],[-150.4989,59.4563],[-150.5163,59.4623],[-150.5215,59.4679],[-150.5216,59.4747],[-150.5184,59.4771],[-150.5159,59.4822],[-150.5163,59.4868],[-150.523,59.4947],[-150.5361,59.4985],[-150.5435,59.5103],[-150.5502,59.527],[-150.5498,59.5388],[-150.5331,59.5631],[-150.5372,59.5811],[-150.5419,59.587],[-150.5477,59.5903],[-150.5561,59.5903],[-150.5758,59.5794],[-150.5893,59.5652],[-150.5945,59.5532],[-150.6022,59.5459],[-150.6148,59.5455],[-150.6312,59.5492],[-150.6395,59.5471],[-150.6387,59.5321],[-150.6316,59.5216],[-150.6152,59.5102],[-150.5951,59.4998],[-150.5896,59.5001],[-150.5846,59.4945],[-150.5796,59.4795],[-150.5799,59.4757],[-150.5843,59.4677],[-150.5856,59.4501],[-150.5812,59.4452],[-150.6012,59.4257],[-150.65,59.4209],[-150.6516,59.4218],[-150.654,59.4455],[-150.6563,59.4544],[-150.6672,59.4579],[-150.6832,59.4585],[-150.7166,59.4508],[-150.7291,59.4422],[-150.74,59.4252],[-150.745,59.4007],[-150.7699,59.373],[-150.7955,59.3628],[-150.8196,59.3573],[-150.8346,59.352],[-150.8774,59.3181],[-150.9116,59.3116],[-150.9128,59.3052],[-150.8956,59.2862],[-150.8878,59.2735],[-150.8878,59.2679],[-150.8978,59.2556],[-150.9422,59.2331],[-150.9595,59.2325],[-150.9752,59.2361],[-150.9884,59.2305],[-150.9954,59.2241],[-151.0012,59.2241],[-151.0067,59.2333],[-151.0088,59.2458],[-151.0073,59.2516],[-150.9968,59.2577],[-150.9991,59.2711],[-151.0231,59.269],[-151.0324,59.2758],[-151.0444,59.2936],[-151.0461,59.2994],[-151.0578,59.3017],[-151.0703,59.2879],[-151.0682,59.2841],[-151.0719,59.2811],[-151.0873,59.2688],[-151.0915,59.2692],[-151.1056,59.2631],[-151.1011,59.2406],[-151.1024,59.2287],[-151.1076,59.2178],[-151.1262,59.2099],[-151.1634,59.2026],[-151.1863,59.2028],[-151.1909,59.2066],[-151.1926,59.2112],[-151.2061,59.2193],[-151.2236,59.2243],[-151.2616,59.2203],[-151.2738,59.2297],[-151.2805,59.2305],[-151.2849,59.2276],[-151.2871,59.2248],[-151.2878,59.2194],[-151.2928,59.2143],[-151.3057,59.2095],[-151.3416,59.2222],[-151.3796,59.242],[-151.3873,59.2505],[-151.3905,59.2649],[-151.3995,59.276],[-151.4072,59.2793],[-151.4294,59.2686],[-151.4377,59.254],[-151.4492,59.2485],[-151.4886,59.2377],[-151.5096,59.2344],[-151.5185,59.2303],[-151.5251,59.2249],[-151.5202,59.2169],[-151.5047,59.2127],[-151.4996,59.2078],[-151.4978,59.2043],[-151.4988,59.2002],[-151.5027,59.1951],[-151.5215,59.1955],[-151.5582,59.2001],[-151.5747,59.1953],[-151.5793,59.1877],[-151.5765,59.1726],[-151.5804,59.1652],[-151.5907,59.1617],[-151.6989,59.1631],[-151.7106,59.1581],[-151.7209,59.1561],[-151.7391,59.156],[-151.7485,59.1586],[-151.7649,59.1755],[-151.7615,59.2052],[-151.7585,59.2157],[-151.7613,59.2213],[-151.8383,59.2091],[-151.8744,59.2119],[-151.9157,59.2275],[-151.9172,59.2313],[-151.911,59.2367],[-151.9062,59.238],[-151.9051,59.2471],[-151.9251,59.2544],[-151.9527,59.2504],[-151.9593,59.2476],[-151.9787,59.2538],[-151.9916,59.3136],[-151.9631,59.345],[-151.9527,59.3494],[-151.924,59.3544],[-151.903,59.3605],[-151.8907,59.3732],[-151.8871,59.3825],[-151.908,59.3953],[-151.9052,59.401],[-151.8865,59.421],[-151.826,59.439],[-151.7709,59.4479],[-151.7514,59.4466],[-151.7405,59.4384],[-151.7285,59.4397],[-151.7204,59.4431],[-151.7065,59.4628],[-151.6947,59.4684],[-151.6345,59.4824],[-151.57,59.4689],[-151.5423,59.4671],[-151.5285,59.4723],[-151.5059,59.477],[-151.4856,59.4755],[-151.471,59.4723],[-151.4663,59.4841],[-151.4696,59.5028],[-151.4364,59.5303],[-151.421,59.5377],[-151.3658,59.5413],[-151.3237,59.5509],[-151.2725,59.5558],[-151.2667,59.5626],[-151.2648,59.5686],[-151.2717,59.5765],[-151.2789,59.589],[-151.2788,59.593],[-151.2748,59.597],[-151.2017,59.5915],[-151.2038,59.578],[-151.2091,59.5736],[-151.2084,59.5621],[-151.1928,59.5624],[-151.1643,59.587],[-151.1583,59.5941],[-151.1654,59.6013],[-151.188,59.6087],[-151.2055,59.6303],[-151.2076,59.6407],[-151.2032,59.646],[-151.174,59.6518],[-151.1261,59.6683],[-151.1214,59.6747],[-151.1228,59.6778],[-151.1165,59.6961],[-151.0983,59.7094],[-151.0189,59.7566],[-150.9273,59.7934],[-150.9481,59.7922],[-150.983,59.7835],[-151.0017,59.7884],[-151.0067,59.793],[-151.0278,59.7962],[-151.0638,59.7931],[-151.1138,59.7772],[-151.1724,59.7513],[-151.2145,59.7298],[-151.3298,59.6836],[-151.3771,59.6813],[-151.4248,59.6705],[-151.4366,59.6664],[-151.4392,59.6632],[-151.4411,59.6535],[-151.4487,59.6482],[-151.4613,59.643],[-151.5038,59.6337],[-151.6431,59.647],[-151.6865,59.6609],[-151.7468,59.6862],[-151.7963,59.7042],[-151.8291,59.7202],[-151.8503,59.739],[-151.8593,59.7496],[-151.8695,59.7692],[-151.8677,59.7784],[-151.8573,59.7911],[-151.8333,59.8141],[-151.8136,59.8443],[-151.8031,59.8785],[-151.7926,59.8888],[-151.7779,59.8975],[-151.7577,59.9176],[-151.7427,59.9446],[-151.718,60.0095],[-151.7029,60.0323],[-151.6614,60.0571],[-151.6238,60.088],[-151.6069,60.0996],[-151.5456,60.1284],[-151.5179,60.145],[-151.4887,60.1676],[-151.4217,60.2129],[-151.4066,60.2282],[-151.3879,60.2671],[-151.382,60.297],[-151.3832,60.3263],[-151.3816,60.3587],[-151.3773,60.3655],[-151.3669,60.3727],[-151.3061,60.3873],[-151.3019,60.3847],[-151.2998,60.3855],[-151.2931,60.4162],[-151.2868,60.4346],[-151.284,60.4522],[-151.281,60.5126],[-151.2788,60.5201],[-151.2645,60.5433],[-151.2684,60.549],[-151.3031,60.5613],[-151.324,60.5741],[-151.3304,60.5805],[-151.3391,60.5942],[-151.3445,60.6135],[-151.3455,60.623],[-151.3502,60.6347],[-151.3624,60.6535],[-151.3878,60.6745],[-151.4045,60.695],[-151.4103,60.711],[-151.4093,60.7206],[-151.3848,60.7299],[-151.3705,60.7336],[-151.3092,60.7407],[-151.2796,60.7477],[-151.2705,60.7513],[-151.2614,60.7578],[-151.2593,60.7629],[-151.2613,60.7698],[-151.2529,60.774],[-151.2122,60.7803],[-151.1061,60.7837],[-151.0626,60.7874],[-151.037,60.7936],[-151.0256,60.7975],[-151.0248,60.8018],[-151.012,60.8093],[-150.8955,60.8532],[-150.887,60.8582],[-150.8838,60.8619],[-150.8457,60.8779],[-150.8084,60.8913],[-150.7706,60.9114],[-150.7058,60.9378],[-150.6784,60.9583],[-150.6031,60.9744],[-150.5825,60.9821],[-150.5151,60.9994],[-150.5111,61.0051],[-150.5019,61.008],[-150.4547,61.0166],[-150.4319,61.0239],[-150.4019,61.0362],[-150.3772,61.0391],[-150.3537,61.0318],[-150.3417,61.0242],[-150.3103,60.9895],[-150.2864,60.9667],[-150.2621,60.9478],[-150.2441,60.9386],[-150.2172,60.93],[-150.1877,60.9248],[-150.0852,60.914],[-150.0703,60.9137],[-150.0456,60.91],[-150.0491,60.9158],[-150.0471,60.9189],[-150.0399,60.9208],[-149.9527,60.9304],[-149.9122,60.9378],[-149.8752,60.9602],[-149.8537,60.9674],[-149.8356,60.9689],[-149.8168,60.9669],[-149.7703,60.9676],[-149.765,60.9634],[-149.7531,60.9621],[-149.7354,60.9878],[-149.7364,60.9947],[-149.3733,60.9076],[-149.1886,60.9055],[-149.0386,60.8493],[-149.0429,60.7348],[-148.7456,60.7339]]],[[[-153.0022,61.4257],[-151.3342,61.4246],[-151.333,61.2546],[-150.9727,61.2535],[-150.9718,61.192],[-150.9901,61.1889],[-151.0126,61.1833],[-151.0249,61.1784],[-151.0728,61.1417],[-151.0785,61.1334],[-151.1197,61.0911],[-151.1217,61.0836],[-151.1274,61.0769],[-151.1426,61.0628],[-151.1666,61.0464],[-151.1903,61.0427],[-151.2524,61.04],[-151.2936,61.0357],[-151.3078,61.031],[-151.3127,61.0264],[-151.3309,61.0151],[-151.349,61.01],[-151.3622,61.0094],[-151.4251,61.0131],[-151.4679,61.0124],[-151.4803,61.0109],[-151.5382,60.9918],[-151.5737,60.9759],[-151.621,60.9575],[-151.6373,60.9467],[-151.6411,60.9422],[-151.6795,60.9225],[-151.6926,60.9177],[-151.7139,60.9165],[-151.7208,60.9043],[-151.736,60.8915],[-151.7833,60.8687],[-151.7917,60.8631],[-151.8003,60.8537],[-151.7967,60.8387],[-151.7874,60.8223],[-151.7773,60.8105],[-151.7518,60.7887],[-151.7038,60.7324],[-151.7028,60.7278],[-151.7056,60.7181],[-151.7104,60.7127],[-151.7164,60.7104],[-151.7443,60.7124],[-151.7495,60.7142],[-151.7603,60.7214],[-151.784,60.7268],[-151.8038,60.729],[-151.8113,60.7322],[-151.8226,60.7424],[-151.8312,60.7473],[-151.852,60.7541],[-151.8602,60.7533],[-151.865,60.7505],[-151.8496,60.7383],[-151.848,60.7357],[-151.8486,60.734],[-151.8705,60.7273],[-151.9169,60.7179],[-151.9179,60.7228],[-151.9159,60.7302],[-151.9188,60.7323],[-151.9234,60.7337],[-151.9444,60.733],[-151.9446,60.7282],[-151.9483,60.7225],[-151.9618,60.7214],[-151.9684,60.7283],[-152.0794,60.6928],[-152.1141,60.6341],[-152.1362,60.5785],[-152.1484,60.576],[-152.1635,60.5769],[-152.1951,60.5697],[-152.2615,60.5382],[-152.3092,60.5064],[-152.3151,60.4998],[-152.3314,60.4735],[-152.3334,60.4606],[-152.3303,60.4431],[-152.3258,60.4348],[-152.3122,60.4204],[-152.302,60.4143],[-152.2342,60.3939],[-152.3006,60.3696],[-152.3076,60.3665],[-152.3159,60.3591],[-152.3523,60.3561],[-152.3662,60.3533],[-152.3715,60.3502],[-152.3767,60.3456],[-152.3863,60.3279],[-152.386,60.3158],[-152.392,60.3021],[-152.4113,60.2879],[-152.4211,60.2853],[-152.4442,60.2857],[-152.4563,60.284],[-152.4818,60.2747],[-152.5282,60.2513],[-152.5398,60.2416],[-152.5492,60.2276],[-152.5568,60.2242],[-152.6246,60.2187],[-152.6263,60.2209],[-152.6269,60.2227],[-152.6277,60.2257],[-152.6424,60.2288],[-152.6601,60.242],[-152.6704,60.2443],[-152.6986,60.2407],[-152.7159,60.2413],[-152.747,60.2333],[-152.7434,60.2243],[-152.7549,60.2109],[-152.7549,60.2029],[-152.7495,60.1896],[-152.7343,60.1748],[-152.6999,60.1653],[-152.6884,60.1658],[-152.6781,60.1635],[-152.6742,60.1517],[-152.6875,60.1403],[-152.6864,60.1377],[-152.6584,60.1216],[-152.635,60.1158],[-152.5968,60.1011],[-152.5753,60.0824],[-152.5691,60.0717],[-152.5752,60.0483],[-152.5902,60.036],[-152.6086,60.0254],[-152.6127,60.0151],[-152.6117,60.0085],[-152.6495,59.9883],[-152.6794,59.9681],[-152.6937,59.9328],[-152.7008,59.9203],[-152.7064,59.9153],[-152.7451,59.9042],[-152.7936,59.8967],[-152.8069,59.888],[-152.8101,59.8783],[-152.8609,59.875],[-152.8752,59.8775],[-152.8827,59.882],[-152.9004,59.8818],[-152.9204,59.8777],[-152.9507,59.8768],[-152.9673,59.8815],[-153.0025,59.8867],[-153.02,59.8862],[-153.047,59.8824],[-153.0792,59.8711],[-153.1447,59.8598],[-153.2129,59.8628],[-153.2259,59.8583],[-153.2286,59.8534],[-153.2569,59.8365],[-153.2788,59.8281],[-153.2858,59.8205],[-153.2854,59.8168],[-153.2785,59.8109],[-153.2577,59.8108],[-153.2366,59.8219],[-153.2175,59.8247],[-153.1974,59.8248],[-153.1823,59.8224],[-153.1444,59.8076],[-153.1136,59.8156],[-153.0885,59.8334],[-153.0219,59.8341],[-153.0091,59.8306],[-153.004,59.8267],[-152.9921,59.81],[-152.9945,59.7913],[-153.0313,59.7236],[-153.0516,59.6916],[-153.1089,59.6783],[-153.1217,59.678],[-153.155,59.6543],[-153.2142,59.6343],[-153.24,59.6324],[-153.2534,59.6384],[-153.2627,59.6434],[-153.2752,59.6673],[-153.2865,59.6703],[-153.3017,59.6687],[-153.314,59.6663],[-153.3151,59.6649],[-153.3151,59.6625],[-153.3072,59.654],[-153.2982,59.6363],[-153.298,59.6325],[-153.3028,59.6277],[-153.3088,59.6257],[-153.3429,59.6213],[-153.3666,59.6337],[-153.3816,59.638],[-153.392,59.6389],[-153.4094,59.6363],[-153.4149,59.6386],[-153.4181,59.6421],[-153.4155,59.6509],[-153.3938,59.6588],[-153.3849,59.6672],[-153.3782,59.6889],[-153.3748,59.7316],[-153.44,59.7847],[-153.455,59.7921],[-153.4585,59.7645],[-153.4496,59.7438],[-153.4453,59.7289],[-153.4422,59.7174],[-153.4412,59.7013],[-153.444,59.69],[-153.4646,59.6517],[-153.4761,59.6427],[-153.5425,59.6302],[-153.5639,59.6389],[-153.5865,59.6515],[-153.6048,59.6387],[-153.6107,59.6283],[-153.6093,59.6216],[-153.5922,59.6108],[-153.5583,59.6058],[-153.5532,59.597],[-153.5551,59.5879],[-153.5778,59.556],[-153.5854,59.5515],[-153.6182,59.5526],[-153.6353,59.5557],[-153.6509,59.5554],[-153.7193,59.5503],[-153.7615,59.5434],[-153.7662,59.5223],[-153.7339,59.5058],[-153.7064,59.478],[-153.699,59.4636],[-153.7275,59.4353],[-153.7472,59.4297],[-153.8071,59.4195],[-153.8234,59.418],[-153.8622,59.4241],[-153.8966,59.4185],[-153.9113,59.4137],[-153.9253,59.4053],[-153.9455,59.3861],[-153.9514,59.387],[-153.9547,59.3925],[-153.9599,59.3969],[-153.99,59.3968],[-153.994,59.394],[-153.9963,59.3908],[-153.9985,59.3847],[-154.0072,59.3825],[-154.0257,59.3815],[-154.036,59.3864],[-154.0446,59.3883],[-154.0522,59.3871],[-154.0625,59.3828],[-154.0878,59.368],[-154.101,59.366],[-154.1177,59.3655],[-154.1218,59.3605],[-154.1214,59.3531],[-154.103,59.3427],[-154.0337,59.344],[-154.0287,59.3374],[-154.0308,59.327],[-154.0779,59.3134],[-154.1136,59.2996],[-154.1227,59.2876],[-154.1368,59.2627],[-154.1412,59.2166],[-154.1306,59.2105],[-154.1729,59.1725],[-154.2148,59.1516],[-154.2442,59.1442],[-154.2601,59.143],[-154.2633,59.1385],[-154.2565,59.1185],[-154.2512,59.1112],[-154.2438,59.1149],[-154.2398,59.1193],[-154.2272,59.1254],[-154.1807,59.1232],[-154.1737,59.1202],[-154.1667,59.1005],[-154.1664,59.0906],[-154.1715,59.0834],[-154.1953,59.0695],[-154.1974,59.0612],[-154.1896,59.0442],[-154.1715,59.022],[-154.1598,59.0106],[-154.1582,59.0179],[-154.1324,59.0247],[-154.1083,59.0368],[-154.0635,59.0721],[-154.0318,59.0737],[-154.0085,59.0729],[-153.95,59.0668],[-153.9328,59.0627],[-153.8502,59.0529],[-153.8382,59.0553],[-153.8157,59.0649],[-153.8099,59.0708],[-153.8028,59.0722],[-153.794,59.0714],[-153.7509,59.0528],[-153.7487,59.0587],[-153.7462,59.0652],[-153.7042,59.0758],[-153.6957,59.074],[-153.648,59.0289],[-153.6161,59.0067],[-153.5473,58.9837],[-153.5235,58.9792],[-153.5056,58.9817],[-153.4799,58.9953],[-153.4633,58.9869],[-153.4507,58.9761],[-153.4381,58.9699],[-153.422,58.9706],[-153.3985,58.9661],[-153.3931,58.9511],[-153.3888,58.9453],[-153.3654,58.9278],[-153.3523,58.9217],[-153.3348,58.9205],[-153.3228,58.9078],[-153.3048,58.8789],[-153.3052,58.8746],[-153.3024,58.8712],[-153.2947,58.8654],[-153.2862,58.8631],[-153.2674,58.8672],[-153.2548,58.8618],[-153.2523,58.8558],[-153.2527,58.8558],[-153.4551,58.8557],[-153.4522,58.7348],[-153.8166,58.7343],[-153.8151,58.6472],[-154.3059,58.6468],[-154.6373,58.6468],[-154.6394,58.7347],[-154.6927,58.7346],[-154.6921,59.076],[-154.7454,59.077],[-154.7477,59.2531],[-154.4093,59.2546],[-154.4146,59.4287],[-154.1213,59.4313],[-154.1244,59.5196],[-153.9545,59.5201],[-153.9559,59.6961],[-153.7836,59.6966],[-153.7829,59.785],[-153.6549,59.7849],[-153.6566,60.1214],[-153.5311,60.1225],[-153.5285,60.4706],[-153.3943,60.4723],[-153.395,60.8233],[-153.4362,60.9085],[-153.4304,61.1357],[-153.4753,61.1369],[-153.4697,61.4281],[-153.0022,61.4257]]]]}},{"type":"Feature","id":"02130","properties":{"name":"Ketchikan Gateway","fips":"02130"},"geometry":{"type":"MultiPolygon","coordinates":[[[[-131.246,54.9896],[-131.2574,54.979],[-131.2428,54.9296],[-131.233,54.9268],[-131.2178,54.9274],[-131.1979,54.9215],[-131.1952,54.9198],[-131.1954,54.9182],[-131.2002,54.9102],[-131.2537,54.8668],[-131.266,54.8594],[-131.3532,54.859],[-131.4691,54.9132],[-131.4915,54.9304],[-131.4866,54.9504],[-131.4827,54.9527],[-131.4097,54.9712],[-131.2661,54.9988],[-131.2489,54.9972],[-131.246,54.9896]]],[[[-131.7599,55.3818],[-131.7161,55.3496],[-131.6852,55.3335],[-131.6667,55.3275],[-131.6472,55.3061],[-131.6581,55.2925],[-131.6886,55.2821],[-131.6945,55.2237],[-131.7185,55.2001],[-131.7483,55.1286],[-131.7989,55.1624],[-131.8296,55.1919],[-131.8307,55.195],[-131.8284,55.1985],[-131.8508,55.2744],[-131.8622,55.2893],[-131.8706,55.3646],[-131.8543,55.4211],[-131.8523,55.4238],[-131.8332,55.422],[-131.8117,55.414],[-131.8097,55.4126],[-131.8068,55.4052],[-131.7986,55.3994],[-131.7599,55.3818]]],[[[-132.1995,55.6386],[-132.0912,55.6607],[-132.0588,55.7109],[-131.9627,55.7008],[-131.9356,55.7984],[-132.011,55.8548],[-131.8719,55.9489],[-131.9046,55.973],[-131.8296,56.0563],[-131.6927,56.0506],[-131.6534,56.1039],[-131.4988,56.0191],[-131.3719,56.0133],[-131.3692,56.0699],[-131.4371,56.14],[-131.2534,56.2069],[-131.2386,56.171],[-131.1067,56.1951],[-130.9987,56.274],[-131.0962,56.3352],[-131.0874,56.4074],[-131.0857,56.4065],[-130.7822,56.3675],[-130.7406,56.343],[-130.6225,56.2679],[-130.5412,56.248],[-130.4669,56.2398],[-130.4256,56.1407],[-130.2455,56.0969],[-130.2911,56.0542],[-130.2201,55.9989],[-130.2851,55.9975],[-130.3887,55.9433],[-130.2346,55.8143],[-130.1506,55.767],[-130.1515,55.746],[-130.1501,55.7271],[-130.148,55.715],[-130.1295,55.6998],[-130.1117,55.6821],[-130.1267,55.5813],[-130.1201,55.5639],[-130.0854,55.4915],[-130.0443,55.452],[-130.0302,55.3677],[-130.0236,55.3383],[-129.9823,55.3021],[-129.9805,55.2963],[-129.9801,55.2842],[-129.9854,55.2778],[-130.0017,55.2646],[-130.0302,55.2466],[-130.0965,55.198],[-130.1189,55.1761],[-130.1447,55.146],[-130.1581,55.1171],[-130.1875,55.0647],[-130.2215,55.026],[-130.2591,54.9876],[-130.2756,54.9729],[-130.3395,54.9214],[-130.4746,54.8381],[-130.5694,54.7909],[-130.6367,54.7785],[-130.6578,54.7618],[-130.6281,54.7393],[-130.6445,54.7369],[-130.6852,54.7201],[-130.6862,54.7169],[-130.6958,54.7193],[-130.7374,54.7535],[-130.7472,54.7726],[-130.7332,54.7796],[-130.7322,54.7826],[-130.7363,54.7948],[-130.7423,54.8019],[-130.7736,54.8208],[-130.7874,54.8229],[-130.7886,54.7946],[-130.7921,54.7848],[-130.8068,54.7769],[-130.8369,54.7654],[-130.855,54.7663],[-130.8669,54.7691],[-130.9018,54.7809],[-130.9159,54.7896],[-130.9325,54.8069],[-130.9471,54.826],[-130.941,54.8416],[-130.9473,54.8867],[-130.9597,54.9187],[-130.9604,54.9337],[-130.9491,54.9678],[-130.9535,54.9721],[-130.975,54.9749],[-131.0078,54.9913],[-131.0121,54.9962],[-131.0042,55.0296],[-130.9868,55.0652],[-130.9837,55.0689],[-130.9842,55.0844],[-131.0132,55.0901],[-131.0297,55.0995],[-131.0523,55.1182],[-131.0707,55.1381],[-131.0766,55.1462],[-131.0856,55.1582],[-131.0875,55.163],[-131.0938,55.1913],[-131.0926,55.1927],[-130.9853,55.2473],[-130.953,55.2731],[-130.9516,55.2916],[-130.9251,55.3007],[-130.9099,55.2999],[-130.8713,55.2938],[-130.8649,55.2984],[-130.8649,55.3095],[-130.8719,55.314],[-130.8821,55.3588],[-130.9208,55.4287],[-130.923,55.4351],[-130.9203,55.4461],[-130.9107,55.46],[-130.8981,55.4702],[-130.8813,55.4956],[-130.8705,55.5338],[-130.88,55.599],[-130.9019,55.6974],[-130.939,55.7548],[-130.9848,55.7993],[-131.094,55.8957],[-131.1714,55.943],[-131.1874,55.956],[-131.2165,55.9843],[-131.23,55.9843],[-131.2369,55.9823],[-131.2435,55.9737],[-131.2459,55.9659],[-131.2417,55.9551],[-131.1568,55.9011],[-131.0701,55.8286],[-131.0532,55.7998],[-131.0435,55.767],[-131.041,55.7628],[-130.9986,55.7235],[-130.966,55.689],[-130.9468,55.6507],[-130.9277,55.5766],[-130.9452,55.5577],[-130.9789,55.5508],[-130.9871,55.5399],[-130.9944,55.4724],[-130.9696,55.3933],[-130.9475,55.3808],[-130.9282,55.3394],[-130.9334,55.3319],[-130.9466,55.3224],[-130.9598,55.3159],[-130.9683,55.3166],[-130.9641,55.3327],[-131.0006,55.398],[-131.0087,55.4048],[-131.029,55.4084],[-131.0331,55.3931],[-131.0342,55.3794],[-131.0305,55.3769],[-131.0273,55.3714],[-131.0199,55.3479],[-131.0314,55.2848],[-131.0723,55.2538],[-131.1605,55.1975],[-131.1887,55.1927],[-131.2112,55.1924],[-131.2355,55.1976],[-131.2631,55.2083],[-131.2972,55.235],[-131.3027,55.2502],[-131.2783,55.2603],[-131.2402,55.2872],[-131.2304,55.2978],[-131.1916,55.3605],[-131.1919,55.3683],[-131.1975,55.3911],[-131.2025,55.3928],[-131.2724,55.3878],[-131.2921,55.3839],[-131.293,55.3787],[-131.287,55.3583],[-131.2646,55.3456],[-131.2545,55.3297],[-131.2551,55.3221],[-131.285,55.2864],[-131.2912,55.2818],[-131.327,55.2659],[-131.4029,55.2381],[-131.4245,55.2388],[-131.4282,55.2394],[-131.4379,55.2484],[-131.4448,55.2645],[-131.4635,55.2834],[-131.4756,55.3033],[-131.463,55.3126],[-131.472,55.3234],[-131.4941,55.3323],[-131.5098,55.3323],[-131.5153,55.3279],[-131.5282,55.2953],[-131.5365,55.2924],[-131.55,55.2934],[-131.5667,55.3061],[-131.5848,55.3096],[-131.639,55.3395],[-131.6987,55.3549],[-131.7324,55.3776],[-131.7359,55.3819],[-131.7367,55.3922],[-131.7418,55.3981],[-131.8284,55.4452],[-131.8442,55.4567],[-131.8455,55.5221],[-131.8417,55.5267],[-131.7937,55.5417],[-131.7664,55.5401],[-131.7331,55.5486],[-131.6646,55.5815],[-131.6542,55.5924],[-131.6715,55.6066],[-131.6828,55.6105],[-131.7011,55.6137],[-131.7244,55.6326],[-131.7263,55.6359],[-131.7266,55.641],[-131.7195,55.6503],[-131.7121,55.6658],[-131.7011,55.697],[-131.7067,55.7064],[-131.7265,55.7208],[-131.7334,55.7308],[-131.7193,55.7491],[-131.7049,55.7555],[-131.6496,55.7687],[-131.6403,55.7853],[-131.6401,55.7894],[-131.6531,55.7957],[-131.6782,55.7998],[-131.6911,55.7976],[-131.6972,55.7938],[-131.701,55.789],[-131.7053,55.7899],[-131.7104,55.8066],[-131.7137,55.8533],[-131.7015,55.8609],[-131.689,55.8755],[-131.6873,55.8868],[-131.6895,55.8902],[-131.7204,55.8947],[-131.7767,55.8788],[-131.8282,55.8773],[-131.837,55.8755],[-131.8305,55.8566],[-131.8163,55.8374],[-131.777,55.8233],[-131.7712,55.81],[-131.7799,55.7919],[-131.8148,55.7313],[-131.8262,55.7186],[-131.8314,55.6813],[-131.8289,55.6671],[-131.8654,55.6307],[-131.8974,55.6039],[-131.9393,55.6238],[-131.9631,55.6153],[-131.9626,55.6087],[-131.9453,55.5724],[-131.9367,55.5352],[-131.9718,55.4983],[-131.9865,55.5006],[-132.0146,55.5152],[-132.0438,55.5357],[-132.0605,55.543],[-132.0985,55.55],[-132.1147,55.5506],[-132.1411,55.559],[-132.1484,55.5625],[-132.1832,55.5881],[-132.1987,55.6157],[-132.2015,55.6264],[-132.1979,55.634],[-132.1995,55.6386]]]]}},{"type":"Feature","id":"02150","properties":{"name":"Kodiak Island","fips":"02150"},"geometry":{"type":"MultiPolygon","coordinates":[[[[-156.3554,57.1597],[-156.7508,57.1629],[-156.7508,57.2358],[-156.6728,57.2349],[-156.6174,57.3349],[-156.5022,57.3626],[-156.5088,57.4348],[-156.4581,57.4789],[-156.3702,57.5224],[-156.132,57.5097],[-156.0711,57.5844],[-155.9528,57.5982],[-155.9215,57.5543],[-155.872,57.6],[-155.8985,57.6681],[-155.768,57.6683],[-155.6938,57.798],[-155.5388,57.7998],[-155.4463,57.8271],[-155.446,57.8715],[-155.3302,57.8763],[-155.3317,58.0482],[-155.2802,58.1086],[-155.332,58.108],[-155.3319,58.1933],[-155.2213,58.1932],[-155.2215,58.2364],[-155.0577,58.2362],[-155.0081,58.2909],[-154.7304,58.3047],[-154.7298,58.3328],[-154.5701,58.3331],[-154.4657,58.3614],[-154.4323,58.419],[-154.3034,58.4604],[-154.3059,58.6468],[-153.8151,58.6472],[-153.8166,58.7343],[-153.4522,58.7348],[-153.4551,58.8557],[-153.2527,58.8558],[-153.3178,58.8474],[-153.3261,58.8493],[-153.3368,58.8489],[-153.3448,58.847],[-153.351,58.8436],[-153.3589,58.8368],[-153.3694,58.8213],[-153.3707,58.7993],[-153.3851,58.7662],[-153.4025,58.7426],[-153.4266,58.7211],[-153.445,58.7093],[-153.4588,58.7086],[-153.469,58.7122],[-153.4778,58.7128],[-153.5526,58.6872],[-153.5775,58.6705],[-153.5878,58.6517],[-153.5916,58.6401],[-153.6013,58.6346],[-153.6776,58.6116],[-153.7716,58.6056],[-153.8062,58.6066],[-153.8328,58.6117],[-153.8514,58.6119],[-153.8972,58.6062],[-153.9026,58.5974],[-153.9191,58.5167],[-153.9096,58.5146],[-153.9305,58.4975],[-153.9349,58.4944],[-153.9604,58.4878],[-153.974,58.4883],[-153.9776,58.4919],[-154.0019,58.4923],[-154.0565,58.4892],[-154.0651,58.4864],[-154.073,58.4783],[-154.0751,58.4722],[-154.0752,58.4581],[-154.0736,58.4469],[-154.0707,58.44],[-154.0558,58.4188],[-154.04,58.4043],[-154.0341,58.4026],[-154.0237,58.404],[-154.0073,58.4022],[-153.9854,58.3909],[-153.9993,58.3764],[-154.0973,58.3453],[-154.1339,58.3506],[-154.1392,58.3541],[-154.1504,58.3576],[-154.168,58.3584],[-154.1752,58.3445],[-154.1772,58.3215],[-154.175,58.3201],[-154.1666,58.3206],[-154.1491,58.3145],[-154.1034,58.2802],[-154.1453,58.2109],[-154.1777,58.1898],[-154.2198,58.1846],[-154.2419,58.1563],[-154.2163,58.1428],[-154.2101,58.1361],[-154.2225,58.1326],[-154.269,58.1288],[-154.2912,58.1357],[-154.3404,58.0909],[-154.3843,58.1208],[-154.4266,58.1449],[-154.4365,58.1483],[-154.4601,58.1461],[-154.4664,58.1423],[-154.4594,58.1291],[-154.4521,58.1216],[-154.4492,58.0932],[-154.4629,58.0583],[-154.478,58.0524],[-154.5012,58.0501],[-154.5394,58.0559],[-154.5686,58.0258],[-154.5815,58.0193],[-154.644,58.0331],[-154.6506,58.0454],[-154.6447,58.0564],[-154.6462,58.0601],[-154.6534,58.064],[-154.6689,58.0653],[-154.6761,58.0651],[-154.7162,58.0553],[-154.7219,58.0505],[-154.729,58.0385],[-154.7311,58.0285],[-154.7307,58.0218],[-154.7456,58.0122],[-154.7653,58.0037],[-154.7747,58.0022],[-154.8078,58.0009],[-154.8195,58.0035],[-154.8235,58.0093],[-154.8251,58.0166],[-154.8282,58.0188],[-154.8766,58.0277],[-154.8918,58.0277],[-154.9904,58.0134],[-155.0263,57.9993],[-155.1186,57.9539],[-155.0947,57.9293],[-155.0726,57.912],[-155.0642,57.9093],[-155.0618,57.9043],[-155.0681,57.8838],[-155.0821,57.8722],[-155.0971,57.8654],[-155.1524,57.8554],[-155.2379,57.8271],[-155.2729,57.824],[-155.2984,57.826],[-155.303,57.8285],[-155.3264,57.8305],[-155.3382,57.8254],[-155.3412,57.8196],[-155.3349,57.7807],[-155.311,57.7648],[-155.3028,57.7617],[-155.2853,57.7587],[-155.2847,57.7574],[-155.2917,57.7358],[-155.3058,57.724],[-155.3786,57.7108],[-155.4683,57.7446],[-155.5065,57.761],[-155.5336,57.7769],[-155.5398,57.7839],[-155.5457,57.7868],[-155.5684,57.7895],[-155.5854,57.787],[-155.5969,57.7835],[-155.6094,57.7777],[-155.6172,57.7697],[-155.6353,57.7154],[-155.6345,57.7048],[-155.6264,57.6936],[-155.6152,57.6881],[-155.6299,57.6564],[-155.7,57.6421],[-155.7242,57.6334],[-155.7355,57.5941],[-155.731,57.5886],[-155.7314,57.5555],[-155.7328,57.5497],[-155.7869,57.547],[-155.8779,57.5472],[-155.9153,57.5353],[-155.9458,57.5392],[-155.9679,57.5444],[-155.986,57.5537],[-155.9881,57.5583],[-156.0108,57.5714],[-156.0338,57.5699],[-156.044,57.5645],[-156.0486,57.5008],[-156.0453,57.487],[-156.0367,57.4709],[-156.0144,57.4553],[-156.0128,57.4514],[-156.0219,57.4397],[-156.0917,57.4398],[-156.0991,57.4437],[-156.1375,57.4717],[-156.1839,57.4821],[-156.1957,57.4801],[-156.2109,57.4744],[-156.2115,57.4595],[-156.2201,57.4453],[-156.2269,57.4407],[-156.2545,57.439],[-156.3394,57.4176],[-156.362,57.4005],[-156.3774,57.3909],[-156.4816,57.3387],[-156.5114,57.335],[-156.5335,57.3285],[-156.5397,57.3201],[-156.5512,57.2908],[-156.5387,57.283],[-156.5073,57.2812],[-156.4209,57.3111],[-156.3364,57.3361],[-156.3219,57.2934],[-156.3327,57.2652],[-156.3429,57.2481],[-156.3581,57.2522],[-156.3765,57.2523],[-156.3994,57.2416],[-156.4015,57.2332],[-156.3988,57.2148],[-156.3886,57.2066],[-156.3558,57.1928],[-156.3413,57.1919],[-156.3384,57.1903],[-156.3344,57.1823],[-156.3554,57.1597]]],[[[-155.6206,55.9075],[-155.5682,55.9075],[-155.5606,55.897],[-155.5599,55.8829],[-155.5844,55.8485],[-155.5644,55.8095],[-155.5663,55.7895],[-155.5892,55.7619],[-155.611,55.76],[-155.6491,55.7762],[-155.7186,55.7724],[-155.7281,55.779],[-155.75,55.8218],[-155.7431,55.8315],[-155.6634,55.8605],[-155.6377,55.8942],[-155.6206,55.9075]]],[[[-154.404,56.5723],[-154.3939,56.5624],[-154.3913,56.5579],[-154.3925,56.5541],[-154.4368,56.5346],[-154.5295,56.5027],[-154.5717,56.4942],[-154.6336,56.4718],[-154.6685,56.4525],[-154.6915,56.4367],[-154.7041,56.4242],[-154.7365,56.4038],[-154.7429,56.4017],[-154.765,56.4014],[-154.7758,56.4041],[-154.789,56.411],[-154.7999,56.4194],[-154.8055,56.4275],[-154.8061,56.4342],[-154.7775,56.4622],[-154.7396,56.4963],[-154.7061,56.5213],[-154.5347,56.6005],[-154.5246,56.6039],[-154.5141,56.6041],[-154.45,56.6004],[-154.4134,56.5868],[-154.4023,56.5805],[-154.3994,56.5764],[-154.404,56.5723]]],[[[-153.9405,56.5583],[-153.9153,56.5649],[-153.8788,56.5659],[-153.8708,56.558],[-153.8685,56.5515],[-153.8877,56.5336],[-153.953,56.5072],[-153.9939,56.5018],[-154.1202,56.5018],[-154.1437,56.5062],[-154.164,56.5078],[-154.1973,56.502],[-154.2325,56.4911],[-154.3044,56.5023],[-154.3431,56.5102],[-154.3474,56.512],[-154.3614,56.5256],[-154.3624,56.5425],[-154.3414,56.5637],[-154.3109,56.5854],[-154.29,56.5954],[-154.2442,56.6092],[-154.2238,56.613],[-154.2103,56.6097],[-154.206,56.6069],[-154.1848,56.6038],[-154.1367,56.6093],[-154.1134,56.6167],[-154.1032,56.6177],[-154.0958,56.6178],[-154.09,56.6148],[-154.0818,56.6037],[-154.079,56.59],[-154.0752,56.5837],[-154.0416,56.5562],[-154.0253,56.5518],[-154.0093,56.5514],[-153.9405,56.5583]]],[[[-152.4174,57.8155],[-152.3641,57.8294],[-152.3512,57.8348],[-152.3243,57.8244],[-152.3109,57.7835],[-152.3173,57.772],[-152.3222,57.7683],[-152.3427,57.7623],[-152.3486,57.7644],[-152.3492,57.7685],[-152.3572,57.7739],[-152.3811,57.7767],[-152.4438,57.7761],[-152.4656,57.7672],[-152.471,57.7635],[-152.4973,57.7386],[-152.4971,57.7344],[-152.4677,57.6814],[-152.443,57.668],[-152.4015,57.6865],[-152.3986,57.6872],[-152.3945,57.6847],[-152.4289,57.6422],[-152.461,57.6063],[-152.4682,57.601],[-152.4678,57.5982],[-152.4599,57.5944],[-152.4397,57.5904],[-152.4261,57.5934],[-152.4025,57.608],[-152.3871,57.6124],[-152.3619,57.6188],[-152.3227,57.6234],[-152.2653,57.6264],[-152.1795,57.6248],[-152.1616,57.6233],[-152.1524,57.6195],[-152.1597,57.5936],[-152.164,57.5846],[-152.2596,57.5272],[-152.2915,57.5171],[-152.3149,57.4861],[-152.3237,57.4679],[-152.3261,57.4415],[-152.3616,57.4278],[-152.4165,57.4353],[-152.4952,57.4524],[-152.517,57.4322],[-152.5705,57.4489],[-152.6004,57.4688],[-152.646,57.4661],[-152.6628,57.4637],[-152.6844,57.4666],[-152.7168,57.4785],[-152.7205,57.4816],[-152.7194,57.488],[-152.7228,57.4941],[-152.7431,57.5057],[-152.7702,57.5043],[-152.7989,57.4943],[-152.809,57.4945],[-152.8255,57.497],[-152.8389,57.5023],[-152.8862,57.5107],[-152.9396,57.5201],[-152.9549,57.5204],[-152.9663,57.5122],[-152.9672,57.51],[-152.949,57.4982],[-152.9396,57.4978],[-152.9217,57.5014],[-152.8902,57.4867],[-152.7627,57.4576],[-152.7427,57.4479],[-152.7227,57.4334],[-152.6732,57.4132],[-152.63,57.4056],[-152.6204,57.4016],[-152.6011,57.3822],[-152.6065,57.3637],[-152.6304,57.3227],[-152.6576,57.3036],[-152.6957,57.2813],[-152.7078,57.276],[-152.712,57.2781],[-152.7742,57.2904],[-152.788,57.2799],[-152.8182,57.2654],[-152.8864,57.2913],[-152.9007,57.303],[-152.9091,57.3242],[-152.9847,57.3399],[-153.0085,57.3397],[-153.056,57.3292],[-153.0793,57.322],[-153.099,57.3105],[-153.1163,57.2973],[-153.1013,57.2869],[-153.0961,57.2869],[-153.0391,57.2933],[-153.0176,57.2977],[-153.016,57.3002],[-153.013,57.2995],[-152.9709,57.2826],[-152.9442,57.2591],[-152.9435,57.257],[-152.951,57.249],[-152.9977,57.2312],[-153.057,57.2148],[-153.0779,57.2114],[-153.1255,57.2118],[-153.1633,57.2167],[-153.1697,57.2202],[-153.2017,57.2217],[-153.2097,57.2188],[-153.2151,57.2134],[-153.216,57.2093],[-153.2138,57.2051],[-153.166,57.1806],[-153.1239,57.1754],[-153.097,57.1833],[-153.074,57.1871],[-152.9493,57.1873],[-152.8803,57.1648],[-152.8748,57.1609],[-152.8698,57.1508],[-152.9005,57.1321],[-152.9114,57.1268],[-152.9507,57.1198],[-152.9972,57.1195],[-153.1187,57.091],[-153.1289,57.0926],[-153.1327,57.0949],[-153.134,57.0994],[-153.1464,57.1009],[-153.18,57.0945],[-153.2154,57.0759],[-153.221,57.0682],[-153.2222,57.0618],[-153.2212,57.0604],[-153.2133,57.0559],[-153.2054,57.0561],[-153.2002,57.042],[-153.2043,57.0336],[-153.2353,57.0074],[-153.3011,56.9912],[-153.3126,56.9915],[-153.3487,57.0084],[-153.349,57.0112],[-153.3209,57.0368],[-153.3243,57.0433],[-153.3652,57.0721],[-153.3969,57.0604],[-153.4026,57.0701],[-153.4043,57.0805],[-153.3847,57.1154],[-153.3804,57.1205],[-153.3455,57.1396],[-153.3282,57.142],[-153.284,57.1739],[-153.2827,57.1758],[-153.2864,57.1843],[-153.3101,57.1944],[-153.3503,57.1923],[-153.3682,57.1853],[-153.3689,57.1808],[-153.3665,57.1767],[-153.4865,57.0859],[-153.4896,57.0747],[-153.4989,57.0654],[-153.5359,57.078],[-153.5636,57.0898],[-153.577,57.0932],[-153.6545,57.0846],[-153.676,57.0698],[-153.6757,57.0548],[-153.6638,57.0537],[-153.6013,57.0567],[-153.5958,57.0563],[-153.5808,57.049],[-153.5434,56.9952],[-153.5568,56.9689],[-153.6007,56.9426],[-153.6275,56.9371],[-153.6713,56.9329],[-153.7012,56.9264],[-153.7307,56.894],[-153.7153,56.8784],[-153.7046,56.878],[-153.6959,56.881],[-153.6887,56.872],[-153.6967,56.8615],[-153.7146,56.8529],[-153.7782,56.8344],[-153.7961,56.8427],[-153.8009,56.8469],[-153.8074,56.8486],[-153.818,56.8487],[-153.8493,56.8389],[-153.8542,56.8364],[-153.9036,56.7934],[-153.924,56.7672],[-153.9633,56.7476],[-153.9718,56.7449],[-153.9902,56.7433],[-154.0162,56.7435],[-154.0226,56.7559],[-154.0372,56.7634],[-154.0505,56.7635],[-154.0643,56.7601],[-154.0851,56.7512],[-154.1066,56.7456],[-154.129,56.7422],[-154.137,56.7424],[-154.1487,56.7457],[-154.1254,56.7833],[-154.0729,56.8411],[-154.0674,56.8453],[-154.0552,56.8505],[-154.0409,56.8541],[-154.0305,56.8551],[-153.9845,56.8896],[-153.936,56.9158],[-153.8946,56.927],[-153.863,56.9444],[-153.8505,56.9573],[-153.8734,56.9634],[-153.9028,56.9684],[-153.9136,56.9654],[-153.9177,56.9622],[-153.9348,56.9589],[-153.9769,56.9551],[-153.9797,56.9622],[-153.9769,56.9968],[-153.9322,57.063],[-153.8875,57.087],[-153.8754,57.0898],[-153.8589,57.0888],[-153.8048,57.1132],[-153.7835,57.1318],[-153.7767,57.1429],[-153.7791,57.1588],[-153.7885,57.1614],[-153.8063,57.1574],[-153.8229,57.1424],[-153.824,57.1398],[-153.8617,57.1192],[-153.9828,57.0663],[-153.9938,57.0505],[-154.0243,57.0166],[-154.0556,56.9872],[-154.0766,56.9706],[-154.1235,56.9562],[-154.1452,56.945],[-154.159,56.9453],[-154.1654,56.9432],[-154.2121,56.9097],[-154.2236,56.8961],[-154.2272,56.883],[-154.2265,56.8763],[-154.2318,56.8723],[-154.2767,56.8536],[-154.299,56.8465],[-154.3057,56.8469],[-154.3002,56.852],[-154.2984,56.8632],[-154.3,56.8923],[-154.3069,56.9118],[-154.3129,56.9187],[-154.3853,56.9598],[-154.4075,56.9683],[-154.4763,56.9842],[-154.5117,56.9885],[-154.5247,56.9916],[-154.5285,57.0019],[-154.5168,57.0303],[-154.5152,57.078],[-154.5298,57.1689],[-154.5337,57.1835],[-154.5396,57.1964],[-154.5743,57.2399],[-154.595,57.2572],[-154.6137,57.2678],[-154.6919,57.2841],[-154.6983,57.2843],[-154.7402,57.2765],[-154.7774,57.28],[-154.7921,57.2867],[-154.7938,57.2889],[-154.7515,57.3078],[-154.7431,57.3148],[-154.7006,57.4012],[-154.6996,57.4129],[-154.7026,57.4205],[-154.6933,57.4461],[-154.6297,57.5102],[-154.6187,57.515],[-154.6025,57.5188],[-154.5917,57.5186],[-154.5409,57.5396],[-154.5221,57.5778],[-154.5112,57.5786],[-154.5003,57.5744],[-154.4683,57.5703],[-154.4318,57.5848],[-154.4114,57.5985],[-154.3442,57.6309],[-154.2257,57.6614],[-154.197,57.6646],[-154.1866,57.6586],[-154.0861,57.6491],[-154.0562,57.6524],[-154.0316,57.6609],[-153.9946,57.6569],[-153.983,57.6498],[-153.9826,57.6483],[-153.9848,57.6046],[-153.9822,57.5532],[-153.9711,57.5394],[-153.9476,57.5402],[-153.9391,57.5383],[-153.9293,57.5333],[-153.9259,57.5291],[-153.923,57.5202],[-153.9222,57.499],[-153.9199,57.4852],[-153.9094,57.4424],[-153.8958,57.4221],[-153.8029,57.3509],[-153.7953,57.349],[-153.7743,57.3602],[-153.7732,57.3724],[-153.8115,57.4124],[-153.8729,57.4457],[-153.8742,57.4478],[-153.8889,57.5047],[-153.8759,57.5428],[-153.8691,57.5518],[-153.8481,57.5606],[-153.8248,57.5776],[-153.8131,57.5886],[-153.8238,57.5977],[-153.8468,57.6126],[-153.8525,57.6135],[-153.8778,57.6295],[-153.8799,57.6341],[-153.8743,57.6461],[-153.8683,57.6497],[-153.8585,57.6511],[-153.7492,57.6462],[-153.7053,57.6409],[-153.6673,57.639],[-153.663,57.6399],[-153.6487,57.6541],[-153.658,57.6615],[-153.6767,57.6697],[-153.798,57.6965],[-153.8629,57.7069],[-153.8881,57.7054],[-153.9183,57.6957],[-153.9303,57.6968],[-153.933,57.7038],[-153.9352,57.813],[-153.8234,57.865],[-153.7551,57.8836],[-153.7212,57.8906],[-153.6488,57.8801],[-153.5714,57.8321],[-153.5508,57.7869],[-153.5511,57.7631],[-153.5533,57.7595],[-153.5576,57.7347],[-153.5542,57.7225],[-153.5496,57.718],[-153.5152,57.7165],[-153.4934,57.7283],[-153.4699,57.7665],[-153.4625,57.7953],[-153.4804,57.8147],[-153.4873,57.8343],[-153.4795,57.842],[-153.4516,57.8393],[-153.4067,57.8287],[-153.3536,57.8097],[-153.3434,57.8109],[-153.3249,57.831],[-153.3227,57.8362],[-153.3249,57.8484],[-153.3281,57.8499],[-153.3958,57.8588],[-153.4464,57.875],[-153.462,57.8806],[-153.512,57.9092],[-153.5287,57.9217],[-153.5365,57.9308],[-153.5332,57.9411],[-153.5204,57.9634],[-153.5133,57.9688],[-153.4846,57.9765],[-153.4694,57.9773],[-153.4611,57.9728],[-153.4526,57.9635],[-153.2737,57.8904],[-153.2681,57.8887],[-153.237,57.8918],[-153.1273,57.8567],[-153.1225,57.8566],[-153.0934,57.8616],[-153.0894,57.8652],[-153.1986,57.9299],[-153.2332,57.941],[-153.2703,57.9586],[-153.299,57.9856],[-153.3022,57.9917],[-153.2978,57.9964],[-153.2765,57.9984],[-153.2347,57.997],[-153.2216,57.9893],[-153.2173,57.9837],[-153.1295,57.9466],[-153.0699,57.9344],[-153.0527,57.9367],[-153.0509,57.94],[-153.0244,57.957],[-152.8762,57.9324],[-152.8717,57.9333],[-152.8563,57.9474],[-152.8528,57.9746],[-152.8551,57.9945],[-152.8409,57.9968],[-152.7234,57.9917],[-152.7225,57.9874],[-152.7398,57.9448],[-152.752,57.9335],[-152.8048,57.8992],[-152.8233,57.8909],[-152.8925,57.8425],[-152.9026,57.8301],[-152.9098,57.8104],[-152.9163,57.7712],[-152.9043,57.7508],[-152.8929,57.742],[-152.882,57.7383],[-152.8745,57.738],[-152.8503,57.74],[-152.8478,57.7466],[-152.8523,57.7523],[-152.8547,57.7703],[-152.85,57.8215],[-152.8414,57.8302],[-152.8225,57.8432],[-152.7902,57.8581],[-152.7582,57.8403],[-152.7534,57.8345],[-152.7253,57.8354],[-152.6505,57.8637],[-152.6256,57.8812],[-152.6264,57.8905],[-152.6399,57.8997],[-152.6418,57.9025],[-152.6394,57.9142],[-152.6354,57.9186],[-152.5877,57.927],[-152.586,57.9081],[-152.5674,57.9004],[-152.5497,57.9001],[-152.5263,57.9133],[-152.4877,57.942],[-152.4703,57.9621],[-152.4326,57.976],[-152.4214,57.9757],[-152.4152,57.9731],[-152.4116,57.9693],[-152.4226,57.9487],[-152.4376,57.9398],[-152.4374,57.937],[-152.4265,57.9309],[-152.3886,57.9245],[-152.3622,57.9262],[-152.3241,57.9166],[-152.3332,57.9025],[-152.3648,57.8839],[-152.3771,57.8867],[-152.3861,57.8907],[-152.3947,57.8946],[-152.4037,57.9011],[-152.415,57.9022],[-152.4482,57.9026],[-152.4685,57.8886],[-152.4337,57.8243],[-152.4293,57.8201],[-152.4174,57.8155]]],[[[-152.2429,58.2412],[-152.2806,58.2423],[-152.3114,58.2211],[-152.2651,58.1357],[-152.2736,58.1256],[-152.3435,58.1192],[-152.4019,58.1208],[-152.4254,58.1276],[-152.4827,58.1298],[-152.5148,58.1143],[-152.529,58.0938],[-152.5304,58.0878],[-152.5415,58.0837],[-152.5545,58.0846],[-152.5572,58.0865],[-152.5696,58.1148],[-152.5575,58.1607],[-152.5599,58.1709],[-152.5628,58.178],[-152.5842,58.1875],[-152.5975,58.1797],[-152.6151,58.1162],[-152.6312,58.0819],[-152.6568,58.061],[-152.7068,58.0506],[-152.7713,58.0469],[-152.7779,58.0504],[-152.7795,58.0653],[-152.792,58.0727],[-152.8091,58.0789],[-152.8824,58.0961],[-152.9587,58.1164],[-152.9731,58.1254],[-152.9839,58.1344],[-152.9973,58.1343],[-153.0757,58.0996],[-153.0765,58.0961],[-153.0572,58.0736],[-153.0361,58.0556],[-153.0206,58.0452],[-152.9647,58.0346],[-152.8768,58.0023],[-152.8718,57.9993],[-152.8714,57.9972],[-152.9475,57.9835],[-152.9824,57.9847],[-153.0975,58.0045],[-153.2025,58.0301],[-153.2099,58.0349],[-153.2146,58.0424],[-153.2181,58.0439],[-153.2897,58.0503],[-153.3448,58.0406],[-153.3656,58.0391],[-153.4198,58.0596],[-153.4183,58.0641],[-153.4129,58.0698],[-153.3161,58.1404],[-153.2819,58.1476],[-153.2742,58.1481],[-153.2626,58.1451],[-153.2276,58.1234],[-153.1991,58.102],[-153.1686,58.0884],[-153.1564,58.0901],[-153.1487,58.1061],[-153.1676,58.1278],[-153.2097,58.1504],[-153.2237,58.1621],[-153.2028,58.2081],[-153.1701,58.2167],[-153.0739,58.1951],[-153.0608,58.1945],[-153.0367,58.1992],[-153.0006,58.2118],[-152.9981,58.2141],[-153.007,58.2218],[-153.0617,58.2356],[-153.0825,58.2445],[-153.1018,58.2579],[-153.1024,58.2603],[-153.0993,58.2641],[-153.0443,58.3063],[-153.0044,58.3001],[-152.9932,58.2963],[-152.9824,58.2875],[-152.9413,58.2796],[-152.8882,58.2831],[-152.8789,58.2885],[-152.8698,58.3049],[-152.884,58.3071],[-152.9125,58.3072],[-152.9211,58.3133],[-152.9368,58.3305],[-152.9364,58.3349],[-152.9256,58.3397],[-152.8954,58.3453],[-152.8706,58.3357],[-152.822,58.3285],[-152.8048,58.3395],[-152.774,58.3668],[-152.7874,58.369],[-152.8392,58.3725],[-152.8831,58.4004],[-152.8889,58.4094],[-152.8864,58.4106],[-152.8649,58.4043],[-152.8442,58.4028],[-152.8122,58.4035],[-152.7878,58.4113],[-152.7745,58.4197],[-152.7711,58.4295],[-152.7338,58.4607],[-152.7232,58.4621],[-152.6899,58.4599],[-152.611,58.4758],[-152.6017,58.4904],[-152.6005,58.4949],[-152.609,58.4962],[-152.6192,58.4937],[-152.6228,58.4942],[-152.6537,58.5066],[-152.6662,58.5441],[-152.666,58.5645],[-152.6386,58.5874],[-152.6161,58.6019],[-152.5677,58.6213],[-152.5602,58.6197],[-152.5504,58.611],[-152.5496,58.601],[-152.545,58.5943],[-152.5028,58.5935],[-152.4538,58.6185],[-152.3547,58.6383],[-152.338,58.6374],[-152.3298,58.6321],[-152.3372,58.5891],[-152.3723,58.5312],[-152.3876,58.5229],[-152.4183,58.5152],[-152.4672,58.4766],[-152.4986,58.4495],[-152.5055,58.4419],[-152.5125,58.4273],[-152.494,58.3547],[-152.4768,58.351],[-152.3873,58.3595],[-152.3647,58.3646],[-152.3449,58.3916],[-152.3484,58.4015],[-152.3551,58.4131],[-152.3587,58.4156],[-152.3561,58.4235],[-152.3281,58.4344],[-152.3206,58.4338],[-152.3017,58.4287],[-152.2795,58.4159],[-152.2278,58.3764],[-152.2347,58.362],[-152.225,58.3574],[-152.201,58.3553],[-152.1293,58.3964],[-152.1253,58.3964],[-152.0904,58.3726],[-152.0892,58.3676],[-152.1195,58.3298],[-152.1383,58.2957],[-152.1471,58.267],[-152.1465,58.2491],[-152.1166,58.2485],[-152.108,58.2605],[-152.1076,58.2802],[-152.0823,58.3099],[-151.9862,58.3504],[-151.9818,58.348],[-151.9662,58.3327],[-151.9638,58.329],[-151.9641,58.269],[-151.9721,58.2307],[-151.9861,58.2138],[-152.0811,58.1543],[-152.1122,58.1486],[-152.1948,58.1741],[-152.2232,58.1948],[-152.2244,58.2024],[-152.2198,58.2063],[-152.2075,58.2063],[-152.2037,58.2121],[-152.2338,58.2433],[-152.2429,58.2412]]]]}},{"type":"Feature","id":"02164","properties":{"name":"Lake and Peninsula","fips":"02164"},"geometry":{"type":"MultiPolygon","coordinates":[[[[-157.0261,56.5598],[-156.991,56.5479],[-156.9755,56.5404],[-156.9729,56.5365],[-156.9861,56.5327],[-157.0034,56.5356],[-157.0065,56.5389],[-157.0177,56.5431],[-157.0534,56.5504],[-157.1132,56.5527],[-157.1214,56.552],[-157.1422,56.5424],[-157.1503,56.5336],[-157.1688,56.5302],[-157.3261,56.5252],[-157.3289,56.5282],[-157.3261,56.5404],[-157.2986,56.5601],[-157.2887,56.566],[-157.2501,56.5821],[-157.1466,56.5837],[-157.0911,56.5811],[-157.0774,56.579],[-157.0261,56.5598]]],[[[-154.3059,58.6468],[-154.3034,58.4604],[-154.4323,58.419],[-154.4657,58.3614],[-154.5701,58.3331],[-154.7298,58.3328],[-154.7304,58.3047],[-155.0081,58.2909],[-155.0577,58.2362],[-155.2215,58.2364],[-155.2213,58.1932],[-155.3319,58.1933],[-155.332,58.108],[-155.2802,58.1086],[-155.3317,58.0482],[-155.3302,57.8763],[-155.446,57.8715],[-155.4463,57.8271],[-155.5388,57.7998],[-155.6938,57.798],[-155.768,57.6683],[-155.8985,57.6681],[-155.872,57.6],[-155.9215,57.5543],[-155.9528,57.5982],[-156.0711,57.5844],[-156.132,57.5097],[-156.3702,57.5224],[-156.4581,57.4789],[-156.5088,57.4348],[-156.5022,57.3626],[-156.6174,57.3349],[-156.6728,57.2349],[-156.7508,57.2358],[-156.7508,57.1629],[-156.3554,57.1597],[-156.3574,57.1576],[-156.3685,57.15],[-156.4351,57.1274],[-156.4565,57.106],[-156.4446,57.1001],[-156.4416,57.0947],[-156.4416,57.0852],[-156.5092,57.0549],[-156.5356,57.0479],[-156.5628,57.0203],[-156.5477,57.0046],[-156.5472,56.9865],[-156.5505,56.9846],[-156.5551,56.9836],[-156.6378,56.9939],[-156.7536,56.9912],[-156.7627,56.9863],[-156.7814,56.9719],[-156.7869,56.965],[-156.7883,56.9607],[-156.7868,56.9414],[-156.7973,56.9117],[-156.8044,56.9059],[-156.826,56.8977],[-156.8393,56.9019],[-156.8763,56.9428],[-156.8854,56.9533],[-156.8857,56.958],[-156.8825,56.9601],[-156.8829,56.9626],[-156.8863,56.9649],[-156.8937,56.966],[-156.9097,56.9656],[-156.9188,56.9636],[-156.9357,56.9549],[-156.9356,56.9201],[-156.9862,56.9111],[-157.006,56.9042],[-157.0157,56.8985],[-157.0346,56.8845],[-157.0735,56.8383],[-157.1595,56.8335],[-157.1638,56.8261],[-157.1633,56.8235],[-157.141,56.8023],[-157.1403,56.7909],[-157.1614,56.7741],[-157.1836,56.7691],[-157.2017,56.7675],[-157.2838,56.8008],[-157.2905,56.8047],[-157.2912,56.8111],[-157.2983,56.8186],[-157.3327,56.8384],[-157.3788,56.8617],[-157.3947,56.8644],[-157.4057,56.8642],[-157.4369,56.8585],[-157.4576,56.8482],[-157.4724,56.8334],[-157.4699,56.8249],[-157.4624,56.8096],[-157.4576,56.8043],[-157.4478,56.8012],[-157.4364,56.8038],[-157.4211,56.8017],[-157.4186,56.7998],[-157.4115,56.7784],[-157.4134,56.7692],[-157.5175,56.7608],[-157.5308,56.7538],[-157.5449,56.7389],[-157.5512,56.7303],[-157.5638,56.7034],[-157.5508,56.681],[-157.5423,56.6753],[-157.5076,56.6672],[-157.4987,56.6673],[-157.481,56.6714],[-157.4792,56.6701],[-157.4522,56.6432],[-157.4522,56.6389],[-157.4549,56.6347],[-157.4621,56.6257],[-157.4665,56.6233],[-157.4965,56.6169],[-157.5365,56.6153],[-157.5461,56.619],[-157.5893,56.6223],[-157.6052,56.6213],[-157.615,56.62],[-157.636,56.6128],[-157.6746,56.6095],[-157.7054,56.6288],[-157.7143,56.6406],[-157.716,56.6485],[-157.719,56.6531],[-157.7368,56.6756],[-157.7541,56.6795],[-157.7637,56.6792],[-157.92,56.6586],[-157.934,56.6546],[-158.042,56.5967],[-158.0428,56.5819],[-158.0394,56.5749],[-158.001,56.5721],[-157.9752,56.5857],[-157.9587,56.5883],[-157.9066,56.5909],[-157.8384,56.5608],[-157.8281,56.5463],[-157.8178,56.5142],[-157.8231,56.502],[-157.8598,56.4837],[-157.8656,56.4833],[-157.8861,56.4878],[-157.9546,56.5158],[-158.0276,56.5118],[-158.1123,56.5213],[-158.1196,56.5183],[-158.1317,56.5019],[-158.1234,56.4965],[-158.1137,56.493],[-158.1116,56.4901],[-158.1187,56.4666],[-158.1274,56.4608],[-158.2461,56.4661],[-158.2847,56.4811],[-158.3288,56.4842],[-158.403,56.4552],[-158.4988,56.3801],[-158.5017,56.3759],[-158.502,56.3652],[-158.4895,56.3419],[-158.4328,56.3435],[-158.3973,56.3289],[-158.3381,56.3239],[-158.3297,56.326],[-158.3226,56.3252],[-158.2074,56.2944],[-158.2031,56.2838],[-158.2165,56.2695],[-158.2533,56.2531],[-158.2768,56.2487],[-158.3345,56.2329],[-158.3398,56.2178],[-158.331,56.2136],[-158.2648,56.2096],[-158.191,56.2264],[-158.1749,56.2362],[-158.1195,56.242],[-158.1153,56.2421],[-158.1127,56.2403],[-158.1178,56.2307],[-158.237,56.1874],[-158.3141,56.1637],[-158.3743,56.1345],[-158.396,56.1098],[-158.3944,56.0919],[-158.3949,56.0647],[-158.3983,56.063],[-158.4245,56.0689],[-158.4386,56.0937],[-158.4383,56.0957],[-158.4311,56.1003],[-158.4322,56.1029],[-158.4399,56.1078],[-158.4553,56.1087],[-158.4618,56.1066],[-158.4753,56.0934],[-158.4727,56.0876],[-158.4484,56.0553],[-158.4179,56.0368],[-158.4077,56.0145],[-158.4136,56.005],[-158.4315,55.9945],[-158.4393,55.9936],[-158.4457,55.9976],[-158.4673,56.0272],[-158.4755,56.0284],[-158.502,56.0252],[-158.5049,56.0155],[-158.4964,56.0106],[-158.494,56.0073],[-158.4951,55.9892],[-158.4991,55.9817],[-158.5098,55.9796],[-158.5956,56.0453],[-158.5984,56.0488],[-158.5942,56.1104],[-158.5844,56.1157],[-158.5747,56.1186],[-158.575,56.1211],[-158.6004,56.1304],[-158.6283,56.1209],[-158.6404,56.1141],[-158.6597,56.0986],[-158.6668,56.0784],[-158.6609,56.0349],[-158.6517,56.0314],[-158.6432,56.0234],[-158.6387,56.0159],[-158.6367,56.005],[-158.6395,55.9861],[-158.6532,55.9586],[-158.6732,55.9515],[-158.737,55.9533],[-158.7486,55.9594],[-158.7512,55.9638],[-158.7353,55.9962],[-158.7296,56.0029],[-158.7473,56.0099],[-158.8541,56.0033],[-158.8981,55.951],[-158.9094,55.9349],[-158.9996,55.927],[-159.1387,55.9093],[-159.2715,55.8907],[-159.3477,55.8778],[-159.3748,55.8715],[-159.3964,55.8568],[-159.4001,55.8524],[-159.4061,55.832],[-159.4094,55.8104],[-159.4043,55.797],[-159.4115,55.7889],[-159.4235,55.789],[-159.4348,55.7929],[-159.4702,55.8289],[-159.4728,55.8391],[-159.472,55.8435],[-159.4653,55.8528],[-159.4539,55.8968],[-159.4822,55.9018],[-159.4939,55.9001],[-159.5283,55.8885],[-159.5344,55.8813],[-159.498,55.8553],[-159.4944,55.7658],[-159.5038,55.7479],[-159.5216,55.736],[-159.5372,55.7285],[-159.5514,55.7115],[-159.552,55.7048],[-159.536,55.6898],[-159.5301,55.6654],[-159.5451,55.6465],[-159.5644,55.633],[-159.5647,55.8885],[-159.8681,55.8885],[-159.8679,55.9826],[-159.8053,55.9826],[-159.8097,56.3217],[-159.9037,56.3226],[-159.8994,56.492],[-159.5934,56.4945],[-159.5927,56.5809],[-159.2755,56.5809],[-159.2755,56.6718],[-159.0286,56.6694],[-159.0286,56.7541],[-158.891,56.7542],[-158.8932,56.8058],[-158.8688,56.7966],[-158.8533,56.7926],[-158.7836,56.7807],[-158.6603,56.789],[-158.6423,56.8128],[-158.6428,56.8366],[-158.6468,56.847],[-158.6637,56.8571],[-158.6998,56.9274],[-158.6793,56.9886],[-158.6599,57.0346],[-158.6374,57.0614],[-158.5184,57.1606],[-158.4537,57.2118],[-158.3762,57.2655],[-158.3551,57.2749],[-158.2299,57.3215],[-158.1497,57.3449],[-158.067,57.3829],[-158.06,57.3875],[-158.0499,57.3901],[-158.0342,57.3902],[-158.0105,57.4015],[-157.9947,57.4142],[-157.9562,57.4494],[-157.9372,57.472],[-157.9316,57.4762],[-157.786,57.5422],[-157.7725,57.5471],[-157.7039,57.5635],[-157.6789,57.5639],[-157.6848,57.5577],[-157.6804,57.5377],[-157.6494,57.5003],[-157.6151,57.4887],[-157.5869,57.4872],[-157.5731,57.5145],[-157.5735,57.5227],[-157.5883,57.5822],[-157.5996,57.608],[-157.6074,57.6125],[-157.6522,57.6148],[-157.6843,57.61],[-157.6913,57.6111],[-157.7106,57.6399],[-157.7038,57.7218],[-157.6711,57.7729],[-157.6422,57.8688],[-157.6239,57.9605],[-157.6118,58.0343],[-157.5966,58.0887],[-157.5836,58.1243],[-157.5809,58.1281],[-157.5566,58.1484],[-157.5333,58.1603],[-157.5145,58.163],[-157.4938,58.1621],[-157.3973,58.1734],[-157.3831,58.1846],[-157.3523,58.2191],[-157.3669,58.2327],[-157.3745,58.2321],[-157.3892,58.2281],[-157.4079,58.2119],[-157.4233,58.2114],[-157.4427,58.2189],[-157.5155,58.2556],[-157.5416,58.2719],[-157.5472,58.2775],[-157.5563,58.3037],[-157.5569,58.3307],[-157.5362,58.3916],[-157.5245,58.4145],[-157.4881,58.4717],[-157.4815,58.4808],[-157.4609,58.4997],[-157.4519,58.5056],[-157.3972,58.5273],[-157.3803,58.5244],[-157.3585,58.5339],[-157.3307,58.5515],[-157.3136,58.565],[-157.2813,58.6002],[-157.2674,58.6098],[-156.3177,58.6096],[-156.3181,58.8949],[-156.9858,58.8887],[-156.9809,58.891],[-156.9666,58.9041],[-156.9759,58.9409],[-157.0295,58.9562],[-157.0392,58.9459],[-157.0406,58.9134],[-157.0706,58.8878],[-157.0706,58.8878],[-157.1169,58.8675],[-157.158,58.8602],[-157.2442,59.2462],[-157.0742,59.2444],[-157.0733,59.3315],[-156.7294,59.3288],[-156.7312,59.4162],[-156.635,59.4151],[-156.6345,59.504],[-156.4649,59.503],[-156.4648,59.5894],[-156.1233,59.5882],[-156.1221,59.6752],[-155.9558,59.6773],[-155.9536,60.1062],[-155.9611,60.9076],[-154.4221,60.907],[-153.4362,60.9085],[-153.395,60.8233],[-153.3943,60.4723],[-153.5285,60.4706],[-153.5311,60.1225],[-153.6566,60.1214],[-153.6549,59.7849],[-153.7829,59.785],[-153.7836,59.6966],[-153.9559,59.6961],[-153.9545,59.5201],[-154.1244,59.5196],[-154.1213,59.4313],[-154.4146,59.4287],[-154.4093,59.2546],[-154.7477,59.2531],[-154.7454,59.077],[-154.6921,59.076],[-154.6927,58.7346],[-154.6394,58.7347],[-154.6373,58.6468],[-154.3059,58.6468]]]]}},{"type":"Feature","id":"02170","properties":{"name":"Matanuska-Susitna","fips":"02170"},"geometry":{"type":"Polygon","coordinates":[[[-150.9718,61.192],[-150.9727,61.2535],[-151.333,61.2546],[-151.3342,61.4246],[-153.0022,61.4257],[-153.0013,62.1063],[-153.0013,62.2953],[-153.0013,62.7274],[-151.8931,62.723],[-151.889,62.7953],[-151.3879,62.9103],[-149.507,63.3322],[-148.0359,63.3308],[-148.0327,63.4698],[-146.9755,63.4797],[-146.4895,63.4829],[-146.4841,63.1733],[-146.4286,62.8633],[-146.4263,62.2472],[-146.9817,62.2487],[-146.9616,62.1602],[-146.9418,61.8119],[-146.9451,61.4743],[-147.2057,61.4751],[-147.206,61.4253],[-148.46,61.427],[-149.1874,61.4253],[-149.2376,61.4831],[-149.3594,61.4839],[-149.7924,61.3889],[-149.8979,61.267],[-149.9866,61.2283],[-149.9859,61.2375],[-150.0748,61.2535],[-150.1326,61.2579],[-150.2049,61.2595],[-150.2543,61.2545],[-150.2661,61.2512],[-150.2736,61.2516],[-150.287,61.2574],[-150.3037,61.2575],[-150.3036,61.2559],[-150.3122,61.254],[-150.3346,61.2513],[-150.3944,61.2491],[-150.425,61.2456],[-150.4688,61.2446],[-150.4844,61.2473],[-150.4957,61.2512],[-150.5617,61.2815],[-150.5902,61.2815],[-150.5918,61.2795],[-150.607,61.2777],[-150.6285,61.2844],[-150.6462,61.2967],[-150.6558,61.2982],[-150.6626,61.2954],[-150.6712,61.2737],[-150.6799,61.2659],[-150.6905,61.2593],[-150.7113,61.2511],[-150.8273,61.2284],[-150.8424,61.2242],[-150.8488,61.2206],[-150.8959,61.2089],[-150.9268,61.2064],[-150.9393,61.2103],[-150.9419,61.2099],[-150.9462,61.2086],[-150.9472,61.2063],[-150.9474,61.2031],[-150.9512,61.1988],[-150.9601,61.194],[-150.9718,61.192]]]}},{"type":"Feature","id":"02180","properties":{"name":"Nome","fips":"02180"},"geometry":{"type":"MultiPolygon","coordinates":[[[[-169.2676,63.344],[-169.102,63.338],[-169.0879,63.3409],[-169.052,63.3431],[-168.9992,63.3412],[-168.9374,63.3338],[-168.9363,63.3306],[-168.9326,63.3291],[-168.7961,63.3088],[-168.6929,63.3023],[-168.6851,63.2964],[-168.6867,63.293],[-168.7169,63.2563],[-168.7515,63.218],[-168.7832,63.1841],[-168.7893,63.1796],[-168.8183,63.1632],[-168.8587,63.147],[-168.8715,63.146],[-168.8897,63.1477],[-168.9501,63.1609],[-168.9636,63.1671],[-168.983,63.1697],[-169.0427,63.1765],[-169.1058,63.1788],[-169.1984,63.176],[-169.262,63.1699],[-169.3035,63.1644],[-169.3757,63.1513],[-169.3963,63.1366],[-169.4367,63.1136],[-169.4719,63.0986],[-169.5137,63.0847],[-169.535,63.0744],[-169.5611,63.0552],[-169.5759,63.0365],[-169.577,63.027],[-169.5728,63.0221],[-169.568,62.9769],[-169.6383,62.9375],[-169.7467,62.956],[-169.7572,62.9601],[-169.7575,62.9637],[-169.7349,62.9745],[-169.7349,62.9766],[-169.7885,63.043],[-169.8299,63.0785],[-169.8385,63.0843],[-169.8812,63.1058],[-169.9441,63.1324],[-169.9879,63.143],[-170.0062,63.1445],[-170.0212,63.1495],[-170.0496,63.1634],[-170.0511,63.1675],[-170.0534,63.1689],[-170.1013,63.1793],[-170.1244,63.1837],[-170.1541,63.1864],[-170.1744,63.1855],[-170.1865,63.1816],[-170.182,63.1788],[-170.1937,63.1774],[-170.263,63.1791],[-170.2814,63.1868],[-170.2856,63.1946],[-170.2799,63.1971],[-170.2779,63.2002],[-170.2777,63.2088],[-170.3036,63.2387],[-170.3373,63.2663],[-170.3648,63.2856],[-170.4307,63.3143],[-170.5121,63.3419],[-170.559,63.355],[-170.7126,63.386],[-170.8654,63.4142],[-170.9235,63.4209],[-170.9675,63.4237],[-171.0677,63.4246],[-171.1009,63.4234],[-171.2692,63.3854],[-171.2802,63.3815],[-171.2872,63.3766],[-171.2883,63.3748],[-171.2854,63.3665],[-171.2903,63.3554],[-171.3331,63.3354],[-171.4333,63.3076],[-171.4645,63.3069],[-171.5623,63.3346],[-171.6671,63.3562],[-171.7393,63.3661],[-171.7953,63.4079],[-171.8183,63.4295],[-171.8249,63.4371],[-171.85,63.485],[-171.8404,63.5477],[-171.8337,63.5801],[-171.7919,63.6206],[-171.7571,63.6403],[-171.744,63.6549],[-171.7423,63.6655],[-171.7556,63.7012],[-171.7543,63.719],[-171.7399,63.7171],[-171.7332,63.7203],[-171.728,63.7268],[-171.7257,63.7347],[-171.728,63.7449],[-171.7374,63.7604],[-171.7434,63.783],[-171.7382,63.7847],[-171.6996,63.7817],[-171.6927,63.7826],[-171.6825,63.7876],[-171.6733,63.7881],[-171.6673,63.7856],[-171.6599,63.7758],[-171.644,63.7708],[-171.639,63.7592],[-171.6382,63.7495],[-171.6415,63.7456],[-171.6529,63.7392],[-171.6527,63.7366],[-171.6489,63.7349],[-171.6467,63.7294],[-171.6526,63.7085],[-171.6499,63.7025],[-171.64,63.6934],[-171.6322,63.6886],[-171.6094,63.6798],[-171.5219,63.6588],[-171.3817,63.6306],[-171.2026,63.6069],[-171.1036,63.5893],[-171.0445,63.5804],[-170.9508,63.5701],[-170.9072,63.5721],[-170.8976,63.5747],[-170.859,63.5875],[-170.8166,63.6063],[-170.6982,63.6468],[-170.6063,63.6727],[-170.4882,63.6967],[-170.4722,63.6987],[-170.4629,63.698],[-170.4411,63.692],[-170.3739,63.6873],[-170.3594,63.6873],[-170.3545,63.6919],[-170.3449,63.6942],[-170.3158,63.6919],[-170.282,63.685],[-170.2675,63.6758],[-170.2578,63.6666],[-170.1764,63.6255],[-170.1548,63.6191],[-170.14,63.6167],[-170.1131,63.6162],[-170.0958,63.6127],[-170.0767,63.588],[-170.0409,63.5234],[-170.0471,63.4901],[-170.027,63.4807],[-170.0079,63.4754],[-169.9749,63.4706],[-169.9063,63.4575],[-169.8571,63.442],[-169.7476,63.4328],[-169.6565,63.4299],[-169.6432,63.4278],[-169.5799,63.4029],[-169.5666,63.3887],[-169.5654,63.3856],[-169.5544,63.3772],[-169.5469,63.3728],[-169.5205,63.3659],[-169.4153,63.3559],[-169.3841,63.3567],[-169.313,63.3533],[-169.2814,63.3484],[-169.2676,63.344]]],[[[-162.6146,63.6218],[-162.5875,63.6251],[-162.5582,63.6343],[-162.5414,63.6357],[-162.5123,63.6298],[-162.4982,63.6221],[-162.4519,63.6213],[-162.4402,63.6225],[-162.4303,63.6257],[-162.4254,63.63],[-162.4253,63.6317],[-162.4277,63.6331],[-162.4242,63.6362],[-162.4012,63.6344],[-162.3742,63.6264],[-162.3419,63.5941],[-162.3452,63.5518],[-162.378,63.5438],[-162.4168,63.5474],[-162.47,63.5475],[-162.5527,63.541],[-162.562,63.5371],[-162.6149,63.5406],[-162.6766,63.5556],[-162.681,63.5569],[-162.7076,63.5776],[-162.6826,63.5841],[-162.6445,63.6026],[-162.6146,63.6218]]],[[[-168.2101,64.999],[-168.2079,65.0033],[-168.1691,65.0241],[-168.1562,65.0292],[-168.1291,65.0346],[-168.0761,65.0433],[-168.0049,65.0389],[-167.9723,65.0305],[-167.9531,65.0235],[-167.9243,65.0027],[-167.9164,64.9886],[-167.9138,64.9699],[-167.9191,64.9608],[-167.9531,64.933],[-167.9761,64.9229],[-168.037,64.9093],[-168.0909,64.9111],[-168.137,64.9184],[-168.187,64.9349],[-168.2101,64.9514],[-168.214,64.9678],[-168.214,64.9843],[-168.2101,64.999]]],[[[-168.9528,65.7589],[-168.9473,65.7638],[-168.9372,65.7671],[-168.9155,65.7705],[-168.9022,65.7697],[-168.8932,65.7447],[-168.8988,65.7397],[-168.9034,65.7385],[-168.9312,65.7389],[-168.9408,65.7427],[-168.9514,65.7493],[-168.9545,65.7571],[-168.9528,65.7589]]],[[[-166.0319,66.2646],[-166.0313,66.2646],[-166.0199,66.2528],[-166.0664,66.2465],[-166.097,66.2378],[-166.1217,66.2148],[-166.1384,66.2101],[-166.153,66.2123],[-166.1709,66.2184],[-166.1721,66.2199],[-166.1785,66.228],[-166.1776,66.2347],[-166.1654,66.2391],[-166.1524,66.2464],[-166.1297,66.2528],[-166.1018,66.2587],[-166.0661,66.2637],[-166.0532,66.2649],[-166.0319,66.2646]]],[[[-160.8511,63.0127],[-161.9909,63.0127],[-161.99,63.096],[-162.1775,63.0965],[-162.1847,63.1864],[-162.3741,63.1864],[-162.3777,63.2729],[-162.5878,63.2757],[-162.5717,63.2856],[-162.4371,63.3778],[-162.4322,63.3826],[-162.4261,63.3937],[-162.4287,63.4011],[-162.4215,63.409],[-162.3846,63.4358],[-162.3523,63.4541],[-162.3019,63.4734],[-162.2711,63.4877],[-162.2682,63.4908],[-162.2678,63.4951],[-162.2885,63.5264],[-162.3015,63.5374],[-162.2967,63.5401],[-162.2524,63.5418],[-162.1901,63.5299],[-162.1516,63.518],[-162.1232,63.5128],[-162.1086,63.5119],[-162.0732,63.5138],[-162.0417,63.4896],[-162.0457,63.4754],[-162.0501,63.4729],[-162.0505,63.4706],[-162.0394,63.4589],[-162.0256,63.4475],[-161.9307,63.4448],[-161.8399,63.4473],[-161.7658,63.4538],[-161.7056,63.4641],[-161.6765,63.465],[-161.5916,63.4542],[-161.5838,63.4479],[-161.5531,63.4492],[-161.4505,63.4572],[-161.3102,63.4713],[-161.1912,63.4901],[-161.1368,63.5045],[-161.1342,63.5067],[-161.12,63.5325],[-161.1027,63.5478],[-161.036,63.5796],[-160.9249,63.6448],[-160.9044,63.658],[-160.8091,63.7313],[-160.7833,63.7529],[-160.7656,63.7736],[-160.762,63.7935],[-160.7663,63.8352],[-160.7876,63.8692],[-160.8108,63.9046],[-160.852,63.9544],[-160.8777,63.9773],[-160.8925,63.9859],[-160.9337,64.0497],[-160.9516,64.0901],[-160.9551,64.138],[-160.9564,64.1917],[-160.9536,64.1978],[-160.9469,64.2042],[-160.976,64.2358],[-161.2289,64.3707],[-161.2635,64.3982],[-161.3137,64.4009],[-161.4104,64.4221],[-161.463,64.4201],[-161.4702,64.4188],[-161.4929,64.4079],[-161.5049,64.4231],[-161.4791,64.4864],[-161.469,64.5066],[-161.3886,64.5328],[-161.3736,64.535],[-161.3629,64.5269],[-161.3511,64.5214],[-161.3213,64.5139],[-161.2341,64.5004],[-161.198,64.4966],[-161.1555,64.4947],[-161.078,64.4941],[-161.0242,64.4997],[-161.0151,64.5021],[-161.0132,64.5075],[-161.0171,64.5171],[-161.0375,64.5222],[-161.0459,64.5249],[-161.0531,64.5285],[-161.0555,64.5324],[-161.0523,64.5374],[-161.0491,64.541],[-160.9929,64.5413],[-160.9706,64.5439],[-160.9405,64.55],[-160.802,64.6104],[-160.7934,64.6193],[-160.7916,64.6231],[-160.7836,64.6806],[-160.7834,64.7172],[-160.8696,64.7838],[-160.936,64.8224],[-160.9864,64.834],[-161.0797,64.8695],[-161.1028,64.8807],[-161.1331,64.8982],[-161.1497,64.912],[-161.1494,64.9166],[-161.1457,64.9205],[-161.176,64.9272],[-161.1921,64.9214],[-161.1952,64.9182],[-161.2009,64.9058],[-161.201,64.8987],[-161.1986,64.8944],[-161.2138,64.8833],[-161.2643,64.862],[-161.293,64.8532],[-161.3278,64.8298],[-161.3579,64.8059],[-161.3668,64.7938],[-161.3644,64.7821],[-161.3675,64.7789],[-161.377,64.773],[-161.4135,64.7627],[-161.4299,64.759],[-161.5182,64.7532],[-161.5955,64.7645],[-161.6303,64.7713],[-161.6455,64.7765],[-161.6673,64.789],[-161.8784,64.7095],[-161.9024,64.7039],[-161.9393,64.6991],[-162.0965,64.691],[-162.1388,64.6859],[-162.1685,64.6803],[-162.1881,64.6724],[-162.2166,64.6562],[-162.2197,64.6442],[-162.2345,64.6193],[-162.27,64.6087],[-162.2906,64.6055],[-162.3423,64.5922],[-162.54,64.5309],[-162.5549,64.5203],[-162.6142,64.4707],[-162.6155,64.4671],[-162.6022,64.4569],[-162.603,64.4487],[-162.6322,64.3857],[-162.6452,64.3798],[-162.6677,64.3754],[-162.7192,64.36],[-162.7684,64.3335],[-162.7902,64.3252],[-162.7956,64.3277],[-162.8054,64.336],[-162.81,64.3526],[-162.8072,64.3646],[-162.8004,64.3747],[-162.8023,64.3953],[-162.8066,64.4056],[-162.8365,64.4367],[-162.8586,64.4749],[-162.8576,64.4998],[-162.9408,64.5424],[-162.9692,64.5469],[-163.0307,64.5424],[-163.0426,64.54],[-163.0321,64.5256],[-163.0289,64.5119],[-163.0272,64.4779],[-163.0915,64.4377],[-163.1075,64.4092],[-163.1195,64.4038],[-163.1508,64.3972],[-163.1753,64.3993],[-163.2292,64.43],[-163.2491,64.4562],[-163.253,64.4695],[-163.3509,64.5059],[-163.4129,64.525],[-163.4515,64.5348],[-163.5978,64.5634],[-163.6519,64.5673],[-163.8297,64.575],[-163.8758,64.5729],[-163.8962,64.5645],[-163.9744,64.5514],[-163.9945,64.5517],[-164.0448,64.5592],[-164.072,64.5613],[-164.1471,64.5646],[-164.2601,64.5642],[-164.3073,64.5615],[-164.4219,64.5453],[-164.4913,64.5298],[-164.5483,64.5167],[-164.8077,64.4494],[-164.8357,64.4449],[-164.8744,64.4412],[-165.002,64.4339],[-165.0165,64.4344],[-165.2142,64.4697],[-165.4134,64.4979],[-165.5506,64.5122],[-165.7511,64.5364],[-165.8196,64.5402],[-165.9197,64.5487],[-166.1895,64.5758],[-166.2369,64.5836],[-166.3924,64.6382],[-166.4139,64.6512],[-166.4518,64.6918],[-166.4747,64.7193],[-166.4838,64.7334],[-166.4811,64.7862],[-166.479,64.797],[-166.4305,64.8077],[-166.417,64.8187],[-166.4102,64.828],[-166.4073,64.8343],[-166.4073,64.8523],[-166.4093,64.8598],[-166.4156,64.8719],[-166.4322,64.8832],[-166.5305,64.9371],[-166.5861,64.9557],[-166.6151,64.9643],[-166.6368,64.9681],[-166.6908,64.9854],[-166.7048,64.9971],[-166.7053,64.9998],[-166.6952,65.0052],[-166.6888,65.018],[-166.6924,65.0296],[-166.6965,65.0359],[-166.7328,65.0535],[-166.8209,65.0771],[-166.8604,65.0909],[-166.8855,65.1059],[-166.9119,65.126],[-166.9101,65.134],[-166.9067,65.1363],[-166.8977,65.139],[-166.8867,65.1388],[-166.8727,65.1369],[-166.8375,65.1281],[-166.8268,65.1198],[-166.8168,65.1171],[-166.7556,65.1106],[-166.6703,65.1097],[-166.6384,65.1136],[-166.6344,65.1259],[-166.6061,65.136],[-166.5215,65.1492],[-166.5096,65.1527],[-166.4799,65.1672],[-166.4642,65.1771],[-166.46,65.1833],[-166.46,65.1899],[-166.4653,65.1948],[-166.4748,65.2177],[-166.4753,65.2243],[-166.4517,65.2362],[-166.3863,65.2541],[-166.3472,65.2763],[-166.3606,65.2886],[-166.3777,65.298],[-166.4394,65.3191],[-166.486,65.3309],[-166.5186,65.3358],[-166.5511,65.3384],[-166.5727,65.3382],[-166.597,65.3362],[-166.626,65.3251],[-166.6552,65.3249],[-166.6797,65.3269],[-166.796,65.3372],[-166.8516,65.3485],[-166.8997,65.3606],[-167.0268,65.382],[-167.1019,65.3877],[-167.1705,65.3893],[-167.3985,65.4003],[-167.474,65.4127],[-167.5746,65.445],[-167.6204,65.4635],[-167.6214,65.4666],[-167.7109,65.4985],[-167.8418,65.5302],[-167.8512,65.5382],[-167.9096,65.5509],[-167.9671,65.5586],[-167.9972,65.5593],[-168.0476,65.5691],[-168.0752,65.5764],[-168.099,65.5922],[-168.0994,65.599],[-168.0961,65.6009],[-168.1,65.611],[-168.127,65.6266],[-168.1347,65.6408],[-168.1289,65.6557],[-168.1037,65.6856],[-167.9799,65.728],[-167.8572,65.7543],[-167.7357,65.7761],[-167.5396,65.8208],[-167.3149,65.885],[-167.2461,65.9114],[-167.1395,65.9481],[-166.9779,65.9962],[-166.9561,66.0077],[-166.8277,66.0513],[-166.5972,66.1189],[-166.5262,66.1418],[-166.331,66.1895],[-166.3083,66.1803],[-166.2821,66.1771],[-166.2457,66.1699],[-166.2232,66.171],[-166.1907,66.1674],[-166.1816,66.1646],[-166.1439,66.1593],[-166.1272,66.1552],[-166.1222,66.1526],[-166.1225,66.1494],[-166.139,66.147],[-166.1499,66.1413],[-166.1489,66.1377],[-166.1383,66.132],[-166.1016,66.1252],[-166.0874,66.1196],[-166.0852,66.1154],[-166.08,66.1126],[-166.0465,66.1078],[-166.0099,66.1107],[-165.9597,66.1094],[-165.9251,66.1111],[-165.893,66.1158],[-165.8767,66.1148],[-165.8451,66.108],[-165.7991,66.1008],[-165.7635,66.0989],[-165.7588,66.0929],[-165.7336,66.0962],[-165.6978,66.104],[-165.693,66.1033],[-165.6619,66.1179],[-165.6493,66.1196],[-165.6467,66.1182],[-165.6502,66.1147],[-165.6477,66.1135],[-165.6308,66.1176],[-165.6072,66.1194],[-165.5998,66.1177],[-165.5885,66.1197],[-165.5843,66.1295],[-165.5449,66.1429],[-165.5447,66.1519],[-165.5517,66.1616],[-165.5789,66.1633],[-165.5944,66.1681],[-165.6209,66.1806],[-165.6538,66.1925],[-165.6905,66.202],[-165.7605,66.2096],[-165.8135,66.2072],[-165.8483,66.2114],[-165.8533,66.2127],[-165.8671,66.2209],[-165.8745,66.228],[-165.8775,66.2403],[-165.8665,66.2471],[-165.8536,66.2632],[-165.8599,66.2742],[-165.8725,66.2843],[-165.8805,66.2952],[-165.8821,66.2998],[-165.8825,66.3116],[-165.8692,66.3161],[-165.805,66.3333],[-165.6686,66.362],[-165.4072,66.4204],[-165.1871,66.4652],[-165.124,66.4732],[-164.711,66.5425],[-164.4007,66.5811],[-164.3966,66.4763],[-164.3197,66.476],[-164.3178,66.1306],[-164.2444,66.1292],[-164.2467,65.7824],[-163.9709,65.7829],[-163.9711,65.6083],[-163.7589,65.6081],[-163.758,65.4362],[-162.0327,65.4384],[-159.8044,65.4359],[-159.801,65.5227],[-159.5936,65.5227],[-159.3867,65.5231],[-159.3848,65.2617],[-159.5786,65.2627],[-159.5769,64.9237],[-159.7772,64.9231],[-159.7738,64.7503],[-159.9781,64.7485],[-159.9564,64.051],[-159.7312,64.0524],[-159.6993,63.7923],[-159.9308,63.7938],[-159.9292,63.7035],[-160.1037,63.7023],[-160.0979,63.6144],[-160.4935,63.6137],[-160.495,63.5371],[-160.6921,63.5366],[-160.6713,63.2708],[-160.8473,63.2692],[-160.8511,63.0127]]]]}},{"type":"Feature","id":"02185","properties":{"name":"North Slope","fips":"02185"},"geometry":{"type":"Polygon","coordinates":[[[-165.36,68.0281],[-165.4304,68.0454],[-165.4935,68.0593],[-165.6617,68.076],[-165.7495,68.0777],[-165.7921,68.0809],[-165.8634,68.0934],[-165.9655,68.1219],[-165.9736,68.126],[-165.9879,68.1427],[-165.9944,68.1473],[-166.2453,68.2453],[-166.308,68.2649],[-166.3685,68.2818],[-166.4746,68.3053],[-166.5672,68.3233],[-166.6808,68.3409],[-166.7846,68.3404],[-166.8297,68.3363],[-166.8465,68.3325],[-166.8506,68.3331],[-166.8382,68.3397],[-166.8118,68.3481],[-166.7061,68.3718],[-166.3776,68.4224],[-166.3621,68.4262],[-166.3424,68.434],[-166.3285,68.4423],[-166.306,68.4615],[-166.3035,68.4647],[-166.302,68.4704],[-166.2953,68.5109],[-166.2445,68.5539],[-166.2338,68.5643],[-166.2261,68.5762],[-166.2256,68.579],[-166.2314,68.5873],[-166.2298,68.6138],[-166.2136,68.6643],[-166.1998,68.6786],[-166.1974,68.69],[-166.1878,68.7787],[-166.1902,68.7904],[-166.1954,68.804],[-166.2038,68.8182],[-166.2225,68.8604],[-166.2242,68.8732],[-166.2144,68.8795],[-165.8149,68.8642],[-165.6666,68.8554],[-165.5725,68.8529],[-165.5224,68.8558],[-165.327,68.8581],[-164.9675,68.883],[-164.8837,68.8916],[-164.8127,68.8935],[-164.6553,68.9094],[-164.5269,68.9179],[-164.2991,68.9276],[-164.2532,68.9309],[-164.1612,68.9448],[-164.1307,68.951],[-164.0694,68.9697],[-163.9737,68.985],[-163.8939,69.012],[-163.8581,69.0289],[-163.8274,69.0406],[-163.7242,69.0667],[-163.6559,69.0906],[-163.574,69.1241],[-163.5353,69.1417],[-163.4527,69.1946],[-163.298,69.2747],[-163.2361,69.2827],[-163.2309,69.2845],[-163.1376,69.3522],[-163.1103,69.3753],[-163.1032,69.3923],[-163.1044,69.4013],[-163.1006,69.4142],[-163.0703,69.4599],[-163.0521,69.482],[-163.047,69.4829],[-163.0363,69.489],[-163.0262,69.5069],[-163.0165,69.5381],[-163.02,69.5451],[-163.0303,69.5566],[-163.0741,69.5703],[-163.1182,69.5892],[-163.1166,69.5934],[-163.1116,69.5966],[-163.0246,69.6086],[-162.917,69.6925],[-162.922,69.7004],[-162.9611,69.7172],[-163.0105,69.7281],[-163.0182,69.7291],[-163.0354,69.7274],[-163.0126,69.7575],[-162.9602,69.7833],[-162.9119,69.7995],[-162.8772,69.8044],[-162.8406,69.8118],[-162.7672,69.8522],[-162.7096,69.8791],[-162.6163,69.917],[-162.6063,69.919],[-162.6013,69.9146],[-162.5938,69.9141],[-162.5879,69.9156],[-162.481,69.9752],[-162.4715,69.9831],[-162.4623,70.0024],[-162.4683,70.0158],[-162.4628,70.0422],[-162.4545,70.044],[-162.3945,70.0446],[-162.3506,70.0588],[-162.3547,70.0655],[-162.3565,70.0764],[-162.3125,70.1093],[-162.1582,70.1615],[-162.0984,70.187],[-162.0193,70.224],[-161.9849,70.2477],[-161.9596,70.2689],[-161.9229,70.2916],[-161.8597,70.308],[-161.85,70.3094],[-161.8442,70.3085],[-161.8422,70.3044],[-161.8447,70.3001],[-161.8474,70.2959],[-161.8489,70.2822],[-161.8347,70.2725],[-161.8016,70.2606],[-161.7798,70.2554],[-161.7695,70.2625],[-161.7678,70.2683],[-161.7592,70.2724],[-161.6922,70.2671],[-161.6762,70.258],[-161.6636,70.2462],[-161.6339,70.2407],[-161.5229,70.2369],[-161.3968,70.2406],[-161.3091,70.2481],[-161.2547,70.2566],[-161.0803,70.3067],[-161.0164,70.3277],[-160.9928,70.3162],[-160.9791,70.3177],[-160.8395,70.3445],[-160.7327,70.3744],[-160.5304,70.4408],[-160.4898,70.4545],[-160.4855,70.4571],[-160.4801,70.466],[-160.2148,70.5591],[-160.0567,70.6328],[-159.9138,70.6907],[-159.7985,70.7312],[-159.6484,70.7944],[-159.5857,70.8095],[-159.5287,70.8208],[-159.2091,70.8701],[-159.1718,70.8751],[-159.1476,70.8767],[-159.1565,70.8592],[-159.152,70.8495],[-159.1325,70.8284],[-159.1608,70.818],[-159.2906,70.8113],[-159.331,70.8074],[-159.3358,70.8001],[-159.3431,70.7831],[-159.2993,70.76],[-159.2756,70.7595],[-159.1378,70.7586],[-159.0007,70.7643],[-158.9766,70.767],[-158.9546,70.7727],[-158.9656,70.7869],[-158.9765,70.7899],[-158.9766,70.7964],[-158.6561,70.788],[-158.6073,70.7891],[-158.3895,70.7997],[-158.3858,70.8115],[-158.3893,70.822],[-158.3858,70.8257],[-158.2503,70.8177],[-158.1577,70.8208],[-158.0324,70.8323],[-157.8841,70.8535],[-157.841,70.861],[-157.7685,70.8758],[-157.7088,70.8914],[-157.5025,70.9487],[-157.421,70.9768],[-157.3928,70.9879],[-157.2491,71.0525],[-157.1196,71.1287],[-157.0725,71.1545],[-156.9626,71.2119],[-156.8097,71.2869],[-156.7739,71.2995],[-156.6456,71.338],[-156.6201,71.3442],[-156.5686,71.3526],[-156.5664,71.334],[-156.5615,71.3168],[-156.5565,71.3118],[-156.5311,71.2963],[-156.5245,71.2945],[-156.4027,71.2679],[-156.3567,71.2613],[-156.3207,71.259],[-156.3019,71.2606],[-156.2142,71.2594],[-156.0744,71.2425],[-156.0292,71.2032],[-156.0381,71.1965],[-156.0448,71.1868],[-156.0446,71.1847],[-156.0186,71.172],[-155.958,71.1862],[-155.9202,71.2072],[-155.8951,71.1939],[-155.8842,71.1901],[-155.829,71.1921],[-155.8039,71.1964],[-155.7608,71.1947],[-155.6572,71.1825],[-155.5877,71.1726],[-155.5669,71.1651],[-155.5678,71.1411],[-155.5618,71.1285],[-155.5207,71.1025],[-155.514,71.0968],[-155.5111,71.0903],[-155.5106,71.0812],[-155.5333,71.0677],[-155.5483,71.0607],[-155.639,71.0424],[-155.7055,71.0202],[-155.7119,71.0125],[-155.7621,70.9856],[-155.8309,70.9656],[-155.8789,70.9677],[-155.9521,70.9648],[-155.9784,70.9622],[-155.9957,70.9478],[-156.0148,70.9031],[-156.0144,70.8986],[-156.0135,70.896],[-155.9686,70.8629],[-155.9692,70.828],[-155.9784,70.8256],[-155.981,70.8174],[-155.979,70.8088],[-155.9719,70.8068],[-155.928,70.806],[-155.9066,70.81],[-155.8821,70.8221],[-155.8751,70.8289],[-155.7318,70.8312],[-155.6435,70.8242],[-155.543,70.8472],[-155.5042,70.8603],[-155.4898,70.8717],[-155.488,70.8753],[-155.4859,70.8859],[-155.4876,70.9027],[-155.493,70.9174],[-155.4759,70.9435],[-155.455,70.9475],[-155.4042,70.9675],[-155.3826,70.979],[-155.3642,70.9942],[-155.3439,71.0044],[-155.26,71.0152],[-155.2601,71.0113],[-155.2562,71.0048],[-155.2114,70.978],[-155.2015,70.9743],[-155.1922,70.9741],[-155.1828,70.9782],[-155.1689,70.9879],[-155.1617,70.9957],[-155.1599,71.0028],[-155.1639,71.0138],[-155.177,71.0275],[-155.2738,71.0647],[-155.2758,71.067],[-155.276,71.0705],[-155.2626,71.0791],[-155.2569,71.0811],[-155.1505,71.112],[-155.1469,71.111],[-155.1469,71.1035],[-155.1429,71.0973],[-155.126,71.0775],[-155.1203,71.0734],[-155.1085,71.0705],[-155.0754,71.072],[-155.064,71.0839],[-155.0614,71.092],[-155.0646,71.108],[-155.0858,71.1276],[-155.0608,71.1454],[-155.0317,71.1465],[-154.9429,71.1263],[-154.7773,71.0832],[-154.6161,71.0262],[-154.6044,71.0215],[-154.5811,71.0073],[-154.5676,70.9899],[-154.594,70.977],[-154.6083,70.9617],[-154.6544,70.9033],[-154.6458,70.8692],[-154.5774,70.8353],[-154.519,70.8228],[-154.5019,70.8218],[-154.4857,70.8253],[-154.4302,70.8313],[-154.3526,70.8348],[-154.2608,70.8152],[-154.2286,70.8024],[-154.2233,70.7952],[-154.2392,70.7769],[-154.1819,70.7683],[-154.1696,70.7686],[-154.1275,70.7781],[-154.07,70.7937],[-153.9956,70.8219],[-153.976,70.8339],[-153.9514,70.854],[-153.9355,70.8697],[-153.9329,70.8742],[-153.9344,70.8766],[-153.9329,70.8787],[-153.8905,70.8857],[-153.7742,70.8946],[-153.7473,70.895],[-153.526,70.8855],[-153.486,70.8859],[-153.4263,70.8901],[-153.3591,70.8983],[-153.3262,70.9041],[-153.2534,70.9208],[-153.2385,70.9225],[-153.1373,70.9254],[-153.0492,70.9131],[-153.017,70.904],[-152.7744,70.8853],[-152.7359,70.8845],[-152.5901,70.8869],[-152.457,70.8718],[-152.26,70.8428],[-152.2265,70.831],[-152.1872,70.8015],[-152.1886,70.7981],[-152.1925,70.7953],[-152.2393,70.7934],[-152.2633,70.7908],[-152.2838,70.7856],[-152.3708,70.7301],[-152.3773,70.7147],[-152.4715,70.6888],[-152.4733,70.6837],[-152.4605,70.6461],[-152.4338,70.6169],[-152.4208,70.609],[-152.3657,70.6012],[-152.3557,70.6038],[-152.3416,70.6122],[-152.3326,70.6129],[-152.264,70.5927],[-152.2006,70.5861],[-152.1699,70.5852],[-152.1462,70.5868],[-152.0607,70.5749],[-152.0645,70.5685],[-152.0657,70.5631],[-152.0261,70.5593],[-151.9758,70.5632],[-151.8801,70.5549],[-151.8167,70.5457],[-151.7747,70.5479],[-151.745,70.554],[-151.7182,70.5553],[-151.7015,70.5532],[-151.6952,70.5497],[-151.6973,70.5477],[-151.7095,70.5465],[-151.7227,70.5416],[-151.7516,70.5241],[-151.7602,70.5167],[-151.7343,70.5035],[-151.7286,70.4954],[-151.7755,70.4854],[-151.8241,70.484],[-151.9192,70.4727],[-151.9368,70.4636],[-151.9464,70.4525],[-151.9,70.4341],[-151.8761,70.4308],[-151.8444,70.435],[-151.7857,70.4369],[-151.6532,70.4348],[-151.6056,70.4373],[-151.5546,70.4359],[-151.4449,70.4254],[-151.3432,70.4089],[-151.2976,70.4007],[-151.2299,70.3798],[-151.1874,70.3848],[-151.1886,70.4018],[-151.1865,70.4182],[-151.1804,70.4304],[-151.1231,70.4394],[-151.1186,70.4381],[-151.1144,70.4329],[-151.1161,70.4224],[-151.0604,70.4187],[-151.0263,70.4415],[-150.9578,70.4526],[-150.8955,70.4582],[-150.8773,70.4552],[-150.835,70.4602],[-150.7871,70.4771],[-150.78,70.486],[-150.762,70.4972],[-150.7198,70.495],[-150.6512,70.4949],[-150.6147,70.4983],[-150.4299,70.4982],[-150.3574,70.4937],[-150.3541,70.4927],[-150.3389,70.4711],[-150.3703,70.4479],[-150.3505,70.436],[-150.2963,70.4411],[-150.2453,70.4417],[-150.1851,70.4354],[-150.1129,70.4314],[-150.1044,70.4321],[-150.0745,70.4393],[-149.8667,70.5108],[-149.8197,70.4914],[-149.8109,70.4905],[-149.7904,70.4912],[-149.7402,70.4982],[-149.7282,70.5028],[-149.7161,70.505],[-149.6612,70.5092],[-149.6568,70.5087],[-149.6496,70.5048],[-149.5813,70.4959],[-149.5653,70.4964],[-149.5369,70.4994],[-149.5242,70.5021],[-149.5099,70.5087],[-149.4618,70.5183],[-149.4321,70.5037],[-149.4187,70.4923],[-149.4006,70.4899],[-149.3145,70.4953],[-149.1791,70.4857],[-149.0821,70.4649],[-148.9594,70.4239],[-148.929,70.4268],[-148.8581,70.4229],[-148.7896,70.4027],[-148.7281,70.413],[-148.6988,70.4259],[-148.6968,70.4292],[-148.667,70.4301],[-148.6106,70.4226],[-148.59,70.417],[-148.5804,70.4125],[-148.477,70.3591],[-148.4645,70.3402],[-148.477,70.3209],[-148.4661,70.3136],[-148.4506,70.3084],[-148.4113,70.3026],[-148.3632,70.3026],[-148.3514,70.3045],[-148.2698,70.3296],[-148.2582,70.337],[-148.2035,70.3482],[-148.1527,70.3471],[-148.1072,70.3428],[-148.0906,70.3374],[-148.0896,70.3354],[-148.0897,70.3328],[-148.0892,70.331],[-148.0769,70.3275],[-147.9615,70.3142],[-147.8637,70.2933],[-147.8176,70.2769],[-147.7894,70.248],[-147.7651,70.2198],[-147.6817,70.2],[-147.648,70.2033],[-147.5857,70.2034],[-147.5053,70.2004],[-147.4315,70.1888],[-147.4023,70.1853],[-147.3853,70.1853],[-147.3501,70.1877],[-147.2441,70.219],[-147.2333,70.2076],[-147.231,70.1954],[-147.2192,70.1788],[-147.1821,70.1603],[-147.1616,70.1556],[-146.9911,70.1476],[-146.9732,70.1519],[-146.9095,70.1733],[-146.8858,70.1859],[-146.734,70.1755],[-146.7131,70.1754],[-146.6248,70.1824],[-146.5081,70.186],[-146.4489,70.1834],[-146.4132,70.1783],[-146.3351,70.1762],[-146.3096,70.1789],[-146.273,70.1769],[-146.1727,70.1659],[-146.1296,70.1589],[-146.1141,70.155],[-146.0968,70.1452],[-146.0064,70.1404],[-145.9552,70.1402],[-145.9177,70.1425],[-145.8729,70.1488],[-145.8583,70.166],[-145.8427,70.1641],[-145.7904,70.1486],[-145.7833,70.1395],[-145.7671,70.1287],[-145.7604,70.1261],[-145.6233,70.0844],[-145.58,70.0768],[-145.5224,70.0775],[-145.5057,70.0745],[-145.4695,70.0591],[-145.4689,70.0483],[-145.4348,70.037],[-145.4082,70.0316],[-145.3316,70.0226],[-145.2472,70.0179],[-145.2186,70.0073],[-145.1973,69.995],[-145.1751,69.9917],[-145.0117,69.9811],[-144.9901,69.9777],[-144.9668,69.9644],[-144.9536,69.9593],[-144.9023,69.9645],[-144.8676,69.9723],[-144.8631,69.9735],[-144.857,69.986],[-144.8545,69.9864],[-144.7926,69.9798],[-144.739,69.9701],[-144.6723,69.9669],[-144.6187,69.9693],[-144.5892,69.9776],[-144.5123,70.0045],[-144.4633,70.0257],[-144.3441,70.0344],[-144.3284,70.0326],[-144.2311,70.0359],[-144.1782,70.0417],[-144.1303,70.058],[-144.1226,70.0591],[-144.0796,70.059],[-144.0537,70.0732],[-143.9115,70.1298],[-143.8877,70.1307],[-143.8399,70.1258],[-143.7822,70.1247],[-143.769,70.1351],[-143.7531,70.1372],[-143.6623,70.1425],[-143.6174,70.1399],[-143.5952,70.1425],[-143.5979,70.1472],[-143.5938,70.1526],[-143.575,70.1546],[-143.5432,70.1497],[-143.4981,70.1401],[-143.498,70.1369],[-143.5116,70.1252],[-143.5161,70.1164],[-143.5172,70.1043],[-143.5101,70.0964],[-143.5035,70.0935],[-143.4554,70.0929],[-143.358,70.095],[-143.3271,70.1031],[-143.3179,70.1111],[-143.2659,70.1193],[-143.2556,70.1193],[-143.2001,70.1103],[-143.1599,70.0992],[-143.14,70.093],[-143.113,70.0783],[-143.0513,70.0782],[-143.0381,70.0939],[-142.9396,70.0744],[-142.7468,70.0425],[-142.498,69.9736],[-142.4529,69.9581],[-142.41,69.9336],[-142.4044,69.9165],[-142.2722,69.907],[-142.2399,69.8966],[-142.1127,69.8622],[-142.0817,69.8555],[-142.0756,69.8533],[-142.0731,69.8466],[-142.0587,69.8353],[-142.0093,69.8007],[-141.9608,69.7999],[-141.9372,69.8048],[-141.9198,69.8113],[-141.8667,69.813],[-141.8428,69.8119],[-141.7134,69.7895],[-141.6062,69.7617],[-141.5282,69.736],[-141.4308,69.6951],[-141.4349,69.6752],[-141.4289,69.6627],[-141.3941,69.6408],[-141.3777,69.6346],[-141.2808,69.631],[-141.2586,69.6322],[-141.2545,69.6371],[-141.2439,69.6525],[-141.2105,69.6842],[-141.1192,69.6735],[-141.0027,69.6456],[-141.0027,68.4984],[-142.3605,68.4896],[-144.2971,68.5073],[-145.9982,68.4899],[-145.9949,68.0013],[-147.3898,68.001],[-149.6206,67.9989],[-151.6063,68.0069],[-155.298,68.0018],[-155.299,68.0299],[-156.2355,68.0288],[-156.2381,68.1308],[-157.1503,68.1208],[-157.1558,68.2104],[-158.1001,68.2178],[-158.2747,68.2119],[-159.7161,68.2168],[-159.7225,68.2841],[-160.1278,68.2873],[-160.1183,68.2201],[-161.0895,68.2212],[-161.0959,68.2894],[-161.52,68.2896],[-161.5163,68.2208],[-161.9931,68.2233],[-161.9955,68.2922],[-162.7206,68.301],[-162.7198,68.2327],[-163.0452,68.2287],[-164.4999,68.2275],[-164.4942,68.0243],[-165.36,68.0281]]]}},{"type":"Feature","id":"02188","properties":{"name":"Northwest Arctic","fips":"02188"},"geometry":{"type":"Polygon","coordinates":[[[-159.5936,65.5227],[-159.801,65.5227],[-159.8044,65.4359],[-162.0327,65.4384],[-163.758,65.4362],[-163.7589,65.6081],[-163.9711,65.6083],[-163.9709,65.7829],[-164.2467,65.7824],[-164.2444,66.1292],[-164.3178,66.1306],[-164.3197,66.476],[-164.3966,66.4763],[-164.4007,66.5811],[-164.4007,66.5811],[-164.345,66.5808],[-164.0946,66.5923],[-163.9796,66.594],[-163.9781,66.5926],[-163.9785,66.591],[-163.9857,66.5761],[-163.9083,66.556],[-163.8752,66.5582],[-163.8505,66.5631],[-163.7542,66.5513],[-163.7272,66.5164],[-163.7283,66.4986],[-163.7302,66.4914],[-163.762,66.4549],[-163.7987,66.4369],[-163.8442,66.419],[-163.8564,66.4093],[-163.8731,66.389],[-163.8731,66.3286],[-163.8492,66.3076],[-163.8398,66.3041],[-163.83,66.2804],[-163.8301,66.272],[-163.8431,66.2599],[-163.9048,66.2303],[-163.9559,66.2172],[-164.0469,66.2094],[-164.0788,66.2018],[-164.0927,66.1845],[-164.0892,66.1823],[-164.0787,66.181],[-164.0075,66.1794],[-163.9166,66.1905],[-163.8783,66.1603],[-163.8614,66.1367],[-163.8474,66.1221],[-163.8036,66.1001],[-163.7725,66.0819],[-163.7684,66.0737],[-163.7675,66.0608],[-163.6239,66.0583],[-163.5401,66.0699],[-163.5027,66.0812],[-163.4958,66.0854],[-163.3448,66.0849],[-163.3138,66.0753],[-163.2878,66.0692],[-163.1686,66.0593],[-163.1467,66.0595],[-163.093,66.063],[-163.0471,66.0683],[-162.9975,66.0768],[-162.876,66.0828],[-162.7912,66.0891],[-162.7507,66.0902],[-162.6813,66.0616],[-162.6802,66.0581],[-162.6736,66.0537],[-162.636,66.0404],[-162.6223,66.0395],[-162.5308,66.0451],[-162.4577,66.0586],[-162.4237,66.049],[-162.4135,66.0351],[-162.3919,66.0287],[-162.3721,66.028],[-162.3313,66.0314],[-162.2697,66.0421],[-162.2059,66.0568],[-162.1395,66.0788],[-162.1374,66.0785],[-162.1297,66.0695],[-162.1218,66.0674],[-162.0257,66.0628],[-161.95,66.0403],[-161.838,66.0226],[-161.8171,66.0331],[-161.8123,66.0417],[-161.7986,66.0553],[-161.7755,66.0737],[-161.6806,66.1116],[-161.6653,66.1222],[-161.627,66.1532],[-161.624,66.1621],[-161.6139,66.1767],[-161.5484,66.2399],[-161.4845,66.2624],[-161.3679,66.2587],[-161.3412,66.2551],[-161.3373,66.2432],[-161.3321,66.2364],[-161.3208,66.2236],[-161.313,66.2211],[-161.2637,66.2142],[-161.199,66.2109],[-161.1454,66.2202],[-161.0873,66.2342],[-161.0679,66.2352],[-161.0527,66.231],[-161.0359,66.2294],[-161.0,66.2331],[-160.994,66.2344],[-160.9911,66.2368],[-160.9903,66.2397],[-160.9959,66.252],[-160.9985,66.2549],[-161.061,66.2838],[-161.0793,66.3071],[-161.0892,66.3151],[-161.108,66.3284],[-161.1295,66.3362],[-161.1631,66.3423],[-161.2198,66.3489],[-161.3607,66.3759],[-161.5256,66.397],[-161.6944,66.3962],[-161.8175,66.3608],[-161.9129,66.3444],[-161.9163,66.3495],[-161.8809,66.3988],[-161.8724,66.4141],[-161.8634,66.4408],[-161.8642,66.4882],[-161.8749,66.5114],[-162.029,66.5865],[-162.0915,66.606],[-162.0979,66.6099],[-162.1056,66.6226],[-162.1133,66.6396],[-162.1243,66.6513],[-162.1404,66.6647],[-162.1754,66.6878],[-162.2286,66.7098],[-162.2688,66.7179],[-162.3498,66.7267],[-162.4224,66.7316],[-162.5014,66.7425],[-162.5005,66.7498],[-162.5025,66.7589],[-162.5126,66.7777],[-162.5444,66.8049],[-162.5722,66.8254],[-162.5942,66.8376],[-162.6147,66.8465],[-162.6216,66.8509],[-162.6249,66.855],[-162.6267,66.8596],[-162.6231,66.8743],[-162.6146,66.8859],[-162.6011,66.8985],[-162.5829,66.9043],[-162.4974,66.9199],[-162.3464,66.9348],[-162.2811,66.9157],[-162.2718,66.9041],[-162.2287,66.8666],[-162.1173,66.7985],[-162.0969,66.7885],[-162.0737,66.7833],[-162.0491,66.7806],[-162.0136,66.7794],[-162.0115,66.7591],[-162.0296,66.7346],[-162.0413,66.7238],[-162.0588,66.7163],[-162.0683,66.7099],[-162.0746,66.7037],[-162.0815,66.6931],[-162.078,66.664],[-162.0736,66.6512],[-162.0691,66.6457],[-162.0332,66.6316],[-161.9689,66.6026],[-161.9534,66.5924],[-161.9326,66.5725],[-161.9254,66.5612],[-161.9159,66.5513],[-161.8771,66.5369],[-161.7654,66.4969],[-161.6243,66.4501],[-161.5741,66.4386],[-161.5164,66.4418],[-161.4353,66.4542],[-161.3263,66.4784],[-161.2798,66.5052],[-161.2932,66.5206],[-161.399,66.5235],[-161.4541,66.5222],[-161.4692,66.5228],[-161.4836,66.5256],[-161.4935,66.531],[-161.495,66.5344],[-161.4863,66.538],[-161.4829,66.5437],[-161.4904,66.5608],[-161.5418,66.5814],[-161.599,66.5932],[-161.6654,66.6104],[-161.6931,66.6206],[-161.8662,66.705],[-161.8817,66.7168],[-161.8615,66.7971],[-161.8463,66.8136],[-161.8242,66.8179],[-161.7963,66.8331],[-161.7855,66.8465],[-161.7822,66.86],[-161.7196,66.9169],[-161.6921,66.945],[-161.6858,66.9558],[-161.6885,66.9598],[-161.6863,66.9614],[-161.6744,66.962],[-161.5667,66.9348],[-161.4892,66.9369],[-161.4851,66.9456],[-161.4854,66.9608],[-161.5057,66.9743],[-161.5305,66.985],[-161.6222,67.0081],[-161.6974,67.0108],[-161.7117,67.001],[-161.7596,67.0306],[-161.7992,67.0475],[-161.8103,67.0503],[-161.8363,67.0518],[-161.8502,67.0522],[-161.8937,67.0491],[-162.1232,67.0258],[-162.2116,67.0067],[-162.234,66.9996],[-162.2343,66.9946],[-162.2392,66.9938],[-162.354,66.9951],[-162.3851,66.9912],[-162.4159,66.9847],[-162.4326,66.9851],[-162.4492,66.9884],[-162.4626,66.9943],[-162.4669,66.9993],[-162.4618,67.0044],[-162.4655,67.0266],[-162.4728,67.0384],[-162.4813,67.0431],[-162.4906,67.0433],[-162.5045,67.0396],[-162.5149,67.0311],[-162.519,67.0166],[-162.6036,67.0105],[-162.6403,67.0109],[-162.6541,67.0131],[-162.6617,67.0189],[-162.6607,67.0268],[-162.6587,67.0303],[-162.6607,67.0339],[-162.6767,67.0468],[-162.6991,67.0555],[-162.7824,67.0445],[-162.8304,67.0362],[-162.8394,67.033],[-162.851,67.0179],[-162.8659,67.0125],[-162.9013,67.0068],[-163.0979,67.0412],[-163.2993,67.0607],[-163.399,67.0742],[-163.4412,67.0815],[-163.4952,67.0875],[-163.577,67.0925],[-163.625,67.0994],[-163.6989,67.1144],[-163.7307,67.1238],[-163.7413,67.1291],[-163.7377,67.1368],[-163.7369,67.1632],[-163.7375,67.1848],[-163.7408,67.21],[-163.7586,67.2564],[-163.8222,67.3498],[-163.8536,67.3881],[-163.8788,67.4161],[-164.007,67.5357],[-164.0795,67.5859],[-164.1087,67.602],[-164.1444,67.6172],[-164.2098,67.6391],[-164.5339,67.7256],[-164.7783,67.8209],[-164.9073,67.8678],[-165.0575,67.9217],[-165.1296,67.9418],[-165.1909,67.9661],[-165.2272,67.9853],[-165.2316,67.9945],[-165.2408,67.9987],[-165.36,68.0281],[-164.4942,68.0243],[-164.4999,68.2275],[-163.0452,68.2287],[-162.7198,68.2327],[-162.7206,68.301],[-161.9955,68.2922],[-161.9931,68.2233],[-161.5163,68.2208],[-161.52,68.2896],[-161.0959,68.2894],[-161.0895,68.2212],[-160.1183,68.2201],[-160.1278,68.2873],[-159.7225,68.2841],[-159.7161,68.2168],[-158.2747,68.2119],[-158.1001,68.2178],[-157.1558,68.2104],[-157.1503,68.1208],[-156.2381,68.1308],[-156.2355,68.0288],[-155.299,68.0299],[-155.298,68.0018],[-155.307,67.864],[-155.3522,67.7756],[-155.1297,67.775],[-155.1324,67.6866],[-154.9047,67.688],[-154.911,67.6019],[-154.6867,67.6022],[-154.6884,67.5125],[-154.7475,67.5127],[-154.7488,67.2544],[-154.3061,67.2512],[-154.3023,67.1608],[-154.1452,67.1619],[-154.1416,66.8049],[-154.2015,66.8046],[-154.2021,66.7166],[-154.8626,66.7169],[-154.866,66.5677],[-155.5139,66.5693],[-155.5546,66.4819],[-155.5624,66.3095],[-155.9811,66.3104],[-155.9815,66.398],[-156.1972,66.3948],[-156.1962,66.4794],[-156.6243,66.4788],[-156.6267,66.3049],[-157.0515,66.3021],[-157.0517,66.4788],[-157.8924,66.4768],[-157.8942,66.1253],[-158.9655,66.1234],[-158.9663,65.9573],[-159.5952,65.9581],[-159.5936,65.5227]]]}},{"type":"Feature","id":"02195","properties":{"name":"Petersburg","fips":"02195"},"geometry":{"type":"MultiPolygon","coordinates":[[[[-134.2833,55.9252],[-134.2659,55.9174],[-134.2306,55.9056],[-134.1731,55.9185],[-134.1522,55.9209],[-134.1228,55.9187],[-134.1181,55.9146],[-134.1255,55.9021],[-134.1305,55.8975],[-134.1366,55.8954],[-134.1458,55.8967],[-134.1684,55.8923],[-134.2083,55.8767],[-134.2312,55.8647],[-134.2405,55.8539],[-134.2732,55.8331],[-134.2825,55.8287],[-134.3272,55.8364],[-134.3444,55.8432],[-134.3482,55.8928],[-134.3361,55.9266],[-134.3158,55.923],[-134.2833,55.9252]]],[[[-134.1215,56.0698],[-134.1072,56.0482],[-134.1181,56.0169],[-134.1269,56.0036],[-134.1309,56.0001],[-134.1342,56.001],[-134.1567,56.0211],[-134.1717,56.0402],[-134.1909,56.0565],[-134.2241,56.0652],[-134.2304,56.0683],[-134.2599,56.1213],[-134.2622,56.1332],[-134.2383,56.1409],[-134.2279,56.1628],[-134.2575,56.2214],[-134.2463,56.2678],[-134.2814,56.2862],[-134.2956,56.2892],[-134.2983,56.292],[-134.2924,56.3526],[-134.2381,56.3828],[-134.1939,56.4099],[-134.1905,56.4297],[-134.1964,56.4398],[-134.211,56.4505],[-134.237,56.4524],[-134.2466,56.4571],[-134.2462,56.4635],[-134.2447,56.4651],[-134.2228,56.4754],[-134.2009,56.4633],[-134.1865,56.4506],[-134.1792,56.4403],[-134.1461,56.4111],[-134.0675,56.391],[-134.0462,56.4023],[-134.0427,56.4077],[-134.0409,56.4215],[-134.0896,56.4726],[-134.1339,56.4878],[-134.2524,56.5609],[-134.2811,56.5856],[-134.2767,56.6203],[-134.3099,56.6505],[-134.369,56.678],[-134.4014,56.7254],[-134.4198,56.8384],[-134.4189,56.8465],[-134.4115,56.8558],[-134.377,56.8801],[-134.3392,56.9018],[-134.3169,56.9091],[-134.2944,56.9087],[-134.2868,56.9065],[-134.1909,56.8617],[-134.1871,56.8567],[-134.1717,56.8512],[-134.1472,56.8594],[-134.1419,56.8742],[-134.1509,56.885],[-134.1814,56.8926],[-134.22,56.9051],[-134.2731,56.9338],[-134.2717,56.9359],[-134.2493,56.9374],[-134.2239,56.9326],[-134.1785,56.914],[-134.1581,56.915],[-134.1362,56.9288],[-134.1412,56.9421],[-134.1414,56.9509],[-134.1266,56.9474],[-134.0833,56.9316],[-134.0351,56.8945],[-133.9723,56.8269],[-133.9468,56.7989],[-133.9256,56.7589],[-133.9447,56.7364],[-133.9418,56.7335],[-133.9078,56.7218],[-133.8808,56.7214],[-133.8693,56.7341],[-133.863,56.7557],[-133.8651,56.7732],[-133.8676,56.782],[-133.8723,56.7862],[-133.8774,56.7892],[-133.8848,56.7887],[-133.89,56.7925],[-133.8939,56.8025],[-133.8908,56.808],[-133.8615,56.8088],[-133.8379,56.8018],[-133.8182,56.7915],[-133.7678,56.7805],[-133.7481,56.7739],[-133.7434,56.7623],[-133.744,56.7498],[-133.7661,56.7289],[-133.7661,56.7182],[-133.762,56.6961],[-133.7628,56.6872],[-133.7596,56.6759],[-133.7457,56.674],[-133.7285,56.6429],[-133.7277,56.6308],[-133.7133,56.5983],[-133.7133,56.5927],[-133.7231,56.584],[-133.7316,56.5723],[-133.8482,56.5731],[-133.8957,56.5112],[-133.8986,56.4899],[-133.8811,56.4808],[-133.8686,56.4709],[-133.8391,56.4349],[-133.8392,56.432],[-133.8591,56.4303],[-133.8697,56.4318],[-133.893,56.4274],[-133.9335,56.3754],[-133.8944,56.361],[-133.8503,56.3474],[-133.8391,56.3355],[-133.8347,56.3224],[-133.8909,56.2345],[-133.913,56.2084],[-133.9234,56.2117],[-133.9422,56.2095],[-133.9538,56.2067],[-133.9575,56.2026],[-133.9576,56.1999],[-133.9373,56.1661],[-133.9564,56.0955],[-133.9712,56.0833],[-133.9894,56.0813],[-134.0139,56.0854],[-134.021,56.0887],[-134.0387,56.1058],[-134.0418,56.1163],[-134.0296,56.1349],[-134.0245,56.1482],[-134.0244,56.1604],[-134.031,56.1932],[-134.0544,56.2249],[-134.0585,56.2272],[-134.0873,56.2254],[-134.095,56.2148],[-134.1051,56.1809],[-134.1537,56.1697],[-134.162,56.1702],[-134.1801,56.1616],[-134.1904,56.1526],[-134.1661,56.1446],[-134.1259,56.1398],[-134.1108,56.1411],[-134.1092,56.0787],[-134.1215,56.0698]]],[[[-132.5465,56.6066],[-132.5397,56.5932],[-132.5413,56.5846],[-132.6108,56.5563],[-132.6274,56.5524],[-132.6285,56.5536],[-132.6509,56.5521],[-132.7013,56.5296],[-132.7242,56.5154],[-132.7966,56.4965],[-132.818,56.4949],[-132.8743,56.5091],[-132.9848,56.5126],[-132.9869,56.5108],[-133.0417,56.5184],[-133.0718,56.5535],[-133.0755,56.5787],[-133.0251,56.605],[-133.1103,56.6697],[-133.1432,56.683],[-133.1844,56.7065],[-133.2122,56.7368],[-133.2253,56.7556],[-133.2333,56.7711],[-133.2353,56.7756],[-133.2336,56.7794],[-133.2447,56.7926],[-133.264,56.8145],[-133.2774,56.8164],[-133.3254,56.7919],[-133.3343,56.7734],[-133.3328,56.7617],[-133.3199,56.7377],[-133.3038,56.7299],[-133.273,56.7337],[-133.2668,56.7349],[-133.2656,56.7382],[-133.2668,56.7419],[-133.2614,56.7475],[-133.2507,56.7514],[-133.2197,56.7069],[-133.2215,56.6979],[-133.2325,56.6813],[-133.2337,56.6493],[-133.2142,56.6496],[-133.1514,56.6377],[-133.1063,56.6184],[-133.1034,56.6146],[-133.0894,56.5355],[-133.0892,56.5239],[-133.1129,56.5293],[-133.1383,56.5329],[-133.1421,56.5286],[-133.1425,56.5197],[-133.1392,56.516],[-133.1247,56.5114],[-133.1222,56.492],[-133.1487,56.4674],[-133.161,56.4603],[-133.2036,56.4477],[-133.3485,56.4696],[-133.3563,56.4718],[-133.3616,56.4861],[-133.3719,56.4937],[-133.3762,56.4956],[-133.4018,56.4964],[-133.4178,56.4941],[-133.4286,56.4792],[-133.4606,56.4541],[-133.5127,56.437],[-133.533,56.4348],[-133.6037,56.4354],[-133.6383,56.4389],[-133.6555,56.4423],[-133.6631,56.4481],[-133.6717,56.4877],[-133.6758,56.5227],[-133.6757,56.5387],[-133.6723,56.5442],[-133.6645,56.5507],[-133.6626,56.5557],[-133.6631,56.5621],[-133.6676,56.5764],[-133.6626,56.5989],[-133.6676,56.6077],[-133.6736,56.6118],[-133.6794,56.6331],[-133.6892,56.6437],[-133.6983,56.6496],[-133.7058,56.6584],[-133.7096,56.6834],[-133.7064,56.697],[-133.6998,56.7101],[-133.6965,56.7444],[-133.69,56.7616],[-133.6864,56.7798],[-133.681,56.7952],[-133.6794,56.8108],[-133.69,56.8394],[-133.6998,56.8394],[-133.7129,56.828],[-133.7416,56.8132],[-133.7653,56.8075],[-133.7723,56.8095],[-133.7875,56.8214],[-133.7954,56.8246],[-133.869,56.8459],[-133.8874,56.8684],[-133.9164,56.9144],[-133.9036,56.9273],[-133.9215,56.9615],[-133.9671,56.988],[-134.0492,57.0292],[-134.034,57.0633],[-134.0089,57.0746],[-133.888,57.0977],[-133.7735,57.0787],[-133.7029,57.0652],[-133.6139,57.058],[-133.5363,57.0387],[-133.4462,57.0201],[-133.3625,57.0074],[-133.3463,57.0041],[-133.3442,57.0018],[-133.3343,57.0024],[-133.3251,57.0117],[-133.3083,57.0148],[-133.1046,57.0057],[-132.9974,56.9422],[-132.9814,56.9274],[-132.9471,56.871],[-132.9359,56.84],[-132.9353,56.8229],[-132.9032,56.8036],[-132.8725,56.7981],[-132.8531,56.7978],[-132.8206,56.7938],[-132.763,56.7532],[-132.7417,56.7243],[-132.7432,56.7137],[-132.6659,56.6802],[-132.6281,56.6688],[-132.6228,56.6687],[-132.6193,56.6608],[-132.6255,56.6532],[-132.6282,56.6456],[-132.6255,56.6422],[-132.6165,56.6394],[-132.6055,56.6236],[-132.5952,56.6133],[-132.5745,56.6126],[-132.5608,56.6078],[-132.5532,56.6085],[-132.5465,56.6066]]],[[[-132.0801,56.9242],[-132.234,56.8815],[-132.3225,56.7386],[-132.5224,56.7163],[-132.5171,56.7286],[-132.4324,56.7824],[-132.371,56.8164],[-132.3736,56.8204],[-132.3901,56.8258],[-132.4046,56.8255],[-132.4383,56.8211],[-132.5055,56.7855],[-132.5195,56.7755],[-132.5207,56.7601],[-132.532,56.7571],[-132.5568,56.7572],[-132.6375,56.7809],[-132.7704,56.8375],[-132.7921,56.8562],[-132.7971,56.8649],[-132.7936,56.8664],[-132.7927,56.8717],[-132.797,56.8778],[-132.8179,56.8969],[-132.8293,56.9036],[-132.8467,56.9106],[-132.8703,56.9257],[-132.912,56.9667],[-132.919,56.9937],[-132.8924,56.993],[-132.8536,57.0053],[-132.8137,57.0302],[-132.8322,57.0704],[-132.8533,57.0801],[-132.8701,57.0784],[-132.8752,57.0696],[-132.9165,57.0401],[-132.9375,57.0483],[-132.9843,57.0548],[-132.9939,57.0324],[-133.025,57.0573],[-133.0765,57.0817],[-133.1253,57.0889],[-133.1614,57.0863],[-133.1881,57.089],[-133.2087,57.1097],[-133.2103,57.1185],[-133.2067,57.1238],[-133.2247,57.1365],[-133.2349,57.1379],[-133.2474,57.1368],[-133.3224,57.1127],[-133.4669,57.1594],[-133.5172,57.1778],[-133.2997,57.2377],[-133.127,57.1863],[-133.0293,57.2355],[-132.9864,57.3308],[-132.6446,57.4263],[-132.4873,57.3542],[-132.368,57.3487],[-132.2522,57.2157],[-132.2144,57.1082],[-132.1151,57.0456],[-132.0801,56.9242]]]]}},{"type":"Feature","id":"02198","properties":{"name":"Prince of Wales-Hyder","fips":"02198"},"geometry":{"type":"MultiPolygon","coordinates":[[[[-131.5696,55.2841],[-131.5626,55.284],[-131.5509,55.2809],[-131.5167,55.2616],[-131.4926,55.2577],[-131.4823,55.2541],[-131.4815,55.2444],[-131.4627,55.2234],[-131.4453,55.217],[-131.4305,55.2182],[-131.417,55.2173],[-131.3977,55.2109],[-131.3556,55.1829],[-131.3414,55.1657],[-131.3527,55.1648],[-131.3623,55.1559],[-131.3506,55.067],[-131.3563,55.0412],[-131.3786,55.0173],[-131.3886,55.0122],[-131.485,55.0105],[-131.4989,55.0161],[-131.5076,55.0254],[-131.5084,55.0292],[-131.5321,55.0379],[-131.5799,55.0176],[-131.5901,55.0077],[-131.6057,55.0044],[-131.6156,55.007],[-131.641,55.0266],[-131.6463,55.0356],[-131.6207,55.0493],[-131.5894,55.0889],[-131.6053,55.1074],[-131.595,55.1255],[-131.5778,55.1311],[-131.5586,55.1255],[-131.5481,55.1431],[-131.5657,55.1554],[-131.5884,55.17],[-131.5985,55.1796],[-131.6074,55.2404],[-131.5891,55.274],[-131.5696,55.2841]]],[[[-133.3448,55.5693],[-133.3074,55.5422],[-133.2923,55.5397],[-133.2853,55.5353],[-133.2819,55.5245],[-133.2899,55.5019],[-133.3057,55.4841],[-133.359,55.4538],[-133.3736,55.4607],[-133.3912,55.472],[-133.3965,55.4732],[-133.4265,55.4667],[-133.4741,55.4372],[-133.4653,55.4234],[-133.4258,55.4255],[-133.4166,55.4221],[-133.4125,55.4176],[-133.4116,55.4067],[-133.4194,55.3861],[-133.4274,55.3818],[-133.4463,55.3822],[-133.497,55.3682],[-133.5768,55.3248],[-133.5958,55.2938],[-133.6035,55.2717],[-133.6091,55.2415],[-133.6128,55.2397],[-133.6235,55.2426],[-133.6345,55.25],[-133.6902,55.3044],[-133.6909,55.3087],[-133.6892,55.3203],[-133.6722,55.3268],[-133.6477,55.3455],[-133.633,55.3613],[-133.6224,55.3965],[-133.6363,55.4284],[-133.7391,55.4723],[-133.7494,55.4718],[-133.7643,55.4686],[-133.7891,55.4579],[-133.7591,55.5374],[-133.7529,55.5443],[-133.733,55.5588],[-133.6156,55.5508],[-133.5843,55.5397],[-133.582,55.5374],[-133.5902,55.5072],[-133.5956,55.5015],[-133.6117,55.4956],[-133.6249,55.4947],[-133.633,55.4917],[-133.6442,55.4708],[-133.6446,55.4647],[-133.6387,55.4589],[-133.6184,55.457],[-133.5737,55.4721],[-133.5441,55.4918],[-133.5423,55.5071],[-133.5291,55.5277],[-133.5256,55.5291],[-133.481,55.5127],[-133.4437,55.5186],[-133.4546,55.5324],[-133.4427,55.553],[-133.4361,55.5609],[-133.4135,55.5704],[-133.3448,55.5693]]],[[[-133.6249,56.3439],[-133.5937,56.3522],[-133.5821,56.3525],[-133.4184,56.3321],[-133.3286,56.3328],[-133.2848,56.3271],[-133.2354,56.3243],[-133.197,56.333],[-133.1632,56.3174],[-133.095,56.2506],[-133.0782,56.2468],[-133.0714,56.2385],[-133.041,56.1845],[-133.052,56.1556],[-133.06,56.1508],[-133.0622,56.1412],[-133.0615,56.1353],[-133.0555,56.1253],[-132.9273,56.0345],[-132.8977,56.0202],[-132.8376,56.0243],[-132.6353,55.9218],[-132.6185,55.9115],[-132.6151,55.9081],[-132.6148,55.8996],[-132.5921,55.8772],[-132.5434,55.8459],[-132.5048,55.8152],[-132.4707,55.7822],[-132.4613,55.6834],[-132.4625,55.6739],[-132.4489,55.6673],[-132.4152,55.6673],[-132.3943,55.6691],[-132.3825,55.6653],[-132.3586,55.6488],[-132.3324,55.5951],[-132.3293,55.5789],[-132.3011,55.551],[-132.2409,55.5265],[-132.1983,55.513],[-132.1888,55.5084],[-132.1461,55.4703],[-132.1426,55.461],[-132.1429,55.4579],[-132.1648,55.4512],[-132.1786,55.4528],[-132.2194,55.4722],[-132.2308,55.4799],[-132.2319,55.484],[-132.2473,55.493],[-132.3158,55.5145],[-132.3257,55.5154],[-132.3421,55.5047],[-132.3186,55.4692],[-132.2886,55.4514],[-132.2813,55.4442],[-132.2844,55.4422],[-132.3033,55.4383],[-132.4193,55.4321],[-132.47,55.427],[-132.4797,55.4209],[-132.4755,55.4181],[-132.455,55.4136],[-132.3908,55.4017],[-132.2735,55.4192],[-132.2581,55.4161],[-132.226,55.3749],[-132.1669,55.363],[-132.1499,55.3286],[-132.1264,55.2884],[-132.1156,55.2812],[-132.0985,55.2806],[-132.1027,55.2682],[-132.1095,55.2602],[-132.1427,55.2382],[-132.164,55.2376],[-132.2149,55.2457],[-132.23,55.2381],[-132.2144,55.2226],[-132.2074,55.2183],[-132.1274,55.1996],[-132.1044,55.2009],[-132.0881,55.2065],[-132.0751,55.2224],[-132.0728,55.2337],[-132.0789,55.2403],[-132.0759,55.2463],[-132.0616,55.2601],[-132.0371,55.2751],[-132.0282,55.2769],[-132.0035,55.2653],[-131.9959,55.2591],[-131.9798,55.2118],[-131.9774,55.1809],[-131.9888,55.1655],[-132.0314,55.1517],[-132.039,55.1441],[-132.0409,55.1273],[-132.039,55.125],[-132.0169,55.121],[-132.039,55.087],[-132.094,55.0395],[-132.1541,55.0182],[-132.1681,55.0156],[-132.1803,55.0156],[-132.1962,55.008],[-132.1976,55.0052],[-132.1926,54.9897],[-132.1433,54.9846],[-132.1355,54.986],[-132.0725,55.017],[-132.0392,55.0368],[-132.0283,55.0387],[-132.0004,55.0357],[-131.9846,55.028],[-131.9829,54.8531],[-131.9768,54.8489],[-131.9659,54.8355],[-131.9574,54.8043],[-131.9579,54.7912],[-131.9996,54.732],[-132.0187,54.7101],[-132.0297,54.7012],[-132.1423,54.6917],[-132.1652,54.694],[-132.1796,54.7059],[-132.1996,54.7154],[-132.2561,54.7346],[-132.2631,54.7343],[-132.2796,54.7282],[-132.2807,54.7262],[-132.2801,54.716],[-132.2818,54.7153],[-132.3079,54.7187],[-132.351,54.8182],[-132.3506,54.8213],[-132.341,54.8267],[-132.3327,54.8263],[-132.3141,54.8351],[-132.3092,54.8475],[-132.3875,54.9137],[-132.4846,54.8993],[-132.5584,54.9326],[-132.5814,54.946],[-132.6098,54.9657],[-132.6125,54.9699],[-132.6148,54.9801],[-132.6099,54.9915],[-132.5986,54.9903],[-132.5778,54.9942],[-132.575,54.9983],[-132.5418,55.0978],[-132.549,55.1136],[-132.5505,55.1142],[-132.5618,55.1149],[-132.5946,55.1054],[-132.6199,55.0691],[-132.6246,55.0614],[-132.6243,55.0562],[-132.6267,55.0533],[-132.6309,55.0529],[-132.6333,55.055],[-132.6379,55.0736],[-132.6245,55.1144],[-132.6069,55.1417],[-132.5987,55.1505],[-132.5911,55.1557],[-132.5879,55.156],[-132.5811,55.1661],[-132.6052,55.1941],[-132.6201,55.1996],[-132.6379,55.1861],[-132.63,55.1776],[-132.6296,55.1742],[-132.6358,55.1525],[-132.6637,55.1439],[-132.6952,55.1377],[-132.7356,55.1342],[-132.7122,55.0987],[-132.684,55.0456],[-132.6897,55.0279],[-132.6929,55.0251],[-132.7489,54.996],[-132.8137,55.011],[-132.8641,55.0248],[-132.9164,55.0445],[-132.9268,55.055],[-132.9323,55.0702],[-132.9312,55.0742],[-132.9094,55.0813],[-132.8811,55.1104],[-132.8698,55.1241],[-132.8734,55.1342],[-132.8943,55.1694],[-132.9354,55.2099],[-132.9398,55.2115],[-132.9822,55.2159],[-133.0082,55.2057],[-133.0407,55.233],[-133.0439,55.2486],[-133.1047,55.2638],[-133.1193,55.2514],[-133.0734,55.1845],[-133.0123,55.1281],[-132.9909,55.0791],[-132.9904,55.0667],[-133.0114,55.0568],[-133.0197,55.0484],[-133.0142,55.0355],[-132.9595,55.021],[-132.9097,54.9236],[-132.9146,54.914],[-132.8895,54.8966],[-132.8283,54.8687],[-132.8045,54.8709],[-132.803,54.8737],[-132.8037,54.8972],[-132.808,54.9044],[-132.8143,54.9094],[-132.8174,54.9236],[-132.8008,54.9338],[-132.7309,54.9395],[-132.65,54.9044],[-132.6286,54.8833],[-132.6256,54.8075],[-132.6149,54.7772],[-132.619,54.7666],[-132.639,54.7533],[-132.6672,54.7634],[-132.6812,54.7737],[-132.7012,54.7984],[-132.7012,54.811],[-132.7093,54.8175],[-132.7235,54.8251],[-132.7294,54.827],[-132.7549,54.8212],[-132.7598,54.817],[-132.7594,54.8083],[-132.7475,54.8007],[-132.722,54.7633],[-132.6762,54.6809],[-132.6743,54.6747],[-132.6759,54.6728],[-132.694,54.6691],[-132.7757,54.6748],[-132.8664,54.7004],[-132.8696,54.7024],[-132.8641,54.7169],[-132.8656,54.7289],[-132.8772,54.7538],[-132.8916,54.7682],[-132.9095,54.7805],[-132.9188,54.7833],[-132.9405,54.7838],[-132.9503,54.7883],[-133.0328,54.8551],[-133.099,54.919],[-133.1239,54.9401],[-133.1598,54.9588],[-133.1648,54.9769],[-133.1573,55.0004],[-133.1689,55.0309],[-133.1724,55.0327],[-133.1977,55.0334],[-133.2104,55.0403],[-133.2397,55.0924],[-133.2239,55.1],[-133.2181,55.101],[-133.145,55.0992],[-133.135,55.0995],[-133.1287,55.1014],[-133.1548,55.1281],[-133.1868,55.1364],[-133.1932,55.1341],[-133.2011,55.1341],[-133.2077,55.1342],[-133.2151,55.1369],[-133.2369,55.1833],[-133.1877,55.1936],[-133.1825,55.202],[-133.2238,55.2293],[-133.2545,55.2311],[-133.282,55.2171],[-133.323,55.207],[-133.3413,55.2057],[-133.3537,55.2212],[-133.3616,55.2256],[-133.3766,55.2283],[-133.4045,55.215],[-133.4153,55.2122],[-133.4229,55.2107],[-133.4411,55.2117],[-133.4538,55.2185],[-133.4719,55.2475],[-133.4736,55.2555],[-133.4729,55.2679],[-133.4598,55.3068],[-133.4528,55.32],[-133.4364,55.3302],[-133.3954,55.3418],[-133.3521,55.3474],[-133.3324,55.3454],[-133.3135,55.3316],[-133.3105,55.3203],[-133.3111,55.3173],[-133.2924,55.2914],[-133.269,55.287],[-133.2443,55.2919],[-133.2351,55.3042],[-133.2336,55.3088],[-133.2546,55.3188],[-133.2793,55.3333],[-133.2807,55.3415],[-133.2784,55.3492],[-133.2691,55.3593],[-133.2577,55.367],[-133.2268,55.3819],[-133.2088,55.3842],[-133.1833,55.3794],[-133.1215,55.4145],[-133.1043,55.4269],[-133.1381,55.4584],[-133.1577,55.4978],[-133.1333,55.5025],[-133.1324,55.5136],[-133.1566,55.5636],[-133.1768,55.5867],[-133.263,55.5688],[-133.276,55.5802],[-133.2942,55.5887],[-133.3869,55.6193],[-133.4382,55.6439],[-133.4389,55.6452],[-133.4084,55.6679],[-133.3999,55.6651],[-133.3945,55.6669],[-133.3864,55.6934],[-133.4165,55.7396],[-133.4386,55.7484],[-133.4914,55.7641],[-133.5126,55.7559],[-133.5097,55.7442],[-133.4965,55.7333],[-133.4941,55.7332],[-133.4909,55.7266],[-133.4893,55.7131],[-133.4924,55.7065],[-133.5274,55.6951],[-133.5545,55.6984],[-133.5833,55.7053],[-133.6251,55.7199],[-133.6433,55.729],[-133.6945,55.7806],[-133.6957,55.7831],[-133.6464,55.8234],[-133.6275,55.8316],[-133.562,55.8355],[-133.55,55.8322],[-133.4479,55.7917],[-133.4221,55.7888],[-133.3479,55.8039],[-133.3421,55.8058],[-133.3237,55.8186],[-133.3351,55.8661],[-133.3466,55.8758],[-133.3795,55.8807],[-133.391,55.8788],[-133.4188,55.8833],[-133.471,55.9474],[-133.4951,56.0171],[-133.541,55.9773],[-133.6381,55.921],[-133.6999,55.9122],[-133.7999,55.9253],[-133.8262,55.9487],[-133.8344,55.9636],[-133.8128,55.9741],[-133.7981,55.9751],[-133.7778,55.9829],[-133.7488,56.0095],[-133.6938,56.0706],[-133.6842,56.0755],[-133.6592,56.0838],[-133.5488,56.1428],[-133.5428,56.1608],[-133.5535,56.169],[-133.6015,56.1919],[-133.6393,56.1988],[-133.6642,56.3105],[-133.6564,56.3269],[-133.6499,56.3268],[-133.6432,56.3245],[-133.6247,56.3371],[-133.6251,56.3398],[-133.6249,56.3439]]],[[[-133.8461,55.9046],[-133.8408,55.8927],[-133.8403,55.8868],[-133.8476,55.8696],[-133.861,55.8488],[-133.867,55.8459],[-133.8947,55.8456],[-133.9032,55.8481],[-133.9203,55.8603],[-133.9293,55.8695],[-133.9456,55.8962],[-133.9435,55.9124],[-133.9403,55.9175],[-133.935,55.9207],[-133.8919,55.9367],[-133.8765,55.9377],[-133.8641,55.9363],[-133.8543,55.9316],[-133.8468,55.9117],[-133.8461,55.9046]]],[[[-130.2455,56.0969],[-130.1028,56.1167],[-130.0316,56.0368],[-130.0169,56.0173],[-130.0043,55.9934],[-130.0132,55.9164],[-130.0845,55.824],[-130.1237,55.807],[-130.1285,55.8021],[-130.1506,55.767],[-130.2346,55.8143],[-130.3887,55.9433],[-130.2851,55.9975],[-130.2201,55.9989],[-130.2911,56.0542],[-130.2455,56.0969]]]]}},{"type":"Feature","id":"02220","properties":{"name":"Sitka","fips":"02220"},"geometry":{"type":"MultiPolygon","coordinates":[[[[-136.3707,57.8317],[-136.0267,57.8359],[-135.9067,58.0013],[-135.8998,58.0014],[-135.588,57.8973],[-135.5968,57.8897],[-135.5892,57.8864],[-135.5757,57.8835],[-135.5189,57.8574],[-135.5035,57.8409],[-135.4695,57.8345],[-135.3778,57.8022],[-135.3764,57.792],[-135.3642,57.7753],[-135.3289,57.7484],[-135.2916,57.7375],[-135.2015,57.7282],[-135.1515,57.7383],[-135.0984,57.7549],[-135.064,57.7508],[-135.0248,57.743],[-135.0126,57.7461],[-134.9781,57.7631],[-134.9399,57.7636],[-134.9297,57.7592],[-134.9216,57.7424],[-134.9148,57.7058],[-134.9182,57.6823],[-134.8674,57.6234],[-134.8564,57.599],[-134.8249,57.5001],[-134.8371,57.4828],[-134.8743,57.4644],[-134.9027,57.4593],[-135.0251,57.4543],[-135.0843,57.4647],[-135.0912,57.4664],[-135.0968,57.4699],[-135.1341,57.4977],[-135.2429,57.5463],[-135.3258,57.5772],[-135.3925,57.5999],[-135.4747,57.6314],[-135.5148,57.6503],[-135.5716,57.6744],[-135.5934,57.6638],[-135.6507,57.6525],[-135.685,57.6775],[-135.7123,57.6726],[-135.7044,57.6584],[-135.6974,57.6497],[-135.6609,57.6292],[-135.5928,57.6025],[-135.5712,57.6054],[-135.5461,57.6138],[-135.5263,57.6064],[-135.511,57.5959],[-135.5195,57.5886],[-135.5276,57.589],[-135.5578,57.5834],[-135.5706,57.5796],[-135.5875,57.5688],[-135.5885,57.5521],[-135.5757,57.5229],[-135.5778,57.5205],[-135.5782,57.5164],[-135.5653,57.5102],[-135.5496,57.482],[-135.5503,57.4701],[-135.5539,57.4549],[-135.5578,57.452],[-135.6105,57.4422],[-135.6136,57.4382],[-135.6118,57.4312],[-135.6129,57.4249],[-135.6217,57.4192],[-135.6266,57.41],[-135.6472,57.4061],[-135.6644,57.4072],[-135.668,57.4051],[-135.6698,57.4006],[-135.6703,57.3962],[-135.6682,57.3928],[-135.6694,57.3893],[-135.691,57.3835],[-135.6924,57.3753],[-135.7114,57.3678],[-135.7205,57.3737],[-135.768,57.3834],[-135.8438,57.3909],[-135.8921,57.408],[-135.9008,57.4182],[-135.897,57.4407],[-135.9438,57.4588],[-135.967,57.4728],[-136.0145,57.5062],[-136.0305,57.5215],[-136.0213,57.5316],[-136.0017,57.5445],[-136.0617,57.5921],[-136.1068,57.6166],[-136.1306,57.6246],[-136.1879,57.6257],[-136.2079,57.6381],[-136.2808,57.7174],[-136.3146,57.7587],[-136.3047,57.7711],[-136.3094,57.7795],[-136.3651,57.8286],[-136.3707,57.8317]]],[[[-134.6666,56.1699],[-134.6682,56.167],[-134.674,56.1669],[-134.705,56.1757],[-134.8062,56.2355],[-134.8249,56.2797],[-134.8394,56.3094],[-134.9159,56.3606],[-134.9457,56.3897],[-134.9908,56.458],[-135.0238,56.5],[-135.054,56.5277],[-135.0582,56.5295],[-135.0609,56.542],[-135.0568,56.5706],[-135.0451,56.5834],[-135.0267,56.5946],[-135.0052,56.6023],[-134.9977,56.5973],[-134.9859,56.5958],[-134.9672,56.603],[-134.9698,56.6154],[-134.9794,56.6277],[-134.9984,56.63],[-135.0297,56.6289],[-135.0364,56.6196],[-135.0657,56.6079],[-135.0916,56.6001],[-135.1033,56.5979],[-135.1187,56.5977],[-135.1234,56.6028],[-135.1488,56.6489],[-135.1478,56.6519],[-135.1758,56.6779],[-135.2241,56.6879],[-135.2749,56.7016],[-135.3051,56.7264],[-135.3174,56.7433],[-135.3181,56.7487],[-135.2964,56.7563],[-135.2816,56.7585],[-135.2809,56.7684],[-135.3102,56.7781],[-135.3522,56.7712],[-135.3987,56.7792],[-135.413,56.8101],[-135.4085,56.826],[-135.3689,56.8926],[-135.3472,56.9],[-135.3324,56.914],[-135.3541,56.9365],[-135.3797,56.953],[-135.3834,56.9815],[-135.3602,57.0022],[-135.3428,57.0019],[-135.3295,57.0045],[-135.3252,57.0109],[-135.3128,57.045],[-135.334,57.0504],[-135.3492,57.0415],[-135.3741,57.0454],[-135.3778,57.0529],[-135.3699,57.0579],[-135.3657,57.0661],[-135.3783,57.0816],[-135.3846,57.0877],[-135.3889,57.089],[-135.4017,57.0987],[-135.4041,57.1093],[-135.4053,57.1145],[-135.4062,57.1197],[-135.4053,57.1381],[-135.4097,57.1489],[-135.4227,57.1677],[-135.3993,57.185],[-135.3724,57.1981],[-135.3776,57.2063],[-135.372,57.228],[-135.3618,57.2336],[-135.3587,57.2438],[-135.3662,57.2489],[-135.4061,57.2517],[-135.4148,57.2513],[-135.4292,57.2472],[-135.4491,57.2481],[-135.4702,57.2558],[-135.4777,57.2568],[-135.5031,57.2538],[-135.5112,57.2471],[-135.5526,57.2332],[-135.5619,57.2419],[-135.5619,57.2441],[-135.569,57.2552],[-135.6023,57.2857],[-135.6042,57.2904],[-135.6007,57.2941],[-135.6018,57.3008],[-135.6314,57.3116],[-135.6374,57.3153],[-135.6382,57.3203],[-135.6747,57.3367],[-135.6846,57.3503],[-135.6956,57.3575],[-135.6951,57.3631],[-135.6877,57.3675],[-135.6596,57.3739],[-135.6396,57.3719],[-135.6306,57.3796],[-135.628,57.3834],[-135.627,57.3882],[-135.6336,57.3942],[-135.6337,57.3991],[-135.626,57.3996],[-135.6042,57.4099],[-135.5854,57.4168],[-135.5709,57.4175],[-135.5545,57.4266],[-135.5553,57.4367],[-135.5578,57.4382],[-135.561,57.4375],[-135.5619,57.4385],[-135.5622,57.4404],[-135.5622,57.4427],[-135.5585,57.4448],[-135.5561,57.4465],[-135.5402,57.4462],[-135.5342,57.4503],[-135.5321,57.4811],[-135.5488,57.509],[-135.526,57.5097],[-135.4915,57.5317],[-135.4434,57.5569],[-135.4192,57.5642],[-135.3557,57.5536],[-135.3476,57.5502],[-135.3229,57.5335],[-135.2945,57.5108],[-135.2948,57.5087],[-135.3085,57.4952],[-135.2978,57.4837],[-135.2656,57.4809],[-135.2461,57.4836],[-135.2273,57.4898],[-135.2091,57.4888],[-135.161,57.4607],[-135.1681,57.4542],[-135.1592,57.4456],[-135.1459,57.439],[-135.0651,57.419],[-135.0396,57.4181],[-135.0266,57.4205],[-134.9265,57.4223],[-134.8934,57.42],[-134.8495,57.4097],[-134.8064,57.3419],[-134.8128,57.2998],[-134.8294,57.2941],[-134.8352,57.3003],[-134.8848,57.33],[-134.9217,57.3307],[-134.9513,57.3287],[-134.954,57.3237],[-134.955,57.3094],[-134.953,57.3061],[-134.9466,57.3032],[-134.9223,57.3037],[-134.8795,57.2882],[-134.8549,57.2648],[-134.8418,57.2486],[-134.7559,57.058],[-134.7379,57.0099],[-134.7383,56.9681],[-134.7401,56.9485],[-134.7193,56.929],[-134.6957,56.9008],[-134.6991,56.8509],[-134.6742,56.8252],[-134.6634,56.8047],[-134.634,56.7287],[-134.6198,56.6659],[-134.616,56.6373],[-134.6269,56.5539],[-134.6342,56.541],[-134.6397,56.5388],[-134.671,56.5412],[-134.6698,56.5241],[-134.6638,56.5032],[-134.6586,56.4947],[-134.6552,56.492],[-134.6453,56.4722],[-134.6365,56.4056],[-134.634,56.3158],[-134.6344,56.2853],[-134.6347,56.2658],[-134.6538,56.1984],[-134.6599,56.1825],[-134.6666,56.1699]]],[[[-135.7035,57.322],[-135.7029,57.3156],[-135.7055,57.3086],[-135.6882,57.2761],[-135.6573,57.262],[-135.655,57.2582],[-135.6549,57.2547],[-135.6589,57.248],[-135.6586,57.2455],[-135.6564,57.243],[-135.6373,57.2361],[-135.6213,57.2237],[-135.6207,57.2179],[-135.605,57.1842],[-135.5969,57.1612],[-135.6021,57.1492],[-135.5986,57.1454],[-135.5924,57.1427],[-135.5815,57.1506],[-135.5757,57.1505],[-135.5657,57.1473],[-135.5658,57.1373],[-135.5757,57.1042],[-135.5747,57.0943],[-135.6353,57.0224],[-135.6505,57.0151],[-135.6805,57.0173],[-135.7537,57.0083],[-135.7649,57.0061],[-135.7677,57.0004],[-135.7724,56.9973],[-135.8219,56.9882],[-135.8541,56.995],[-135.857,56.9973],[-135.8521,57.0297],[-135.8418,57.0709],[-135.8349,57.0914],[-135.8059,57.1068],[-135.777,57.1126],[-135.756,57.1212],[-135.7356,57.1518],[-135.7354,57.1554],[-135.7526,57.1688],[-135.7622,57.1733],[-135.7856,57.1779],[-135.8008,57.1737],[-135.8244,57.1929],[-135.8339,57.2542],[-135.8288,57.302],[-135.8404,57.3143],[-135.8558,57.32],[-135.8596,57.3231],[-135.8606,57.3309],[-135.8512,57.3369],[-135.8386,57.3388],[-135.7615,57.3426],[-135.7303,57.3373],[-135.7152,57.3307],[-135.7035,57.322]]]]}},{"type":"Feature","id":"02230","properties":{"name":"Skagway","fips":"02230"},"geometry":{"type":"Polygon","coordinates":[[[-135.0052,59.3572],[-135.0292,59.3454],[-135.3758,59.3406],[-135.7225,59.7295],[-135.4774,59.7996],[-135.2849,59.7149],[-135.1667,59.6322],[-135.1531,59.6252],[-135.1146,59.6234],[-135.0275,59.5637],[-135.0298,59.4824],[-135.04,59.4448],[-135.0298,59.4071],[-135.0052,59.3572]]]}},{"type":"Feature","id":"02240","properties":{"name":"Southeast Fairbanks","fips":"02240"},"geometry":{"type":"Polygon","coordinates":[[[-146.4841,63.1733],[-146.4895,63.4829],[-146.9755,63.4797],[-146.972,63.9118],[-147.0032,64.2589],[-146.3573,64.2785],[-146.2271,64.3638],[-144.0465,64.6668],[-144.0612,64.6834],[-143.7512,64.6478],[-143.6472,64.6695],[-143.4337,64.8218],[-143.5036,64.8583],[-143.5252,64.9601],[-143.3645,64.997],[-143.0818,65.1209],[-142.8471,65.1456],[-142.7319,65.2336],[-142.7264,65.3077],[-142.63,65.3854],[-142.4873,65.3719],[-142.3071,65.4406],[-142.1214,65.4717],[-141.8558,65.4458],[-141.7891,65.5015],[-141.3878,65.6144],[-141.3362,65.7116],[-141.0932,65.8274],[-141.0025,65.8394],[-141.002,61.9019],[-141.8286,61.901],[-141.8302,62.1276],[-142.017,62.1276],[-141.9784,62.165],[-141.9637,62.5106],[-142.3206,62.5987],[-142.3145,62.684],[-142.6291,62.6837],[-142.7361,62.702],[-142.8422,62.5972],[-143.1048,62.6135],[-143.1592,62.637],[-143.1385,62.6912],[-143.0077,62.766],[-143.1963,62.8262],[-143.0275,62.9354],[-143.0012,62.9938],[-143.0886,63.0086],[-143.1269,63.1159],[-143.8769,63.1132],[-144.5764,63.1179],[-144.5754,63.1334],[-145.1484,63.1336],[-145.1489,63.2222],[-146.1112,63.2212],[-146.1408,63.184],[-146.3293,63.1906],[-146.4841,63.1733]]]}},{"type":"Feature","id":"02261","properties":{"name":"Valdez-Cordova","fips":"02261"},"geometry":{"type":"MultiPolygon","coordinates":[[[[-147.5628,60.5798],[-147.5554,60.5741],[-147.5517,60.5596],[-147.5658,60.5347],[-147.6078,60.5069],[-147.6238,60.4659],[-147.62,60.4368],[-147.6744,60.4144],[-147.6908,60.4051],[-147.6819,60.3882],[-147.6301,60.3895],[-147.622,60.3838],[-147.6189,60.3688],[-147.6395,60.3406],[-147.6711,60.3089],[-147.7036,60.2856],[-147.6986,60.2456],[-147.7047,60.2279],[-147.7201,60.202],[-147.7607,60.1564],[-147.7665,60.1542],[-147.7836,60.1611],[-147.8202,60.1796],[-147.8457,60.1954],[-147.8323,60.1979],[-147.828,60.2006],[-147.829,60.2074],[-147.8555,60.2164],[-147.909,60.2244],[-147.9452,60.2223],[-147.9562,60.2287],[-147.9505,60.2438],[-147.9333,60.2736],[-147.8375,60.4145],[-147.7928,60.4762],[-147.7825,60.4833],[-147.7783,60.484],[-147.7658,60.4765],[-147.7793,60.4571],[-147.7509,60.441],[-147.7382,60.4413],[-147.7153,60.4479],[-147.7092,60.4519],[-147.7171,60.4673],[-147.7266,60.4722],[-147.7265,60.5025],[-147.7218,60.5086],[-147.6138,60.5659],[-147.5664,60.5808],[-147.5628,60.5798]]],[[[-147.4445,60.6997],[-147.3848,60.71],[-147.3085,60.6668],[-147.3029,60.6607],[-147.3374,60.6327],[-147.3445,60.6285],[-147.4574,60.6191],[-147.486,60.6193],[-147.5016,60.6548],[-147.4865,60.6866],[-147.4798,60.6936],[-147.4496,60.7],[-147.4445,60.6997]]],[[[-147.952,60.7419],[-147.906,60.7355],[-147.8482,60.6981],[-147.8461,60.6945],[-147.8601,60.6772],[-147.8681,60.6708],[-147.9329,60.6557],[-147.9707,60.6738],[-148.0203,60.7249],[-147.9654,60.752],[-147.9572,60.7477],[-147.952,60.7419]]],[[[-147.1313,60.9129],[-147.1153,60.9119],[-147.0778,60.8995],[-147.0718,60.8938],[-147.0896,60.8747],[-147.1268,60.858],[-147.1418,60.854],[-147.1924,60.8616],[-147.2177,60.8697],[-147.2531,60.873],[-147.3091,60.8739],[-147.3256,60.8772],[-147.3211,60.8802],[-147.2263,60.9104],[-147.2103,60.9088],[-147.1934,60.9029],[-147.179,60.9037],[-147.1313,60.9129]]],[[[-147.2177,60.2935],[-147.1949,60.3046],[-147.1833,60.3207],[-147.1852,60.3231],[-147.1956,60.3262],[-147.2116,60.3249],[-147.2153,60.3271],[-147.2188,60.3347],[-147.2147,60.3438],[-147.2116,60.3463],[-147.1475,60.3725],[-147.1127,60.381],[-147.0987,60.3787],[-147.0919,60.375],[-147.0894,60.3691],[-147.0927,60.3634],[-147.104,60.3567],[-147.0955,60.342],[-147.0739,60.339],[-147.0132,60.3439],[-147.0061,60.3431],[-147.0038,60.3403],[-147.0041,60.3343],[-147.0153,60.3225],[-147.0899,60.2921],[-147.1031,60.2802],[-147.1041,60.2772],[-147.0805,60.2654],[-147.0648,60.2702],[-146.9626,60.3119],[-146.944,60.316],[-146.9162,60.3149],[-146.9118,60.3098],[-146.9114,60.2976],[-146.9481,60.27],[-147.0021,60.2325],[-147.1396,60.1791],[-147.2024,60.1511],[-147.2539,60.1139],[-147.3654,60.0429],[-147.3885,60.0111],[-147.3887,60.0043],[-147.4384,59.9747],[-147.4932,59.9554],[-147.4998,59.9511],[-147.5053,59.9375],[-147.4996,59.9263],[-147.4943,59.9228],[-147.4831,59.9209],[-147.4763,59.9216],[-147.4487,59.9159],[-147.4437,59.9135],[-147.4524,59.8805],[-147.4669,59.8701],[-147.533,59.8524],[-147.5416,59.8533],[-147.5404,59.8573],[-147.5427,59.8613],[-147.5713,59.8687],[-147.5963,59.8689],[-147.622,59.8665],[-147.6517,59.8512],[-147.657,59.844],[-147.657,59.8395],[-147.6604,59.8322],[-147.6771,59.8214],[-147.6939,59.8191],[-147.7275,59.8198],[-147.7385,59.8229],[-147.7454,59.8218],[-147.8108,59.8022],[-147.831,59.79],[-147.8741,59.7833],[-147.9129,59.7922],[-147.9249,59.7997],[-147.9281,59.8035],[-147.9082,59.8528],[-147.8954,59.8691],[-147.8779,59.8797],[-147.8567,59.8867],[-147.8083,59.8881],[-147.7972,59.9095],[-147.809,59.9235],[-147.8043,59.9365],[-147.7396,59.968],[-147.7289,59.9695],[-147.7074,59.9642],[-147.6906,59.9632],[-147.6863,59.9645],[-147.6596,59.9801],[-147.6626,59.9867],[-147.647,60.0056],[-147.5555,60.0511],[-147.4795,60.0767],[-147.4515,60.0879],[-147.4333,60.0962],[-147.406,60.1126],[-147.3887,60.1265],[-147.3197,60.1906],[-147.3157,60.2029],[-147.3228,60.2148],[-147.3121,60.2229],[-147.2814,60.2268],[-147.2498,60.2286],[-147.2443,60.2313],[-147.2191,60.2535],[-147.2062,60.2695],[-147.2177,60.2935]]],[[[-141.0018,60.3917],[-141.2136,60.3925],[-141.2137,60.4358],[-141.7637,60.435],[-141.7656,60.5277],[-141.9631,60.5214],[-142.8173,60.5158],[-143.1671,60.5188],[-143.89,60.0423],[-143.8855,59.9968],[-143.8914,59.9958],[-143.9312,59.9983],[-143.9786,60.0063],[-143.9892,60.0088],[-143.9886,60.014],[-143.9914,60.0177],[-144.0012,60.0209],[-144.0138,60.0244],[-144.0435,60.0252],[-144.0554,60.037],[-144.0524,60.047],[-144.0333,60.0595],[-144.1405,60.1144],[-144.2047,60.1373],[-144.2298,60.1428],[-144.2539,60.1659],[-144.254,60.1829],[-144.3189,60.1893],[-144.3588,60.1881],[-144.3693,60.1857],[-144.3792,60.1691],[-144.4419,60.1631],[-144.454,60.166],[-144.4782,60.1816],[-144.5011,60.1898],[-144.5349,60.1894],[-144.5451,60.187],[-144.5538,60.1819],[-144.5551,60.1785],[-144.5582,60.1778],[-144.5963,60.1817],[-144.6549,60.2049],[-144.6666,60.2226],[-144.6627,60.2293],[-144.6624,60.2395],[-144.6661,60.2439],[-144.7155,60.2712],[-144.7534,60.2835],[-144.7825,60.292],[-144.8928,60.2928],[-144.914,60.2809],[-144.9421,60.2897],[-144.9127,60.3632],[-144.8714,60.4073],[-144.8555,60.4169],[-144.8341,60.4438],[-144.8487,60.4552],[-144.8745,60.4573],[-144.8873,60.456],[-144.9033,60.4426],[-144.9641,60.4445],[-144.9836,60.4469],[-145.0124,60.4479],[-145.1256,60.4294],[-145.1524,60.4216],[-145.181,60.4075],[-145.1912,60.3952],[-145.2029,60.3749],[-145.1699,60.33],[-145.1122,60.2962],[-145.1224,60.2899],[-145.2229,60.2979],[-145.3643,60.336],[-145.5033,60.388],[-145.5105,60.409],[-145.5039,60.4106],[-145.5015,60.4168],[-145.5024,60.4208],[-145.5369,60.4305],[-145.5615,60.4431],[-145.5942,60.4518],[-145.6688,60.4654],[-145.7359,60.4747],[-145.7993,60.462],[-145.8535,60.4456],[-145.8823,60.4446],[-145.9469,60.4554],[-145.9574,60.4611],[-145.9611,60.465],[-145.9605,60.4675],[-145.9144,60.4924],[-145.8631,60.5018],[-145.8024,60.5202],[-145.7129,60.5832],[-145.7365,60.5952],[-145.764,60.5916],[-145.7806,60.5792],[-145.7988,60.5619],[-145.8207,60.5501],[-145.8286,60.5497],[-145.9645,60.5136],[-146.0392,60.493],[-146.0744,60.4801],[-146.1097,60.4703],[-146.2168,60.4502],[-146.2471,60.4512],[-146.3126,60.4574],[-146.3174,60.4606],[-146.3513,60.4543],[-146.3553,60.4493],[-146.3563,60.4255],[-146.3501,60.4078],[-146.3301,60.4071],[-146.3088,60.4142],[-146.2842,60.4177],[-146.134,60.4315],[-146.127,60.4308],[-146.1236,60.428],[-146.1262,60.4243],[-146.0942,60.4103],[-146.1331,60.3838],[-146.1987,60.3599],[-146.2681,60.348],[-146.3022,60.3492],[-146.3929,60.3275],[-146.4583,60.3073],[-146.4904,60.2949],[-146.5399,60.271],[-146.6073,60.2412],[-146.628,60.2396],[-146.641,60.2409],[-146.6505,60.243],[-146.6891,60.2713],[-146.6936,60.2796],[-146.6931,60.2846],[-146.6815,60.2922],[-146.6499,60.3051],[-146.595,60.3212],[-146.5716,60.3218],[-146.5403,60.3388],[-146.5242,60.3507],[-146.5427,60.358],[-146.5754,60.3573],[-146.607,60.3517],[-146.6242,60.3414],[-146.6559,60.3405],[-146.7172,60.3496],[-146.7251,60.3599],[-146.7237,60.3876],[-146.7211,60.3964],[-146.6374,60.4672],[-146.6104,60.4856],[-146.5906,60.491],[-146.5289,60.4921],[-146.5239,60.4873],[-146.5054,60.477],[-146.455,60.4653],[-146.368,60.4807],[-146.3164,60.4975],[-146.2897,60.5157],[-146.1559,60.5263],[-146.08,60.5431],[-145.9513,60.5768],[-145.8865,60.5857],[-145.8726,60.5848],[-145.8442,60.5865],[-145.8004,60.594],[-145.7947,60.6011],[-145.7953,60.6032],[-145.8157,60.6122],[-145.8323,60.6149],[-145.856,60.6109],[-145.8884,60.6103],[-145.8963,60.6118],[-145.8978,60.6137],[-145.8962,60.6287],[-145.8952,60.6292],[-145.8971,60.6512],[-145.8839,60.6582],[-145.8678,60.6668],[-145.8413,60.6859],[-145.8414,60.6898],[-145.8445,60.6902],[-145.8518,60.6899],[-145.8582,60.6885],[-145.8758,60.6835],[-145.8943,60.6742],[-145.8992,60.6711],[-145.922,60.652],[-145.9249,60.6489],[-145.9369,60.6321],[-145.9371,60.6305],[-145.9656,60.6227],[-146.0025,60.6151],[-146.0046,60.6162],[-146.0058,60.6169],[-146.0077,60.6197],[-146.0077,60.6253],[-145.9992,60.6408],[-145.9687,60.6682],[-145.937,60.6828],[-145.9314,60.6855],[-145.9115,60.6966],[-145.8992,60.7056],[-145.9013,60.7154],[-145.9055,60.715],[-145.9781,60.6847],[-146.0164,60.6672],[-146.025,60.6653],[-146.0557,60.6587],[-146.0863,60.652],[-146.1169,60.6433],[-146.1309,60.6392],[-146.1432,60.6339],[-146.1472,60.6314],[-146.1877,60.6245],[-146.2531,60.6223],[-146.2584,60.6263],[-146.2631,60.6319],[-146.2687,60.6412],[-146.2703,60.6449],[-146.2703,60.648],[-146.263,60.6516],[-146.1882,60.6873],[-146.1787,60.6915],[-146.1406,60.7077],[-146.1241,60.7124],[-146.1011,60.7193],[-146.0437,60.7436],[-146.0453,60.754],[-146.0487,60.7638],[-146.0646,60.7769],[-146.0672,60.7739],[-146.071,60.771],[-146.0851,60.7611],[-146.0898,60.7582],[-146.1204,60.742],[-146.1602,60.7264],[-146.1681,60.7253],[-146.1912,60.732],[-146.199,60.7344],[-146.2019,60.7359],[-146.2001,60.7431],[-146.2087,60.7444],[-146.2168,60.7417],[-146.2283,60.7356],[-146.2307,60.722],[-146.2395,60.7169],[-146.2577,60.7131],[-146.3034,60.7132],[-146.3139,60.7179],[-146.3173,60.7211],[-146.3179,60.7238],[-146.3123,60.7344],[-146.3466,60.7357],[-146.3869,60.7146],[-146.4029,60.6931],[-146.4125,60.6904],[-146.4741,60.6815],[-146.4998,60.6801],[-146.5178,60.6881],[-146.5324,60.6897],[-146.5788,60.6902],[-146.6072,60.6864],[-146.6233,60.6804],[-146.6491,60.6834],[-146.6678,60.6928],[-146.6992,60.7322],[-146.7036,60.7419],[-146.605,60.7586],[-146.5667,60.7512],[-146.5007,60.7721],[-146.4648,60.7707],[-146.3586,60.7862],[-146.3044,60.798],[-146.2554,60.81],[-146.1832,60.847],[-146.1719,60.8628],[-146.1731,60.8661],[-146.1882,60.8694],[-146.2626,60.8678],[-146.2687,60.8638],[-146.2902,60.8427],[-146.3138,60.8278],[-146.3334,60.8219],[-146.3944,60.8123],[-146.5506,60.8094],[-146.556,60.8101],[-146.6204,60.869],[-146.6644,60.8709],[-146.7007,60.8483],[-146.7181,60.8357],[-146.7195,60.8302],[-146.7147,60.8204],[-146.7198,60.8145],[-146.7248,60.8121],[-146.7548,60.8079],[-146.8006,60.8052],[-146.819,60.8163],[-146.819,60.8416],[-146.8163,60.8556],[-146.7874,60.8656],[-146.7742,60.8762],[-146.757,60.8785],[-146.7272,60.8663],[-146.6977,60.8725],[-146.7113,60.8965],[-146.736,60.9103],[-146.7468,60.9355],[-146.7455,60.9576],[-146.7014,60.987],[-146.6534,61.0478],[-146.6615,61.0608],[-146.6906,61.0641],[-146.7837,61.0429],[-146.8481,61.0006],[-146.8627,60.9825],[-146.862,60.9762],[-146.8688,60.9714],[-146.8799,60.9652],[-146.9298,60.9443],[-146.9731,60.9348],[-147.039,60.9421],[-147.0558,60.9455],[-147.0706,60.9633],[-147.0632,60.9741],[-147.0471,60.9912],[-147.0627,61.0043],[-147.0949,61.0102],[-147.1126,61.003],[-147.1369,60.981],[-147.1446,60.9635],[-147.1356,60.9462],[-147.1433,60.9398],[-147.1716,60.9329],[-147.1813,60.9331],[-147.2049,60.9427],[-147.2153,60.9481],[-147.2208,60.9531],[-147.2265,60.9622],[-147.2196,60.9695],[-147.2203,60.9817],[-147.2216,60.9835],[-147.253,60.9796],[-147.2736,60.9746],[-147.278,60.9611],[-147.2804,60.917],[-147.3781,60.8778],[-147.4516,60.8942],[-147.4529,60.8974],[-147.4517,60.9259],[-147.4534,60.9415],[-147.4731,60.9576],[-147.4915,60.958],[-147.5073,60.9272],[-147.506,60.9212],[-147.5024,60.9204],[-147.4938,60.9124],[-147.5174,60.8948],[-147.5251,60.8961],[-147.543,60.9033],[-147.5498,60.908],[-147.5368,61.0193],[-147.534,61.0311],[-147.5158,61.0614],[-147.5023,61.0721],[-147.5138,61.0961],[-147.5251,61.1012],[-147.5582,61.0998],[-147.5544,61.0917],[-147.5572,61.0814],[-147.5913,61.0166],[-147.6188,60.97],[-147.6138,60.9515],[-147.5977,60.9139],[-147.5873,60.8745],[-147.6024,60.85],[-147.6266,60.8451],[-147.6686,60.8416],[-147.6719,60.8453],[-147.6773,60.87],[-147.663,60.875],[-147.6659,60.8838],[-147.7304,60.9113],[-147.7608,60.9132],[-147.7871,60.8735],[-147.7797,60.8634],[-147.767,60.8535],[-147.7502,60.8521],[-147.7321,60.8247],[-147.7294,60.8183],[-147.7333,60.817],[-147.7433,60.8139],[-147.7772,60.811],[-147.8288,60.8159],[-147.8559,60.8209],[-147.9134,60.8252],[-147.9151,60.819],[-147.9204,60.8124],[-148.034,60.7832],[-148.0981,60.7866],[-148.134,60.7913],[-148.1444,60.7971],[-148.1516,60.8181],[-148.1483,60.8287],[-148.1018,60.8993],[-148.0852,60.9186],[-148.0651,60.938],[-148.0173,60.9718],[-147.9506,61.0292],[-147.9478,61.0406],[-147.962,61.0595],[-147.9734,61.0674],[-147.9827,61.0702],[-147.9912,61.0695],[-148.0016,61.0601],[-148.0032,61.0538],[-148.0655,61.004],[-148.0901,61.0051],[-148.095,61.0114],[-148.1054,61.0351],[-148.1251,61.0707],[-148.149,61.0767],[-148.166,61.0693],[-148.1645,61.0427],[-148.1776,60.9996],[-148.199,60.9716],[-148.219,60.9536],[-148.2417,60.9377],[-148.2656,60.9363],[-148.2812,60.9178],[-148.2945,60.8628],[-148.3097,60.8377],[-148.3407,60.8091],[-148.3505,60.804],[-148.3754,60.8035],[-148.3895,60.8056],[-148.3966,60.8137],[-148.4266,60.8271],[-148.4463,60.8087],[-148.4501,60.7964],[-148.4509,60.7895],[-148.4417,60.778],[-148.4311,60.7718],[-148.4056,60.7803],[-148.396,60.7797],[-148.382,60.7758],[-148.3664,60.7658],[-148.3653,60.741],[-148.3841,60.6878],[-148.374,60.6726],[-148.3479,60.6803],[-148.3264,60.7095],[-148.2801,60.7533],[-148.2695,60.7574],[-148.2298,60.7641],[-148.1477,60.7585],[-148.1204,60.749],[-148.107,60.7398],[-148.0913,60.6762],[-148.0937,60.6615],[-148.1426,60.6226],[-148.23,60.5951],[-148.2378,60.6002],[-148.2549,60.5951],[-148.2928,60.5655],[-148.3061,60.5507],[-148.3282,60.5319],[-148.3332,60.5305],[-148.3456,60.503],[-148.3464,60.4887],[-148.329,60.4762],[-148.2935,60.483],[-148.2554,60.4934],[-148.2479,60.5005],[-148.2501,60.5076],[-148.2386,60.5214],[-148.192,60.5574],[-148.1148,60.596],[-148.1027,60.598],[-148.0864,60.5955],[-147.979,60.5191],[-147.9636,60.5027],[-147.9712,60.4865],[-147.9772,60.4809],[-147.9417,60.444],[-147.9929,60.3526],[-148.0256,60.279],[-148.0645,60.2762],[-148.1159,60.2795],[-148.1501,60.2962],[-148.1531,60.3031],[-148.1536,60.3116],[-148.1501,60.3207],[-148.1502,60.3242],[-148.1709,60.3353],[-148.1927,60.3391],[-148.2169,60.3316],[-148.2158,60.3183],[-148.2112,60.307],[-148.2152,60.301],[-148.2848,60.271],[-148.3126,60.2631],[-148.3256,60.2618],[-148.3621,60.2218],[-148.3392,60.2133],[-148.3327,60.214],[-148.3212,60.2185],[-148.2758,60.2493],[-148.2169,60.26],[-148.2083,60.2593],[-148.192,60.2525],[-148.1883,60.2486],[-148.1926,60.2418],[-148.2008,60.2367],[-148.2289,60.2359],[-148.2342,60.2237],[-148.1905,60.207],[-148.1651,60.2062],[-148.1589,60.2117],[-148.1538,60.2262],[-148.153,60.2355],[-148.1399,60.2411],[-148.0902,60.2159],[-148.1173,60.1913],[-148.1336,60.1884],[-148.135,60.1846],[-148.1306,60.1698],[-148.1263,60.1671],[-148.0909,60.1686],[-148.0802,60.1716],[-148.0799,60.1842],[-148.0858,60.19],[-148.0829,60.1924],[-148.0619,60.2001],[-148.0519,60.2021],[-148.0034,60.1762],[-148.0067,60.1685],[-148.0184,60.1574],[-148.0289,60.1505],[-148.0325,60.1484],[-148.0644,60.1485],[-148.0972,60.1201],[-148.1218,60.0735],[-148.0957,60.0659],[-148.0795,60.0733],[-148.0534,60.0908],[-148.0402,60.1124],[-148.0123,60.1247],[-147.9617,60.1409],[-147.9128,60.1326],[-147.8923,60.1195],[-147.8877,60.1097],[-147.8926,60.1012],[-147.9731,60.0646],[-147.9987,60.0623],[-148.0136,60.0382],[-148.0238,60.0071],[-148.016,59.9993],[-147.9862,59.9993],[-147.9244,60.0362],[-147.8922,60.0633],[-147.8797,60.0696],[-147.8606,60.0764],[-147.8481,60.079],[-147.822,60.067],[-147.8165,60.0618],[-147.8152,60.0586],[-147.8237,60.045],[-147.8639,60.0066],[-147.9175,59.986],[-148.0058,59.9615],[-148.0318,59.9559],[-148.0368,59.9567],[-148.0507,59.9689],[-148.0501,59.9768],[-148.0564,59.9904],[-148.0699,59.9891],[-148.0858,59.9775],[-148.1048,59.9692],[-148.1351,59.9591],[-148.1537,59.9546],[-148.2248,59.9502],[-148.2511,59.9524],[-148.2529,59.9556],[-148.2135,59.9946],[-148.1938,59.999],[-148.1795,59.9967],[-148.1476,59.995],[-148.1323,59.9977],[-148.1287,60.0034],[-148.1389,60.0124],[-148.1758,60.0263],[-148.2127,60.0181],[-148.2738,60.0133],[-148.3179,60.0287],[-148.3057,60.0545],[-148.2904,60.06],[-148.2928,60.1513],[-148.3059,60.1616],[-148.3168,60.1654],[-148.3465,60.1621],[-148.3582,60.1565],[-148.3691,60.1209],[-148.3823,60.0633],[-148.4012,59.9976],[-148.4291,59.9692],[-148.4456,59.9638],[-148.4702,59.9737],[-148.4802,59.9797],[-148.4825,59.9833],[-148.477,59.9895],[-148.4804,59.9994],[-148.5088,60.0029],[-148.5441,60.0028],[-148.5563,59.9849],[-148.5553,59.9807],[-148.5991,59.9509],[-148.6358,59.9397],[-148.6738,59.9448],[-148.5836,59.9615],[-148.5624,60.4226],[-148.6666,60.4231],[-148.6554,60.7345],[-148.7456,60.7339],[-148.746,60.8461],[-148.4735,60.8506],[-148.4796,61.1651],[-148.46,61.427],[-147.206,61.4253],[-147.2057,61.4751],[-146.9451,61.4743],[-146.9418,61.8119],[-146.9616,62.1602],[-146.9817,62.2487],[-146.4263,62.2472],[-146.4286,62.8633],[-146.4841,63.1733],[-146.3293,63.1906],[-146.1408,63.184],[-146.1112,63.2212],[-145.1489,63.2222],[-145.1484,63.1336],[-144.5754,63.1334],[-144.5764,63.1179],[-143.8769,63.1132],[-143.1269,63.1159],[-143.0886,63.0086],[-143.0012,62.9938],[-143.0275,62.9354],[-143.1963,62.8262],[-143.0077,62.766],[-143.1385,62.6912],[-143.1592,62.637],[-143.1048,62.6135],[-142.8422,62.5972],[-142.7361,62.702],[-142.6291,62.6837],[-142.3145,62.684],[-142.3206,62.5987],[-141.9637,62.5106],[-141.9784,62.165],[-142.017,62.1276],[-141.8302,62.1276],[-141.8286,61.901],[-141.002,61.9019],[-141.0018,60.3917]]]]}},{"type":"Feature","id":"02270","properties":{"name":"Wade Hampton","fips":"02270"},"geometry":{"type":"Polygon","coordinates":[[[-160.5341,61.9473],[-160.4695,61.8693],[-160.1867,61.8317],[-160.3501,61.8191],[-160.5977,61.7602],[-160.7752,61.7385],[-160.954,61.6857],[-161.1268,61.5995],[-161.4496,61.5688],[-161.6971,61.5301],[-161.8853,61.4828],[-162.0134,61.4771],[-162.3283,61.5184],[-162.4762,61.504],[-162.5058,61.5564],[-162.754,61.5427],[-162.8472,61.4987],[-163.062,61.4799],[-163.1714,61.4491],[-163.4313,61.4841],[-163.5314,61.4015],[-163.5416,61.3496],[-163.9928,61.3718],[-163.9474,61.2056],[-164.1215,61.127],[-164.2019,61.1516],[-164.2118,61.0823],[-164.1547,61.0226],[-164.235,60.9882],[-164.5299,60.9408],[-164.6166,60.979],[-164.7976,60.9825],[-165.1571,60.9174],[-165.1552,60.9292],[-165.1725,60.9403],[-165.1949,60.9739],[-165.195,60.9799],[-165.1903,60.9831],[-165.1339,61.0112],[-165.1157,61.0161],[-165.0974,61.0167],[-165.0968,61.0149],[-165.0833,61.0129],[-165.0203,61.0112],[-164.9982,61.0138],[-164.9615,61.0242],[-164.9511,61.031],[-164.9506,61.0481],[-164.9278,61.0844],[-164.9022,61.0779],[-164.8705,61.0796],[-164.868,61.0964],[-164.8834,61.1059],[-164.8913,61.1082],[-164.9413,61.1109],[-164.9817,61.1097],[-164.9913,61.1072],[-164.9976,61.1044],[-164.9985,61.0795],[-164.9936,61.0762],[-164.9912,61.0722],[-164.9957,61.058],[-165.0113,61.052],[-165.0296,61.054],[-165.0578,61.0597],[-165.1198,61.0786],[-165.1676,61.1135],[-165.1753,61.1209],[-165.1771,61.1255],[-165.1671,61.1335],[-165.1659,61.1366],[-165.1689,61.1449],[-165.173,61.1469],[-165.2038,61.1503],[-165.2897,61.1817],[-165.308,61.1818],[-165.3256,61.1693],[-165.3444,61.1237],[-165.3502,61.1045],[-165.3501,61.0974],[-165.3471,61.0848],[-165.3423,61.08],[-165.337,61.0777],[-165.3381,61.0734],[-165.3434,61.0706],[-165.3705,61.0668],[-165.403,61.0671],[-165.4987,61.0791],[-165.5496,61.0882],[-165.5781,61.1004],[-165.5907,61.1112],[-165.632,61.2207],[-165.634,61.2376],[-165.6275,61.2581],[-165.6206,61.2686],[-165.6233,61.2784],[-165.6358,61.2855],[-165.6629,61.2946],[-165.7874,61.3101],[-165.8094,61.3068],[-165.8164,61.3034],[-165.8314,61.3067],[-165.859,61.3189],[-165.8796,61.335],[-165.9154,61.3877],[-165.9212,61.4031],[-165.922,61.4096],[-165.9186,61.4191],[-165.8445,61.4406],[-165.8005,61.4497],[-165.7911,61.4499],[-165.7672,61.4569],[-165.7485,61.4764],[-165.7464,61.4893],[-165.7543,61.4987],[-165.8076,61.5292],[-165.9125,61.5562],[-165.964,61.5559],[-165.9819,61.5512],[-165.9859,61.5466],[-165.9995,61.5397],[-166.0347,61.5352],[-166.0755,61.5327],[-166.0887,61.5229],[-166.08,61.5135],[-166.0582,61.5004],[-166.0754,61.493],[-166.1083,61.4925],[-166.1242,61.5046],[-166.1583,61.5415],[-166.1652,61.5506],[-166.1786,61.5748],[-166.1818,61.5813],[-166.1827,61.5885],[-166.159,61.7004],[-166.1532,61.7149],[-166.1438,61.7244],[-166.1343,61.7239],[-166.133,61.7219],[-166.1344,61.7091],[-166.1387,61.6671],[-166.1401,61.6396],[-166.1394,61.6323],[-166.1322,61.6316],[-166.054,61.6382],[-166.0318,61.6412],[-166.0151,61.6459],[-165.9679,61.6544],[-165.9038,61.6636],[-165.8221,61.6706],[-165.8099,61.673],[-165.81,61.6894],[-165.8568,61.6907],[-165.935,61.7063],[-165.9939,61.7231],[-166.0067,61.7299],[-166.0921,61.8007],[-166.094,61.8053],[-166.0943,61.8139],[-166.0853,61.8165],[-165.9553,61.8324],[-165.871,61.826],[-165.7584,61.8254],[-165.7471,61.8277],[-165.7369,61.8329],[-165.7364,61.8392],[-165.7304,61.8421],[-165.696,61.8471],[-165.6402,61.848],[-165.6084,61.8559],[-165.6,61.8597],[-165.6123,61.8719],[-165.6679,61.9003],[-165.7035,61.9216],[-165.7258,61.9472],[-165.7415,61.9714],[-165.7568,62.0063],[-165.7564,62.014],[-165.7486,62.0471],[-165.7435,62.0623],[-165.7341,62.0769],[-165.7062,62.1084],[-165.672,62.1399],[-165.6207,62.1726],[-165.5003,62.2555],[-165.3737,62.3382],[-165.3377,62.359],[-165.312,62.3788],[-165.295,62.4034],[-165.2693,62.4274],[-165.1998,62.4696],[-165.0962,62.5225],[-165.046,62.5404],[-164.8681,62.5711],[-164.7702,62.5921],[-164.7772,62.6091],[-164.7961,62.6115],[-164.8428,62.6045],[-164.8937,62.5997],[-164.9141,62.6025],[-164.9288,62.609],[-164.936,62.6135],[-164.9405,62.6184],[-164.9421,62.625],[-164.9321,62.6511],[-164.9129,62.6575],[-164.8659,62.6458],[-164.8571,62.6355],[-164.8373,62.6314],[-164.8171,62.6367],[-164.8572,62.7688],[-164.8636,62.7726],[-164.8703,62.7741],[-164.8773,62.7843],[-164.8778,62.7978],[-164.8756,62.8063],[-164.8508,62.8395],[-164.8363,62.8522],[-164.7952,62.8585],[-164.7683,62.8713],[-164.752,62.8932],[-164.7421,62.9201],[-164.7455,62.9449],[-164.7658,62.9549],[-164.7661,62.9582],[-164.7168,63.0063],[-164.6852,63.0222],[-164.5837,63.0585],[-164.5802,63.0701],[-164.6116,63.0777],[-164.6412,63.0727],[-164.6437,63.075],[-164.6449,63.0793],[-164.6403,63.0913],[-164.6339,63.0978],[-164.4931,63.1777],[-164.4234,63.212],[-164.3636,63.2263],[-164.2095,63.2515],[-164.1401,63.2593],[-164.067,63.2623],[-164.0366,63.2612],[-163.9703,63.2483],[-163.9094,63.2325],[-163.8851,63.2223],[-163.7889,63.2175],[-163.7553,63.2175],[-163.7327,63.2133],[-163.7258,63.2106],[-163.7241,63.2066],[-163.704,63.1881],[-163.6503,63.1576],[-163.6163,63.1412],[-163.5901,63.1461],[-163.5299,63.1354],[-163.5208,63.1233],[-163.5072,63.1137],[-163.4748,63.0991],[-163.434,63.0893],[-163.4177,63.0839],[-163.365,63.0558],[-163.3162,63.0378],[-163.1309,63.0494],[-163.054,63.0583],[-163.0405,63.0622],[-162.9983,63.0893],[-162.9197,63.1202],[-162.9016,63.1256],[-162.8446,63.1542],[-162.8379,63.1592],[-162.8349,63.1646],[-162.8402,63.1876],[-162.8392,63.193],[-162.8344,63.1981],[-162.8211,63.2056],[-162.7695,63.2171],[-162.7587,63.2172],[-162.7476,63.2136],[-162.7241,63.2146],[-162.6881,63.2206],[-162.6626,63.2299],[-162.5878,63.2757],[-162.3777,63.2729],[-162.3741,63.1864],[-162.1847,63.1864],[-162.1775,63.0965],[-161.99,63.096],[-161.9909,63.0127],[-160.8511,63.0127],[-160.9419,62.9989],[-160.9423,62.8988],[-160.9932,62.898],[-161.0004,62.5518],[-161.0453,62.5504],[-161.0478,62.2067],[-160.9102,62.2044],[-160.914,61.9494],[-160.5341,61.9473]]]}},{"type":"Feature","id":"02275","properties":{"name":"Wrangell","fips":"02275"},"geometry":{"type":"MultiPolygon","coordinates":[[[[-132.1995,55.6386],[-132.2154,55.6823],[-132.2242,55.7018],[-132.2375,55.7113],[-132.2601,55.7323],[-132.2836,55.7618],[-132.2804,55.7656],[-132.2651,55.7622],[-132.2517,55.7562],[-132.2296,55.7405],[-132.207,55.737],[-132.1905,55.7425],[-132.1855,55.7532],[-132.185,55.7788],[-132.1875,55.7856],[-132.1832,55.8008],[-132.1304,55.8114],[-132.1134,55.8127],[-132.0861,55.8324],[-132.0674,55.8751],[-132.0418,55.9588],[-132.0703,56.0467],[-132.0384,56.0913],[-132.0334,56.0956],[-132.0113,56.0774],[-131.9703,56.114],[-131.9357,56.1772],[-131.9434,56.1926],[-131.9588,56.1948],[-131.9939,56.1934],[-132.0181,56.1832],[-132.0348,56.1334],[-132.061,56.1294],[-132.104,56.1081],[-132.177,56.0557],[-132.1297,55.9579],[-132.1355,55.9416],[-132.1591,55.9226],[-132.1702,55.9192],[-132.1919,55.9217],[-132.2242,55.9304],[-132.28,55.9248],[-132.3205,55.8876],[-132.3198,55.8743],[-132.3093,55.8651],[-132.3099,55.8623],[-132.3232,55.8519],[-132.3723,55.8504],[-132.3765,55.8534],[-132.3973,55.8789],[-132.3983,55.8841],[-132.3971,55.9055],[-132.4012,55.9505],[-132.4462,56.0187],[-132.4928,56.0664],[-132.5221,56.077],[-132.5737,56.0707],[-132.6218,56.0561],[-132.6215,56.0492],[-132.6292,56.0374],[-132.6401,56.0332],[-132.6846,56.0823],[-132.7087,56.1121],[-132.7234,56.1458],[-132.7183,56.2177],[-132.6899,56.2387],[-132.6725,56.2394],[-132.6642,56.2363],[-132.6442,56.2328],[-132.6158,56.2342],[-132.6015,56.2401],[-132.5821,56.2788],[-132.582,56.2855],[-132.575,56.2965],[-132.5431,56.3323],[-132.5294,56.3386],[-132.4418,56.354],[-132.4316,56.3522],[-132.422,56.3493],[-132.4037,56.3348],[-132.3818,56.3108],[-132.3806,56.3078],[-132.3828,56.2992],[-132.364,56.2871],[-132.3587,56.2908],[-132.3491,56.3045],[-132.3407,56.3418],[-132.3611,56.3806],[-132.3943,56.4856],[-132.3894,56.4914],[-132.3824,56.492],[-132.3626,56.4879],[-132.2534,56.4495],[-132.2455,56.4412],[-132.2339,56.4167],[-132.242,56.4137],[-132.2385,56.3987],[-132.2231,56.384],[-132.2044,56.3721],[-132.1993,56.3711],[-132.1812,56.3871],[-132.1793,56.3908],[-132.1816,56.3993],[-132.2086,56.4571],[-132.239,56.4767],[-132.2596,56.4876],[-132.2798,56.4859],[-132.2905,56.487],[-132.3576,56.529],[-132.3613,56.5342],[-132.3671,56.5746],[-132.3638,56.5886],[-132.3584,56.5953],[-132.3193,56.6071],[-132.2973,56.6298],[-132.2842,56.6367],[-132.2801,56.6518],[-132.2815,56.6656],[-132.2987,56.678],[-132.3138,56.6766],[-132.3248,56.6738],[-132.3489,56.6642],[-132.3716,56.6725],[-132.3895,56.6725],[-132.4039,56.6697],[-132.4521,56.6725],[-132.4679,56.6807],[-132.5284,56.7021],[-132.5224,56.7163],[-132.3225,56.7386],[-132.234,56.8815],[-132.0801,56.9242],[-132.0051,56.8429],[-131.9366,56.8174],[-131.8865,56.7761],[-131.8188,56.6647],[-131.736,56.6132],[-131.5812,56.6133],[-131.4284,56.5371],[-131.1679,56.4484],[-131.0874,56.4074],[-131.0962,56.3352],[-130.9987,56.274],[-131.1067,56.1951],[-131.2386,56.171],[-131.2534,56.2069],[-131.4371,56.14],[-131.3692,56.0699],[-131.3719,56.0133],[-131.4988,56.0191],[-131.6534,56.1039],[-131.6927,56.0506],[-131.8296,56.0563],[-131.9046,55.973],[-131.8719,55.9489],[-132.011,55.8548],[-131.9356,55.7984],[-131.9627,55.7008],[-132.0588,55.7109],[-132.0912,55.6607],[-132.1995,55.6386]]],[[[-132.9772,56.4397],[-132.9574,56.449],[-132.9277,56.4569],[-132.8963,56.458],[-132.8719,56.457],[-132.8432,56.4448],[-132.8193,56.4395],[-132.8081,56.4408],[-132.7919,56.4492],[-132.7829,56.4515],[-132.7345,56.4585],[-132.7161,56.4549],[-132.6681,56.4403],[-132.6343,56.4222],[-132.6286,56.4163],[-132.6206,56.3912],[-132.6524,56.3759],[-132.6622,56.3691],[-132.6794,56.3543],[-132.6841,56.3457],[-132.6766,56.3331],[-132.6625,56.3205],[-132.6555,56.3038],[-132.6555,56.2956],[-132.6621,56.2748],[-132.7213,56.2585],[-132.776,56.2546],[-132.8437,56.2389],[-132.8776,56.2403],[-133.0106,56.3095],[-133.0454,56.3208],[-133.0676,56.3336],[-133.0709,56.3542],[-133.0694,56.3564],[-133.0604,56.3584],[-133.0457,56.3715],[-133.0066,56.4159],[-133.0063,56.4178],[-133.0109,56.4214],[-133.0108,56.4243],[-133.0024,56.4307],[-132.9772,56.4397]]]]}},{"type":"Feature","id":"02282","properties":{"name":"Yakutat","fips":"02282"},"geometry":{"type":"Polygon","coordinates":[[[-137.5253,58.9069],[-137.9443,58.8023],[-137.945,58.8047],[-137.9394,58.8137],[-137.9316,58.8198],[-137.9276,58.8272],[-137.9246,58.8439],[-137.9326,58.8685],[-137.952,58.886],[-137.9852,58.9095],[-138.0663,58.9571],[-138.1362,58.989],[-138.131,59.0026],[-138.1176,59.0125],[-138.1189,59.0213],[-138.1446,59.0281],[-138.2505,59.047],[-138.6367,59.1306],[-138.7059,59.1625],[-138.7635,59.1913],[-138.8475,59.2248],[-138.9197,59.2485],[-139.0446,59.2803],[-139.271,59.3374],[-139.343,59.3566],[-139.4202,59.3798],[-139.5412,59.4231],[-139.5952,59.4454],[-139.7465,59.5034],[-139.8556,59.5367],[-139.8625,59.5443],[-139.8613,59.5467],[-139.8472,59.5573],[-139.8378,59.562],[-139.8072,59.5543],[-139.7851,59.564],[-139.7687,59.5976],[-139.7372,59.6326],[-139.7323,59.6369],[-139.719,59.6412],[-139.7081,59.6427],[-139.6672,59.6388],[-139.6552,59.6335],[-139.6564,59.6212],[-139.6714,59.6157],[-139.6763,59.6112],[-139.6724,59.6029],[-139.6546,59.598],[-139.6231,59.5959],[-139.6145,59.5971],[-139.5871,59.606],[-139.5814,59.6092],[-139.5825,59.6135],[-139.5894,59.6187],[-139.5935,59.6243],[-139.5858,59.6428],[-139.5182,59.6878],[-139.524,59.7125],[-139.5526,59.7068],[-139.579,59.7122],[-139.5872,59.7156],[-139.5934,59.7215],[-139.592,59.725],[-139.5816,59.7351],[-139.5764,59.7382],[-139.5594,59.7427],[-139.5461,59.7527],[-139.562,59.7749],[-139.5774,59.7893],[-139.5904,59.8102],[-139.6172,59.8636],[-139.6247,59.8844],[-139.6213,59.9067],[-139.6169,59.912],[-139.6108,59.9138],[-139.5972,59.9137],[-139.5772,59.9183],[-139.5359,59.9352],[-139.5275,59.94],[-139.4887,59.995],[-139.486,60.0124],[-139.5054,60.0394],[-139.5552,60.0392],[-139.5768,60.0154],[-139.6019,59.9599],[-139.6058,59.9556],[-139.6575,59.9447],[-139.6825,59.944],[-139.6934,59.9407],[-139.7053,59.9348],[-139.7695,59.8781],[-139.7686,59.8512],[-139.7755,59.8452],[-139.8012,59.8326],[-139.8112,59.8293],[-139.9099,59.8061],[-140.1026,59.7549],[-140.1411,59.748],[-140.1647,59.7419],[-140.1781,59.7356],[-140.1886,59.7252],[-140.2109,59.7155],[-140.2564,59.7031],[-140.2723,59.7006],[-140.2856,59.6987],[-140.3144,59.6983],[-140.385,59.6995],[-140.6017,59.713],[-140.6366,59.7114],[-140.722,59.7186],[-140.8836,59.7376],[-140.9272,59.7457],[-141.0133,59.7733],[-141.1565,59.8136],[-141.2161,59.8273],[-141.4239,59.8674],[-141.442,59.8733],[-141.4505,59.8904],[-141.4675,59.9713],[-141.5303,59.9777],[-141.6314,59.9628],[-141.7091,59.9489],[-141.8698,59.9988],[-141.9122,60.0098],[-141.9662,60.0191],[-141.9988,60.0226],[-142.0625,60.0238],[-142.1001,60.0268],[-142.13,60.0303],[-142.2452,60.0498],[-142.5375,60.084],[-142.5897,60.0882],[-142.6984,60.0933],[-142.8099,60.0952],[-142.8752,60.0924],[-142.9089,60.0903],[-143.0687,60.0686],[-143.1356,60.0621],[-143.1943,60.062],[-143.4134,60.0519],[-143.6242,60.0373],[-143.699,60.0278],[-143.8855,59.9968],[-143.89,60.0423],[-143.1671,60.5188],[-142.8173,60.5158],[-141.9631,60.5214],[-141.7656,60.5277],[-141.7637,60.435],[-141.2137,60.4358],[-141.2136,60.3925],[-141.0018,60.3917],[-141.0018,60.3061],[-140.5351,60.2242],[-140.4723,60.3106],[-139.9891,60.1852],[-139.6984,60.3404],[-139.0867,60.3577],[-139.0822,60.3238],[-139.2003,60.0907],[-139.0464,59.9982],[-138.7961,59.9287],[-138.7021,59.9102],[-138.6628,59.8137],[-138.663,59.8102],[-138.6209,59.7706],[-138.5602,59.7412],[-138.0011,59.4522],[-137.6043,59.2431],[-137.4986,58.9867],[-137.5264,58.9068],[-137.5253,58.9069]]]}},{"type":"Feature","id":"02290","properties":{"name":"Yukon-Koyukuk","fips":"02290"},"geometry":{"type":"Polygon","coordinates":[[[-153.0013,62.7274],[-153.0013,62.2953],[-153.0677,62.2952],[-153.0703,62.2085],[-153.3943,62.2091],[-153.3954,62.1248],[-153.7406,62.1216],[-153.7358,62.0294],[-155.1075,62.0294],[-157.0736,62.0296],[-157.0742,62.1299],[-157.517,62.1235],[-158.5324,62.1186],[-158.5311,62.0317],[-159.261,62.032],[-159.2651,61.9456],[-160.5341,61.9473],[-160.914,61.9494],[-160.9102,62.2044],[-161.0478,62.2067],[-161.0453,62.5504],[-161.0004,62.5518],[-160.9932,62.898],[-160.9423,62.8988],[-160.9419,62.9989],[-160.8511,63.0127],[-160.8473,63.2692],[-160.6713,63.2708],[-160.6921,63.5366],[-160.495,63.5371],[-160.4935,63.6137],[-160.0979,63.6144],[-160.1037,63.7023],[-159.9292,63.7035],[-159.9308,63.7938],[-159.6993,63.7923],[-159.7312,64.0524],[-159.9564,64.051],[-159.9781,64.7485],[-159.7738,64.7503],[-159.7772,64.9231],[-159.5769,64.9237],[-159.5786,65.2627],[-159.3848,65.2617],[-159.3867,65.5231],[-159.5936,65.5227],[-159.5952,65.9581],[-158.9663,65.9573],[-158.9655,66.1234],[-157.8942,66.1253],[-157.8924,66.4768],[-157.0517,66.4788],[-157.0515,66.3021],[-156.6267,66.3049],[-156.6243,66.4788],[-156.1962,66.4794],[-156.1972,66.3948],[-155.9815,66.398],[-155.9811,66.3104],[-155.5624,66.3095],[-155.5546,66.4819],[-155.5139,66.5693],[-154.866,66.5677],[-154.8626,66.7169],[-154.2021,66.7166],[-154.2015,66.8046],[-154.1416,66.8049],[-154.1452,67.1619],[-154.3023,67.1608],[-154.3061,67.2512],[-154.7488,67.2544],[-154.7475,67.5127],[-154.6884,67.5125],[-154.6867,67.6022],[-154.911,67.6019],[-154.9047,67.688],[-155.1324,67.6866],[-155.1297,67.775],[-155.3522,67.7756],[-155.307,67.864],[-155.298,68.0018],[-151.6063,68.0069],[-149.6206,67.9989],[-147.3898,68.001],[-145.9949,68.0013],[-145.9982,68.4899],[-144.2971,68.5073],[-142.3605,68.4896],[-141.0027,68.4984],[-141.0025,65.8401],[-141.0025,65.8394],[-141.0932,65.8274],[-141.3362,65.7116],[-141.3878,65.6144],[-141.7891,65.5015],[-141.8558,65.4458],[-142.1214,65.4717],[-142.3071,65.4406],[-142.4873,65.3719],[-142.63,65.3854],[-142.7264,65.3077],[-142.7319,65.2336],[-142.8471,65.1456],[-143.0818,65.1209],[-143.3645,64.997],[-143.5252,64.9601],[-143.5036,64.8583],[-143.4337,64.8218],[-143.6472,64.6695],[-143.7512,64.6478],[-144.0612,64.6834],[-144.1201,64.7983],[-143.992,64.977],[-144.1055,65.0155],[-143.8848,65.0903],[-143.978,65.119],[-144.2472,65.1188],[-144.4454,65.0623],[-144.8914,65.1372],[-145.2099,65.073],[-145.4175,65.0848],[-145.6464,65.0337],[-145.7497,65.0982],[-145.6155,65.1441],[-145.8738,65.214],[-146.0781,65.2452],[-146.1375,65.3099],[-145.9943,65.406],[-146.1198,65.4058],[-146.1924,65.4545],[-146.4904,65.3869],[-146.5688,65.3447],[-146.9197,65.273],[-147.0171,65.2904],[-147.3348,65.2733],[-147.5502,65.211],[-148.6638,65.2114],[-148.6427,64.8657],[-148.6524,64.5911],[-148.4411,64.5778],[-148.3805,64.5206],[-148.2422,64.4834],[-148.2298,64.4366],[-147.9952,64.3417],[-149.1207,64.3436],[-149.12,64.3588],[-149.668,64.3578],[-150.7497,64.3651],[-151.1362,64.1331],[-151.3013,64.01],[-151.5251,64.0325],[-151.5793,64.0854],[-151.7906,64.0823],[-151.8251,64.0054],[-152.0474,64.0006],[-152.0555,63.8237],[-152.2336,63.8237],[-152.2419,63.6567],[-152.8534,63.6517],[-152.812,63.3512],[-152.4346,63.3059],[-152.4342,63.1698],[-153.0013,62.7274]]]}}]}