{"type":"FeatureCollection","features":[{"type":"Feature","id":"08001","properties":{"name":"Adams","fips":"08001"},"geometry":{"type":"Polygon","coordinates":[[[-103.7065,39.7399],[-104.735,39.7403],[-104.8846,39.7402],[-104.8564,39.7687],[-104.7346,39.7692],[-104.7625,39.823],[-104.6199,39.8266],[-104.6004,39.8995],[-104.6929,39.9142],[-104.7909,39.7983],[-105.0532,39.7911],[-105.0532,39.7992],[-105.0528,39.8039],[-105.0533,39.8065],[-105.0533,39.82],[-105.0532,39.8493],[-105.0529,39.852],[-105.0532,39.86],[-105.0529,39.9138],[-104.9614,40.0003],[-104.9237,40.0003],[-104.9222,40.0003],[-104.1503,40.0009],[-103.7057,40.0014],[-103.7058,40.0],[-103.7065,39.7399]]]}},{"type":"Feature","id":"08003","properties":{"name":"Alamosa","fips":"08003"},"geometry":{"type":"Polygon","coordinates":[[[-105.4855,37.5779],[-105.7433,37.3568],[-106.0389,37.357],[-106.0393,37.4009],[-106.0384,37.7484],[-105.4573,37.7515],[-105.4855,37.5779]]]}},{"type":"Feature","id":"08005","properties":{"name":"Arapahoe","fips":"08005"},"geometry":{"type":"Polygon","coordinates":[[[-104.8846,39.7402],[-104.735,39.7403],[-103.7065,39.7399],[-103.7071,39.5663],[-103.7144,39.5663],[-104.6606,39.5659],[-105.0487,39.5661],[-105.0541,39.5661],[-105.0534,39.6214],[-105.0534,39.6316],[-105.0348,39.6278],[-105.032,39.6571],[-105.0157,39.6787],[-104.9317,39.653],[-104.9133,39.6242],[-104.9119,39.6243],[-104.9117,39.6243],[-104.9089,39.6243],[-104.9086,39.6243],[-104.9069,39.6243],[-104.9064,39.6243],[-104.9055,39.6242],[-104.904,39.624],[-104.9025,39.6239],[-104.9018,39.6239],[-104.9017,39.6239],[-104.9016,39.6239],[-104.9009,39.6239],[-104.8994,39.6241],[-104.8993,39.6241],[-104.8993,39.6241],[-104.8986,39.6241],[-104.8971,39.6241],[-104.8946,39.6242],[-104.8945,39.6242],[-104.8927,39.6241],[-104.8917,39.6241],[-104.8898,39.6242],[-104.8897,39.6242],[-104.889,39.6242],[-104.8888,39.6242],[-104.8883,39.6241],[-104.8878,39.6241],[-104.8853,39.6241],[-104.8853,39.6271],[-104.8852,39.6291],[-104.8852,39.6295],[-104.8852,39.6313],[-104.8852,39.6335],[-104.8852,39.6363],[-104.8852,39.6365],[-104.8851,39.6381],[-104.8851,39.6383],[-104.8851,39.6384],[-104.8851,39.6386],[-104.8851,39.6388],[-104.8851,39.639],[-104.8851,39.6393],[-104.8849,39.6393],[-104.8848,39.6394],[-104.8837,39.6399],[-104.8829,39.6403],[-104.8828,39.6403],[-104.8809,39.6412],[-104.8803,39.6415],[-104.8803,39.6417],[-104.8803,39.6417],[-104.8803,39.6418],[-104.8803,39.642],[-104.8803,39.642],[-104.8804,39.6422],[-104.8804,39.6425],[-104.8804,39.6426],[-104.8803,39.6439],[-104.8803,39.6459],[-104.8802,39.646],[-104.8802,39.6461],[-104.8802,39.6465],[-104.8802,39.6478],[-104.8802,39.648],[-104.8801,39.6508],[-104.8801,39.6531],[-104.8801,39.6531],[-104.878,39.6531],[-104.8775,39.6531],[-104.8775,39.6531],[-104.8772,39.6529],[-104.8763,39.6523],[-104.8763,39.652],[-104.8763,39.6515],[-104.8762,39.6501],[-104.8762,39.6486],[-104.8762,39.6486],[-104.8762,39.6471],[-104.8761,39.647],[-104.8761,39.6465],[-104.8762,39.6443],[-104.8756,39.6446],[-104.8572,39.6532],[-104.8568,39.6534],[-104.8568,39.6535],[-104.856,39.6542],[-104.8547,39.6549],[-104.8545,39.655],[-104.8529,39.6557],[-104.8508,39.6563],[-104.8494,39.6565],[-104.849,39.6565],[-104.8481,39.6566],[-104.8477,39.6567],[-104.8476,39.6567],[-104.8471,39.6568],[-104.8474,39.6568],[-104.8475,39.6568],[-104.8476,39.6568],[-104.8477,39.6568],[-104.8477,39.6569],[-104.8477,39.6572],[-104.8477,39.6578],[-104.8479,39.6578],[-104.848,39.6578],[-104.8483,39.6579],[-104.8483,39.6592],[-104.8846,39.7402]]]}},{"type":"Feature","id":"08007","properties":{"name":"Archuleta","fips":"08007"},"geometry":{"type":"Polygon","coordinates":[[[-106.4762,36.9935],[-106.6172,36.993],[-106.6171,36.993],[-106.6287,36.9932],[-106.6287,36.9932],[-106.6613,36.9932],[-106.6756,36.9931],[-106.8698,36.9924],[-107.0006,37.0],[-107.4209,37.0],[-107.4209,37.0],[-107.4817,37.0],[-107.4821,37.4227],[-107.1287,37.4229],[-107.1287,37.3924],[-106.7108,37.4042],[-106.6784,37.4036],[-106.6784,37.2286],[-106.4762,36.9935]]]}},{"type":"Feature","id":"08009","properties":{"name":"Baca","fips":"08009"},"geometry":{"type":"Polygon","coordinates":[[[-102.0422,36.9931],[-102.0545,36.9931],[-102.1843,36.9936],[-102.2083,36.9937],[-102.3553,36.9945],[-102.3554,36.9946],[-102.5709,36.9951],[-102.8755,36.9996],[-102.9796,36.9985],[-102.9858,36.9986],[-102.987,36.9985],[-103.0022,37.0001],[-103.0861,36.9999],[-103.0759,37.6434],[-102.7476,37.6436],[-102.0416,37.6443],[-102.0416,37.6079],[-102.0419,37.558],[-102.0419,37.5412],[-102.042,37.5353],[-102.0418,37.5061],[-102.0418,37.4695],[-102.0418,37.4349],[-102.0417,37.4347],[-102.0417,37.4099],[-102.0418,37.3892],[-102.0421,37.3528],[-102.042,37.3526],[-102.0418,37.3095],[-102.0417,37.2976],[-102.042,37.2582],[-102.042,37.1417],[-102.0421,37.125],[-102.0421,37.125],[-102.0418,37.112],[-102.042,37.1066],[-102.0419,37.0351],[-102.0417,37.0344],[-102.0419,37.0322],[-102.0419,37.0308],[-102.042,37.0247],[-102.0422,36.9931]]]}},{"type":"Feature","id":"08011","properties":{"name":"Bent","fips":"08011"},"geometry":{"type":"Polygon","coordinates":[[[-103.4036,37.7924],[-103.3999,38.2654],[-102.7423,38.267],[-102.7476,37.6436],[-103.0759,37.6434],[-103.4043,37.6436],[-103.4036,37.7924]]]}},{"type":"Feature","id":"08013","properties":{"name":"Boulder","fips":"08013"},"geometry":{"type":"Polygon","coordinates":[[[-105.0551,40.2618],[-105.0554,40.1449],[-105.0554,40.1447],[-105.0554,40.0003],[-105.0528,40.0003],[-105.0528,39.9864],[-105.0528,39.9795],[-105.0528,39.9788],[-105.0528,39.9786],[-105.0528,39.9776],[-105.0547,39.9769],[-105.0577,39.9759],[-105.0578,39.9758],[-105.0586,39.9755],[-105.0604,39.9748],[-105.061,39.9746],[-105.0635,39.9734],[-105.0666,39.9719],[-105.0674,39.9713],[-105.0696,39.9702],[-105.0705,39.9697],[-105.0719,39.9685],[-105.0731,39.9673],[-105.0747,39.9658],[-105.0757,39.9646],[-105.0786,39.9622],[-105.0799,39.9617],[-105.08,39.9616],[-105.0806,39.9614],[-105.082,39.961],[-105.0821,39.961],[-105.084,39.9605],[-105.0856,39.9601],[-105.0858,39.9601],[-105.0859,39.9601],[-105.0859,39.9601],[-105.0859,39.9601],[-105.086,39.9601],[-105.086,39.9601],[-105.086,39.9601],[-105.0861,39.96],[-105.0869,39.96],[-105.087,39.9597],[-105.087,39.9595],[-105.0873,39.9596],[-105.0874,39.9596],[-105.0877,39.9596],[-105.0877,39.9589],[-105.0877,39.9587],[-105.0877,39.9582],[-105.0886,39.9582],[-105.0886,39.9581],[-105.0886,39.958],[-105.0886,39.958],[-105.0886,39.958],[-105.0886,39.9579],[-105.0886,39.9579],[-105.0884,39.9579],[-105.0883,39.9579],[-105.0883,39.9579],[-105.0879,39.9578],[-105.0878,39.9578],[-105.0878,39.9578],[-105.0877,39.9578],[-105.0873,39.9578],[-105.0869,39.9578],[-105.0869,39.9578],[-105.0858,39.9579],[-105.0858,39.9579],[-105.0858,39.958],[-105.0857,39.958],[-105.0857,39.958],[-105.0857,39.958],[-105.0857,39.958],[-105.0857,39.958],[-105.0857,39.958],[-105.0857,39.958],[-105.0856,39.958],[-105.0856,39.958],[-105.0855,39.9581],[-105.0855,39.9581],[-105.0854,39.9581],[-105.0854,39.9581],[-105.0849,39.9582],[-105.084,39.9583],[-105.0833,39.9583],[-105.0833,39.9579],[-105.0828,39.9579],[-105.0828,39.9579],[-105.0828,39.9579],[-105.0825,39.9579],[-105.0825,39.9579],[-105.0825,39.9579],[-105.0824,39.9579],[-105.081,39.9578],[-105.0806,39.9578],[-105.0803,39.9578],[-105.08,39.9578],[-105.0797,39.9578],[-105.0793,39.9578],[-105.0792,39.9578],[-105.0773,39.9578],[-105.0768,39.9578],[-105.0766,39.9578],[-105.0759,39.9578],[-105.0753,39.9578],[-105.0746,39.9578],[-105.0723,39.9578],[-105.0719,39.9578],[-105.0719,39.9578],[-105.0719,39.9578],[-105.0718,39.9578],[-105.0718,39.9575],[-105.0717,39.9506],[-105.0719,39.9506],[-105.0722,39.9506],[-105.0725,39.9506],[-105.0758,39.9506],[-105.0761,39.9506],[-105.0761,39.9475],[-105.0761,39.947],[-105.0761,39.9469],[-105.0761,39.9464],[-105.0761,39.9446],[-105.0761,39.9439],[-105.0761,39.9437],[-105.0761,39.9435],[-105.0761,39.9432],[-105.0857,39.9432],[-105.0903,39.9431],[-105.0903,39.9431],[-105.0905,39.9431],[-105.0905,39.9431],[-105.0907,39.9431],[-105.0909,39.9431],[-105.0909,39.9416],[-105.0908,39.9415],[-105.0908,39.94],[-105.0908,39.94],[-105.0908,39.94],[-105.0908,39.94],[-105.0908,39.9399],[-105.0908,39.9399],[-105.0908,39.9388],[-105.0909,39.9378],[-105.0909,39.9364],[-105.0909,39.9364],[-105.091,39.9364],[-105.091,39.9364],[-105.0938,39.9364],[-105.1027,39.9364],[-105.1028,39.9364],[-105.1075,39.9364],[-105.1079,39.9364],[-105.108,39.9364],[-105.108,39.9364],[-105.1087,39.9365],[-105.1087,39.9365],[-105.1087,39.9365],[-105.1087,39.9365],[-105.1088,39.9365],[-105.109,39.9365],[-105.109,39.9361],[-105.109,39.9361],[-105.109,39.9361],[-105.109,39.9361],[-105.109,39.9361],[-105.109,39.9361],[-105.109,39.9358],[-105.109,39.9357],[-105.1092,39.9355],[-105.1094,39.9355],[-105.11,39.9351],[-105.11,39.935],[-105.1123,39.9336],[-105.1123,39.9336],[-105.1124,39.9335],[-105.1125,39.9334],[-105.1128,39.9332],[-105.1129,39.9331],[-105.113,39.933],[-105.1132,39.9328],[-105.1132,39.9327],[-105.1133,39.9326],[-105.1134,39.9325],[-105.1135,39.9323],[-105.1135,39.9321],[-105.1135,39.9321],[-105.1136,39.9321],[-105.1136,39.9319],[-105.1136,39.9318],[-105.1137,39.9316],[-105.1137,39.9314],[-105.1137,39.9313],[-105.1136,39.9312],[-105.1136,39.931],[-105.1136,39.9309],[-105.1136,39.9309],[-105.1136,39.9309],[-105.1135,39.9307],[-105.1134,39.9305],[-105.1133,39.9302],[-105.1124,39.9286],[-105.1124,39.9286],[-105.1123,39.9284],[-105.1122,39.9283],[-105.1121,39.9282],[-105.1121,39.9282],[-105.112,39.928],[-105.1118,39.9278],[-105.1116,39.9276],[-105.1115,39.9275],[-105.1112,39.9273],[-105.1109,39.9271],[-105.1106,39.9269],[-105.1093,39.926],[-105.1093,39.926],[-105.109,39.9259],[-105.109,39.9257],[-105.1091,39.9256],[-105.1091,39.9246],[-105.1091,39.9244],[-105.1094,39.9244],[-105.1095,39.9245],[-105.1096,39.9245],[-105.1098,39.9246],[-105.1099,39.9246],[-105.11,39.9246],[-105.11,39.9246],[-105.11,39.9247],[-105.11,39.9247],[-105.1101,39.9247],[-105.1101,39.9247],[-105.1101,39.9247],[-105.1102,39.9248],[-105.1105,39.9249],[-105.1106,39.925],[-105.1107,39.9251],[-105.1108,39.9251],[-105.1108,39.9251],[-105.1108,39.9251],[-105.1108,39.9251],[-105.1109,39.9252],[-105.1109,39.9252],[-105.111,39.9252],[-105.111,39.9252],[-105.111,39.9252],[-105.111,39.9252],[-105.1113,39.9254],[-105.1114,39.9255],[-105.1114,39.9255],[-105.1115,39.9255],[-105.1116,39.9256],[-105.1116,39.9256],[-105.1117,39.9257],[-105.1117,39.9257],[-105.1118,39.9258],[-105.1118,39.9258],[-105.1119,39.9258],[-105.1119,39.9258],[-105.1122,39.9261],[-105.1123,39.9261],[-105.1123,39.9261],[-105.1124,39.9262],[-105.1124,39.9262],[-105.1124,39.9262],[-105.1127,39.9265],[-105.1128,39.9265],[-105.1128,39.9266],[-105.1129,39.9267],[-105.1129,39.9267],[-105.1129,39.9267],[-105.1129,39.9267],[-105.1129,39.9267],[-105.113,39.9267],[-105.113,39.9267],[-105.1131,39.9268],[-105.1132,39.9269],[-105.1132,39.927],[-105.1133,39.927],[-105.1133,39.9271],[-105.1134,39.9272],[-105.1135,39.9273],[-105.1135,39.9274],[-105.1135,39.9274],[-105.1135,39.9275],[-105.1135,39.9275],[-105.1136,39.9276],[-105.1136,39.9277],[-105.1136,39.9277],[-105.1136,39.9277],[-105.1136,39.9277],[-105.1137,39.928],[-105.1137,39.9281],[-105.1137,39.9281],[-105.1137,39.9282],[-105.1138,39.9284],[-105.1138,39.9284],[-105.1138,39.9285],[-105.1138,39.9285],[-105.1138,39.9285],[-105.1138,39.9286],[-105.1138,39.9286],[-105.1139,39.9286],[-105.1139,39.9286],[-105.114,39.9288],[-105.114,39.929],[-105.1141,39.9291],[-105.1141,39.9292],[-105.1141,39.9294],[-105.1144,39.9302],[-105.1166,39.932],[-105.1168,39.9321],[-105.1168,39.9322],[-105.117,39.9323],[-105.1188,39.9338],[-105.1189,39.9338],[-105.1189,39.9338],[-105.1189,39.9338],[-105.1189,39.9339],[-105.1189,39.9341],[-105.1189,39.9342],[-105.1188,39.9343],[-105.1187,39.9344],[-105.1187,39.9345],[-105.1185,39.9348],[-105.1185,39.9349],[-105.1185,39.935],[-105.1184,39.935],[-105.1184,39.9351],[-105.1184,39.9351],[-105.1185,39.9352],[-105.1185,39.9352],[-105.1185,39.9353],[-105.1185,39.9354],[-105.1186,39.9355],[-105.1186,39.9355],[-105.1186,39.9355],[-105.1186,39.9355],[-105.1186,39.9355],[-105.1187,39.9356],[-105.1187,39.9357],[-105.1187,39.9357],[-105.1187,39.9357],[-105.1187,39.9357],[-105.1187,39.9358],[-105.1187,39.9358],[-105.1187,39.9358],[-105.1187,39.9358],[-105.1187,39.9359],[-105.1187,39.9359],[-105.1187,39.9359],[-105.1187,39.9359],[-105.1187,39.936],[-105.1188,39.9362],[-105.1188,39.9362],[-105.1187,39.9364],[-105.1187,39.9368],[-105.1187,39.9373],[-105.1187,39.9375],[-105.1187,39.9385],[-105.1187,39.939],[-105.1187,39.9392],[-105.1187,39.9392],[-105.1187,39.9393],[-105.1187,39.9393],[-105.1187,39.9412],[-105.1187,39.942],[-105.1187,39.942],[-105.1187,39.942],[-105.1187,39.942],[-105.1187,39.942],[-105.1187,39.9421],[-105.1187,39.9421],[-105.1187,39.9429],[-105.1187,39.943],[-105.1187,39.9431],[-105.1187,39.9431],[-105.1188,39.9432],[-105.1188,39.9432],[-105.1188,39.9432],[-105.1186,39.9432],[-105.1184,39.9432],[-105.1103,39.9432],[-105.1101,39.9432],[-105.1094,39.9432],[-105.1093,39.9432],[-105.1093,39.9432],[-105.1093,39.9432],[-105.1093,39.9432],[-105.1091,39.9432],[-105.1091,39.9433],[-105.1091,39.9441],[-105.1091,39.9442],[-105.1093,39.945],[-105.1093,39.945],[-105.1093,39.945],[-105.1093,39.945],[-105.1093,39.9451],[-105.1094,39.9452],[-105.1094,39.9455],[-105.1094,39.9456],[-105.1094,39.946],[-105.1094,39.9462],[-105.1094,39.9462],[-105.1094,39.9462],[-105.1094,39.9462],[-105.1094,39.9463],[-105.1093,39.9472],[-105.1093,39.9475],[-105.1093,39.9475],[-105.1093,39.9476],[-105.1093,39.9477],[-105.1093,39.9478],[-105.1093,39.9479],[-105.1093,39.9488],[-105.1093,39.9489],[-105.1093,39.949],[-105.1093,39.949],[-105.1093,39.949],[-105.1093,39.9491],[-105.1093,39.9491],[-105.1093,39.9492],[-105.1093,39.9492],[-105.1093,39.9492],[-105.1093,39.9492],[-105.1093,39.9492],[-105.1093,39.9495],[-105.1093,39.9502],[-105.1093,39.9503],[-105.1093,39.9503],[-105.1093,39.9503],[-105.1093,39.9504],[-105.1093,39.9504],[-105.1093,39.9504],[-105.1093,39.9504],[-105.1093,39.9504],[-105.1093,39.9504],[-105.1093,39.9504],[-105.1093,39.9504],[-105.1093,39.9504],[-105.1093,39.9504],[-105.1093,39.9504],[-105.1093,39.9505],[-105.1093,39.9505],[-105.1093,39.9505],[-105.1093,39.9505],[-105.1094,39.9505],[-105.1094,39.9505],[-105.1154,39.9505],[-105.1154,39.9505],[-105.117,39.9506],[-105.1184,39.9506],[-105.1186,39.9506],[-105.1187,39.9506],[-105.1187,39.9506],[-105.1187,39.9506],[-105.1187,39.9506],[-105.1187,39.9506],[-105.1187,39.9506],[-105.1188,39.9506],[-105.1188,39.9506],[-105.119,39.9506],[-105.1203,39.9506],[-105.1203,39.9506],[-105.1205,39.9506],[-105.1205,39.9506],[-105.1208,39.9505],[-105.121,39.9512],[-105.121,39.9513],[-105.121,39.9513],[-105.121,39.9513],[-105.1211,39.9513],[-105.1211,39.9514],[-105.1208,39.9515],[-105.1207,39.9516],[-105.1206,39.9517],[-105.1198,39.9522],[-105.1196,39.9522],[-105.1196,39.9522],[-105.1196,39.9522],[-105.1196,39.9523],[-105.1196,39.9523],[-105.1195,39.9523],[-105.1193,39.9524],[-105.1178,39.953],[-105.1176,39.9531],[-105.1161,39.9537],[-105.1134,39.9545],[-105.111,39.9554],[-105.1093,39.956],[-105.1094,39.9565],[-105.1094,39.9567],[-105.1094,39.9568],[-105.1097,39.9568],[-105.1097,39.9567],[-105.1109,39.9563],[-105.1118,39.9561],[-105.1134,39.9556],[-105.1146,39.9552],[-105.1153,39.9549],[-105.1178,39.9539],[-105.1179,39.9538],[-105.1187,39.9535],[-105.1187,39.9535],[-105.1193,39.9533],[-105.1206,39.9527],[-105.1211,39.9525],[-105.1211,39.9525],[-105.1212,39.9524],[-105.1214,39.9523],[-105.1221,39.9542],[-105.1223,39.9546],[-105.1273,39.9545],[-105.1276,39.9545],[-105.1276,39.9542],[-105.1276,39.9541],[-105.1276,39.9524],[-105.1276,39.9523],[-105.1276,39.9507],[-105.1276,39.9495],[-105.1276,39.9489],[-105.1276,39.9475],[-105.1276,39.9468],[-105.1276,39.9463],[-105.1276,39.9458],[-105.1276,39.9455],[-105.1276,39.9454],[-105.1276,39.9451],[-105.1276,39.9451],[-105.1276,39.9451],[-105.1276,39.9451],[-105.1276,39.9451],[-105.1276,39.9451],[-105.1276,39.9451],[-105.1276,39.9446],[-105.1276,39.9446],[-105.1275,39.9433],[-105.1275,39.9433],[-105.1275,39.9433],[-105.1275,39.943],[-105.1275,39.943],[-105.1274,39.9409],[-105.1274,39.9408],[-105.1274,39.9408],[-105.1274,39.9407],[-105.1274,39.94],[-105.1274,39.9398],[-105.1277,39.9398],[-105.1279,39.9398],[-105.1369,39.9399],[-105.1376,39.9399],[-105.1376,39.9397],[-105.1376,39.9395],[-105.1376,39.9394],[-105.1376,39.9392],[-105.1376,39.9371],[-105.1376,39.9298],[-105.1376,39.9289],[-105.1384,39.9289],[-105.1384,39.9289],[-105.1386,39.9289],[-105.1389,39.9289],[-105.1397,39.9289],[-105.1418,39.9289],[-105.1418,39.9289],[-105.1423,39.9289],[-105.1423,39.9289],[-105.1424,39.9289],[-105.1425,39.9289],[-105.1433,39.9289],[-105.1439,39.9289],[-105.1468,39.9289],[-105.147,39.9289],[-105.1471,39.9289],[-105.1471,39.9289],[-105.1471,39.9288],[-105.1471,39.9285],[-105.1471,39.9285],[-105.1471,39.9285],[-105.1471,39.9282],[-105.1471,39.9274],[-105.1471,39.9273],[-105.1472,39.9266],[-105.1472,39.9266],[-105.1472,39.9252],[-105.1472,39.9228],[-105.1473,39.914],[-105.1473,39.9139],[-105.3978,39.9129],[-105.398,39.9349],[-105.6758,39.9324],[-105.6388,40.0388],[-105.6533,40.2605],[-105.1965,40.2611],[-105.0551,40.2618]]]}},{"type":"Feature","id":"08014","properties":{"name":"Broomfield","fips":"08014"},"geometry":{"type":"Polygon","coordinates":[[[-105.1473,39.9139],[-105.1473,39.914],[-105.1472,39.9228],[-105.1472,39.9252],[-105.1472,39.9266],[-105.1472,39.9266],[-105.1471,39.9273],[-105.1471,39.9274],[-105.1471,39.9282],[-105.1471,39.9285],[-105.1471,39.9285],[-105.1471,39.9285],[-105.1471,39.9288],[-105.1471,39.9289],[-105.1471,39.9289],[-105.147,39.9289],[-105.1468,39.9289],[-105.1439,39.9289],[-105.1433,39.9289],[-105.1425,39.9289],[-105.1424,39.9289],[-105.1423,39.9289],[-105.1423,39.9289],[-105.1418,39.9289],[-105.1418,39.9289],[-105.1397,39.9289],[-105.1389,39.9289],[-105.1386,39.9289],[-105.1384,39.9289],[-105.1384,39.9289],[-105.1376,39.9289],[-105.1376,39.9298],[-105.1376,39.9371],[-105.1376,39.9392],[-105.1376,39.9394],[-105.1376,39.9395],[-105.1376,39.9397],[-105.1376,39.9399],[-105.1369,39.9399],[-105.1279,39.9398],[-105.1277,39.9398],[-105.1274,39.9398],[-105.1274,39.94],[-105.1274,39.9407],[-105.1274,39.9408],[-105.1274,39.9408],[-105.1274,39.9409],[-105.1275,39.943],[-105.1275,39.943],[-105.1275,39.9433],[-105.1275,39.9433],[-105.1275,39.9433],[-105.1276,39.9446],[-105.1276,39.9446],[-105.1276,39.9451],[-105.1276,39.9451],[-105.1276,39.9451],[-105.1276,39.9451],[-105.1276,39.9451],[-105.1276,39.9451],[-105.1276,39.9451],[-105.1276,39.9454],[-105.1276,39.9455],[-105.1276,39.9458],[-105.1276,39.9463],[-105.1276,39.9468],[-105.1276,39.9475],[-105.1276,39.9489],[-105.1276,39.9495],[-105.1276,39.9507],[-105.1276,39.9523],[-105.1276,39.9524],[-105.1276,39.9541],[-105.1276,39.9542],[-105.1276,39.9545],[-105.1273,39.9545],[-105.1223,39.9546],[-105.1221,39.9542],[-105.1214,39.9523],[-105.1212,39.9524],[-105.1211,39.9525],[-105.1211,39.9525],[-105.1206,39.9527],[-105.1193,39.9533],[-105.1187,39.9535],[-105.1187,39.9535],[-105.1179,39.9538],[-105.1178,39.9539],[-105.1153,39.9549],[-105.1146,39.9552],[-105.1134,39.9556],[-105.1118,39.9561],[-105.1109,39.9563],[-105.1097,39.9567],[-105.1097,39.9568],[-105.1094,39.9568],[-105.1094,39.9567],[-105.1094,39.9565],[-105.1093,39.956],[-105.111,39.9554],[-105.1134,39.9545],[-105.1161,39.9537],[-105.1176,39.9531],[-105.1178,39.953],[-105.1193,39.9524],[-105.1195,39.9523],[-105.1196,39.9523],[-105.1196,39.9523],[-105.1196,39.9522],[-105.1196,39.9522],[-105.1196,39.9522],[-105.1198,39.9522],[-105.1206,39.9517],[-105.1207,39.9516],[-105.1208,39.9515],[-105.1211,39.9514],[-105.1211,39.9513],[-105.121,39.9513],[-105.121,39.9513],[-105.121,39.9513],[-105.121,39.9512],[-105.1208,39.9505],[-105.1205,39.9506],[-105.1205,39.9506],[-105.1203,39.9506],[-105.1203,39.9506],[-105.119,39.9506],[-105.1188,39.9506],[-105.1188,39.9506],[-105.1187,39.9506],[-105.1187,39.9506],[-105.1187,39.9506],[-105.1187,39.9506],[-105.1187,39.9506],[-105.1187,39.9506],[-105.1186,39.9506],[-105.1184,39.9506],[-105.117,39.9506],[-105.1154,39.9505],[-105.1154,39.9505],[-105.1094,39.9505],[-105.1094,39.9505],[-105.1093,39.9505],[-105.1093,39.9505],[-105.1093,39.9505],[-105.1093,39.9505],[-105.1093,39.9504],[-105.1093,39.9504],[-105.1093,39.9504],[-105.1093,39.9504],[-105.1093,39.9504],[-105.1093,39.9504],[-105.1093,39.9504],[-105.1093,39.9504],[-105.1093,39.9504],[-105.1093,39.9504],[-105.1093,39.9504],[-105.1093,39.9503],[-105.1093,39.9503],[-105.1093,39.9503],[-105.1093,39.9502],[-105.1093,39.9495],[-105.1093,39.9492],[-105.1093,39.9492],[-105.1093,39.9492],[-105.1093,39.9492],[-105.1093,39.9492],[-105.1093,39.9491],[-105.1093,39.9491],[-105.1093,39.949],[-105.1093,39.949],[-105.1093,39.949],[-105.1093,39.9489],[-105.1093,39.9488],[-105.1093,39.9479],[-105.1093,39.9478],[-105.1093,39.9477],[-105.1093,39.9476],[-105.1093,39.9475],[-105.1093,39.9475],[-105.1093,39.9472],[-105.1094,39.9463],[-105.1094,39.9462],[-105.1094,39.9462],[-105.1094,39.9462],[-105.1094,39.9462],[-105.1094,39.946],[-105.1094,39.9456],[-105.1094,39.9455],[-105.1094,39.9452],[-105.1093,39.9451],[-105.1093,39.945],[-105.1093,39.945],[-105.1093,39.945],[-105.1093,39.945],[-105.1091,39.9442],[-105.1091,39.9441],[-105.1091,39.9433],[-105.1091,39.9432],[-105.1093,39.9432],[-105.1093,39.9432],[-105.1093,39.9432],[-105.1093,39.9432],[-105.1094,39.9432],[-105.1101,39.9432],[-105.1103,39.9432],[-105.1184,39.9432],[-105.1186,39.9432],[-105.1188,39.9432],[-105.1188,39.9432],[-105.1188,39.9432],[-105.1187,39.9431],[-105.1187,39.9431],[-105.1187,39.943],[-105.1187,39.9429],[-105.1187,39.9421],[-105.1187,39.9421],[-105.1187,39.942],[-105.1187,39.942],[-105.1187,39.942],[-105.1187,39.942],[-105.1187,39.942],[-105.1187,39.9412],[-105.1187,39.9393],[-105.1187,39.9393],[-105.1187,39.9392],[-105.1187,39.9392],[-105.1187,39.939],[-105.1187,39.9385],[-105.1187,39.9375],[-105.1187,39.9373],[-105.1187,39.9368],[-105.1187,39.9364],[-105.1188,39.9362],[-105.1188,39.9362],[-105.1187,39.936],[-105.1187,39.9359],[-105.1187,39.9359],[-105.1187,39.9359],[-105.1187,39.9359],[-105.1187,39.9358],[-105.1187,39.9358],[-105.1187,39.9358],[-105.1187,39.9358],[-105.1187,39.9357],[-105.1187,39.9357],[-105.1187,39.9357],[-105.1187,39.9357],[-105.1187,39.9356],[-105.1186,39.9355],[-105.1186,39.9355],[-105.1186,39.9355],[-105.1186,39.9355],[-105.1186,39.9355],[-105.1185,39.9354],[-105.1185,39.9353],[-105.1185,39.9352],[-105.1185,39.9352],[-105.1184,39.9351],[-105.1184,39.9351],[-105.1184,39.935],[-105.1185,39.935],[-105.1185,39.9349],[-105.1185,39.9348],[-105.1187,39.9345],[-105.1187,39.9344],[-105.1188,39.9343],[-105.1189,39.9342],[-105.1189,39.9341],[-105.1189,39.9339],[-105.1189,39.9338],[-105.1189,39.9338],[-105.1189,39.9338],[-105.1188,39.9338],[-105.117,39.9323],[-105.1168,39.9322],[-105.1168,39.9321],[-105.1166,39.932],[-105.1144,39.9302],[-105.1141,39.9294],[-105.1141,39.9292],[-105.1141,39.9291],[-105.114,39.929],[-105.114,39.9288],[-105.1139,39.9286],[-105.1139,39.9286],[-105.1138,39.9286],[-105.1138,39.9286],[-105.1138,39.9285],[-105.1138,39.9285],[-105.1138,39.9285],[-105.1138,39.9284],[-105.1138,39.9284],[-105.1137,39.9282],[-105.1137,39.9281],[-105.1137,39.9281],[-105.1137,39.928],[-105.1136,39.9277],[-105.1136,39.9277],[-105.1136,39.9277],[-105.1136,39.9277],[-105.1136,39.9276],[-105.1135,39.9275],[-105.1135,39.9275],[-105.1135,39.9274],[-105.1135,39.9274],[-105.1135,39.9273],[-105.1134,39.9272],[-105.1133,39.9271],[-105.1133,39.927],[-105.1132,39.927],[-105.1132,39.9269],[-105.1131,39.9268],[-105.113,39.9267],[-105.113,39.9267],[-105.1129,39.9267],[-105.1129,39.9267],[-105.1129,39.9267],[-105.1129,39.9267],[-105.1129,39.9267],[-105.1128,39.9266],[-105.1128,39.9265],[-105.1127,39.9265],[-105.1124,39.9262],[-105.1124,39.9262],[-105.1124,39.9262],[-105.1123,39.9261],[-105.1123,39.9261],[-105.1122,39.9261],[-105.1119,39.9258],[-105.1119,39.9258],[-105.1118,39.9258],[-105.1118,39.9258],[-105.1117,39.9257],[-105.1117,39.9257],[-105.1116,39.9256],[-105.1116,39.9256],[-105.1115,39.9255],[-105.1114,39.9255],[-105.1114,39.9255],[-105.1113,39.9254],[-105.111,39.9252],[-105.111,39.9252],[-105.111,39.9252],[-105.111,39.9252],[-105.1109,39.9252],[-105.1109,39.9252],[-105.1108,39.9251],[-105.1108,39.9251],[-105.1108,39.9251],[-105.1108,39.9251],[-105.1107,39.9251],[-105.1106,39.925],[-105.1105,39.9249],[-105.1102,39.9248],[-105.1101,39.9247],[-105.1101,39.9247],[-105.1101,39.9247],[-105.11,39.9247],[-105.11,39.9247],[-105.11,39.9246],[-105.11,39.9246],[-105.1099,39.9246],[-105.1098,39.9246],[-105.1096,39.9245],[-105.1095,39.9245],[-105.1094,39.9244],[-105.1091,39.9244],[-105.1091,39.9246],[-105.1091,39.9256],[-105.109,39.9257],[-105.109,39.9259],[-105.1093,39.926],[-105.1093,39.926],[-105.1106,39.9269],[-105.1109,39.9271],[-105.1112,39.9273],[-105.1115,39.9275],[-105.1116,39.9276],[-105.1118,39.9278],[-105.112,39.928],[-105.1121,39.9282],[-105.1121,39.9282],[-105.1122,39.9283],[-105.1123,39.9284],[-105.1124,39.9286],[-105.1124,39.9286],[-105.1133,39.9302],[-105.1134,39.9305],[-105.1135,39.9307],[-105.1136,39.9309],[-105.1136,39.9309],[-105.1136,39.9309],[-105.1136,39.931],[-105.1136,39.9312],[-105.1137,39.9313],[-105.1137,39.9314],[-105.1137,39.9316],[-105.1136,39.9318],[-105.1136,39.9319],[-105.1136,39.9321],[-105.1135,39.9321],[-105.1135,39.9321],[-105.1135,39.9323],[-105.1134,39.9325],[-105.1133,39.9326],[-105.1132,39.9327],[-105.1132,39.9328],[-105.113,39.933],[-105.1129,39.9331],[-105.1128,39.9332],[-105.1125,39.9334],[-105.1124,39.9335],[-105.1123,39.9336],[-105.1123,39.9336],[-105.11,39.935],[-105.11,39.9351],[-105.1094,39.9355],[-105.1092,39.9355],[-105.109,39.9357],[-105.109,39.9358],[-105.109,39.9361],[-105.109,39.9361],[-105.109,39.9361],[-105.109,39.9361],[-105.109,39.9361],[-105.109,39.9361],[-105.109,39.9365],[-105.1088,39.9365],[-105.1087,39.9365],[-105.1087,39.9365],[-105.1087,39.9365],[-105.1087,39.9365],[-105.108,39.9364],[-105.108,39.9364],[-105.1079,39.9364],[-105.1075,39.9364],[-105.1028,39.9364],[-105.1027,39.9364],[-105.0938,39.9364],[-105.091,39.9364],[-105.091,39.9364],[-105.0909,39.9364],[-105.0909,39.9364],[-105.0909,39.9378],[-105.0908,39.9388],[-105.0908,39.9399],[-105.0908,39.9399],[-105.0908,39.94],[-105.0908,39.94],[-105.0908,39.94],[-105.0908,39.94],[-105.0908,39.9415],[-105.0909,39.9416],[-105.0909,39.9431],[-105.0907,39.9431],[-105.0905,39.9431],[-105.0905,39.9431],[-105.0903,39.9431],[-105.0903,39.9431],[-105.0857,39.9432],[-105.0761,39.9432],[-105.0761,39.9435],[-105.0761,39.9437],[-105.0761,39.9439],[-105.0761,39.9446],[-105.0761,39.9464],[-105.0761,39.9469],[-105.0761,39.947],[-105.0761,39.9475],[-105.0761,39.9506],[-105.0758,39.9506],[-105.0725,39.9506],[-105.0722,39.9506],[-105.0719,39.9506],[-105.0717,39.9506],[-105.0718,39.9575],[-105.0718,39.9578],[-105.0719,39.9578],[-105.0719,39.9578],[-105.0719,39.9578],[-105.0723,39.9578],[-105.0746,39.9578],[-105.0753,39.9578],[-105.0759,39.9578],[-105.0766,39.9578],[-105.0768,39.9578],[-105.0773,39.9578],[-105.0792,39.9578],[-105.0793,39.9578],[-105.0797,39.9578],[-105.08,39.9578],[-105.0803,39.9578],[-105.0806,39.9578],[-105.081,39.9578],[-105.0824,39.9579],[-105.0825,39.9579],[-105.0825,39.9579],[-105.0825,39.9579],[-105.0828,39.9579],[-105.0828,39.9579],[-105.0828,39.9579],[-105.0833,39.9579],[-105.0833,39.9583],[-105.084,39.9583],[-105.0849,39.9582],[-105.0854,39.9581],[-105.0854,39.9581],[-105.0855,39.9581],[-105.0855,39.9581],[-105.0856,39.958],[-105.0856,39.958],[-105.0857,39.958],[-105.0857,39.958],[-105.0857,39.958],[-105.0857,39.958],[-105.0857,39.958],[-105.0857,39.958],[-105.0857,39.958],[-105.0858,39.958],[-105.0858,39.9579],[-105.0858,39.9579],[-105.0869,39.9578],[-105.0869,39.9578],[-105.0873,39.9578],[-105.0877,39.9578],[-105.0878,39.9578],[-105.0878,39.9578],[-105.0879,39.9578],[-105.0883,39.9579],[-105.0883,39.9579],[-105.0884,39.9579],[-105.0886,39.9579],[-105.0886,39.9579],[-105.0886,39.958],[-105.0886,39.958],[-105.0886,39.958],[-105.0886,39.9581],[-105.0886,39.9582],[-105.0877,39.9582],[-105.0877,39.9587],[-105.0877,39.9589],[-105.0877,39.9596],[-105.0874,39.9596],[-105.0873,39.9596],[-105.087,39.9595],[-105.087,39.9597],[-105.0869,39.96],[-105.0861,39.96],[-105.086,39.9601],[-105.086,39.9601],[-105.086,39.9601],[-105.0859,39.9601],[-105.0859,39.9601],[-105.0859,39.9601],[-105.0858,39.9601],[-105.0856,39.9601],[-105.084,39.9605],[-105.0821,39.961],[-105.082,39.961],[-105.0806,39.9614],[-105.08,39.9616],[-105.0799,39.9617],[-105.0786,39.9622],[-105.0757,39.9646],[-105.0747,39.9658],[-105.0731,39.9673],[-105.0719,39.9685],[-105.0705,39.9697],[-105.0696,39.9702],[-105.0674,39.9713],[-105.0666,39.9719],[-105.0635,39.9734],[-105.061,39.9746],[-105.0604,39.9748],[-105.0586,39.9755],[-105.0578,39.9758],[-105.0577,39.9759],[-105.0547,39.9769],[-105.0528,39.9776],[-105.0528,39.9786],[-105.0528,39.9788],[-105.0528,39.9795],[-105.0528,39.9864],[-105.0528,40.0003],[-105.0528,40.0003],[-105.0471,40.0003],[-105.0462,40.0003],[-105.046,40.0003],[-105.0457,40.0003],[-105.0441,40.0003],[-105.0439,40.0003],[-105.0419,40.0003],[-105.0386,40.0003],[-105.0371,40.0003],[-105.0276,40.0003],[-105.0224,40.0003],[-105.0178,40.0003],[-105.0174,40.0003],[-105.016,40.0003],[-105.0152,40.0003],[-105.0146,40.0003],[-105.0118,40.0003],[-105.0117,40.0003],[-105.011,40.0003],[-105.0103,40.0003],[-105.0102,40.0003],[-105.0094,40.0003],[-105.0089,40.0003],[-105.0089,40.0025],[-105.0089,40.0027],[-105.0089,40.003],[-105.0089,40.0043],[-105.009,40.0058],[-105.009,40.0074],[-105.0086,40.0074],[-105.0085,40.0074],[-105.0084,40.0058],[-105.0084,40.0025],[-105.0084,40.0003],[-105.0079,40.0003],[-105.0079,40.0025],[-105.008,40.0058],[-105.008,40.0075],[-104.9991,40.0076],[-104.9985,40.0076],[-104.9985,40.0076],[-104.9985,40.0076],[-104.9969,40.0077],[-104.9969,40.0077],[-104.9969,40.0077],[-104.9969,40.0077],[-104.9968,40.0077],[-104.9968,40.0077],[-104.9968,40.0077],[-104.9968,40.0077],[-104.9968,40.0077],[-104.9968,40.0077],[-104.9967,40.0077],[-104.9967,40.0077],[-104.9966,40.0077],[-104.9966,40.0077],[-104.9966,40.0077],[-104.9965,40.0077],[-104.9965,40.0077],[-104.9965,40.0077],[-104.9965,40.0077],[-104.9965,40.0077],[-104.9965,40.0077],[-104.996,40.0077],[-104.9952,40.0077],[-104.9943,40.0077],[-104.992,40.0077],[-104.9898,40.0077],[-104.9897,40.0077],[-104.9896,40.0077],[-104.9896,40.008],[-104.9896,40.0149],[-104.9927,40.0149],[-104.9972,40.0149],[-104.9991,40.0149],[-104.9991,40.0159],[-104.9991,40.0159],[-104.999,40.016],[-104.999,40.016],[-104.9988,40.0161],[-104.9986,40.0164],[-104.9985,40.0165],[-104.998,40.0168],[-104.9979,40.0169],[-104.9979,40.0171],[-104.9978,40.0173],[-104.9977,40.0177],[-104.9976,40.0178],[-104.9974,40.018],[-104.997,40.0183],[-104.9969,40.0184],[-104.9967,40.0186],[-104.9966,40.0187],[-104.9964,40.019],[-104.9962,40.0192],[-104.9961,40.0194],[-104.996,40.0196],[-104.9959,40.0198],[-104.9958,40.0199],[-104.9957,40.0201],[-104.9956,40.0202],[-104.9957,40.0204],[-104.9958,40.0206],[-104.996,40.0206],[-104.9962,40.0206],[-104.9966,40.0206],[-104.9972,40.0206],[-104.9973,40.0206],[-104.9973,40.0206],[-104.9974,40.0206],[-104.9974,40.0206],[-104.9978,40.0206],[-104.999,40.0206],[-104.9991,40.0206],[-104.9991,40.021],[-104.9987,40.021],[-104.9986,40.0209],[-104.9974,40.0209],[-104.9974,40.0209],[-104.9974,40.0209],[-104.9968,40.0209],[-104.9968,40.0224],[-104.9967,40.0235],[-104.9974,40.0235],[-104.9975,40.0235],[-104.9991,40.0235],[-104.9991,40.0237],[-104.9991,40.024],[-104.9991,40.0253],[-104.9991,40.0259],[-104.9948,40.026],[-104.9948,40.026],[-104.9946,40.026],[-104.9943,40.026],[-104.9916,40.026],[-104.9914,40.026],[-104.9912,40.026],[-104.9897,40.026],[-104.9865,40.026],[-104.9865,40.0285],[-104.9865,40.0285],[-104.9865,40.0294],[-104.986,40.0294],[-104.9854,40.0294],[-104.982,40.0294],[-104.981,40.0294],[-104.9807,40.0294],[-104.9806,40.0294],[-104.9803,40.0294],[-104.9802,40.0294],[-104.98,40.0294],[-104.98,40.0296],[-104.9801,40.0297],[-104.9801,40.0304],[-104.9801,40.0312],[-104.9801,40.0324],[-104.9801,40.0327],[-104.9801,40.0329],[-104.9801,40.035],[-104.9801,40.0351],[-104.9801,40.0352],[-104.9801,40.0368],[-104.9801,40.0375],[-104.98,40.0383],[-104.98,40.039],[-104.98,40.0392],[-104.98,40.0396],[-104.98,40.0403],[-104.98,40.0411],[-104.98,40.0412],[-104.98,40.0417],[-104.98,40.042],[-104.98,40.0422],[-104.9799,40.0424],[-104.9794,40.0437],[-104.9793,40.044],[-104.9769,40.044],[-104.9764,40.044],[-104.9739,40.044],[-104.9734,40.044],[-104.9729,40.044],[-104.9712,40.0441],[-104.9707,40.0441],[-104.9696,40.0441],[-104.9681,40.0441],[-104.9674,40.0441],[-104.9665,40.0441],[-104.9641,40.0442],[-104.9612,40.0442],[-104.9612,40.044],[-104.9612,40.0437],[-104.9612,40.0413],[-104.9612,40.0408],[-104.9612,40.0396],[-104.9612,40.0391],[-104.9613,40.0376],[-104.9613,40.0358],[-104.9614,40.0347],[-104.9614,40.0335],[-104.9614,40.0302],[-104.9614,40.0295],[-104.9614,40.0283],[-104.9614,40.0267],[-104.9614,40.0263],[-104.9614,40.025],[-104.9614,40.0237],[-104.9614,40.0236],[-104.9614,40.022],[-104.9614,40.0153],[-104.9614,40.0152],[-104.9613,40.0152],[-104.9613,40.015],[-104.9613,40.0148],[-104.9613,40.0147],[-104.9613,40.0146],[-104.9613,40.0145],[-104.9613,40.0143],[-104.9613,40.0141],[-104.9613,40.0141],[-104.9613,40.0137],[-104.9613,40.0137],[-104.9613,40.0136],[-104.9614,40.0135],[-104.9614,40.0134],[-104.9614,40.0132],[-104.9614,40.0129],[-104.9614,40.0122],[-104.9614,40.0103],[-104.9614,40.0098],[-104.9614,40.0076],[-104.9614,40.0064],[-104.9614,40.005],[-104.9614,40.0027],[-104.9614,40.0018],[-104.9614,40.0009],[-104.9614,40.0003],[-105.0529,39.9138],[-105.1473,39.9139]]]}},{"type":"Feature","id":"08015","properties":{"name":"Chaffee","fips":"08015"},"geometry":{"type":"Polygon","coordinates":[[[-106.578,39.0579],[-106.191,39.0561],[-106.111,38.9401],[-106.0281,38.9428],[-105.9251,38.8722],[-105.9066,38.807],[-105.9698,38.6936],[-105.8792,38.6073],[-105.9087,38.5056],[-106.0108,38.4466],[-106.2469,38.4228],[-106.4521,38.6988],[-106.3261,38.911],[-106.465,38.9104],[-106.5992,38.998],[-106.5917,39.0249],[-106.5972,39.0448],[-106.5807,39.0487],[-106.578,39.0579]]]}},{"type":"Feature","id":"08017","properties":{"name":"Cheyenne","fips":"08017"},"geometry":{"type":"Polygon","coordinates":[[[-102.0466,39.047],[-102.0454,38.8134],[-102.0453,38.7995],[-102.0454,38.7835],[-102.0454,38.7701],[-102.0453,38.7555],[-102.0454,38.7543],[-102.0452,38.6976],[-102.0452,38.6886],[-102.0451,38.6867],[-102.0452,38.6752],[-102.0451,38.6749],[-102.0451,38.6696],[-102.0453,38.6152],[-102.0453,38.6152],[-103.1729,38.6125],[-103.163,39.0376],[-102.0466,39.047]]]}},{"type":"Feature","id":"08019","properties":{"name":"Clear Creek","fips":"08019"},"geometry":{"type":"Polygon","coordinates":[[[-105.3989,39.5661],[-105.588,39.5682],[-105.6428,39.5666],[-105.8297,39.5649],[-105.7931,39.6363],[-105.9246,39.699],[-105.8874,39.797],[-105.7364,39.8048],[-105.6903,39.852],[-105.5451,39.7736],[-105.3979,39.7471],[-105.3989,39.5661]]]}},{"type":"Feature","id":"08021","properties":{"name":"Conejos","fips":"08021"},"geometry":{"type":"Polygon","coordinates":[[[-105.7185,36.9958],[-105.9962,36.9954],[-105.9975,36.9954],[-106.0066,36.9953],[-106.2477,36.9943],[-106.2487,36.9943],[-106.4762,36.9935],[-106.6784,37.2286],[-106.6784,37.4036],[-106.0393,37.4009],[-106.0389,37.357],[-105.7433,37.3568],[-105.7298,37.1805],[-105.7702,37.0612],[-105.7185,36.9958]]]}},{"type":"Feature","id":"08023","properties":{"name":"Costilla","fips":"08023"},"geometry":{"type":"Polygon","coordinates":[[[-105.155,36.9953],[-105.2206,36.9952],[-105.4193,36.9959],[-105.4425,36.996],[-105.4473,36.996],[-105.4652,36.996],[-105.5088,36.9959],[-105.5125,36.9958],[-105.5339,36.9959],[-105.6275,36.9957],[-105.6647,36.9959],[-105.7165,36.9958],[-105.7185,36.9958],[-105.7702,37.0612],[-105.7298,37.1805],[-105.7433,37.3568],[-105.4855,37.5779],[-105.2956,37.6544],[-105.1875,37.6197],[-105.1542,37.2931],[-105.155,36.9953]]]}},{"type":"Feature","id":"08025","properties":{"name":"Crowley","fips":"08025"},"geometry":{"type":"Polygon","coordinates":[[[-103.5018,38.265],[-103.5094,38.1725],[-103.6193,38.1715],[-103.6192,38.1134],[-103.8356,38.1133],[-104.0582,38.1465],[-104.0539,38.5224],[-103.5047,38.5164],[-103.5018,38.265]]]}},{"type":"Feature","id":"08027","properties":{"name":"Custer","fips":"08027"},"geometry":{"type":"Polygon","coordinates":[[[-105.0492,38.258],[-105.0499,37.9155],[-105.1946,38.0076],[-105.2851,37.8994],[-105.3171,37.9389],[-105.4732,37.896],[-105.6044,38.0087],[-105.6763,38.1462],[-105.7969,38.265],[-105.0492,38.258]]]}},{"type":"Feature","id":"08029","properties":{"name":"Delta","fips":"08029"},"geometry":{"type":"Polygon","coordinates":[[[-107.5007,38.6686],[-108.3787,38.6681],[-108.379,38.8291],[-107.8582,39.0798],[-107.7655,39.0433],[-107.5006,39.2179],[-107.5007,38.6686]]]}},{"type":"Feature","id":"08031","properties":{"name":"Denver","fips":"08031"},"geometry":{"type":"Polygon","coordinates":[[[-105.0534,39.6214],[-105.0593,39.6143],[-105.0969,39.6144],[-105.0928,39.6183],[-105.0925,39.6183],[-105.0917,39.6183],[-105.0914,39.6183],[-105.0911,39.6183],[-105.0901,39.6183],[-105.0878,39.6183],[-105.0873,39.6183],[-105.087,39.6183],[-105.0868,39.6184],[-105.0867,39.6185],[-105.0866,39.6186],[-105.0863,39.6188],[-105.0861,39.619],[-105.0859,39.6187],[-105.0853,39.6183],[-105.0848,39.6184],[-105.0846,39.6185],[-105.0842,39.6186],[-105.084,39.6186],[-105.0838,39.6186],[-105.0836,39.6186],[-105.083,39.6186],[-105.0828,39.6186],[-105.0826,39.6186],[-105.0825,39.6185],[-105.0794,39.6185],[-105.0776,39.6185],[-105.0759,39.6185],[-105.0748,39.6185],[-105.0745,39.6185],[-105.0734,39.6186],[-105.0733,39.6186],[-105.0728,39.6186],[-105.0728,39.6185],[-105.0728,39.6185],[-105.0728,39.6185],[-105.0728,39.6185],[-105.0727,39.6186],[-105.0727,39.6186],[-105.0727,39.6186],[-105.0727,39.6186],[-105.0727,39.6186],[-105.0726,39.6186],[-105.0726,39.6186],[-105.0726,39.6186],[-105.0725,39.6185],[-105.0692,39.6186],[-105.0681,39.6186],[-105.0679,39.6186],[-105.0669,39.6186],[-105.0662,39.6186],[-105.0656,39.6186],[-105.0656,39.6186],[-105.0655,39.6186],[-105.0655,39.6186],[-105.0655,39.6186],[-105.0654,39.6186],[-105.0651,39.6186],[-105.0651,39.6194],[-105.0651,39.6196],[-105.065,39.6198],[-105.065,39.6198],[-105.065,39.6202],[-105.0657,39.6206],[-105.0657,39.6206],[-105.0661,39.6207],[-105.076,39.6241],[-105.0766,39.6244],[-105.0766,39.6244],[-105.0761,39.6244],[-105.0751,39.6245],[-105.0759,39.6253],[-105.0762,39.6256],[-105.0802,39.6304],[-105.0803,39.6305],[-105.0815,39.6319],[-105.0815,39.6319],[-105.0816,39.6319],[-105.0817,39.6319],[-105.0818,39.6319],[-105.0836,39.6319],[-105.0835,39.6314],[-105.0835,39.6308],[-105.0835,39.6302],[-105.0833,39.6302],[-105.0825,39.6302],[-105.0823,39.6302],[-105.0822,39.6302],[-105.0819,39.6302],[-105.0819,39.6302],[-105.0817,39.6301],[-105.0817,39.6301],[-105.0817,39.63],[-105.0817,39.6297],[-105.0817,39.6282],[-105.0817,39.6282],[-105.0817,39.628],[-105.0817,39.6279],[-105.0817,39.6279],[-105.0817,39.6277],[-105.0817,39.6276],[-105.0817,39.6276],[-105.0817,39.6276],[-105.0817,39.6276],[-105.0823,39.6276],[-105.0839,39.6276],[-105.0839,39.6278],[-105.0838,39.6284],[-105.0839,39.6289],[-105.0839,39.6293],[-105.085,39.6292],[-105.0855,39.6292],[-105.0855,39.6285],[-105.0855,39.6275],[-105.0855,39.6265],[-105.0856,39.6265],[-105.0863,39.6265],[-105.0864,39.6265],[-105.0868,39.6265],[-105.0869,39.6265],[-105.0874,39.6265],[-105.0876,39.6265],[-105.0877,39.6271],[-105.0877,39.6273],[-105.0879,39.6273],[-105.0883,39.6273],[-105.0887,39.6273],[-105.0894,39.6273],[-105.0897,39.6273],[-105.0899,39.6273],[-105.09,39.6273],[-105.0907,39.6273],[-105.0912,39.6273],[-105.0912,39.6259],[-105.0912,39.625],[-105.0912,39.6246],[-105.0913,39.6243],[-105.0913,39.6242],[-105.093,39.6242],[-105.0932,39.6242],[-105.0932,39.6242],[-105.0945,39.6242],[-105.0946,39.6242],[-105.0946,39.6242],[-105.0949,39.6242],[-105.0956,39.6242],[-105.0957,39.6242],[-105.096,39.6242],[-105.0963,39.6242],[-105.0971,39.6242],[-105.0974,39.6242],[-105.0977,39.6242],[-105.0983,39.6242],[-105.0985,39.6242],[-105.0987,39.6242],[-105.0993,39.6242],[-105.0994,39.6242],[-105.0997,39.6242],[-105.1006,39.6242],[-105.1009,39.6242],[-105.1012,39.6242],[-105.1018,39.6242],[-105.1021,39.6242],[-105.1021,39.6242],[-105.1023,39.6242],[-105.1023,39.6242],[-105.1024,39.6242],[-105.1025,39.6242],[-105.1025,39.6242],[-105.1025,39.6242],[-105.1026,39.6242],[-105.1027,39.6242],[-105.103,39.6242],[-105.104,39.6242],[-105.1043,39.6242],[-105.1046,39.6242],[-105.1055,39.6242],[-105.1057,39.6242],[-105.1069,39.6242],[-105.1075,39.6242],[-105.1075,39.6242],[-105.1079,39.6242],[-105.1079,39.6242],[-105.1079,39.6242],[-105.1084,39.6242],[-105.1084,39.6242],[-105.1084,39.6242],[-105.1086,39.6242],[-105.1086,39.6243],[-105.1086,39.6249],[-105.1086,39.627],[-105.1087,39.627],[-105.1092,39.627],[-105.1093,39.627],[-105.1099,39.627],[-105.1099,39.6271],[-105.1099,39.6271],[-105.1099,39.6273],[-105.1099,39.6297],[-105.1099,39.6299],[-105.1099,39.6314],[-105.1099,39.6321],[-105.1099,39.6327],[-105.1099,39.634],[-105.1099,39.6343],[-105.1099,39.6343],[-105.1099,39.6345],[-105.1099,39.6351],[-105.1099,39.6351],[-105.1099,39.6351],[-105.1099,39.6352],[-105.1098,39.6352],[-105.1014,39.6352],[-105.1008,39.6352],[-105.1006,39.6351],[-105.1005,39.6351],[-105.1,39.635],[-105.0997,39.635],[-105.0996,39.635],[-105.099,39.635],[-105.0985,39.6351],[-105.0971,39.6351],[-105.0955,39.6351],[-105.0955,39.6351],[-105.0931,39.6352],[-105.0916,39.6352],[-105.0916,39.6355],[-105.0916,39.6365],[-105.0916,39.6373],[-105.0916,39.6376],[-105.0916,39.6381],[-105.0916,39.6387],[-105.0913,39.6387],[-105.0911,39.6387],[-105.091,39.6387],[-105.089,39.6387],[-105.0885,39.6387],[-105.0883,39.6387],[-105.0881,39.6387],[-105.088,39.6387],[-105.0879,39.6387],[-105.0878,39.6387],[-105.0876,39.6387],[-105.0876,39.6387],[-105.0874,39.6387],[-105.0874,39.6387],[-105.0869,39.6387],[-105.0862,39.6387],[-105.0854,39.6387],[-105.0849,39.6387],[-105.0848,39.6387],[-105.0845,39.6387],[-105.0844,39.6387],[-105.0839,39.6387],[-105.0822,39.6387],[-105.0817,39.6388],[-105.0816,39.6387],[-105.0816,39.6385],[-105.0816,39.6375],[-105.0816,39.6375],[-105.0817,39.6371],[-105.0817,39.6371],[-105.0817,39.6371],[-105.0817,39.6371],[-105.0817,39.637],[-105.0817,39.637],[-105.0817,39.6369],[-105.0817,39.6369],[-105.0817,39.6369],[-105.0817,39.6363],[-105.0815,39.6364],[-105.0806,39.6368],[-105.0781,39.6366],[-105.0772,39.6366],[-105.074,39.6368],[-105.074,39.6387],[-105.0744,39.6387],[-105.0748,39.6387],[-105.0749,39.6387],[-105.0763,39.6387],[-105.0768,39.6387],[-105.0768,39.639],[-105.0768,39.6392],[-105.0768,39.6394],[-105.0767,39.6395],[-105.0767,39.6397],[-105.0765,39.6399],[-105.0761,39.6407],[-105.076,39.6409],[-105.0759,39.6411],[-105.0759,39.6412],[-105.0759,39.6412],[-105.0759,39.6413],[-105.0759,39.6414],[-105.0758,39.6417],[-105.0758,39.6418],[-105.0758,39.642],[-105.0758,39.642],[-105.0757,39.6422],[-105.0754,39.6427],[-105.0754,39.6427],[-105.0749,39.6435],[-105.0747,39.6437],[-105.0746,39.6439],[-105.0745,39.6441],[-105.0743,39.6443],[-105.0741,39.6444],[-105.074,39.6445],[-105.0738,39.6446],[-105.0737,39.6447],[-105.0733,39.6449],[-105.0729,39.645],[-105.0725,39.6452],[-105.0724,39.6453],[-105.0723,39.6454],[-105.0722,39.6455],[-105.0721,39.6456],[-105.0721,39.6456],[-105.0721,39.6458],[-105.0721,39.6458],[-105.072,39.6458],[-105.072,39.646],[-105.072,39.6461],[-105.0689,39.6461],[-105.0635,39.646],[-105.0635,39.6462],[-105.0635,39.6464],[-105.0635,39.6467],[-105.0635,39.6467],[-105.0635,39.6472],[-105.0635,39.6487],[-105.0634,39.6492],[-105.0634,39.6493],[-105.0634,39.6495],[-105.0634,39.6496],[-105.0634,39.6501],[-105.0626,39.6501],[-105.0617,39.6501],[-105.0616,39.6501],[-105.0615,39.6501],[-105.0573,39.65],[-105.0573,39.6517],[-105.0555,39.6517],[-105.0545,39.6518],[-105.0547,39.6518],[-105.0547,39.6518],[-105.0549,39.6519],[-105.055,39.652],[-105.0551,39.652],[-105.0551,39.6521],[-105.0573,39.6521],[-105.0573,39.6521],[-105.0573,39.6522],[-105.0572,39.6528],[-105.0572,39.6529],[-105.0578,39.6529],[-105.0579,39.6529],[-105.058,39.653],[-105.0583,39.653],[-105.0584,39.653],[-105.0585,39.653],[-105.0585,39.6528],[-105.0585,39.652],[-105.0584,39.6517],[-105.0589,39.6517],[-105.0588,39.6514],[-105.0592,39.6514],[-105.06,39.6514],[-105.0603,39.6514],[-105.0606,39.6514],[-105.0607,39.6514],[-105.0616,39.6514],[-105.0621,39.6514],[-105.0621,39.6518],[-105.0626,39.6519],[-105.0626,39.6519],[-105.0626,39.6511],[-105.0626,39.6511],[-105.0626,39.6506],[-105.0639,39.6505],[-105.0639,39.6499],[-105.0639,39.6496],[-105.0639,39.6496],[-105.071,39.6496],[-105.071,39.6497],[-105.071,39.6499],[-105.071,39.6504],[-105.0709,39.6505],[-105.0704,39.6504],[-105.0701,39.6504],[-105.0688,39.6516],[-105.0681,39.6524],[-105.068,39.6524],[-105.0679,39.6525],[-105.0677,39.6526],[-105.0675,39.6526],[-105.0673,39.6528],[-105.0673,39.6528],[-105.0671,39.653],[-105.0671,39.653],[-105.0671,39.653],[-105.0671,39.6531],[-105.0671,39.6532],[-105.067,39.6533],[-105.067,39.6535],[-105.0669,39.6536],[-105.067,39.654],[-105.067,39.6566],[-105.0686,39.6566],[-105.0692,39.6566],[-105.0695,39.6566],[-105.0707,39.6566],[-105.0708,39.6582],[-105.0708,39.6592],[-105.0709,39.6592],[-105.0713,39.6593],[-105.0714,39.6593],[-105.0715,39.6594],[-105.0716,39.6599],[-105.0716,39.66],[-105.0732,39.6598],[-105.0744,39.6595],[-105.0754,39.6593],[-105.0763,39.6591],[-105.0776,39.6588],[-105.0775,39.6596],[-105.0773,39.6604],[-105.0773,39.6604],[-105.0779,39.661],[-105.0791,39.6615],[-105.0791,39.6615],[-105.0791,39.6615],[-105.0795,39.6618],[-105.0797,39.6621],[-105.0798,39.6622],[-105.0798,39.6622],[-105.0798,39.6622],[-105.0815,39.6621],[-105.0815,39.6629],[-105.0815,39.665],[-105.0814,39.6651],[-105.0815,39.6655],[-105.0815,39.6656],[-105.0815,39.6677],[-105.0815,39.6682],[-105.0815,39.6686],[-105.0814,39.6691],[-105.0814,39.6696],[-105.0814,39.6701],[-105.0812,39.6701],[-105.0809,39.67],[-105.0805,39.6699],[-105.0802,39.6698],[-105.0799,39.6698],[-105.0797,39.6698],[-105.0797,39.6698],[-105.0793,39.6697],[-105.0793,39.6697],[-105.0793,39.6697],[-105.0792,39.6697],[-105.0792,39.6697],[-105.0792,39.6696],[-105.0792,39.6694],[-105.0775,39.6693],[-105.0769,39.6693],[-105.0769,39.6695],[-105.0769,39.6695],[-105.0769,39.6697],[-105.076,39.6696],[-105.0761,39.67],[-105.0749,39.6707],[-105.0733,39.67],[-105.0733,39.67],[-105.0733,39.67],[-105.0731,39.6699],[-105.073,39.6699],[-105.0729,39.6698],[-105.0724,39.6696],[-105.0722,39.6695],[-105.0722,39.6695],[-105.0722,39.6694],[-105.0722,39.6694],[-105.0722,39.6691],[-105.0722,39.6691],[-105.0722,39.6683],[-105.0722,39.6681],[-105.0722,39.6678],[-105.072,39.6678],[-105.0716,39.6678],[-105.0715,39.6678],[-105.0715,39.6678],[-105.0714,39.6678],[-105.0714,39.6678],[-105.0714,39.6678],[-105.0708,39.6678],[-105.0691,39.6678],[-105.0685,39.6678],[-105.0683,39.6678],[-105.0675,39.6678],[-105.0673,39.6678],[-105.0671,39.6678],[-105.0667,39.6678],[-105.0666,39.6678],[-105.0665,39.6678],[-105.0662,39.6678],[-105.0662,39.6678],[-105.0662,39.6678],[-105.0661,39.6678],[-105.0661,39.6678],[-105.0659,39.6678],[-105.0653,39.6678],[-105.0651,39.6678],[-105.0649,39.6678],[-105.0643,39.6678],[-105.064,39.6678],[-105.064,39.6678],[-105.064,39.6678],[-105.064,39.6678],[-105.0638,39.6678],[-105.0632,39.6678],[-105.063,39.6678],[-105.0625,39.6678],[-105.0613,39.6678],[-105.0608,39.6678],[-105.0608,39.6678],[-105.0607,39.6678],[-105.0603,39.6678],[-105.0601,39.6678],[-105.0599,39.6678],[-105.0592,39.6678],[-105.059,39.6678],[-105.0588,39.6678],[-105.0582,39.6678],[-105.058,39.6678],[-105.0578,39.6678],[-105.0571,39.6678],[-105.0569,39.6678],[-105.0567,39.6678],[-105.0561,39.6678],[-105.0559,39.6678],[-105.0557,39.6678],[-105.0551,39.6678],[-105.0549,39.6678],[-105.0547,39.6678],[-105.0541,39.6678],[-105.0539,39.6678],[-105.0538,39.6678],[-105.0534,39.6678],[-105.0533,39.6678],[-105.0533,39.6686],[-105.0533,39.6691],[-105.0533,39.6711],[-105.0533,39.6719],[-105.0533,39.6719],[-105.0533,39.6719],[-105.0533,39.6719],[-105.0533,39.6723],[-105.0533,39.6731],[-105.0533,39.6733],[-105.0533,39.6733],[-105.0533,39.6735],[-105.0532,39.6738],[-105.0532,39.6741],[-105.0532,39.6743],[-105.0532,39.6744],[-105.0532,39.6749],[-105.0533,39.675],[-105.0541,39.675],[-105.0565,39.6749],[-105.0573,39.6749],[-105.0576,39.6749],[-105.0585,39.6749],[-105.0588,39.6749],[-105.059,39.6749],[-105.0594,39.6749],[-105.0595,39.6749],[-105.06,39.6749],[-105.0616,39.675],[-105.0621,39.675],[-105.0622,39.675],[-105.0626,39.675],[-105.0627,39.675],[-105.0629,39.675],[-105.0629,39.6751],[-105.0629,39.6754],[-105.0629,39.6755],[-105.0629,39.6759],[-105.0629,39.6762],[-105.0628,39.6776],[-105.0628,39.6784],[-105.0629,39.6792],[-105.0629,39.6793],[-105.063,39.6794],[-105.0632,39.6797],[-105.0628,39.6794],[-105.0626,39.6793],[-105.0624,39.6792],[-105.0621,39.6791],[-105.0607,39.6783],[-105.0585,39.6786],[-105.0582,39.6787],[-105.0581,39.6806],[-105.058,39.6818],[-105.0581,39.6818],[-105.058,39.6823],[-105.058,39.6823],[-105.058,39.6823],[-105.0579,39.6823],[-105.0579,39.6823],[-105.0578,39.6823],[-105.0573,39.6823],[-105.0572,39.6823],[-105.0565,39.6823],[-105.0556,39.6823],[-105.0532,39.6823],[-105.0532,39.6824],[-105.0532,39.6835],[-105.0532,39.6835],[-105.0532,39.6844],[-105.0532,39.6856],[-105.0532,39.6857],[-105.0532,39.6859],[-105.0532,39.686],[-105.0532,39.6863],[-105.0532,39.6869],[-105.0532,39.6874],[-105.0532,39.6874],[-105.0532,39.6877],[-105.0533,39.6877],[-105.0533,39.6879],[-105.0533,39.6881],[-105.0533,39.6892],[-105.0533,39.6896],[-105.0533,39.6899],[-105.0532,39.691],[-105.0532,39.6914],[-105.0532,39.6916],[-105.0532,39.6923],[-105.0532,39.6925],[-105.0532,39.6925],[-105.0532,39.6927],[-105.0532,39.6928],[-105.0532,39.6929],[-105.0532,39.6931],[-105.0532,39.6932],[-105.0532,39.6935],[-105.0532,39.6946],[-105.0532,39.695],[-105.0532,39.6953],[-105.0532,39.6964],[-105.0532,39.6968],[-105.0532,39.6968],[-105.0532,39.6968],[-105.0532,39.6968],[-105.0532,39.6969],[-105.0532,39.6991],[-105.0532,39.6999],[-105.0532,39.7004],[-105.0532,39.7023],[-105.0532,39.7026],[-105.0532,39.7027],[-105.0532,39.7031],[-105.0532,39.7033],[-105.0532,39.704],[-105.0533,39.7045],[-105.0533,39.705],[-105.0532,39.7058],[-105.0532,39.7059],[-105.0532,39.706],[-105.0532,39.7067],[-105.0533,39.7069],[-105.0533,39.7071],[-105.0533,39.7075],[-105.0533,39.7077],[-105.0533,39.7079],[-105.0533,39.7085],[-105.0533,39.7086],[-105.0533,39.7088],[-105.0533,39.7094],[-105.0533,39.7096],[-105.0533,39.7097],[-105.0533,39.7102],[-105.0533,39.7103],[-105.0533,39.7113],[-105.0533,39.7132],[-105.0533,39.715],[-105.0533,39.7166],[-105.0533,39.7166],[-105.0533,39.7182],[-105.0533,39.7186],[-105.0533,39.719],[-105.0533,39.7191],[-105.0533,39.7201],[-105.0533,39.7204],[-105.0533,39.7205],[-105.0533,39.7209],[-105.0533,39.7211],[-105.0533,39.7215],[-105.0533,39.7227],[-105.0533,39.7231],[-105.0533,39.7241],[-105.0532,39.7254],[-105.0533,39.7258],[-105.0533,39.7258],[-105.0533,39.7259],[-105.0533,39.726],[-105.0533,39.7261],[-105.0533,39.7262],[-105.0533,39.7272],[-105.0533,39.7273],[-105.0533,39.7278],[-105.0533,39.7285],[-105.0532,39.729],[-105.0532,39.7295],[-105.0532,39.7299],[-105.0532,39.7309],[-105.0532,39.7313],[-105.0532,39.7317],[-105.0532,39.7327],[-105.0532,39.7331],[-105.0534,39.7331],[-105.0539,39.7331],[-105.0541,39.7331],[-105.0542,39.7331],[-105.0543,39.7331],[-105.0544,39.7331],[-105.0544,39.7332],[-105.0544,39.7334],[-105.0544,39.7335],[-105.0544,39.7335],[-105.0544,39.7337],[-105.0545,39.7337],[-105.0546,39.7337],[-105.0546,39.7337],[-105.0546,39.7339],[-105.0546,39.7339],[-105.0547,39.7339],[-105.0549,39.7339],[-105.055,39.7339],[-105.055,39.7339],[-105.055,39.7337],[-105.055,39.7337],[-105.055,39.7336],[-105.055,39.7332],[-105.055,39.7331],[-105.0551,39.7331],[-105.0554,39.7331],[-105.0555,39.7331],[-105.0555,39.7332],[-105.0555,39.7336],[-105.0555,39.7337],[-105.0556,39.7345],[-105.0556,39.7347],[-105.0556,39.7347],[-105.0556,39.735],[-105.0532,39.735],[-105.0532,39.7352],[-105.0532,39.7352],[-105.0532,39.7353],[-105.0532,39.7353],[-105.0532,39.7353],[-105.0532,39.7355],[-105.0532,39.7356],[-105.0532,39.7358],[-105.0532,39.7365],[-105.0532,39.7368],[-105.0532,39.7371],[-105.0532,39.7382],[-105.0532,39.7385],[-105.0532,39.7389],[-105.0532,39.74],[-105.0532,39.7404],[-105.0532,39.7419],[-105.0532,39.7419],[-105.0532,39.7419],[-105.0532,39.7422],[-105.0532,39.7422],[-105.0532,39.7427],[-105.0532,39.7428],[-105.0532,39.7433],[-105.0532,39.7435],[-105.0532,39.7436],[-105.0532,39.7439],[-105.0532,39.744],[-105.0532,39.7452],[-105.0532,39.7457],[-105.0532,39.7476],[-105.0532,39.7477],[-105.0532,39.7482],[-105.0532,39.7495],[-105.0532,39.7498],[-105.0532,39.7509],[-105.0532,39.7512],[-105.0532,39.7516],[-105.0532,39.7527],[-105.0532,39.753],[-105.0532,39.7548],[-105.0532,39.7556],[-105.0532,39.7558],[-105.0532,39.7569],[-105.0532,39.7572],[-105.0532,39.7582],[-105.0532,39.7585],[-105.0532,39.7588],[-105.0532,39.7599],[-105.0532,39.7603],[-105.0532,39.7607],[-105.0532,39.7617],[-105.0532,39.7621],[-105.0532,39.7623],[-105.0532,39.7628],[-105.0532,39.763],[-105.0532,39.7632],[-105.0532,39.7637],[-105.0532,39.7639],[-105.0532,39.7641],[-105.0532,39.7646],[-105.0532,39.7648],[-105.0532,39.765],[-105.0532,39.7655],[-105.0532,39.7657],[-105.0532,39.7666],[-105.0532,39.7673],[-105.0532,39.7674],[-105.0532,39.7675],[-105.0532,39.7679],[-105.0532,39.769],[-105.0532,39.7693],[-105.0532,39.7694],[-105.0532,39.7697],[-105.0532,39.7698],[-105.0533,39.7701],[-105.0533,39.7709],[-105.0533,39.7711],[-105.0533,39.7715],[-105.0532,39.7726],[-105.0532,39.7729],[-105.0532,39.7733],[-105.0532,39.7744],[-105.0532,39.7748],[-105.0532,39.7751],[-105.0532,39.7762],[-105.0532,39.7766],[-105.0532,39.7769],[-105.0532,39.778],[-105.0532,39.7784],[-105.0532,39.7787],[-105.0532,39.7798],[-105.0532,39.7802],[-105.0532,39.7805],[-105.0532,39.7814],[-105.0532,39.7817],[-105.0532,39.7817],[-105.0532,39.7819],[-105.0532,39.7819],[-105.0532,39.7821],[-105.0532,39.7822],[-105.0532,39.7826],[-105.0532,39.7828],[-105.0532,39.7829],[-105.0532,39.7831],[-105.0532,39.7832],[-105.0532,39.7833],[-105.0532,39.7834],[-105.0532,39.7835],[-105.0532,39.7835],[-105.0532,39.7836],[-105.0532,39.7837],[-105.0532,39.7837],[-105.0532,39.7838],[-105.0544,39.7838],[-105.0556,39.7838],[-105.0567,39.7838],[-105.0567,39.7838],[-105.0579,39.7838],[-105.0579,39.7838],[-105.0589,39.7838],[-105.0591,39.7838],[-105.0596,39.7838],[-105.0598,39.7838],[-105.06,39.7838],[-105.0603,39.7838],[-105.0606,39.7838],[-105.0608,39.7838],[-105.0617,39.7838],[-105.0618,39.7838],[-105.0622,39.7838],[-105.0624,39.7838],[-105.0627,39.7838],[-105.0627,39.7839],[-105.0627,39.7841],[-105.0627,39.7841],[-105.0627,39.7857],[-105.0627,39.7858],[-105.0627,39.7862],[-105.0627,39.787],[-105.0627,39.7872],[-105.0626,39.7874],[-105.0625,39.7874],[-105.0625,39.7876],[-105.0629,39.788],[-105.0629,39.7881],[-105.0651,39.7881],[-105.0651,39.7888],[-105.0651,39.7893],[-105.0651,39.7897],[-105.0648,39.7897],[-105.0646,39.7897],[-105.0646,39.79],[-105.0645,39.7907],[-105.0645,39.791],[-105.0645,39.7911],[-105.0642,39.7911],[-105.0642,39.7911],[-105.0642,39.7911],[-105.0634,39.7911],[-105.0633,39.7911],[-105.0633,39.7908],[-105.0633,39.7907],[-105.0633,39.7906],[-105.0633,39.7905],[-105.0633,39.7905],[-105.0633,39.7904],[-105.0633,39.7901],[-105.0631,39.7901],[-105.063,39.7901],[-105.0619,39.7901],[-105.0619,39.7901],[-105.0617,39.7906],[-105.0616,39.7909],[-105.0615,39.7911],[-105.0607,39.7911],[-105.0604,39.7911],[-105.0597,39.7911],[-105.0593,39.7911],[-105.0566,39.7911],[-105.0562,39.7911],[-105.0556,39.7911],[-105.0553,39.7911],[-105.0551,39.7911],[-105.0532,39.7911],[-104.7909,39.7983],[-104.6929,39.9142],[-104.6004,39.8995],[-104.6199,39.8266],[-104.7625,39.823],[-104.7346,39.7692],[-104.8564,39.7687],[-104.8846,39.7402],[-104.8483,39.6592],[-104.8483,39.6579],[-104.848,39.6578],[-104.8479,39.6578],[-104.8477,39.6578],[-104.8477,39.6572],[-104.8477,39.6569],[-104.8477,39.6568],[-104.8476,39.6568],[-104.8475,39.6568],[-104.8474,39.6568],[-104.8471,39.6568],[-104.8476,39.6567],[-104.8477,39.6567],[-104.8481,39.6566],[-104.849,39.6565],[-104.8494,39.6565],[-104.8508,39.6563],[-104.8529,39.6557],[-104.8545,39.655],[-104.8547,39.6549],[-104.856,39.6542],[-104.8568,39.6535],[-104.8568,39.6534],[-104.8572,39.6532],[-104.8756,39.6446],[-104.8762,39.6443],[-104.8761,39.6465],[-104.8761,39.647],[-104.8762,39.6471],[-104.8762,39.6486],[-104.8762,39.6486],[-104.8762,39.6501],[-104.8763,39.6515],[-104.8763,39.652],[-104.8763,39.6523],[-104.8772,39.6529],[-104.8775,39.6531],[-104.8775,39.6531],[-104.878,39.6531],[-104.8801,39.6531],[-104.8801,39.6531],[-104.8801,39.6508],[-104.8802,39.648],[-104.8802,39.6478],[-104.8802,39.6465],[-104.8802,39.6461],[-104.8802,39.646],[-104.8803,39.6459],[-104.8803,39.6439],[-104.8804,39.6426],[-104.8804,39.6425],[-104.8804,39.6422],[-104.8803,39.642],[-104.8803,39.642],[-104.8803,39.6418],[-104.8803,39.6417],[-104.8803,39.6417],[-104.8803,39.6415],[-104.8809,39.6412],[-104.8828,39.6403],[-104.8829,39.6403],[-104.8837,39.6399],[-104.8848,39.6394],[-104.8849,39.6393],[-104.8851,39.6393],[-104.8851,39.639],[-104.8851,39.6388],[-104.8851,39.6386],[-104.8851,39.6384],[-104.8851,39.6383],[-104.8851,39.6381],[-104.8852,39.6365],[-104.8852,39.6363],[-104.8852,39.6335],[-104.8852,39.6313],[-104.8852,39.6295],[-104.8852,39.6291],[-104.8853,39.6271],[-104.8853,39.6241],[-104.8878,39.6241],[-104.8883,39.6241],[-104.8888,39.6242],[-104.889,39.6242],[-104.8897,39.6242],[-104.8898,39.6242],[-104.8917,39.6241],[-104.8927,39.6241],[-104.8945,39.6242],[-104.8946,39.6242],[-104.8971,39.6241],[-104.8986,39.6241],[-104.8993,39.6241],[-104.8993,39.6241],[-104.8994,39.6241],[-104.9009,39.6239],[-104.9016,39.6239],[-104.9017,39.6239],[-104.9018,39.6239],[-104.9025,39.6239],[-104.904,39.624],[-104.9055,39.6242],[-104.9064,39.6243],[-104.9069,39.6243],[-104.9086,39.6243],[-104.9089,39.6243],[-104.9117,39.6243],[-104.9119,39.6243],[-104.9133,39.6242],[-104.9317,39.653],[-105.0157,39.6787],[-105.032,39.6571],[-105.0348,39.6278],[-105.0534,39.6316],[-105.0534,39.6214]],[[-105.0816,39.6347],[-105.0808,39.6347],[-105.0809,39.6356],[-105.082,39.6352],[-105.0816,39.6347]]]}},{"type":"Feature","id":"08033","properties":{"name":"Dolores","fips":"08033"},"geometry":{"type":"Polygon","coordinates":[[[-109.0419,37.5307],[-109.0419,37.5307],[-109.0418,37.6042],[-109.0421,37.6177],[-109.0421,37.6238],[-109.0417,37.7112],[-109.0418,37.7132],[-109.0418,37.8358],[-109.0417,37.8421],[-109.0421,37.8812],[-108.2564,37.8944],[-108.2091,37.8209],[-107.9892,37.8566],[-107.8608,37.7755],[-107.9689,37.6965],[-107.9701,37.6396],[-108.9171,37.6319],[-109.0431,37.4852],[-109.0419,37.5307]]]}},{"type":"Feature","id":"08035","properties":{"name":"Douglas","fips":"08035"},"geometry":{"type":"Polygon","coordinates":[[[-105.0487,39.5661],[-104.6606,39.5659],[-104.6629,39.1295],[-105.0335,39.1298],[-105.3292,39.1297],[-105.2601,39.2104],[-105.0487,39.5661]]]}},{"type":"Feature","id":"08037","properties":{"name":"Eagle","fips":"08037"},"geometry":{"type":"Polygon","coordinates":[[[-106.2067,39.3796],[-106.4265,39.3619],[-107.1134,39.3661],[-107.1137,39.9191],[-107.034,39.9189],[-106.6266,39.9187],[-106.6266,39.9248],[-106.4345,39.9249],[-106.3855,39.7672],[-106.1776,39.6091],[-106.2516,39.465],[-106.2067,39.3796]]]}},{"type":"Feature","id":"08041","properties":{"name":"El Paso","fips":"08041"},"geometry":{"type":"Polygon","coordinates":[[[-104.0539,38.5224],[-104.9415,38.5196],[-104.9424,38.6499],[-104.939,38.7969],[-105.0722,38.7994],[-105.0289,38.8689],[-105.0335,39.1298],[-104.6629,39.1295],[-104.0517,39.1284],[-104.0555,38.8689],[-104.0539,38.5224]]]}},{"type":"Feature","id":"08039","properties":{"name":"Elbert","fips":"08039"},"geometry":{"type":"Polygon","coordinates":[[[-104.6629,39.1295],[-104.6606,39.5659],[-103.7144,39.5663],[-103.7153,39.1282],[-103.722,39.0841],[-103.7197,38.8668],[-104.0555,38.8689],[-104.0517,39.1284],[-104.6629,39.1295]]]}},{"type":"Feature","id":"08043","properties":{"name":"Fremont","fips":"08043"},"geometry":{"type":"Polygon","coordinates":[[[-104.9415,38.5196],[-104.9404,38.2583],[-105.0492,38.258],[-105.7969,38.265],[-106.0108,38.4466],[-105.9087,38.5056],[-105.8792,38.6073],[-105.9698,38.6936],[-105.3291,38.6972],[-105.2378,38.6969],[-105.2404,38.6476],[-104.9424,38.6499],[-104.9415,38.5196]]]}},{"type":"Feature","id":"08045","properties":{"name":"Garfield","fips":"08045"},"geometry":{"type":"Polygon","coordinates":[[[-109.0514,39.3667],[-109.0514,39.4977],[-109.0512,39.6605],[-107.9385,39.6945],[-107.9385,39.825],[-107.4318,39.8284],[-107.4317,39.9177],[-107.3188,39.915],[-107.317,40.0908],[-107.0374,40.0915],[-107.034,39.9189],[-107.1137,39.9191],[-107.1134,39.3661],[-107.4309,39.3662],[-108.8655,39.3663],[-108.874,39.3663],[-108.8757,39.3665],[-109.0514,39.3667]]]}},{"type":"Feature","id":"08047","properties":{"name":"Gilpin","fips":"08047"},"geometry":{"type":"Polygon","coordinates":[[[-105.3978,39.9129],[-105.3976,39.8832],[-105.398,39.8722],[-105.3976,39.8661],[-105.3979,39.8604],[-105.3975,39.8537],[-105.3979,39.8411],[-105.3979,39.7471],[-105.5451,39.7736],[-105.6903,39.852],[-105.6758,39.9324],[-105.398,39.9349],[-105.3978,39.9129]]]}},{"type":"Feature","id":"08049","properties":{"name":"Grand","fips":"08049"},"geometry":{"type":"Polygon","coordinates":[[[-106.6521,40.4452],[-106.6123,40.3794],[-106.4898,40.4116],[-106.4434,40.3465],[-106.3538,40.3575],[-106.2301,40.3234],[-106.0186,40.3733],[-105.9597,40.3481],[-105.8918,40.4767],[-105.8549,40.4863],[-105.6533,40.2605],[-105.6388,40.0388],[-105.6758,39.9324],[-105.6903,39.852],[-105.7364,39.8048],[-105.8874,39.797],[-105.9246,39.699],[-106.0238,39.6884],[-106.0837,39.806],[-106.252,39.9147],[-106.4345,39.9249],[-106.6266,39.9248],[-106.6323,40.3416],[-106.6521,40.4452]]]}},{"type":"Feature","id":"08051","properties":{"name":"Gunnison","fips":"08051"},"geometry":{"type":"Polygon","coordinates":[[[-107.5006,39.2179],[-107.3945,39.2563],[-107.3756,39.1979],[-107.2825,39.1187],[-107.0663,39.1188],[-107.0016,39.0423],[-106.9064,38.9921],[-106.8019,38.9783],[-106.695,39.0557],[-106.5992,38.998],[-106.465,38.9104],[-106.3261,38.911],[-106.4521,38.6988],[-106.2469,38.4228],[-107.0006,38.4256],[-107.0011,38.1471],[-107.5686,38.1473],[-107.635,38.3019],[-107.5,38.3019],[-107.5007,38.6686],[-107.5006,39.2179]]]}},{"type":"Feature","id":"08053","properties":{"name":"Hinsdale","fips":"08053"},"geometry":{"type":"Polygon","coordinates":[[[-107.4821,37.4227],[-107.4822,37.6395],[-107.4688,37.8097],[-107.5165,37.8265],[-107.5689,37.965],[-107.5109,38.0609],[-107.5686,38.1473],[-107.0011,38.1471],[-107.0006,37.956],[-107.1382,37.9388],[-107.1451,37.6755],[-107.1239,37.675],[-107.1287,37.4229],[-107.4821,37.4227]]]}},{"type":"Feature","id":"08055","properties":{"name":"Huerfano","fips":"08055"},"geometry":{"type":"Polygon","coordinates":[[[-105.4732,37.896],[-105.3171,37.9389],[-105.2851,37.8994],[-105.1946,38.0076],[-105.0499,37.9155],[-105.0137,37.8813],[-104.6464,37.9005],[-104.3511,37.8175],[-104.4549,37.7408],[-104.5484,37.6094],[-104.5487,37.5747],[-104.6492,37.4953],[-104.6961,37.4854],[-104.6951,37.4399],[-104.7489,37.407],[-104.9955,37.3756],[-105.1542,37.2931],[-105.1875,37.6197],[-105.2956,37.6544],[-105.4855,37.5779],[-105.4573,37.7515],[-105.4289,37.8517],[-105.4732,37.896]]]}},{"type":"Feature","id":"08057","properties":{"name":"Jackson","fips":"08057"},"geometry":{"type":"Polygon","coordinates":[[[-106.3212,40.9991],[-106.1906,40.9981],[-106.1853,40.934],[-106.0577,40.8171],[-105.8549,40.4863],[-105.8918,40.4767],[-105.9597,40.3481],[-106.0186,40.3733],[-106.2301,40.3234],[-106.3538,40.3575],[-106.4434,40.3465],[-106.4898,40.4116],[-106.6123,40.3794],[-106.6521,40.4452],[-106.7061,40.6166],[-106.6369,40.7895],[-106.6545,40.8491],[-106.825,40.9321],[-106.8523,40.9252],[-106.8578,41.0031],[-106.4539,41.0021],[-106.4396,41.002],[-106.4374,41.0018],[-106.4309,41.0018],[-106.3919,41.0012],[-106.3864,41.0011],[-106.3212,40.9991]]]}},{"type":"Feature","id":"08059","properties":{"name":"Jefferson","fips":"08059"},"geometry":{"type":"MultiPolygon","coordinates":[[[[-105.0816,39.6347],[-105.082,39.6352],[-105.0809,39.6356],[-105.0808,39.6347],[-105.0816,39.6347]]],[[[-105.0928,39.6183],[-105.0969,39.6144],[-105.0593,39.6143],[-105.0534,39.6214],[-105.0541,39.5661],[-105.0487,39.5661],[-105.2601,39.2104],[-105.3292,39.1297],[-105.3304,39.1297],[-105.3979,39.1296],[-105.3985,39.3635],[-105.3989,39.5661],[-105.3979,39.7471],[-105.3979,39.8411],[-105.3975,39.8537],[-105.3979,39.8604],[-105.3976,39.8661],[-105.398,39.8722],[-105.3976,39.8832],[-105.3978,39.9129],[-105.1473,39.9139],[-105.0529,39.9138],[-105.0532,39.86],[-105.0529,39.852],[-105.0532,39.8493],[-105.0533,39.82],[-105.0533,39.8065],[-105.0528,39.8039],[-105.0532,39.7992],[-105.0532,39.7911],[-105.0551,39.7911],[-105.0553,39.7911],[-105.0556,39.7911],[-105.0562,39.7911],[-105.0566,39.7911],[-105.0593,39.7911],[-105.0597,39.7911],[-105.0604,39.7911],[-105.0607,39.7911],[-105.0615,39.7911],[-105.0616,39.7909],[-105.0617,39.7906],[-105.0619,39.7901],[-105.0619,39.7901],[-105.063,39.7901],[-105.0631,39.7901],[-105.0633,39.7901],[-105.0633,39.7904],[-105.0633,39.7905],[-105.0633,39.7905],[-105.0633,39.7906],[-105.0633,39.7907],[-105.0633,39.7908],[-105.0633,39.7911],[-105.0634,39.7911],[-105.0642,39.7911],[-105.0642,39.7911],[-105.0642,39.7911],[-105.0645,39.7911],[-105.0645,39.791],[-105.0645,39.7907],[-105.0646,39.79],[-105.0646,39.7897],[-105.0648,39.7897],[-105.0651,39.7897],[-105.0651,39.7893],[-105.0651,39.7888],[-105.0651,39.7881],[-105.0629,39.7881],[-105.0629,39.788],[-105.0625,39.7876],[-105.0625,39.7874],[-105.0626,39.7874],[-105.0627,39.7872],[-105.0627,39.787],[-105.0627,39.7862],[-105.0627,39.7858],[-105.0627,39.7857],[-105.0627,39.7841],[-105.0627,39.7841],[-105.0627,39.7839],[-105.0627,39.7838],[-105.0624,39.7838],[-105.0622,39.7838],[-105.0618,39.7838],[-105.0617,39.7838],[-105.0608,39.7838],[-105.0606,39.7838],[-105.0603,39.7838],[-105.06,39.7838],[-105.0598,39.7838],[-105.0596,39.7838],[-105.0591,39.7838],[-105.0589,39.7838],[-105.0579,39.7838],[-105.0579,39.7838],[-105.0567,39.7838],[-105.0567,39.7838],[-105.0556,39.7838],[-105.0544,39.7838],[-105.0532,39.7838],[-105.0532,39.7837],[-105.0532,39.7837],[-105.0532,39.7836],[-105.0532,39.7835],[-105.0532,39.7835],[-105.0532,39.7834],[-105.0532,39.7833],[-105.0532,39.7832],[-105.0532,39.7831],[-105.0532,39.7829],[-105.0532,39.7828],[-105.0532,39.7826],[-105.0532,39.7822],[-105.0532,39.7821],[-105.0532,39.7819],[-105.0532,39.7819],[-105.0532,39.7817],[-105.0532,39.7817],[-105.0532,39.7814],[-105.0532,39.7805],[-105.0532,39.7802],[-105.0532,39.7798],[-105.0532,39.7787],[-105.0532,39.7784],[-105.0532,39.778],[-105.0532,39.7769],[-105.0532,39.7766],[-105.0532,39.7762],[-105.0532,39.7751],[-105.0532,39.7748],[-105.0532,39.7744],[-105.0532,39.7733],[-105.0532,39.7729],[-105.0532,39.7726],[-105.0533,39.7715],[-105.0533,39.7711],[-105.0533,39.7709],[-105.0533,39.7701],[-105.0532,39.7698],[-105.0532,39.7697],[-105.0532,39.7694],[-105.0532,39.7693],[-105.0532,39.769],[-105.0532,39.7679],[-105.0532,39.7675],[-105.0532,39.7674],[-105.0532,39.7673],[-105.0532,39.7666],[-105.0532,39.7657],[-105.0532,39.7655],[-105.0532,39.765],[-105.0532,39.7648],[-105.0532,39.7646],[-105.0532,39.7641],[-105.0532,39.7639],[-105.0532,39.7637],[-105.0532,39.7632],[-105.0532,39.763],[-105.0532,39.7628],[-105.0532,39.7623],[-105.0532,39.7621],[-105.0532,39.7617],[-105.0532,39.7607],[-105.0532,39.7603],[-105.0532,39.7599],[-105.0532,39.7588],[-105.0532,39.7585],[-105.0532,39.7582],[-105.0532,39.7572],[-105.0532,39.7569],[-105.0532,39.7558],[-105.0532,39.7556],[-105.0532,39.7548],[-105.0532,39.753],[-105.0532,39.7527],[-105.0532,39.7516],[-105.0532,39.7512],[-105.0532,39.7509],[-105.0532,39.7498],[-105.0532,39.7495],[-105.0532,39.7482],[-105.0532,39.7477],[-105.0532,39.7476],[-105.0532,39.7457],[-105.0532,39.7452],[-105.0532,39.744],[-105.0532,39.7439],[-105.0532,39.7436],[-105.0532,39.7435],[-105.0532,39.7433],[-105.0532,39.7428],[-105.0532,39.7427],[-105.0532,39.7422],[-105.0532,39.7422],[-105.0532,39.7419],[-105.0532,39.7419],[-105.0532,39.7419],[-105.0532,39.7404],[-105.0532,39.74],[-105.0532,39.7389],[-105.0532,39.7385],[-105.0532,39.7382],[-105.0532,39.7371],[-105.0532,39.7368],[-105.0532,39.7365],[-105.0532,39.7358],[-105.0532,39.7356],[-105.0532,39.7355],[-105.0532,39.7353],[-105.0532,39.7353],[-105.0532,39.7353],[-105.0532,39.7352],[-105.0532,39.7352],[-105.0532,39.735],[-105.0556,39.735],[-105.0556,39.7347],[-105.0556,39.7347],[-105.0556,39.7345],[-105.0555,39.7337],[-105.0555,39.7336],[-105.0555,39.7332],[-105.0555,39.7331],[-105.0554,39.7331],[-105.0551,39.7331],[-105.055,39.7331],[-105.055,39.7332],[-105.055,39.7336],[-105.055,39.7337],[-105.055,39.7337],[-105.055,39.7339],[-105.055,39.7339],[-105.0549,39.7339],[-105.0547,39.7339],[-105.0546,39.7339],[-105.0546,39.7339],[-105.0546,39.7337],[-105.0546,39.7337],[-105.0545,39.7337],[-105.0544,39.7337],[-105.0544,39.7335],[-105.0544,39.7335],[-105.0544,39.7334],[-105.0544,39.7332],[-105.0544,39.7331],[-105.0543,39.7331],[-105.0542,39.7331],[-105.0541,39.7331],[-105.0539,39.7331],[-105.0534,39.7331],[-105.0532,39.7331],[-105.0532,39.7327],[-105.0532,39.7317],[-105.0532,39.7313],[-105.0532,39.7309],[-105.0532,39.7299],[-105.0532,39.7295],[-105.0532,39.729],[-105.0533,39.7285],[-105.0533,39.7278],[-105.0533,39.7273],[-105.0533,39.7272],[-105.0533,39.7262],[-105.0533,39.7261],[-105.0533,39.726],[-105.0533,39.7259],[-105.0533,39.7258],[-105.0533,39.7258],[-105.0532,39.7254],[-105.0533,39.7241],[-105.0533,39.7231],[-105.0533,39.7227],[-105.0533,39.7215],[-105.0533,39.7211],[-105.0533,39.7209],[-105.0533,39.7205],[-105.0533,39.7204],[-105.0533,39.7201],[-105.0533,39.7191],[-105.0533,39.719],[-105.0533,39.7186],[-105.0533,39.7182],[-105.0533,39.7166],[-105.0533,39.7166],[-105.0533,39.715],[-105.0533,39.7132],[-105.0533,39.7113],[-105.0533,39.7103],[-105.0533,39.7102],[-105.0533,39.7097],[-105.0533,39.7096],[-105.0533,39.7094],[-105.0533,39.7088],[-105.0533,39.7086],[-105.0533,39.7085],[-105.0533,39.7079],[-105.0533,39.7077],[-105.0533,39.7075],[-105.0533,39.7071],[-105.0533,39.7069],[-105.0532,39.7067],[-105.0532,39.706],[-105.0532,39.7059],[-105.0532,39.7058],[-105.0533,39.705],[-105.0533,39.7045],[-105.0532,39.704],[-105.0532,39.7033],[-105.0532,39.7031],[-105.0532,39.7027],[-105.0532,39.7026],[-105.0532,39.7023],[-105.0532,39.7004],[-105.0532,39.6999],[-105.0532,39.6991],[-105.0532,39.6969],[-105.0532,39.6968],[-105.0532,39.6968],[-105.0532,39.6968],[-105.0532,39.6968],[-105.0532,39.6964],[-105.0532,39.6953],[-105.0532,39.695],[-105.0532,39.6946],[-105.0532,39.6935],[-105.0532,39.6932],[-105.0532,39.6931],[-105.0532,39.6929],[-105.0532,39.6928],[-105.0532,39.6927],[-105.0532,39.6925],[-105.0532,39.6925],[-105.0532,39.6923],[-105.0532,39.6916],[-105.0532,39.6914],[-105.0532,39.691],[-105.0533,39.6899],[-105.0533,39.6896],[-105.0533,39.6892],[-105.0533,39.6881],[-105.0533,39.6879],[-105.0533,39.6877],[-105.0532,39.6877],[-105.0532,39.6874],[-105.0532,39.6874],[-105.0532,39.6869],[-105.0532,39.6863],[-105.0532,39.686],[-105.0532,39.6859],[-105.0532,39.6857],[-105.0532,39.6856],[-105.0532,39.6844],[-105.0532,39.6835],[-105.0532,39.6835],[-105.0532,39.6824],[-105.0532,39.6823],[-105.0556,39.6823],[-105.0565,39.6823],[-105.0572,39.6823],[-105.0573,39.6823],[-105.0578,39.6823],[-105.0579,39.6823],[-105.0579,39.6823],[-105.058,39.6823],[-105.058,39.6823],[-105.058,39.6823],[-105.0581,39.6818],[-105.058,39.6818],[-105.0581,39.6806],[-105.0582,39.6787],[-105.0585,39.6786],[-105.0607,39.6783],[-105.0621,39.6791],[-105.0624,39.6792],[-105.0626,39.6793],[-105.0628,39.6794],[-105.0632,39.6797],[-105.063,39.6794],[-105.0629,39.6793],[-105.0629,39.6792],[-105.0628,39.6784],[-105.0628,39.6776],[-105.0629,39.6762],[-105.0629,39.6759],[-105.0629,39.6755],[-105.0629,39.6754],[-105.0629,39.6751],[-105.0629,39.675],[-105.0627,39.675],[-105.0626,39.675],[-105.0622,39.675],[-105.0621,39.675],[-105.0616,39.675],[-105.06,39.6749],[-105.0595,39.6749],[-105.0594,39.6749],[-105.059,39.6749],[-105.0588,39.6749],[-105.0585,39.6749],[-105.0576,39.6749],[-105.0573,39.6749],[-105.0565,39.6749],[-105.0541,39.675],[-105.0533,39.675],[-105.0532,39.6749],[-105.0532,39.6744],[-105.0532,39.6743],[-105.0532,39.6741],[-105.0532,39.6738],[-105.0533,39.6735],[-105.0533,39.6733],[-105.0533,39.6733],[-105.0533,39.6731],[-105.0533,39.6723],[-105.0533,39.6719],[-105.0533,39.6719],[-105.0533,39.6719],[-105.0533,39.6719],[-105.0533,39.6711],[-105.0533,39.6691],[-105.0533,39.6686],[-105.0533,39.6678],[-105.0534,39.6678],[-105.0538,39.6678],[-105.0539,39.6678],[-105.0541,39.6678],[-105.0547,39.6678],[-105.0549,39.6678],[-105.0551,39.6678],[-105.0557,39.6678],[-105.0559,39.6678],[-105.0561,39.6678],[-105.0567,39.6678],[-105.0569,39.6678],[-105.0571,39.6678],[-105.0578,39.6678],[-105.058,39.6678],[-105.0582,39.6678],[-105.0588,39.6678],[-105.059,39.6678],[-105.0592,39.6678],[-105.0599,39.6678],[-105.0601,39.6678],[-105.0603,39.6678],[-105.0607,39.6678],[-105.0608,39.6678],[-105.0608,39.6678],[-105.0613,39.6678],[-105.0625,39.6678],[-105.063,39.6678],[-105.0632,39.6678],[-105.0638,39.6678],[-105.064,39.6678],[-105.064,39.6678],[-105.064,39.6678],[-105.064,39.6678],[-105.0643,39.6678],[-105.0649,39.6678],[-105.0651,39.6678],[-105.0653,39.6678],[-105.0659,39.6678],[-105.0661,39.6678],[-105.0661,39.6678],[-105.0662,39.6678],[-105.0662,39.6678],[-105.0662,39.6678],[-105.0665,39.6678],[-105.0666,39.6678],[-105.0667,39.6678],[-105.0671,39.6678],[-105.0673,39.6678],[-105.0675,39.6678],[-105.0683,39.6678],[-105.0685,39.6678],[-105.0691,39.6678],[-105.0708,39.6678],[-105.0714,39.6678],[-105.0714,39.6678],[-105.0714,39.6678],[-105.0715,39.6678],[-105.0715,39.6678],[-105.0716,39.6678],[-105.072,39.6678],[-105.0722,39.6678],[-105.0722,39.6681],[-105.0722,39.6683],[-105.0722,39.6691],[-105.0722,39.6691],[-105.0722,39.6694],[-105.0722,39.6694],[-105.0722,39.6695],[-105.0722,39.6695],[-105.0724,39.6696],[-105.0729,39.6698],[-105.073,39.6699],[-105.0731,39.6699],[-105.0733,39.67],[-105.0733,39.67],[-105.0733,39.67],[-105.0749,39.6707],[-105.0761,39.67],[-105.076,39.6696],[-105.0769,39.6697],[-105.0769,39.6695],[-105.0769,39.6695],[-105.0769,39.6693],[-105.0775,39.6693],[-105.0792,39.6694],[-105.0792,39.6696],[-105.0792,39.6697],[-105.0792,39.6697],[-105.0793,39.6697],[-105.0793,39.6697],[-105.0793,39.6697],[-105.0797,39.6698],[-105.0797,39.6698],[-105.0799,39.6698],[-105.0802,39.6698],[-105.0805,39.6699],[-105.0809,39.67],[-105.0812,39.6701],[-105.0814,39.6701],[-105.0814,39.6696],[-105.0814,39.6691],[-105.0815,39.6686],[-105.0815,39.6682],[-105.0815,39.6677],[-105.0815,39.6656],[-105.0815,39.6655],[-105.0814,39.6651],[-105.0815,39.665],[-105.0815,39.6629],[-105.0815,39.6621],[-105.0798,39.6622],[-105.0798,39.6622],[-105.0798,39.6622],[-105.0797,39.6621],[-105.0795,39.6618],[-105.0791,39.6615],[-105.0791,39.6615],[-105.0791,39.6615],[-105.0779,39.661],[-105.0773,39.6604],[-105.0773,39.6604],[-105.0775,39.6596],[-105.0776,39.6588],[-105.0763,39.6591],[-105.0754,39.6593],[-105.0744,39.6595],[-105.0732,39.6598],[-105.0716,39.66],[-105.0716,39.6599],[-105.0715,39.6594],[-105.0714,39.6593],[-105.0713,39.6593],[-105.0709,39.6592],[-105.0708,39.6592],[-105.0708,39.6582],[-105.0707,39.6566],[-105.0695,39.6566],[-105.0692,39.6566],[-105.0686,39.6566],[-105.067,39.6566],[-105.067,39.654],[-105.0669,39.6536],[-105.067,39.6535],[-105.067,39.6533],[-105.0671,39.6532],[-105.0671,39.6531],[-105.0671,39.653],[-105.0671,39.653],[-105.0671,39.653],[-105.0673,39.6528],[-105.0673,39.6528],[-105.0675,39.6526],[-105.0677,39.6526],[-105.0679,39.6525],[-105.068,39.6524],[-105.0681,39.6524],[-105.0688,39.6516],[-105.0701,39.6504],[-105.0704,39.6504],[-105.0709,39.6505],[-105.071,39.6504],[-105.071,39.6499],[-105.071,39.6497],[-105.071,39.6496],[-105.0639,39.6496],[-105.0639,39.6496],[-105.0639,39.6499],[-105.0639,39.6505],[-105.0626,39.6506],[-105.0626,39.6511],[-105.0626,39.6511],[-105.0626,39.6519],[-105.0626,39.6519],[-105.0621,39.6518],[-105.0621,39.6514],[-105.0616,39.6514],[-105.0607,39.6514],[-105.0606,39.6514],[-105.0603,39.6514],[-105.06,39.6514],[-105.0592,39.6514],[-105.0588,39.6514],[-105.0589,39.6517],[-105.0584,39.6517],[-105.0585,39.652],[-105.0585,39.6528],[-105.0585,39.653],[-105.0584,39.653],[-105.0583,39.653],[-105.058,39.653],[-105.0579,39.6529],[-105.0578,39.6529],[-105.0572,39.6529],[-105.0572,39.6528],[-105.0573,39.6522],[-105.0573,39.6521],[-105.0573,39.6521],[-105.0551,39.6521],[-105.0551,39.652],[-105.055,39.652],[-105.0549,39.6519],[-105.0547,39.6518],[-105.0547,39.6518],[-105.0545,39.6518],[-105.0555,39.6517],[-105.0573,39.6517],[-105.0573,39.65],[-105.0615,39.6501],[-105.0616,39.6501],[-105.0617,39.6501],[-105.0626,39.6501],[-105.0634,39.6501],[-105.0634,39.6496],[-105.0634,39.6495],[-105.0634,39.6493],[-105.0634,39.6492],[-105.0635,39.6487],[-105.0635,39.6472],[-105.0635,39.6467],[-105.0635,39.6467],[-105.0635,39.6464],[-105.0635,39.6462],[-105.0635,39.646],[-105.0689,39.6461],[-105.072,39.6461],[-105.072,39.646],[-105.072,39.6458],[-105.0721,39.6458],[-105.0721,39.6458],[-105.0721,39.6456],[-105.0721,39.6456],[-105.0722,39.6455],[-105.0723,39.6454],[-105.0724,39.6453],[-105.0725,39.6452],[-105.0729,39.645],[-105.0733,39.6449],[-105.0737,39.6447],[-105.0738,39.6446],[-105.074,39.6445],[-105.0741,39.6444],[-105.0743,39.6443],[-105.0745,39.6441],[-105.0746,39.6439],[-105.0747,39.6437],[-105.0749,39.6435],[-105.0754,39.6427],[-105.0754,39.6427],[-105.0757,39.6422],[-105.0758,39.642],[-105.0758,39.642],[-105.0758,39.6418],[-105.0758,39.6417],[-105.0759,39.6414],[-105.0759,39.6413],[-105.0759,39.6412],[-105.0759,39.6412],[-105.0759,39.6411],[-105.076,39.6409],[-105.0761,39.6407],[-105.0765,39.6399],[-105.0767,39.6397],[-105.0767,39.6395],[-105.0768,39.6394],[-105.0768,39.6392],[-105.0768,39.639],[-105.0768,39.6387],[-105.0763,39.6387],[-105.0749,39.6387],[-105.0748,39.6387],[-105.0744,39.6387],[-105.074,39.6387],[-105.074,39.6368],[-105.0772,39.6366],[-105.0781,39.6366],[-105.0806,39.6368],[-105.0815,39.6364],[-105.0817,39.6363],[-105.0817,39.6369],[-105.0817,39.6369],[-105.0817,39.6369],[-105.0817,39.637],[-105.0817,39.637],[-105.0817,39.6371],[-105.0817,39.6371],[-105.0817,39.6371],[-105.0817,39.6371],[-105.0816,39.6375],[-105.0816,39.6375],[-105.0816,39.6385],[-105.0816,39.6387],[-105.0817,39.6388],[-105.0822,39.6387],[-105.0839,39.6387],[-105.0844,39.6387],[-105.0845,39.6387],[-105.0848,39.6387],[-105.0849,39.6387],[-105.0854,39.6387],[-105.0862,39.6387],[-105.0869,39.6387],[-105.0874,39.6387],[-105.0874,39.6387],[-105.0876,39.6387],[-105.0876,39.6387],[-105.0878,39.6387],[-105.0879,39.6387],[-105.088,39.6387],[-105.0881,39.6387],[-105.0883,39.6387],[-105.0885,39.6387],[-105.089,39.6387],[-105.091,39.6387],[-105.0911,39.6387],[-105.0913,39.6387],[-105.0916,39.6387],[-105.0916,39.6381],[-105.0916,39.6376],[-105.0916,39.6373],[-105.0916,39.6365],[-105.0916,39.6355],[-105.0916,39.6352],[-105.0931,39.6352],[-105.0955,39.6351],[-105.0955,39.6351],[-105.0971,39.6351],[-105.0985,39.6351],[-105.099,39.635],[-105.0996,39.635],[-105.0997,39.635],[-105.1,39.635],[-105.1005,39.6351],[-105.1006,39.6351],[-105.1008,39.6352],[-105.1014,39.6352],[-105.1098,39.6352],[-105.1099,39.6352],[-105.1099,39.6351],[-105.1099,39.6351],[-105.1099,39.6351],[-105.1099,39.6345],[-105.1099,39.6343],[-105.1099,39.6343],[-105.1099,39.634],[-105.1099,39.6327],[-105.1099,39.6321],[-105.1099,39.6314],[-105.1099,39.6299],[-105.1099,39.6297],[-105.1099,39.6273],[-105.1099,39.6271],[-105.1099,39.6271],[-105.1099,39.627],[-105.1093,39.627],[-105.1092,39.627],[-105.1087,39.627],[-105.1086,39.627],[-105.1086,39.6249],[-105.1086,39.6243],[-105.1086,39.6242],[-105.1084,39.6242],[-105.1084,39.6242],[-105.1084,39.6242],[-105.1079,39.6242],[-105.1079,39.6242],[-105.1079,39.6242],[-105.1075,39.6242],[-105.1075,39.6242],[-105.1069,39.6242],[-105.1057,39.6242],[-105.1055,39.6242],[-105.1046,39.6242],[-105.1043,39.6242],[-105.104,39.6242],[-105.103,39.6242],[-105.1027,39.6242],[-105.1026,39.6242],[-105.1025,39.6242],[-105.1025,39.6242],[-105.1025,39.6242],[-105.1024,39.6242],[-105.1023,39.6242],[-105.1023,39.6242],[-105.1021,39.6242],[-105.1021,39.6242],[-105.1018,39.6242],[-105.1012,39.6242],[-105.1009,39.6242],[-105.1006,39.6242],[-105.0997,39.6242],[-105.0994,39.6242],[-105.0993,39.6242],[-105.0987,39.6242],[-105.0985,39.6242],[-105.0983,39.6242],[-105.0977,39.6242],[-105.0974,39.6242],[-105.0971,39.6242],[-105.0963,39.6242],[-105.096,39.6242],[-105.0957,39.6242],[-105.0956,39.6242],[-105.0949,39.6242],[-105.0946,39.6242],[-105.0946,39.6242],[-105.0945,39.6242],[-105.0932,39.6242],[-105.0932,39.6242],[-105.093,39.6242],[-105.0913,39.6242],[-105.0913,39.6243],[-105.0912,39.6246],[-105.0912,39.625],[-105.0912,39.6259],[-105.0912,39.6273],[-105.0907,39.6273],[-105.09,39.6273],[-105.0899,39.6273],[-105.0897,39.6273],[-105.0894,39.6273],[-105.0887,39.6273],[-105.0883,39.6273],[-105.0879,39.6273],[-105.0877,39.6273],[-105.0877,39.6271],[-105.0876,39.6265],[-105.0874,39.6265],[-105.0869,39.6265],[-105.0868,39.6265],[-105.0864,39.6265],[-105.0863,39.6265],[-105.0856,39.6265],[-105.0855,39.6265],[-105.0855,39.6275],[-105.0855,39.6285],[-105.0855,39.6292],[-105.085,39.6292],[-105.0839,39.6293],[-105.0839,39.6289],[-105.0838,39.6284],[-105.0839,39.6278],[-105.0839,39.6276],[-105.0823,39.6276],[-105.0817,39.6276],[-105.0817,39.6276],[-105.0817,39.6276],[-105.0817,39.6276],[-105.0817,39.6277],[-105.0817,39.6279],[-105.0817,39.6279],[-105.0817,39.628],[-105.0817,39.6282],[-105.0817,39.6282],[-105.0817,39.6297],[-105.0817,39.63],[-105.0817,39.6301],[-105.0817,39.6301],[-105.0819,39.6302],[-105.0819,39.6302],[-105.0822,39.6302],[-105.0823,39.6302],[-105.0825,39.6302],[-105.0833,39.6302],[-105.0835,39.6302],[-105.0835,39.6308],[-105.0835,39.6314],[-105.0836,39.6319],[-105.0818,39.6319],[-105.0817,39.6319],[-105.0816,39.6319],[-105.0815,39.6319],[-105.0815,39.6319],[-105.0803,39.6305],[-105.0802,39.6304],[-105.0762,39.6256],[-105.0759,39.6253],[-105.0751,39.6245],[-105.0761,39.6244],[-105.0766,39.6244],[-105.0766,39.6244],[-105.076,39.6241],[-105.0661,39.6207],[-105.0657,39.6206],[-105.0657,39.6206],[-105.065,39.6202],[-105.065,39.6198],[-105.065,39.6198],[-105.0651,39.6196],[-105.0651,39.6194],[-105.0651,39.6186],[-105.0654,39.6186],[-105.0655,39.6186],[-105.0655,39.6186],[-105.0655,39.6186],[-105.0656,39.6186],[-105.0656,39.6186],[-105.0662,39.6186],[-105.0669,39.6186],[-105.0679,39.6186],[-105.0681,39.6186],[-105.0692,39.6186],[-105.0725,39.6185],[-105.0726,39.6186],[-105.0726,39.6186],[-105.0726,39.6186],[-105.0727,39.6186],[-105.0727,39.6186],[-105.0727,39.6186],[-105.0727,39.6186],[-105.0727,39.6186],[-105.0728,39.6185],[-105.0728,39.6185],[-105.0728,39.6185],[-105.0728,39.6185],[-105.0728,39.6186],[-105.0733,39.6186],[-105.0734,39.6186],[-105.0745,39.6185],[-105.0748,39.6185],[-105.0759,39.6185],[-105.0776,39.6185],[-105.0794,39.6185],[-105.0825,39.6185],[-105.0826,39.6186],[-105.0828,39.6186],[-105.083,39.6186],[-105.0836,39.6186],[-105.0838,39.6186],[-105.084,39.6186],[-105.0842,39.6186],[-105.0846,39.6185],[-105.0848,39.6184],[-105.0853,39.6183],[-105.0859,39.6187],[-105.0861,39.619],[-105.0863,39.6188],[-105.0866,39.6186],[-105.0867,39.6185],[-105.0868,39.6184],[-105.087,39.6183],[-105.0873,39.6183],[-105.0878,39.6183],[-105.0901,39.6183],[-105.0911,39.6183],[-105.0914,39.6183],[-105.0917,39.6183],[-105.0925,39.6183],[-105.0928,39.6183]]]]}},{"type":"Feature","id":"08061","properties":{"name":"Kiowa","fips":"08061"},"geometry":{"type":"Polygon","coordinates":[[[-102.0452,38.5816],[-102.0452,38.5587],[-102.0452,38.5438],[-102.0451,38.5238],[-102.0453,38.5055],[-102.0453,38.5054],[-102.0449,38.3844],[-102.0446,38.3123],[-102.0446,38.2688],[-102.0446,38.2687],[-102.7423,38.267],[-103.3999,38.2654],[-103.5018,38.265],[-103.5047,38.5164],[-103.1729,38.5253],[-103.1729,38.6125],[-102.0453,38.6152],[-102.0452,38.5816]]]}},{"type":"Feature","id":"08063","properties":{"name":"Kit Carson","fips":"08063"},"geometry":{"type":"Polygon","coordinates":[[[-102.0498,39.5741],[-102.0498,39.5682],[-102.0496,39.5389],[-102.0497,39.5367],[-102.0497,39.5062],[-102.0494,39.4233],[-102.0494,39.4182],[-102.0492,39.4036],[-102.049,39.3737],[-102.0484,39.3031],[-102.0473,39.137],[-102.0472,39.1331],[-102.0471,39.1297],[-102.0466,39.047],[-103.163,39.0376],[-103.1544,39.5657],[-102.8029,39.5678],[-102.0498,39.5741]]]}},{"type":"Feature","id":"08067","properties":{"name":"La Plata","fips":"08067"},"geometry":{"type":"Polygon","coordinates":[[[-107.4817,37.0],[-108.2881,36.9996],[-108.2884,36.9995],[-108.3205,36.9995],[-108.3207,36.9995],[-108.3792,36.9995],[-108.1972,37.3555],[-108.0384,37.4519],[-108.023,37.591],[-107.9701,37.6396],[-107.4822,37.6395],[-107.4821,37.4227],[-107.4817,37.0]]]}},{"type":"Feature","id":"08065","properties":{"name":"Lake","fips":"08065"},"geometry":{"type":"Polygon","coordinates":[[[-106.4265,39.3619],[-106.2067,39.3796],[-106.1364,39.3797],[-106.1355,39.3795],[-106.184,39.3094],[-106.191,39.0561],[-106.578,39.0579],[-106.5086,39.1667],[-106.4851,39.3126],[-106.4265,39.3619]]]}},{"type":"Feature","id":"08069","properties":{"name":"Larimer","fips":"08069"},"geometry":{"type":"Polygon","coordinates":[[[-105.2769,40.9982],[-105.2565,40.9982],[-105.2548,40.9982],[-104.9434,40.9982],[-104.9456,40.3491],[-105.0567,40.3493],[-105.0551,40.2618],[-105.1965,40.2611],[-105.6533,40.2605],[-105.8549,40.4863],[-106.0577,40.8171],[-106.1853,40.934],[-106.1906,40.9981],[-106.0612,40.997],[-105.7304,40.9969],[-105.7248,40.9969],[-105.2771,40.9982],[-105.2769,40.9982]]]}},{"type":"Feature","id":"08071","properties":{"name":"Las Animas","fips":"08071"},"geometry":{"type":"Polygon","coordinates":[[[-104.0079,36.9962],[-104.732,36.9934],[-104.7321,36.9935],[-105.0006,36.9933],[-105.1208,36.9954],[-105.155,36.9953],[-105.1542,37.2931],[-104.9955,37.3756],[-104.7489,37.407],[-104.6951,37.4399],[-104.6961,37.4854],[-104.6492,37.4953],[-104.5487,37.5747],[-104.5484,37.6094],[-104.4549,37.7408],[-104.3511,37.8175],[-104.0611,37.7347],[-104.0582,37.644],[-103.4043,37.6436],[-103.0759,37.6434],[-103.0861,36.9999],[-103.7332,36.998],[-103.7344,36.998],[-104.0079,36.9962]]]}},{"type":"Feature","id":"08073","properties":{"name":"Lincoln","fips":"08073"},"geometry":{"type":"Polygon","coordinates":[[[-103.5047,38.5164],[-104.0539,38.5224],[-104.0555,38.8689],[-103.7197,38.8668],[-103.722,39.0841],[-103.7153,39.1282],[-103.7144,39.5663],[-103.7071,39.5663],[-103.155,39.5659],[-103.1544,39.5657],[-103.163,39.0376],[-103.1729,38.6125],[-103.1729,38.5253],[-103.5047,38.5164]]]}},{"type":"Feature","id":"08075","properties":{"name":"Logan","fips":"08075"},"geometry":{"type":"Polygon","coordinates":[[[-103.5745,41.0017],[-103.4974,41.0016],[-103.4867,41.0019],[-103.422,41.002],[-103.4219,41.002],[-103.3825,41.0019],[-103.3653,41.0018],[-103.363,41.0018],[-103.0778,41.0023],[-103.0765,41.0023],[-103.0595,41.0024],[-103.058,41.0024],[-103.0434,41.0023],[-103.0387,41.0023],[-103.002,41.0025],[-103.0001,41.0024],[-102.9827,41.0022],[-102.9815,41.0021],[-102.9637,41.0022],[-102.9625,41.0021],[-102.9607,41.0021],[-102.9596,41.0021],[-102.9448,41.0023],[-102.9431,41.0021],[-102.9256,41.0023],[-102.924,41.0021],[-102.9065,41.0023],[-102.9048,41.0022],[-102.8874,41.0022],[-102.8857,41.0021],[-102.8678,41.0022],[-102.8658,41.002],[-102.8493,41.0023],[-102.8465,41.0023],[-102.8303,41.0024],[-102.8273,41.0021],[-102.7735,41.0024],[-102.7667,41.0023],[-102.7546,41.0024],[-102.7396,41.0022],[-102.6535,41.0023],[-102.6513,40.7494],[-102.6648,40.4385],[-102.78,40.4384],[-103.4654,40.4363],[-103.4672,40.5233],[-103.5818,40.5234],[-103.5745,41.0017]]]}},{"type":"Feature","id":"08077","properties":{"name":"Mesa","fips":"08077"},"geometry":{"type":"Polygon","coordinates":[[[-109.06,38.5],[-109.0595,38.7199],[-109.0539,38.9044],[-109.0538,38.9053],[-109.0532,38.9425],[-109.0533,38.9429],[-109.0515,39.125],[-109.0514,39.3667],[-108.8757,39.3665],[-108.874,39.3663],[-108.8655,39.3663],[-107.4309,39.3662],[-107.466,39.3221],[-107.3945,39.2563],[-107.5006,39.2179],[-107.7655,39.0433],[-107.8582,39.0798],[-108.379,38.8291],[-108.3787,38.6681],[-108.3791,38.5],[-109.06,38.5]]]}},{"type":"Feature","id":"08079","properties":{"name":"Mineral","fips":"08079"},"geometry":{"type":"Polygon","coordinates":[[[-106.6938,37.8352],[-106.7116,37.6643],[-106.7108,37.4042],[-107.1287,37.3924],[-107.1287,37.4229],[-107.1239,37.675],[-107.1451,37.6755],[-107.1382,37.9388],[-107.0006,37.956],[-106.8792,37.9611],[-106.6935,37.8735],[-106.6938,37.8352]]]}},{"type":"Feature","id":"08081","properties":{"name":"Moffat","fips":"08081"},"geometry":{"type":"Polygon","coordinates":[[[-109.0501,41.0007],[-108.2506,41.0001],[-107.9184,41.002],[-107.3178,41.003],[-107.3142,40.6003],[-107.4288,40.5422],[-107.4394,40.2234],[-107.4394,40.2205],[-107.6442,40.2242],[-107.654,40.2235],[-109.0509,40.2227],[-109.05,40.5399],[-109.0501,40.5404],[-109.0482,40.6536],[-109.0483,40.6626],[-109.0501,41.0007]]]}},{"type":"Feature","id":"08083","properties":{"name":"Montezuma","fips":"08083"},"geometry":{"type":"Polygon","coordinates":[[[-109.0458,37.375],[-109.0431,37.4852],[-108.9171,37.6319],[-107.9701,37.6396],[-108.023,37.591],[-108.0384,37.4519],[-108.1972,37.3555],[-108.3792,36.9995],[-108.6197,36.9992],[-108.6203,36.9993],[-108.9544,36.9989],[-108.9589,36.9989],[-109.0452,36.9991],[-109.0452,37.0727],[-109.0451,37.0747],[-109.045,37.0864],[-109.0452,37.0963],[-109.0452,37.1095],[-109.0452,37.112],[-109.0452,37.1121],[-109.0458,37.375]]]}},{"type":"Feature","id":"08085","properties":{"name":"Montrose","fips":"08085"},"geometry":{"type":"Polygon","coordinates":[[[-109.0421,38.1555],[-109.0601,38.2755],[-109.06,38.5],[-108.3791,38.5],[-108.3787,38.6681],[-107.5007,38.6686],[-107.5,38.3019],[-107.635,38.3019],[-107.6357,38.3321],[-108.1324,38.3316],[-108.0866,38.2552],[-107.9376,38.219],[-107.9658,38.1523],[-109.0421,38.153],[-109.0421,38.1555]]]}},{"type":"Feature","id":"08087","properties":{"name":"Morgan","fips":"08087"},"geometry":{"type":"Polygon","coordinates":[[[-104.1503,40.0009],[-104.1505,40.3502],[-104.1475,40.3502],[-104.1479,40.5243],[-103.5818,40.5234],[-103.4672,40.5233],[-103.4654,40.4363],[-103.472,40.0015],[-103.7057,40.0014],[-104.1503,40.0009]]]}},{"type":"Feature","id":"08089","properties":{"name":"Otero","fips":"08089"},"geometry":{"type":"Polygon","coordinates":[[[-103.6192,38.1134],[-103.6193,38.1715],[-103.5094,38.1725],[-103.5018,38.265],[-103.3999,38.2654],[-103.4036,37.7924],[-103.4043,37.6436],[-104.0582,37.644],[-104.0611,37.7347],[-104.0582,38.1465],[-103.8356,38.1133],[-103.6192,38.1134]]]}},{"type":"Feature","id":"08091","properties":{"name":"Ouray","fips":"08091"},"geometry":{"type":"Polygon","coordinates":[[[-107.7383,37.9054],[-107.7955,37.9885],[-107.9002,38.0262],[-107.8915,38.116],[-107.9658,38.1523],[-107.9376,38.219],[-108.0866,38.2552],[-108.1324,38.3316],[-107.6357,38.3321],[-107.635,38.3019],[-107.5686,38.1473],[-107.5109,38.0609],[-107.5689,37.965],[-107.7383,37.9054]]]}},{"type":"Feature","id":"08093","properties":{"name":"Park","fips":"08093"},"geometry":{"type":"Polygon","coordinates":[[[-105.3989,39.5661],[-105.3985,39.3635],[-105.3979,39.1296],[-105.3304,39.1297],[-105.3291,38.6972],[-105.9698,38.6936],[-105.9066,38.807],[-105.9251,38.8722],[-106.0281,38.9428],[-106.111,38.9401],[-106.191,39.0561],[-106.184,39.3094],[-106.1355,39.3795],[-106.0176,39.3655],[-105.9668,39.438],[-105.8176,39.5383],[-105.8297,39.5649],[-105.6428,39.5666],[-105.588,39.5682],[-105.3989,39.5661]]]}},{"type":"Feature","id":"08095","properties":{"name":"Phillips","fips":"08095"},"geometry":{"type":"Polygon","coordinates":[[[-102.0514,40.6975],[-102.0517,40.5378],[-102.0515,40.5201],[-102.0515,40.44],[-102.6648,40.4385],[-102.6513,40.7494],[-102.0513,40.7496],[-102.0514,40.6975]]]}},{"type":"Feature","id":"08097","properties":{"name":"Pitkin","fips":"08097"},"geometry":{"type":"Polygon","coordinates":[[[-107.3945,39.2563],[-107.466,39.3221],[-107.4309,39.3662],[-107.1134,39.3661],[-106.4265,39.3619],[-106.4851,39.3126],[-106.5086,39.1667],[-106.578,39.0579],[-106.5807,39.0487],[-106.5972,39.0448],[-106.5917,39.0249],[-106.5992,38.998],[-106.695,39.0557],[-106.8019,38.9783],[-106.9064,38.9921],[-107.0016,39.0423],[-107.0663,39.1188],[-107.2825,39.1187],[-107.3756,39.1979],[-107.3945,39.2563]]]}},{"type":"Feature","id":"08099","properties":{"name":"Prowers","fips":"08099"},"geometry":{"type":"Polygon","coordinates":[[[-102.0445,38.2624],[-102.0444,38.25],[-102.0438,37.9281],[-102.0438,37.9261],[-102.0432,37.8679],[-102.043,37.8241],[-102.043,37.8035],[-102.0427,37.7888],[-102.0422,37.7602],[-102.042,37.7385],[-102.0419,37.7239],[-102.0416,37.6804],[-102.0417,37.6657],[-102.0416,37.6545],[-102.0416,37.6443],[-102.7476,37.6436],[-102.7423,38.267],[-102.0446,38.2687],[-102.0445,38.2624]]]}},{"type":"Feature","id":"08101","properties":{"name":"Pueblo","fips":"08101"},"geometry":{"type":"Polygon","coordinates":[[[-104.0539,38.5224],[-104.0582,38.1465],[-104.0611,37.7347],[-104.3511,37.8175],[-104.6464,37.9005],[-105.0137,37.8813],[-105.0499,37.9155],[-105.0492,38.258],[-104.9404,38.2583],[-104.9415,38.5196],[-104.0539,38.5224]]]}},{"type":"Feature","id":"08103","properties":{"name":"Rio Blanco","fips":"08103"},"geometry":{"type":"Polygon","coordinates":[[[-109.0509,40.0589],[-109.0508,40.0596],[-109.0509,40.1807],[-109.051,40.1808],[-109.0509,40.2227],[-107.654,40.2235],[-107.6442,40.2242],[-107.4394,40.2205],[-107.4394,40.2234],[-107.0379,40.2254],[-107.0374,40.0915],[-107.317,40.0908],[-107.3188,39.915],[-107.4317,39.9177],[-107.4318,39.8284],[-107.9385,39.825],[-107.9385,39.6945],[-109.0512,39.6605],[-109.0509,40.0589]]]}},{"type":"Feature","id":"08105","properties":{"name":"Rio Grande","fips":"08105"},"geometry":{"type":"Polygon","coordinates":[[[-106.7108,37.4042],[-106.7116,37.6643],[-106.6938,37.8352],[-106.5871,37.8344],[-106.5864,37.7478],[-106.0384,37.7484],[-106.0393,37.4009],[-106.6784,37.4036],[-106.7108,37.4042]]]}},{"type":"Feature","id":"08107","properties":{"name":"Routt","fips":"08107"},"geometry":{"type":"Polygon","coordinates":[[[-107.0006,41.0034],[-106.8578,41.0031],[-106.8523,40.9252],[-106.825,40.9321],[-106.6545,40.8491],[-106.6369,40.7895],[-106.7061,40.6166],[-106.6521,40.4452],[-106.6323,40.3416],[-106.6266,39.9248],[-106.6266,39.9187],[-107.034,39.9189],[-107.0374,40.0915],[-107.0379,40.2254],[-107.4394,40.2234],[-107.4288,40.5422],[-107.3142,40.6003],[-107.3178,41.003],[-107.0006,41.0034]]]}},{"type":"Feature","id":"08109","properties":{"name":"Saguache","fips":"08109"},"geometry":{"type":"Polygon","coordinates":[[[-106.2469,38.4228],[-106.0108,38.4466],[-105.7969,38.265],[-105.6763,38.1462],[-105.6044,38.0087],[-105.4732,37.896],[-105.4289,37.8517],[-105.4573,37.7515],[-106.0384,37.7484],[-106.5864,37.7478],[-106.5871,37.8344],[-106.6938,37.8352],[-106.6935,37.8735],[-106.8792,37.9611],[-107.0006,37.956],[-107.0011,38.1471],[-107.0006,38.4256],[-106.2469,38.4228]]]}},{"type":"Feature","id":"08111","properties":{"name":"San Juan","fips":"08111"},"geometry":{"type":"Polygon","coordinates":[[[-107.7383,37.9054],[-107.5689,37.965],[-107.5165,37.8265],[-107.4688,37.8097],[-107.4822,37.6395],[-107.9701,37.6396],[-107.9689,37.6965],[-107.8608,37.7755],[-107.7383,37.9054]]]}},{"type":"Feature","id":"08113","properties":{"name":"San Miguel","fips":"08113"},"geometry":{"type":"Polygon","coordinates":[[[-109.0421,37.8812],[-109.0431,37.9743],[-109.0428,37.9971],[-109.0428,37.9993],[-109.0421,38.153],[-107.9658,38.1523],[-107.8915,38.116],[-107.9002,38.0262],[-107.7955,37.9885],[-107.7383,37.9054],[-107.8608,37.7755],[-107.9892,37.8566],[-108.2091,37.8209],[-108.2564,37.8944],[-109.0421,37.8812]]]}},{"type":"Feature","id":"08115","properties":{"name":"Sedgwick","fips":"08115"},"geometry":{"type":"Polygon","coordinates":[[[-102.6535,41.0023],[-102.621,41.0026],[-102.5787,41.0023],[-102.5757,41.0023],[-102.5755,41.0022],[-102.566,41.0022],[-102.5568,41.0022],[-102.488,41.0024],[-102.4705,41.0024],[-102.4692,41.0024],[-102.3796,41.0023],[-102.3641,41.0022],[-102.2928,41.0022],[-102.2926,41.0022],[-102.2926,41.0022],[-102.2914,41.0022],[-102.2721,41.0022],[-102.2678,41.0024],[-102.2319,41.0023],[-102.2122,41.0025],[-102.2094,41.0024],[-102.1912,41.0023],[-102.125,41.0023],[-102.0706,41.0024],[-102.0517,41.0024],[-102.0516,41.0024],[-102.0513,40.7496],[-102.0513,40.7496],[-102.6513,40.7494],[-102.6535,41.0023]]]}},{"type":"Feature","id":"08117","properties":{"name":"Summit","fips":"08117"},"geometry":{"type":"Polygon","coordinates":[[[-106.4345,39.9249],[-106.252,39.9147],[-106.0837,39.806],[-106.0238,39.6884],[-105.9246,39.699],[-105.7931,39.6363],[-105.8297,39.5649],[-105.8176,39.5383],[-105.9668,39.438],[-106.0176,39.3655],[-106.1355,39.3795],[-106.1364,39.3797],[-106.2067,39.3796],[-106.2516,39.465],[-106.1776,39.6091],[-106.3855,39.7672],[-106.4345,39.9249]]]}},{"type":"Feature","id":"08119","properties":{"name":"Teller","fips":"08119"},"geometry":{"type":"Polygon","coordinates":[[[-105.3304,39.1297],[-105.3292,39.1297],[-105.0335,39.1298],[-105.0289,38.8689],[-105.0722,38.7994],[-104.939,38.7969],[-104.9424,38.6499],[-105.2404,38.6476],[-105.2378,38.6969],[-105.3291,38.6972],[-105.3304,39.1297]]]}},{"type":"Feature","id":"08121","properties":{"name":"Washington","fips":"08121"},"geometry":{"type":"Polygon","coordinates":[[[-103.7057,40.0014],[-103.472,40.0015],[-103.4654,40.4363],[-102.78,40.4384],[-102.8038,40.0026],[-102.8029,39.5678],[-103.1544,39.5657],[-103.155,39.5659],[-103.7071,39.5663],[-103.7065,39.7399],[-103.7058,40.0],[-103.7057,40.0014]]]}},{"type":"Feature","id":"08123","properties":{"name":"Weld","fips":"08123"},"geometry":{"type":"Polygon","coordinates":[[[-104.8825,40.9982],[-104.4971,41.0018],[-104.4971,41.0018],[-104.2147,41.0017],[-104.2142,41.0016],[-104.2115,41.0016],[-104.1236,41.0016],[-104.1046,41.0015],[-104.0861,41.0016],[-104.067,41.0015],[-104.0532,41.0014],[-104.0392,41.0015],[-104.0234,41.0019],[-104.0182,41.0016],[-103.9726,41.0016],[-103.9714,41.0015],[-103.9535,41.0016],[-103.8962,41.0018],[-103.878,41.0017],[-103.8584,41.0017],[-103.5745,41.0017],[-103.5818,40.5234],[-104.1479,40.5243],[-104.1475,40.3502],[-104.1505,40.3502],[-104.1503,40.0009],[-104.9222,40.0003],[-104.9237,40.0003],[-104.9614,40.0003],[-104.9614,40.0009],[-104.9614,40.0018],[-104.9614,40.0027],[-104.9614,40.005],[-104.9614,40.0064],[-104.9614,40.0076],[-104.9614,40.0098],[-104.9614,40.0103],[-104.9614,40.0122],[-104.9614,40.0129],[-104.9614,40.0132],[-104.9614,40.0134],[-104.9614,40.0135],[-104.9613,40.0136],[-104.9613,40.0137],[-104.9613,40.0137],[-104.9613,40.0141],[-104.9613,40.0141],[-104.9613,40.0143],[-104.9613,40.0145],[-104.9613,40.0146],[-104.9613,40.0147],[-104.9613,40.0148],[-104.9613,40.015],[-104.9613,40.0152],[-104.9614,40.0152],[-104.9614,40.0153],[-104.9614,40.022],[-104.9614,40.0236],[-104.9614,40.0237],[-104.9614,40.025],[-104.9614,40.0263],[-104.9614,40.0267],[-104.9614,40.0283],[-104.9614,40.0295],[-104.9614,40.0302],[-104.9614,40.0335],[-104.9614,40.0347],[-104.9613,40.0358],[-104.9613,40.0376],[-104.9612,40.0391],[-104.9612,40.0396],[-104.9612,40.0408],[-104.9612,40.0413],[-104.9612,40.0437],[-104.9612,40.044],[-104.9612,40.0442],[-104.9641,40.0442],[-104.9665,40.0441],[-104.9674,40.0441],[-104.9681,40.0441],[-104.9696,40.0441],[-104.9707,40.0441],[-104.9712,40.0441],[-104.9729,40.044],[-104.9734,40.044],[-104.9739,40.044],[-104.9764,40.044],[-104.9769,40.044],[-104.9793,40.044],[-104.9794,40.0437],[-104.9799,40.0424],[-104.98,40.0422],[-104.98,40.042],[-104.98,40.0417],[-104.98,40.0412],[-104.98,40.0411],[-104.98,40.0403],[-104.98,40.0396],[-104.98,40.0392],[-104.98,40.039],[-104.98,40.0383],[-104.9801,40.0375],[-104.9801,40.0368],[-104.9801,40.0352],[-104.9801,40.0351],[-104.9801,40.035],[-104.9801,40.0329],[-104.9801,40.0327],[-104.9801,40.0324],[-104.9801,40.0312],[-104.9801,40.0304],[-104.9801,40.0297],[-104.98,40.0296],[-104.98,40.0294],[-104.9802,40.0294],[-104.9803,40.0294],[-104.9806,40.0294],[-104.9807,40.0294],[-104.981,40.0294],[-104.982,40.0294],[-104.9854,40.0294],[-104.986,40.0294],[-104.9865,40.0294],[-104.9865,40.0285],[-104.9865,40.0285],[-104.9865,40.026],[-104.9897,40.026],[-104.9912,40.026],[-104.9914,40.026],[-104.9916,40.026],[-104.9943,40.026],[-104.9946,40.026],[-104.9948,40.026],[-104.9948,40.026],[-104.9991,40.0259],[-104.9991,40.0253],[-104.9991,40.024],[-104.9991,40.0237],[-104.9991,40.0235],[-104.9975,40.0235],[-104.9974,40.0235],[-104.9967,40.0235],[-104.9968,40.0224],[-104.9968,40.0209],[-104.9974,40.0209],[-104.9974,40.0209],[-104.9974,40.0209],[-104.9986,40.0209],[-104.9987,40.021],[-104.9991,40.021],[-104.9991,40.0206],[-104.999,40.0206],[-104.9978,40.0206],[-104.9974,40.0206],[-104.9974,40.0206],[-104.9973,40.0206],[-104.9973,40.0206],[-104.9972,40.0206],[-104.9966,40.0206],[-104.9962,40.0206],[-104.996,40.0206],[-104.9958,40.0206],[-104.9957,40.0204],[-104.9956,40.0202],[-104.9957,40.0201],[-104.9958,40.0199],[-104.9959,40.0198],[-104.996,40.0196],[-104.9961,40.0194],[-104.9962,40.0192],[-104.9964,40.019],[-104.9966,40.0187],[-104.9967,40.0186],[-104.9969,40.0184],[-104.997,40.0183],[-104.9974,40.018],[-104.9976,40.0178],[-104.9977,40.0177],[-104.9978,40.0173],[-104.9979,40.0171],[-104.9979,40.0169],[-104.998,40.0168],[-104.9985,40.0165],[-104.9986,40.0164],[-104.9988,40.0161],[-104.999,40.016],[-104.999,40.016],[-104.9991,40.0159],[-104.9991,40.0159],[-104.9991,40.0149],[-104.9972,40.0149],[-104.9927,40.0149],[-104.9896,40.0149],[-104.9896,40.008],[-104.9896,40.0077],[-104.9897,40.0077],[-104.9898,40.0077],[-104.992,40.0077],[-104.9943,40.0077],[-104.9952,40.0077],[-104.996,40.0077],[-104.9965,40.0077],[-104.9965,40.0077],[-104.9965,40.0077],[-104.9965,40.0077],[-104.9965,40.0077],[-104.9965,40.0077],[-104.9966,40.0077],[-104.9966,40.0077],[-104.9966,40.0077],[-104.9967,40.0077],[-104.9967,40.0077],[-104.9968,40.0077],[-104.9968,40.0077],[-104.9968,40.0077],[-104.9968,40.0077],[-104.9968,40.0077],[-104.9968,40.0077],[-104.9969,40.0077],[-104.9969,40.0077],[-104.9969,40.0077],[-104.9969,40.0077],[-104.9985,40.0076],[-104.9985,40.0076],[-104.9985,40.0076],[-104.9991,40.0076],[-105.008,40.0075],[-105.008,40.0058],[-105.0079,40.0025],[-105.0079,40.0003],[-105.0084,40.0003],[-105.0084,40.0025],[-105.0084,40.0058],[-105.0085,40.0074],[-105.0086,40.0074],[-105.009,40.0074],[-105.009,40.0058],[-105.0089,40.0043],[-105.0089,40.003],[-105.0089,40.0027],[-105.0089,40.0025],[-105.0089,40.0003],[-105.0094,40.0003],[-105.0102,40.0003],[-105.0103,40.0003],[-105.011,40.0003],[-105.0117,40.0003],[-105.0118,40.0003],[-105.0146,40.0003],[-105.0152,40.0003],[-105.016,40.0003],[-105.0174,40.0003],[-105.0178,40.0003],[-105.0224,40.0003],[-105.0276,40.0003],[-105.0371,40.0003],[-105.0386,40.0003],[-105.0419,40.0003],[-105.0439,40.0003],[-105.0441,40.0003],[-105.0457,40.0003],[-105.046,40.0003],[-105.0462,40.0003],[-105.0471,40.0003],[-105.0528,40.0003],[-105.0528,40.0003],[-105.0554,40.0003],[-105.0554,40.1447],[-105.0554,40.1449],[-105.0551,40.2618],[-105.0567,40.3493],[-104.9456,40.3491],[-104.9434,40.9982],[-104.8825,40.9982]]]}},{"type":"Feature","id":"08125","properties":{"name":"Yuma","fips":"08125"},"geometry":{"type":"Polygon","coordinates":[[[-102.0515,40.44],[-102.0518,40.3964],[-102.0516,40.3931],[-102.0517,40.3492],[-102.0519,40.2353],[-102.0519,40.2292],[-102.0519,40.1627],[-102.052,40.1484],[-102.0517,40.0031],[-102.0516,39.8498],[-102.0514,39.8435],[-102.0513,39.8333],[-102.0513,39.819],[-102.0506,39.6756],[-102.05,39.5923],[-102.0498,39.5741],[-102.8029,39.5678],[-102.8038,40.0026],[-102.78,40.4384],[-102.6648,40.4385],[-102.0515,40.44]]]}}]}