{"type":"FeatureCollection","features":[{"type":"Feature","properties":{"code":"DAD","county":"Miami-Dade","precinct":"131"},"geometry":{"type":"Polygon","coordinates":[[[-80.21188,25.91679],[-80.2076,25.91661],[-80.20413,25.9152],[-80.20225,25.91342],[-80.19617,25.90461],[-80.19519,25.90212],[-80.19506,25.89901],[-80.19904,25.89883],[-80.19893,25.89563],[-80.19824,25.89566],[-80.19821,25.89519],[-80.20303,25.89497],[-80.20333,25.90224],[-80.20736,25.90207],[-80.20758,25.90574],[-80.21163,25.90555],[-80.21188,25.91679]]]}},{"type":"Feature","properties":{"code":"DAD","county":"Miami-Dade","precinct":"201"},"geometry":{"type":"Polygon","coordinates":[[[-80.28668,25.95375],[-80.2892,25.95414],[-80.29239,25.95648],[-80.29476,25.95694],[-80.29518,25.9703],[-80.27842,25.97075],[-80.27821,25.95416],[-80.28668,25.95375]]]}},{"type":"Feature","properties":{"code":"DAD","county":"Miami-Dade","precinct":"527"},"geometry":{"type":"Polygon","coordinates":[[[-80.23191,25.80563],[-80.24013,25.80533],[-80.24024,25.80907],[-80.23206,25.80932],[-80.23191,25.80563]]]}},{"type":"Feature","properties":{"code":"DAD","county":"Miami-Dade","precinct":"209"},"geometry":{"type":"Polygon","coordinates":[[[-80.17429,25.96488],[-80.18164,25.9647],[-80.18564,25.96305],[-80.18802,25.96649],[-80.18965,25.96719],[-80.19207,25.96733],[-80.19383,25.96859],[-80.19435,25.96998],[-80.19442,25.97313],[-80.17462,25.97339],[-80.17436,25.96773],[-80.17362,25.96717],[-80.17434,25.96689],[-80.17429,25.96488]]]}},{"type":"Feature","properties":{"code":"DAD","county":"Miami-Dade","precinct":"890"},"geometry":{"type":"Polygon","coordinates":[[[-80.39753,25.52568],[-80.4101,25.51253],[-80.41248,25.51056],[-80.41273,25.53091],[-80.40459,25.53161],[-80.40456,25.52918],[-80.4024,25.52919],[-80.40086,25.52595],[-80.39753,25.52568]]]}},{"type":"Feature","properties":{"code":"DAD","county":"Miami-Dade","precinct":"163"},"geometry":{"type":"Polygon","coordinates":[[[-80.20265,25.87665],[-80.20236,25.86942],[-80.20854,25.86922],[-80.20886,25.87654],[-80.20265,25.87665]]]}},{"type":"Feature","properties":{"code":"DAD","county":"Miami-Dade","precinct":"354"},"geometry":{"type":"Polygon","coordinates":[[[-80.29116,25.88031],[-80.29089,25.87344],[-80.30206,25.8734],[-80.30223,25.87703],[-80.29447,25.87704],[-80.29437,25.8805],[-80.29116,25.88031]]]}},{"type":"Feature","properties":{"code":"DAD","county":"Miami-Dade","precinct":"704"},"geometry":{"type":"Polygon","coordinates":[[[-80.40704,25.71464],[-80.41511,25.71437],[-80.41569,25.72919],[-80.40761,25.72943],[-80.40704,25.71464]]]}},{"type":"Feature","properties":{"code":"DAD","county":"Miami-Dade","precinct":"13"},"geometry":{"type":"Polygon","coordinates":[[[-80.11021,25.87224],[-80.11016,25.86223],[-80.12809,25.86184],[-80.12436,25.86694],[-80.12467,25.87244],[-80.11788,25.87274],[-80.11021,25.87224]]]}},{"type":"Feature","properties":{"code":"DAD","county":"Miami-Dade","precinct":"565"},"geometry":{"type":"Polygon","coordinates":[[[-80.19971,25.76332],[-80.21433,25.76292],[-80.21447,25.7667],[-80.20016,25.76715],[-80.19971,25.76332]]]}},{"type":"Feature","properties":{"code":"DAD","county":"Miami-Dade","precinct":"772"},"geometry":{"type":"Polygon","coordinates":[[[-80.40093,25.70944],[-80.40131,25.70757],[-80.40295,25.70607],[-80.40683,25.70534],[-80.40839,25.70671],[-80.4103,25.70538],[-80.41474,25.70516],[-80.41491,25.7097],[-80.40764,25.70968],[-80.40555,25.71087],[-80.40463,25.7109],[-80.40365,25.71255],[-80.40162,25.71124],[-80.40093,25.70944]]]}},{"type":"Feature","properties":{"code":"DAD","county":"Miami-Dade","precinct":"716"},"geometry":{"type":"Polygon","coordinates":[[[-80.3185,25.73295],[-80.31825,25.72883],[-80.31905,25.72261],[-80.32345,25.71737],[-80.33438,25.70677],[-80.33583,25.73308],[-80.3185,25.73295]]]}},{"type":"Feature","properties":{"code":"DAD","county":"Miami-Dade","precinct":"165"},"geometry":{"type":"Polygon","coordinates":[[[-80.16047,25.90018],[-80.16277,25.89259],[-80.16639,25.89242],[-80.16649,25.89297],[-80.16951,25.89288],[-80.1686,25.89471],[-80.17052,25.89463],[-80.17057,25.89641],[-80.16715,25.89655],[-80.16345,25.90038],[-80.16185,25.9],[-80.16187,25.90047],[-80.16038,25.90052],[-80.16047,25.90018]]]}},{"type":"Feature","properties":{"code":"DAD","county":"Miami-Dade","precinct":"893"},"geometry":{"type":"Polygon","coordinates":[[[-80.11568,25.54117],[-80.11597,25.53362],[-80.118,25.52573],[-80.11686,25.51917],[-80.11735,25.51275],[-80.1192,25.5046],[-80.12064,25.50037],[-80.12242,25.50037],[-80.12504,25.49471],[-80.12737,25.49281],[-80.12477,25.48757],[-80.1249,25.48236],[-80.12635,25.47454],[-80.12947,25.46597],[-80.13756,25.45085],[-80.1386,25.4429],[-80.14115,25.4374],[-80.14176,25.4347],[-80.13112,25.42822],[-80.12714,25.42456],[-80.12477,25.42311],[-80.11858,25.41549],[-80.1139,25.40625],[-80.11175,25.40087],[-80.11056,25.39373],[-80.11015,25.38744],[-80.11062,25.38255],[-80.11262,25.37538],[-80.11646,25.36694],[-80.12267,25.3578],[-80.12601,25.3546],[-80.13111,25.35112],[-80.13155,25.34674],[-80.13336,25.33928],[-80.14042,25.32652],[-80.1476,25.31964],[-80.15025,25.31414],[-80.22425,25.33511],[-80.24275,25.33953],[-80.25138,25.34228],[-80.25358,25.34458],[-80.25648,25.35068],[-80.26204,25.35382],[-80.26523,25.35428],[-80.25762,25.38248],[-80.24816,25.38979],[-80.25382,25.39381],[-80.24163,25.40172],[-80.23897,25.39833],[-80.23591,25.40323],[-80.23081,25.40535],[-80.22472,25.40623],[-80.21349,25.42029],[-80.21525,25.42814],[-80.20912,25.43381],[-80.18806,25.49037],[-80.19135,25.49559],[-80.19203,25.50258],[-80.19023,25.50882],[-80.17605,25.54158],[-80.11568,25.54117]]]}},{"type":"Feature","properties":{"code":"DAD","county":"Miami-Dade","precinct":"646"},"geometry":{"type":"MultiPolygon","coordinates":[[[[-80.28398,25.66232],[-80.28394,25.65997],[-80.28813,25.65995],[-80.28814,25.66086],[-80.28879,25.66086],[-80.28878,25.66181],[-80.28999,25.6618],[-80.29006,25.66413],[-80.28405,25.66428],[-80.28398,25.66232]]],[[[-80.28447,25.65261],[-80.28577,25.65259],[-80.284,25.65591],[-80.28364,25.65262],[-80.28447,25.65261]]]]}},{"type":"Feature","properties":{"code":"DAD","county":"Miami-Dade","precinct":"920"},"geometry":{"type":"Polygon","coordinates":[[[-80.47739,25.47164],[-80.47729,25.46247],[-80.49754,25.46238],[-80.49752,25.45873],[-80.50156,25.45873],[-80.50157,25.46236],[-80.50562,25.46233],[-80.50566,25.46598],[-80.50158,25.46601],[-80.50163,25.4696],[-80.49562,25.46969],[-80.49565,25.47123],[-80.49363,25.47123],[-80.49364,25.47337],[-80.48149,25.47344],[-80.48146,25.47162],[-80.47945,25.47163],[-80.47942,25.47437],[-80.47736,25.47438],[-80.47739,25.47164]]]}},{"type":"Feature","properties":{"code":"DAD","county":"Miami-Dade","precinct":"665"},"geometry":{"type":"Polygon","coordinates":[[[-80.19211,25.76742],[-80.19199,25.7664],[-80.19409,25.75872],[-80.19613,25.75988],[-80.1954,25.76239],[-80.19558,25.76731],[-80.19211,25.76742]]]}},{"type":"Feature","properties":{"code":"DAD","county":"Miami-Dade","precinct":"502"},"geometry":{"type":"Polygon","coordinates":[[[-80.17912,25.85405],[-80.17966,25.85374],[-80.17965,25.85305],[-80.18017,25.85308],[-80.18175,25.85165],[-80.18477,25.85153],[-80.18491,25.85517],[-80.17761,25.85542],[-80.17727,25.85516],[-80.17912,25.85405]]]}},{"type":"Feature","properties":{"code":"DAD","county":"Miami-Dade","precinct":"212"},"geometry":{"type":"Polygon","coordinates":[[[-80.18887,25.94321],[-80.18888,25.94119],[-80.18993,25.9409],[-80.19259,25.93881],[-80.19765,25.93665],[-80.2034,25.9317],[-80.20518,25.93156],[-80.19843,25.93722],[-80.19352,25.93894],[-80.19051,25.94114],[-80.19288,25.94119],[-80.19468,25.94256],[-80.19592,25.94289],[-80.20109,25.94271],[-80.20156,25.95735],[-80.19965,25.95746],[-80.18473,25.94719],[-80.1871,25.94329],[-80.18887,25.94321]]]}},{"type":"Feature","properties":{"code":"DAD","county":"Miami-Dade","precinct":"126"},"geometry":{"type":"Polygon","coordinates":[[[-80.17654,25.9254],[-80.15594,25.92609],[-80.15576,25.92293],[-80.15592,25.92242],[-80.18388,25.92135],[-80.18425,25.92875],[-80.18183,25.92823],[-80.17837,25.92586],[-80.17654,25.9254]]]}},{"type":"Feature","properties":{"code":"DAD","county":"Miami-Dade","precinct":"705"},"geometry":{"type":"Polygon","coordinates":[[[-80.41511,25.71437],[-80.42308,25.7141],[-80.42369,25.72893],[-80.41569,25.72919],[-80.41511,25.71437]]]}},{"type":"Feature","properties":{"code":"DAD","county":"Miami-Dade","precinct":"827"},"geometry":{"type":"Polygon","coordinates":[[[-80.37706,25.58843],[-80.37668,25.58351],[-80.37352,25.58342],[-80.37354,25.58091],[-80.37019,25.58093],[-80.36875,25.57993],[-80.37654,25.57191],[-80.37981,25.57484],[-80.3805,25.57699],[-80.38064,25.58841],[-80.37706,25.58843]]]}},{"type":"Feature","properties":{"code":"DAD","county":"Miami-Dade","precinct":"213"},"geometry":{"type":"Polygon","coordinates":[[[-80.20114,25.94347],[-80.20108,25.9427],[-80.19592,25.94289],[-80.19468,25.94256],[-80.19288,25.94119],[-80.19051,25.94114],[-80.19352,25.93894],[-80.19843,25.93722],[-80.20518,25.93156],[-80.20858,25.9314],[-80.20846,25.92952],[-80.20901,25.92833],[-80.20792,25.92744],[-80.21155,25.925],[-80.21207,25.92864],[-80.21055,25.92993],[-80.22269,25.94181],[-80.21219,25.94224],[-80.21229,25.94446],[-80.21029,25.94454],[-80.21035,25.94597],[-80.20327,25.94627],[-80.2033,25.94696],[-80.20125,25.94709],[-80.20114,25.94347]]]}},{"type":"Feature","properties":{"code":"DAD","county":"Miami-Dade","precinct":"118"},"geometry":{"type":"Polygon","coordinates":[[[-80.14759,25.94521],[-80.14995,25.93776],[-80.15058,25.93772],[-80.14756,25.94747],[-80.14698,25.94741],[-80.14759,25.94521]]]}},{"type":"Feature","properties":{"code":"DAD","county":"Miami-Dade","precinct":"732"},"geometry":{"type":"Polygon","coordinates":[[[-80.3989,25.70953],[-80.40093,25.70944],[-80.40162,25.71124],[-80.40365,25.71255],[-80.40463,25.7109],[-80.40555,25.71087],[-80.40764,25.70968],[-80.41491,25.7097],[-80.41511,25.71437],[-80.39909,25.71493],[-80.3989,25.70953]]]}},{"type":"Feature","properties":{"code":"DAD","county":"Miami-Dade","precinct":"99"},"geometry":{"type":"MultiPolygon","coordinates":[[[[-80.13919,25.93835],[-80.13927,25.94095],[-80.13827,25.94102],[-80.13768,25.94219],[-80.13783,25.94442],[-80.13843,25.94502],[-80.13532,25.94536],[-80.13542,25.94865],[-80.13455,25.94875],[-80.13453,25.94954],[-80.12731,25.94957],[-80.13133,25.93856],[-80.13919,25.93835]]]]}},{"type":"Feature","properties":{"code":"DAD","county":"Miami-Dade","precinct":"7"},"geometry":{"type":"Polygon","coordinates":[[[-80.1291,25.88077],[-80.12945,25.8802],[-80.1303,25.88053],[-80.13364,25.88278],[-80.13828,25.88442],[-80.14054,25.88687],[-80.14437,25.88796],[-80.13255,25.89909],[-80.13201,25.89909],[-80.12811,25.88684],[-80.12787,25.88314],[-80.1291,25.88077]]]}},{"type":"Feature","properties":{"code":"DAD","county":"Miami-Dade","precinct":"719"},"geometry":{"type":"Polygon","coordinates":[[[-80.30583,25.69621],[-80.31713,25.69526],[-80.31842,25.7177],[-80.30228,25.71832],[-80.30211,25.71464],[-80.30677,25.71449],[-80.30667,25.71077],[-80.30594,25.7108],[-80.30549,25.70355],[-80.30524,25.69622],[-80.30583,25.69621]]]}},{"type":"Feature","properties":{"code":"DAD","county":"Miami-Dade","precinct":"52"},"geometry":{"type":"MultiPolygon","coordinates":[[[[-80.10931,25.73337],[-80.09123,25.72189],[-80.08951,25.71682],[-80.08849,25.71034],[-80.08914,25.70042],[-80.16159,25.70038],[-80.16053,25.70231],[-80.16283,25.7023],[-80.16282,25.70039],[-80.19508,25.70099],[-80.19254,25.71102],[-80.18938,25.7111],[-80.18303,25.73052],[-80.17373,25.73046],[-80.17373,25.74389],[-80.16082,25.73221],[-80.15859,25.73336],[-80.15729,25.7322],[-80.15272,25.73261],[-80.14537,25.73487],[-80.14266,25.73672],[-80.14163,25.73672],[-80.13814,25.73832],[-80.13554,25.74043],[-80.13387,25.7426],[-80.13218,25.74991],[-80.11744,25.73855],[-80.10931,25.73337]]],[[[-80.17637,25.68296],[-80.17116,25.6814],[-80.15393,25.68317],[-80.09668,25.68267],[-80.09709,25.68201],[-80.09537,25.67818],[-80.09428,25.67204],[-80.09415,25.66307],[-80.09546,25.65731],[-80.20597,25.65717],[-80.19816,25.6887],[-80.17637,25.68296]]]]}},{"type":"Feature","properties":{"code":"DAD","county":"Miami-Dade","precinct":"184"},"geometry":{"type":"Polygon","coordinates":[[[-80.17118,25.90734],[-80.16731,25.91106],[-80.16714,25.90745],[-80.17118,25.90734]]]}},{"type":"Feature","properties":{"code":"DAD","county":"Miami-Dade","precinct":"239"},"geometry":{"type":"Polygon","coordinates":[[[-80.21188,25.91667],[-80.21166,25.90927],[-80.21958,25.9089],[-80.21948,25.90161],[-80.21547,25.90177],[-80.21536,25.89956],[-80.22744,25.89899],[-80.22747,25.89984],[-80.22547,25.89991],[-80.22553,25.90136],[-80.22754,25.90129],[-80.22798,25.91247],[-80.22365,25.91603],[-80.21188,25.91667]]]}},{"type":"Feature","properties":{"code":"DAD","county":"Miami-Dade","precinct":"568"},"geometry":{"type":"MultiPolygon","coordinates":[[[[-80.21719,25.79514],[-80.21517,25.79499],[-80.21485,25.78539],[-80.21866,25.78392],[-80.22294,25.78538],[-80.22407,25.78617],[-80.2254,25.7861],[-80.22937,25.78738],[-80.23134,25.78874],[-80.23148,25.79451],[-80.22326,25.79473],[-80.22356,25.80213],[-80.2174,25.80232],[-80.21719,25.79514]]],[[[-80.20572,25.80268],[-80.20553,25.79526],[-80.20702,25.79523],[-80.20728,25.8026],[-80.20572,25.80268]]]]}},{"type":"Feature","properties":{"code":"DAD","county":"Miami-Dade","precinct":"149"},"geometry":{"type":"Polygon","coordinates":[[[-80.1517,25.88122],[-80.15584,25.87255],[-80.17229,25.87235],[-80.16847,25.87716],[-80.16555,25.88381],[-80.15971,25.88099],[-80.1517,25.88122]]]}},{"type":"Feature","properties":{"code":"DAD","county":"Miami-Dade","precinct":"254"},"geometry":{"type":"Polygon","coordinates":[[[-80.20954,25.84195],[-80.2094,25.83964],[-80.22525,25.83911],[-80.2254,25.84653],[-80.21324,25.84688],[-80.2131,25.84186],[-80.20954,25.84195]]]}},{"type":"Feature","properties":{"code":"DAD","county":"Miami-Dade","precinct":"702"},"geometry":{"type":"Polygon","coordinates":[[[-80.43913,25.71362],[-80.44713,25.7134],[-80.4477,25.728],[-80.43967,25.72827],[-80.43944,25.72636],[-80.442,25.72568],[-80.44179,25.72509],[-80.44233,25.72444],[-80.44161,25.72297],[-80.4424,25.72031],[-80.4421,25.71952],[-80.44094,25.71899],[-80.43849,25.71908],[-80.43805,25.71825],[-80.43796,25.71649],[-80.43913,25.71362]]]}},{"type":"Feature","properties":{"code":"DAD","county":"Miami-Dade","precinct":"468"},"geometry":{"type":"Polygon","coordinates":[[[-80.3694,25.81163],[-80.36912,25.79708],[-80.38532,25.79704],[-80.38573,25.81165],[-80.38158,25.8116],[-80.38177,25.81882],[-80.36968,25.8189],[-80.3694,25.81163]]]}},{"type":"Feature","properties":{"code":"DAD","county":"Miami-Dade","precinct":"388"},"geometry":{"type":"Polygon","coordinates":[[[-80.3397,25.88406],[-80.33937,25.877],[-80.34738,25.87694],[-80.34717,25.87189],[-80.35671,25.87895],[-80.35555,25.88023],[-80.35576,25.8842],[-80.3397,25.88406]]]}},{"type":"Feature","properties":{"code":"DAD","county":"Miami-Dade","precinct":"859"},"geometry":{"type":"Polygon","coordinates":[[[-80.44015,25.66289],[-80.43939,25.66181],[-80.43569,25.65913],[-80.43213,25.65917],[-80.43189,25.65535],[-80.44835,25.65479],[-80.44891,25.66198],[-80.45709,25.66201],[-80.45715,25.66388],[-80.45414,25.66445],[-80.44865,25.66399],[-80.44526,25.66245],[-80.44015,25.66289]]]}},{"type":"Feature","properties":{"code":"DAD","county":"Miami-Dade","precinct":"617"},"geometry":{"type":"Polygon","coordinates":[[[-80.19254,25.71102],[-80.20993,25.64177],[-80.25537,25.65309],[-80.26107,25.65498],[-80.26747,25.65755],[-80.27976,25.66624],[-80.27786,25.67494],[-80.27371,25.68071],[-80.27254,25.6853],[-80.27078,25.68782],[-80.27013,25.69007],[-80.261,25.70511],[-80.26094,25.70789],[-80.2528,25.70775],[-80.25279,25.70852],[-80.24841,25.70872],[-80.24845,25.70949],[-80.19254,25.71102]]]}},{"type":"Feature","properties":{"code":"DAD","county":"Miami-Dade","precinct":"102"},"geometry":{"type":"Polygon","coordinates":[[[-80.13394,25.97411],[-80.12331,25.97435],[-80.12393,25.96112],[-80.12435,25.95946],[-80.12763,25.96011],[-80.1286,25.956],[-80.13044,25.95613],[-80.1299,25.95905],[-80.12686,25.96194],[-80.12659,25.96457],[-80.12766,25.96571],[-80.13383,25.96637],[-80.13369,25.96762],[-80.14164,25.96728],[-80.14144,25.96374],[-80.14198,25.96371],[-80.1419,25.96136],[-80.14735,25.95975],[-80.14778,25.97442],[-80.13397,25.97482],[-80.13394,25.97411]]]}},{"type":"Feature","properties":{"code":"DAD","county":"Miami-Dade","precinct":"257"},"geometry":{"type":"Polygon","coordinates":[[[-80.22531,25.84282],[-80.22526,25.83171],[-80.23298,25.8314],[-80.23347,25.84302],[-80.22531,25.84282]]]}},{"type":"Feature","properties":{"code":"DAD","county":"Miami-Dade","precinct":"764"},"geometry":{"type":"Polygon","coordinates":[[[-80.43856,25.69912],[-80.45454,25.69857],[-80.45516,25.71316],[-80.43913,25.71362],[-80.43927,25.71055],[-80.44022,25.70932],[-80.44249,25.70776],[-80.4432,25.70554],[-80.44232,25.70374],[-80.43903,25.70141],[-80.43856,25.69912]]]}},{"type":"Feature","properties":{"code":"DAD","county":"Miami-Dade","precinct":"593"},"geometry":{"type":"Polygon","coordinates":[[[-80.22252,25.77996],[-80.2228,25.77222],[-80.23093,25.77142],[-80.23121,25.77968],[-80.22252,25.77996]]]}},{"type":"Feature","properties":{"code":"DAD","county":"Miami-Dade","precinct":"14"},"geometry":{"type":"Polygon","coordinates":[[[-80.1102,25.8485],[-80.11875,25.84841],[-80.11881,25.85435],[-80.12447,25.85415],[-80.12504,25.85503],[-80.12593,25.85503],[-80.12937,25.85961],[-80.12811,25.86048],[-80.12809,25.86184],[-80.11016,25.86223],[-80.1102,25.8485]]]}},{"type":"Feature","properties":{"code":"DAD","county":"Miami-Dade","precinct":"162"},"geometry":{"type":"Polygon","coordinates":[[[-80.20764,25.85431],[-80.1971,25.85311],[-80.19693,25.84789],[-80.20776,25.84762],[-80.20799,25.85437],[-80.20764,25.85431]]]}},{"type":"Feature","properties":{"code":"DAD","county":"Miami-Dade","precinct":"602"},"geometry":{"type":"Polygon","coordinates":[[[-80.20628,25.80639],[-80.20741,25.80644],[-80.20757,25.81001],[-80.20607,25.80952],[-80.20597,25.8064],[-80.20628,25.80639]]]}},{"type":"Feature","properties":{"code":"DAD","county":"Miami-Dade","precinct":"238"},"geometry":{"type":"Polygon","coordinates":[[[-80.22487,25.87659],[-80.22483,25.87589],[-80.20886,25.87653],[-80.20854,25.86922],[-80.22614,25.86859],[-80.22648,25.87798],[-80.22493,25.87804],[-80.22487,25.87659]]]}},{"type":"Feature","properties":{"code":"DAD","county":"Miami-Dade","precinct":"898"},"geometry":{"type":"Polygon","coordinates":[[[-80.41794,25.60715],[-80.41342,25.60235],[-80.41305,25.59656],[-80.42151,25.59622],[-80.42204,25.60648],[-80.42065,25.60726],[-80.41794,25.60715]]]}},{"type":"Feature","properties":{"code":"DAD","county":"Miami-Dade","precinct":"322"},"geometry":{"type":"Polygon","coordinates":[[[-80.33135,25.87701],[-80.33937,25.877],[-80.3397,25.88406],[-80.33167,25.88412],[-80.33135,25.87701]]]}},{"type":"Feature","properties":{"code":"DAD","county":"Miami-Dade","precinct":"17"},"geometry":{"type":"Polygon","coordinates":[[[-80.14833,25.85252],[-80.14468,25.8493],[-80.14449,25.84362],[-80.15602,25.84328],[-80.15642,25.85605],[-80.15245,25.85617],[-80.14833,25.85252]]]}},{"type":"Feature","properties":{"code":"DAD","county":"Miami-Dade","precinct":"375"},"geometry":{"type":"Polygon","coordinates":[[[-80.31454,25.85526],[-80.31055,25.85525],[-80.31042,25.8507],[-80.31235,25.85065],[-80.31233,25.84984],[-80.3144,25.84982],[-80.31461,25.84772],[-80.32251,25.85362],[-80.32293,25.86662],[-80.32022,25.86655],[-80.32013,25.86352],[-80.31875,25.86119],[-80.31858,25.85526],[-80.31454,25.85526]]]}},{"type":"Feature","properties":{"code":"DAD","county":"Miami-Dade","precinct":"832"},"geometry":{"type":"Polygon","coordinates":[[[-80.34752,25.56888],[-80.34571,25.56874],[-80.34597,25.5702],[-80.34333,25.57025],[-80.34333,25.56972],[-80.34433,25.56977],[-80.34412,25.56651],[-80.34582,25.56662],[-80.34705,25.56272],[-80.34705,25.55922],[-80.35474,25.55915],[-80.3559,25.5596],[-80.35665,25.56052],[-80.3545,25.56387],[-80.34792,25.57021],[-80.34743,25.57028],[-80.34752,25.56888]]]}},{"type":"Feature","properties":{"code":"DAD","county":"Miami-Dade","precinct":"808"},"geometry":{"type":"Polygon","coordinates":[[[-80.2906,25.64502],[-80.29059,25.64354],[-80.28919,25.64272],[-80.29194,25.63865],[-80.29639,25.63861],[-80.29696,25.63749],[-80.30131,25.63736],[-80.30119,25.63421],[-80.29803,25.63431],[-80.29801,25.63376],[-80.29304,25.6339],[-80.29289,25.63061],[-80.29187,25.63064],[-80.29222,25.63147],[-80.29151,25.63154],[-80.29046,25.63048],[-80.28835,25.63091],[-80.28658,25.63329],[-80.28575,25.63371],[-80.28321,25.63358],[-80.28263,25.63242],[-80.28241,25.62677],[-80.27088,25.62537],[-80.22577,25.62538],[-80.24977,25.61132],[-80.29168,25.61037],[-80.31015,25.61059],[-80.31094,25.626],[-80.31454,25.62592],[-80.31469,25.62959],[-80.31319,25.62965],[-80.31332,25.63331],[-80.31533,25.63326],[-80.3154,25.6342],[-80.31447,25.63421],[-80.31447,25.63559],[-80.31342,25.63564],[-80.31349,25.63842],[-80.3125,25.63849],[-80.31245,25.63703],[-80.30933,25.63713],[-80.30968,25.64452],[-80.2906,25.64502]]]}},{"type":"Feature","properties":{"code":"DAD","county":"Miami-Dade","precinct":"242"},"geometry":{"type":"Polygon","coordinates":[[[-80.20886,25.87654],[-80.22483,25.87589],[-80.22493,25.87804],[-80.22648,25.87798],[-80.22674,25.88308],[-80.20896,25.8838],[-80.20886,25.87654]]]}},{"type":"Feature","properties":{"code":"DAD","county":"Miami-Dade","precinct":"718"},"geometry":{"type":"Polygon","coordinates":[[[-80.33438,25.70679],[-80.33888,25.7021],[-80.33785,25.70214],[-80.34746,25.69161],[-80.3502,25.69352],[-80.34989,25.69455],[-80.35053,25.70893],[-80.33841,25.70937],[-80.3375,25.71025],[-80.33457,25.71042],[-80.33438,25.70679]]]}},{"type":"Feature","properties":{"code":"DAD","county":"Miami-Dade","precinct":"372"},"geometry":{"type":"Polygon","coordinates":[[[-80.31282,25.92779],[-80.30961,25.92777],[-80.30939,25.92475],[-80.31958,25.9247],[-80.32181,25.92418],[-80.32422,25.92235],[-80.32499,25.92065],[-80.32511,25.91836],[-80.32555,25.91845],[-80.32548,25.92787],[-80.31282,25.92779]]]}},{"type":"Feature","properties":{"code":"DAD","county":"Miami-Dade","precinct":"349"},"geometry":{"type":"Polygon","coordinates":[[[-80.32299,25.86957],[-80.32251,25.85362],[-80.341,25.86732],[-80.33896,25.86973],[-80.32299,25.86957]]]}},{"type":"Feature","properties":{"code":"DAD","county":"Miami-Dade","precinct":"105"},"geometry":{"type":"Polygon","coordinates":[[[-80.16204,25.96305],[-80.16127,25.96107],[-80.16117,25.95933],[-80.15734,25.95943],[-80.15712,25.9546],[-80.15861,25.95577],[-80.1587,25.95712],[-80.16201,25.95667],[-80.16203,25.95347],[-80.16161,25.95237],[-80.16089,25.95224],[-80.1607,25.94902],[-80.163,25.94894],[-80.16305,25.94789],[-80.16515,25.94779],[-80.16576,25.95916],[-80.16973,25.95903],[-80.16712,25.96115],[-80.16564,25.96398],[-80.16204,25.96305]]]}},{"type":"Feature","properties":{"code":"DAD","county":"Miami-Dade","precinct":"226"},"geometry":{"type":"Polygon","coordinates":[[[-80.24431,25.91545],[-80.24417,25.9118],[-80.25809,25.91128],[-80.25829,25.91477],[-80.25945,25.91533],[-80.2602,25.91708],[-80.26066,25.92573],[-80.24461,25.92643],[-80.24431,25.91545]]]}},{"type":"Feature","properties":{"code":"DAD","county":"Miami-Dade","precinct":"231"},"geometry":{"type":"Polygon","coordinates":[[[-80.28473,25.92526],[-80.29314,25.92506],[-80.29388,25.93927],[-80.28572,25.93954],[-80.28473,25.92526]]]}},{"type":"Feature","properties":{"code":"DAD","county":"Miami-Dade","precinct":"911"},"geometry":{"type":"Polygon","coordinates":[[[-80.41748,25.4995],[-80.41751,25.49669],[-80.41822,25.49402],[-80.41932,25.49228],[-80.42248,25.48938],[-80.42286,25.4915],[-80.42863,25.49143],[-80.42864,25.49217],[-80.43669,25.4921],[-80.43658,25.48846],[-80.44481,25.48836],[-80.44476,25.48107],[-80.4476,25.48104],[-80.44791,25.48669],[-80.45178,25.49091],[-80.45198,25.49195],[-80.45383,25.49197],[-80.44628,25.49931],[-80.41748,25.4995]]]}},{"type":"Feature","properties":{"code":"DAD","county":"Miami-Dade","precinct":"583"},"geometry":{"type":"Polygon","coordinates":[[[-80.28786,25.76356],[-80.29788,25.76327],[-80.29814,25.77059],[-80.28812,25.77077],[-80.28786,25.76356]]]}},{"type":"Feature","properties":{"code":"DAD","county":"Miami-Dade","precinct":"835"},"geometry":{"type":"Polygon","coordinates":[[[-80.67539,25.76177],[-80.67263,25.76081],[-80.6538,25.76068],[-80.49802,25.76098],[-80.49539,25.69001],[-80.49601,25.6877],[-80.49869,25.68337],[-80.49785,25.65956],[-80.51283,25.65947],[-80.51285,25.66004],[-80.51486,25.66004],[-80.51505,25.66668],[-80.64931,25.66637],[-80.67334,25.66621],[-80.67332,25.66579],[-80.67382,25.66578],[-80.67384,25.66648],[-80.70244,25.66643],[-80.70231,25.66779],[-80.70317,25.66804],[-80.70611,25.66642],[-80.87316,25.66617],[-80.87313,25.7605],[-80.82893,25.76063],[-80.82694,25.76168],[-80.67539,25.76177]]]}},{"type":"Feature","properties":{"code":"DAD","county":"Miami-Dade","precinct":"627"},"geometry":{"type":"Polygon","coordinates":[[[-80.31007,25.65571],[-80.32923,25.65515],[-80.32053,25.67386],[-80.31073,25.6741],[-80.31007,25.65571]]]}},{"type":"Feature","properties":{"code":"DAD","county":"Miami-Dade","precinct":"321"},"geometry":{"type":"Polygon","coordinates":[[[-80.31529,25.87701],[-80.31501,25.86958],[-80.32299,25.86957],[-80.32331,25.87703],[-80.31529,25.87701]]]}},{"type":"Feature","properties":{"code":"DAD","county":"Miami-Dade","precinct":"728"},"geometry":{"type":"Polygon","coordinates":[[[-80.35663,25.69685],[-80.3579,25.69513],[-80.36095,25.69476],[-80.36083,25.68716],[-80.36585,25.68696],[-80.36616,25.70108],[-80.36483,25.70111],[-80.35663,25.69685]]]}},{"type":"Feature","properties":{"code":"DAD","county":"Miami-Dade","precinct":"128"},"geometry":{"type":"Polygon","coordinates":[[[-80.17953,25.91419],[-80.1859,25.91403],[-80.18589,25.91219],[-80.18748,25.91215],[-80.18828,25.92857],[-80.18425,25.92875],[-80.18376,25.9186],[-80.18274,25.9186],[-80.18271,25.91771],[-80.18173,25.91774],[-80.18168,25.91682],[-80.17966,25.91692],[-80.17953,25.91419]]]}},{"type":"Feature","properties":{"code":"DAD","county":"Miami-Dade","precinct":"343"},"geometry":{"type":"Polygon","coordinates":[[[-80.26183,25.80844],[-80.26299,25.80841],[-80.25877,25.80517],[-80.25892,25.80474],[-80.26059,25.80332],[-80.26428,25.80289],[-80.2643,25.80342],[-80.26286,25.80347],[-80.26291,25.8048],[-80.2645,25.80474],[-80.26459,25.80837],[-80.28918,25.80756],[-80.28931,25.81231],[-80.28895,25.81345],[-80.282,25.82144],[-80.28128,25.82155],[-80.28066,25.82065],[-80.27967,25.82174],[-80.26183,25.80844]]]}},{"type":"Feature","properties":{"code":"DAD","county":"Miami-Dade","precinct":"969"},"geometry":{"type":"Polygon","coordinates":[[[-80.39728,25.57463],[-80.39689,25.57456],[-80.39658,25.5521],[-80.39721,25.55141],[-80.42921,25.55107],[-80.42969,25.59594],[-80.41305,25.59656],[-80.41284,25.59276],[-80.40952,25.59021],[-80.40912,25.58793],[-80.40418,25.58195],[-80.40388,25.58027],[-80.39728,25.57463]]]}},{"type":"Feature","properties":{"code":"DAD","county":"Miami-Dade","precinct":"635"},"geometry":{"type":"Polygon","coordinates":[[[-80.25537,25.65309],[-80.20993,25.64177],[-80.2142,25.62539],[-80.27088,25.62537],[-80.28241,25.62677],[-80.28263,25.63242],[-80.28321,25.63358],[-80.28575,25.63371],[-80.28658,25.63329],[-80.28835,25.63091],[-80.29046,25.63048],[-80.29151,25.63154],[-80.29222,25.63147],[-80.29187,25.63064],[-80.29289,25.63061],[-80.29304,25.6339],[-80.29801,25.63376],[-80.29803,25.63431],[-80.30119,25.63421],[-80.30131,25.63736],[-80.29696,25.63749],[-80.29639,25.63861],[-80.29194,25.63865],[-80.28919,25.64272],[-80.29059,25.64354],[-80.2906,25.64502],[-80.28344,25.64526],[-80.28355,25.64933],[-80.26972,25.64787],[-80.26872,25.6491],[-80.26774,25.65164],[-80.26611,25.65175],[-80.26451,25.65631],[-80.25537,25.65309]]]}},{"type":"Feature","properties":{"code":"DAD","county":"Miami-Dade","precinct":"963"},"geometry":{"type":"Polygon","coordinates":[[[-80.49129,25.43315],[-80.50147,25.43307],[-80.50154,25.44767],[-80.49339,25.44771],[-80.49334,25.44047],[-80.49133,25.44046],[-80.49129,25.43315]]]}},{"type":"Feature","properties":{"code":"DAD","county":"Miami-Dade","precinct":"951"},"geometry":{"type":"Polygon","coordinates":[[[-80.47515,25.46247],[-80.46902,25.46244],[-80.46898,25.45525],[-80.46688,25.45529],[-80.46686,25.44787],[-80.46068,25.44789],[-80.46065,25.44054],[-80.43208,25.44066],[-80.43206,25.43486],[-80.43602,25.43484],[-80.43601,25.42594],[-80.44015,25.42594],[-80.44016,25.42227],[-80.44218,25.42227],[-80.44219,25.4186],[-80.4606,25.41854],[-80.4606,25.43319],[-80.47583,25.4332],[-80.47739,25.44048],[-80.47919,25.44051],[-80.47919,25.43864],[-80.48029,25.43865],[-80.48031,25.44051],[-80.48528,25.44049],[-80.48523,25.4348],[-80.48326,25.4348],[-80.48327,25.43317],[-80.49129,25.43315],[-80.49133,25.44046],[-80.49334,25.44047],[-80.49339,25.44771],[-80.50154,25.44767],[-80.50156,25.45873],[-80.4935,25.45869],[-80.49342,25.44778],[-80.48535,25.44777],[-80.48537,25.46243],[-80.47515,25.46247]]]}},{"type":"Feature","properties":{"code":"DAD","county":"Miami-Dade","precinct":"186"},"geometry":{"type":"MultiPolygon","coordinates":[[[[-80.15681,25.94865],[-80.15891,25.94858],[-80.15907,25.95169],[-80.15697,25.95176],[-80.15681,25.94865]]],[[[-80.15676,25.94766],[-80.15673,25.94716],[-80.15877,25.94622],[-80.15884,25.9479],[-80.15676,25.94766]]]]}},{"type":"Feature","properties":{"code":"DAD","county":"Miami-Dade","precinct":"932"},"geometry":{"type":"Polygon","coordinates":[[[-80.35474,25.55915],[-80.3519,25.55918],[-80.35186,25.55453],[-80.34781,25.55455],[-80.34781,25.55182],[-80.33139,25.55201],[-80.33086,25.54313],[-80.33248,25.54393],[-80.34003,25.54401],[-80.34528,25.54694],[-80.35006,25.55045],[-80.35212,25.55364],[-80.355,25.55494],[-80.35884,25.55556],[-80.35946,25.55662],[-80.35917,25.55929],[-80.35755,25.55963],[-80.35665,25.56052],[-80.35577,25.5595],[-80.35474,25.55915]]]}},{"type":"Feature","properties":{"code":"DAD","county":"Miami-Dade","precinct":"674"},"geometry":{"type":"Polygon","coordinates":[[[-80.28615,25.72474],[-80.28607,25.72276],[-80.28811,25.72269],[-80.28803,25.72075],[-80.286,25.72083],[-80.28588,25.71816],[-80.28794,25.71808],[-80.28797,25.71871],[-80.29518,25.7186],[-80.29529,25.72142],[-80.29627,25.72139],[-80.2963,25.72235],[-80.29735,25.7223],[-80.29717,25.71853],[-80.29821,25.7185],[-80.29829,25.72039],[-80.29929,25.72035],[-80.29937,25.72224],[-80.30042,25.72221],[-80.30048,25.72405],[-80.29964,25.72409],[-80.29972,25.726],[-80.29747,25.7261],[-80.29741,25.7242],[-80.29638,25.72424],[-80.29645,25.72614],[-80.29498,25.72618],[-80.2948,25.72581],[-80.29481,25.72619],[-80.28859,25.7264],[-80.28817,25.72467],[-80.28615,25.72474]],[[-80.29232,25.72519],[-80.29234,25.72554],[-80.29307,25.72552],[-80.29306,25.72516],[-80.29232,25.72519]],[[-80.29175,25.72455],[-80.29176,25.72488],[-80.29229,25.72485],[-80.29175,25.72455]]]}},{"type":"Feature","properties":{"code":"DAD","county":"Miami-Dade","precinct":"169"},"geometry":{"type":"Polygon","coordinates":[[[-80.17048,25.89066],[-80.16716,25.88925],[-80.16373,25.88939],[-80.16431,25.88752],[-80.17249,25.88716],[-80.17048,25.89066]]]}},{"type":"Feature","properties":{"code":"DAD","county":"Miami-Dade","precinct":"108"},"geometry":{"type":"Polygon","coordinates":[[[-80.16515,25.94779],[-80.16503,25.94599],[-80.16839,25.94582],[-80.17327,25.94478],[-80.17313,25.95119],[-80.16539,25.9514],[-80.16515,25.94779]]]}},{"type":"Feature","properties":{"code":"DAD","county":"Miami-Dade","precinct":"907"},"geometry":{"type":"Polygon","coordinates":[[[-80.45231,25.46247],[-80.45133,25.45968],[-80.45262,25.45935],[-80.45259,25.45552],[-80.45387,25.45377],[-80.45595,25.45375],[-80.45696,25.45529],[-80.45712,25.45448],[-80.45776,25.45434],[-80.45827,25.45434],[-80.45838,25.45536],[-80.46898,25.45525],[-80.46902,25.46244],[-80.45231,25.46247]]]}},{"type":"Feature","properties":{"code":"DAD","county":"Miami-Dade","precinct":"237"},"geometry":{"type":"Polygon","coordinates":[[[-80.23553,25.89816],[-80.24363,25.89804],[-80.24382,25.90143],[-80.24537,25.90093],[-80.24653,25.90241],[-80.25767,25.89729],[-80.24388,25.90436],[-80.24417,25.9118],[-80.23612,25.91202],[-80.23553,25.89816]]]}},{"type":"Feature","properties":{"code":"DAD","county":"Miami-Dade","precinct":"649"},"geometry":{"type":"Polygon","coordinates":[[[-80.1929,25.758],[-80.20364,25.75055],[-80.20398,25.75041],[-80.2048,25.75135],[-80.1941,25.75872],[-80.1929,25.758]]]}},{"type":"Feature","properties":{"code":"DAD","county":"Miami-Dade","precinct":"746"},"geometry":{"type":"Polygon","coordinates":[[[-80.37559,25.66456],[-80.38372,25.6642],[-80.384,25.67184],[-80.37574,25.67213],[-80.37559,25.66456]]]}},{"type":"Feature","properties":{"code":"DAD","county":"Miami-Dade","precinct":"181"},"geometry":{"type":"Polygon","coordinates":[[[-80.16338,25.85586],[-80.17673,25.85541],[-80.17694,25.85916],[-80.17119,25.85933],[-80.17122,25.86015],[-80.16129,25.86046],[-80.16338,25.85586]]]}},{"type":"Feature","properties":{"code":"DAD","county":"Miami-Dade","precinct":"933"},"geometry":{"type":"Polygon","coordinates":[[[-80.70233,25.66674],[-80.70244,25.66643],[-80.67571,25.66647],[-80.67346,25.54904],[-80.67135,25.54874],[-80.67109,25.46198],[-80.61977,25.46126],[-80.59025,25.46178],[-80.59001,25.41825],[-80.57418,25.41831],[-80.57441,25.40072],[-80.57372,25.39767],[-80.57388,25.28768],[-80.44528,25.28723],[-80.43396,25.2367],[-80.43504,25.23588],[-80.4365,25.23593],[-80.43548,25.23729],[-80.43562,25.23818],[-80.43473,25.23836],[-80.43546,25.2407],[-80.43695,25.24065],[-80.43811,25.23978],[-80.43998,25.23944],[-80.43897,25.24121],[-80.43927,25.24251],[-80.44142,25.24396],[-80.44422,25.24421],[-80.44563,25.24272],[-80.44553,25.24114],[-80.44447,25.23983],[-80.4476,25.24068],[-80.45067,25.24017],[-80.45342,25.23831],[-80.45524,25.23905],[-80.45655,25.23875],[-80.45746,25.2368],[-80.45635,25.23513],[-80.45688,25.23503],[-80.45907,25.23648],[-80.46081,25.23678],[-80.46381,25.23586],[-80.46469,25.23485],[-80.46648,25.23494],[-80.46822,25.23354],[-80.46838,25.23159],[-80.47082,25.23038],[-80.47226,25.22863],[-80.4727,25.22856],[-80.47445,25.23054],[-80.47584,25.23074],[-80.47718,25.22953],[-80.4804,25.22815],[-80.48244,25.22482],[-80.48497,25.22546],[-80.4854,25.22663],[-80.48731,25.22865],[-80.48915,25.22877],[-80.49041,25.22771],[-80.49417,25.22707],[-80.49604,25.22395],[-80.49603,25.22268],[-80.49445,25.22126],[-80.49502,25.21929],[-80.49467,25.21828],[-80.49487,25.21596],[-80.49179,25.2134],[-80.49023,25.21296],[-80.48917,25.21337],[-80.48874,25.21243],[-80.48721,25.21232],[-80.48816,25.21014],[-80.48746,25.20723],[-80.48824,25.20693],[-80.49058,25.20787],[-80.4922,25.20743],[-80.49214,25.2059],[-80.49277,25.20551],[-80.49386,25.20601],[-80.49356,25.207],[-80.49426,25.20755],[-80.49469,25.20743],[-80.49492,25.2064],[-80.4957,25.20658],[-80.49583,25.20849],[-80.49694,25.2083],[-80.49779,25.20885],[-80.49888,25.21103],[-80.50061,25.21117],[-80.50135,25.20949],[-80.50056,25.20835],[-80.49858,25.208],[-80.49557,25.20527],[-80.49605,25.2028],[-80.49534,25.19945],[-80.49799,25.19988],[-80.49929,25.20073],[-80.50047,25.20222],[-80.50027,25.20477],[-80.50157,25.20362],[-80.50311,25.20309],[-80.50379,25.20559],[-80.50488,25.20654],[-80.50616,25.20697],[-80.50815,25.20647],[-80.50692,25.20851],[-80.50719,25.21007],[-80.50848,25.21172],[-80.50954,25.21223],[-80.51065,25.21601],[-80.51402,25.21787],[-80.51541,25.21734],[-80.51455,25.21849],[-80.51465,25.2195],[-80.51566,25.22035],[-80.51715,25.2206],[-80.51919,25.22232],[-80.52431,25.22111],[-80.52489,25.21948],[-80.52658,25.21783],[-80.5286,25.21689],[-80.5292,25.21473],[-80.52908,25.21345],[-80.53092,25.2148],[-80.53263,25.21386],[-80.53831,25.21425],[-80.53964,25.21347],[-80.54063,25.21141],[-80.54068,25.20861],[-80.53932,25.20739],[-80.53894,25.20616],[-80.53806,25.20577],[-80.53866,25.20407],[-80.53685,25.20168],[-80.53571,25.20099],[-80.53584,25.19888],[-80.53654,25.2007],[-80.53783,25.20138],[-80.54116,25.20567],[-80.5435,25.20616],[-80.54565,25.20492],[-80.54794,25.20613],[-80.5496,25.20859],[-80.54822,25.21205],[-80.5492,25.214],[-80.55177,25.21357],[-80.55384,25.21393],[-80.55535,25.21249],[-80.55818,25.21162],[-80.56196,25.21214],[-80.56236,25.21164],[-80.56226,25.21045],[-80.55931,25.20439],[-80.55855,25.19925],[-80.56393,25.197],[-80.56553,25.1951],[-80.56539,25.1926],[-80.56879,25.19311],[-80.57275,25.1971],[-80.57497,25.19792],[-80.57721,25.2007],[-80.57704,25.20313],[-80.57643,25.2035],[-80.57461,25.19861],[-80.57325,25.19813],[-80.57126,25.19847],[-80.56957,25.20065],[-80.56902,25.20409],[-80.56508,25.20409],[-80.56372,25.20536],[-80.56355,25.20712],[-80.56546,25.20953],[-80.56816,25.21143],[-80.56927,25.21134],[-80.57071,25.21024],[-80.57229,25.21072],[-80.57454,25.21001],[-80.57711,25.21203],[-80.57986,25.21166],[-80.58236,25.21051],[-80.58296,25.20957],[-80.58246,25.20808],[-80.58415,25.20739],[-80.58329,25.20519],[-80.58367,25.20343],[-80.58341,25.20116],[-80.58384,25.20051],[-80.58762,25.20065],[-80.59158,25.1992],[-80.59279,25.19801],[-80.59284,25.19719],[-80.59414,25.19514],[-80.59402,25.19143],[-80.59463,25.19033],[-80.59579,25.18955],[-80.59864,25.18918],[-80.60643,25.18636],[-80.60804,25.18363],[-80.60925,25.18259],[-80.61026,25.18028],[-80.612,25.17888],[-80.61212,25.17784],[-80.61444,25.17571],[-80.61727,25.17632],[-80.61903,25.17731],[-80.61925,25.17796],[-80.61779,25.18041],[-80.61958,25.18195],[-80.62125,25.1811],[-80.62183,25.18025],[-80.62407,25.1813],[-80.62524,25.18252],[-80.62268,25.18261],[-80.62142,25.18355],[-80.61968,25.18289],[-80.61424,25.1825],[-80.61293,25.18197],[-80.60955,25.1828],[-80.60907,25.18422],[-80.60973,25.18587],[-80.60743,25.18778],[-80.60406,25.18883],[-80.60325,25.19053],[-80.60411,25.1931],[-80.6057,25.19475],[-80.6057,25.19668],[-80.60394,25.2009],[-80.60489,25.20269],[-80.60679,25.20305],[-80.6085,25.20269],[-80.60943,25.20168],[-80.60994,25.20021],[-80.6111,25.20067],[-80.6149,25.20067],[-80.61606,25.19966],[-80.61828,25.1989],[-80.61957,25.19752],[-80.62126,25.19915],[-80.62254,25.19913],[-80.62398,25.19773],[-80.6242,25.19543],[-80.62479,25.19524],[-80.62572,25.19511],[-80.62824,25.19743],[-80.62945,25.19766],[-80.63077,25.19693],[-80.63112,25.19527],[-80.63369,25.19413],[-80.63425,25.19234],[-80.63652,25.19252],[-80.63889,25.19083],[-80.64713,25.18948],[-80.64751,25.19138],[-80.64829,25.19211],[-80.65164,25.19244],[-80.65245,25.1914],[-80.65275,25.18957],[-80.65434,25.18817],[-80.65429,25.18475],[-80.65938,25.18473],[-80.65991,25.18439],[-80.66087,25.18193],[-80.664,25.17946],[-80.66425,25.17737],[-80.66244,25.17494],[-80.6609,25.17446],[-80.65918,25.17473],[-80.65795,25.17748],[-80.65354,25.1756],[-80.65165,25.1753],[-80.64456,25.17718],[-80.64305,25.17805],[-80.63808,25.17851],[-80.63554,25.17837],[-80.6336,25.17644],[-80.63567,25.17605],[-80.64028,25.17661],[-80.64434,25.17509],[-80.64583,25.17402],[-80.64925,25.16869],[-80.65127,25.16399],[-80.65178,25.16051],[-80.6511,25.15934],[-80.65097,25.15743],[-80.65133,25.15686],[-80.65533,25.15574],[-80.65642,25.15427],[-80.65596,25.14938],[-80.65249,25.14729],[-80.65229,25.14656],[-80.65667,25.14493],[-80.6574,25.14525],[-80.65712,25.14629],[-80.65798,25.14658],[-80.65864,25.14521],[-80.65833,25.1434],[-80.65972,25.14241],[-80.66408,25.14142],[-80.66776,25.1423],[-80.66907,25.14214],[-80.67025,25.14145],[-80.67245,25.13893],[-80.67371,25.13844],[-80.67451,25.13879],[-80.67509,25.14106],[-80.67408,25.14266],[-80.67093,25.14411],[-80.6693,25.14654],[-80.66589,25.14964],[-80.66567,25.15085],[-80.66423,25.15136],[-80.66191,25.15399],[-80.65662,25.15626],[-80.65316,25.16234],[-80.65311,25.16379],[-80.65357,25.16461],[-80.65631,25.16691],[-80.65782,25.16911],[-80.65891,25.169],[-80.66191,25.16737],[-80.6645,25.16732],[-80.66619,25.16666],[-80.66982,25.167],[-80.6699,25.1676],[-80.66801,25.16994],[-80.66801,25.17081],[-80.67169,25.17455],[-80.67325,25.17384],[-80.67343,25.17106],[-80.67406,25.16996],[-80.67401,25.16879],[-80.67232,25.16746],[-80.67522,25.16673],[-80.67806,25.16391],[-80.67965,25.164],[-80.68038,25.16462],[-80.68036,25.16563],[-80.67811,25.16893],[-80.67751,25.17283],[-80.67844,25.17457],[-80.68023,25.17453],[-80.68104,25.17434],[-80.682,25.17278],[-80.68379,25.1723],[-80.68464,25.17097],[-80.68679,25.17012],[-80.6881,25.16884],[-80.69026,25.16849],[-80.69316,25.16725],[-80.69614,25.16381],[-80.69828,25.16241],[-80.69861,25.15902],[-80.6976,25.15441],[-80.70349,25.15271],[-80.70538,25.149],[-80.70468,25.1451],[-80.70322,25.14383],[-80.70324,25.14145],[-80.70407,25.14042],[-80.70647,25.13975],[-80.707,25.14],[-80.708,25.14129],[-80.70783,25.14223],[-80.70858,25.14379],[-80.70876,25.14682],[-80.71022,25.14893],[-80.7109,25.15138],[-80.71184,25.152],[-80.71294,25.15152],[-80.71388,25.15188],[-80.71484,25.15335],[-80.71733,25.15537],[-80.71789,25.15564],[-80.72159,25.15486],[-80.7256,25.15268],[-80.72718,25.15284],[-80.72724,25.15369],[-80.72593,25.15663],[-80.723,25.15931],[-80.72305,25.16154],[-80.7255,25.16574],[-80.72875,25.167],[-80.7317,25.16741],[-80.73198,25.16716],[-80.72996,25.16509],[-80.72923,25.16358],[-80.72991,25.15972],[-80.73069,25.15961],[-80.73419,25.16094],[-80.73568,25.16055],[-80.73727,25.15903],[-80.73782,25.15942],[-80.73815,25.16096],[-80.74105,25.16234],[-80.74241,25.16401],[-80.74725,25.16479],[-80.7474,25.15917],[-80.7445,25.15594],[-80.74372,25.15389],[-80.73943,25.15105],[-80.73847,25.15078],[-80.73618,25.15208],[-80.73096,25.15289],[-80.7286,25.15025],[-80.72635,25.14977],[-80.72237,25.14752],[-80.72126,25.14622],[-80.72154,25.14551],[-80.72771,25.14486],[-80.73061,25.14303],[-80.73489,25.14364],[-80.74054,25.14247],[-80.74288,25.14263],[-80.74414,25.14364],[-80.74573,25.14605],[-80.74875,25.14809],[-80.75145,25.15137],[-80.75264,25.15187],[-80.75453,25.1513],[-80.75632,25.1527],[-80.75498,25.15649],[-80.75538,25.15917],[-80.75747,25.16041],[-80.76105,25.16156],[-80.76599,25.16225],[-80.77113,25.16094],[-80.77222,25.15977],[-80.77237,25.15647],[-80.77053,25.1539],[-80.77015,25.15149],[-80.76882,25.15004],[-80.76902,25.14679],[-80.77149,25.14041],[-80.77709,25.13741],[-80.778,25.13771],[-80.7784,25.13865],[-80.77356,25.14429],[-80.7726,25.14826],[-80.77275,25.15055],[-80.77411,25.15422],[-80.77585,25.15663],[-80.77696,25.16069],[-80.77809,25.16253],[-80.78026,25.1647],[-80.78225,25.16526],[-80.78726,25.16441],[-80.79246,25.16445],[-80.79583,25.16209],[-80.7973,25.15978],[-80.79841,25.15634],[-80.79858,25.15175],[-80.79804,25.14659],[-80.79989,25.14333],[-80.80052,25.14299],[-80.80105,25.14356],[-80.80073,25.14863],[-80.80256,25.15285],[-80.80113,25.15659],[-80.80017,25.16317],[-80.7978,25.16657],[-80.79482,25.17498],[-80.79392,25.17622],[-80.7953,25.17943],[-80.79787,25.1812],[-80.80294,25.18198],[-80.80554,25.1835],[-80.80818,25.18416],[-80.80859,25.18375],[-80.80816,25.18301],[-80.80839,25.1815],[-80.81146,25.17987],[-80.81207,25.18056],[-80.80939,25.18331],[-80.80957,25.18384],[-80.81232,25.18327],[-80.81333,25.18246],[-80.81358,25.18295],[-80.81444,25.18272],[-80.81333,25.18001],[-80.81305,25.17604],[-80.81045,25.17455],[-80.80927,25.17214],[-80.80927,25.17035],[-80.80997,25.16826],[-80.81433,25.1653],[-80.82653,25.16046],[-80.82716,25.16088],[-80.82719,25.162],[-80.82815,25.16351],[-80.82875,25.16608],[-80.83004,25.16808],[-80.83422,25.17267],[-80.83823,25.17478],[-80.84181,25.17624],[-80.84531,25.17631],[-80.8464,25.17705],[-80.85167,25.1773],[-80.85817,25.17656],[-80.85799,25.24298],[-80.86199,25.24288],[-80.86219,25.36418],[-80.87319,25.36398],[-80.87349,25.48408],[-80.87316,25.66617],[-80.70611,25.66642],[-80.70317,25.66804],[-80.70231,25.66779],[-80.70233,25.66674]]]}},{"type":"Feature","properties":{"code":"DAD","county":"Miami-Dade","precinct":"177"},"geometry":{"type":"Polygon","coordinates":[[[-80.17401,25.88392],[-80.17862,25.87392],[-80.18202,25.87379],[-80.1842,25.8759],[-80.19112,25.88622],[-80.17249,25.88716],[-80.17401,25.88392]]]}},{"type":"Feature","properties":{"code":"DAD","county":"Miami-Dade","precinct":"390"},"geometry":{"type":"Polygon","coordinates":[[[-80.33362,25.92785],[-80.33303,25.91329],[-80.34906,25.91337],[-80.34971,25.92791],[-80.33362,25.92785]]]}},{"type":"Feature","properties":{"code":"DAD","county":"Miami-Dade","precinct":"576"},"geometry":{"type":"Polygon","coordinates":[[[-80.23826,25.75029],[-80.25462,25.74985],[-80.25487,25.75724],[-80.23856,25.75776],[-80.23826,25.75029]]]}},{"type":"Feature","properties":{"code":"DAD","county":"Miami-Dade","precinct":"274"},"geometry":{"type":"Polygon","coordinates":[[[-80.27673,25.92512],[-80.27745,25.93969],[-80.26946,25.94002],[-80.26867,25.9254],[-80.27673,25.92512]]]}},{"type":"Feature","properties":{"code":"DAD","county":"Miami-Dade","precinct":"669"},"geometry":{"type":"Polygon","coordinates":[[[-80.20582,25.767],[-80.21447,25.7667],[-80.21467,25.77348],[-80.20606,25.77376],[-80.20582,25.767]]]}},{"type":"Feature","properties":{"code":"DAD","county":"Miami-Dade","precinct":"744"},"geometry":{"type":"Polygon","coordinates":[[[-80.40025,25.67131],[-80.41636,25.67078],[-80.41655,25.68532],[-80.4008,25.68587],[-80.40025,25.67131]]]}},{"type":"Feature","properties":{"code":"DAD","county":"Miami-Dade","precinct":"503"},"geometry":{"type":"Polygon","coordinates":[[[-80.21866,25.78392],[-80.22274,25.7826],[-80.22295,25.78517],[-80.21866,25.78392]]]}},{"type":"Feature","properties":{"code":"DAD","county":"Miami-Dade","precinct":"771"},"geometry":{"type":"Polygon","coordinates":[[[-80.35609,25.66543],[-80.35564,25.65809],[-80.37843,25.65683],[-80.37937,25.65657],[-80.38329,25.65255],[-80.3837,25.66421],[-80.35609,25.66543]]]}},{"type":"Feature","properties":{"code":"DAD","county":"Miami-Dade","precinct":"509"},"geometry":{"type":"Polygon","coordinates":[[[-80.18546,25.85516],[-80.18491,25.85517],[-80.18417,25.83652],[-80.18762,25.83649],[-80.18831,25.84771],[-80.18641,25.84775],[-80.18646,25.84885],[-80.18758,25.84884],[-80.1876,25.85062],[-80.1873,25.85153],[-80.18532,25.85159],[-80.18546,25.85516]]]}},{"type":"Feature","properties":{"code":"DAD","county":"Miami-Dade","precinct":"267"},"geometry":{"type":"Polygon","coordinates":[[[-80.26225,25.96183],[-80.27321,25.96231],[-80.27827,25.96469],[-80.27842,25.97075],[-80.26256,25.97128],[-80.26225,25.96183]]]}},{"type":"Feature","properties":{"code":"DAD","county":"Miami-Dade","precinct":"370"},"geometry":{"type":"Polygon","coordinates":[[[-80.32146,25.80343],[-80.32173,25.79698],[-80.33701,25.79693],[-80.33783,25.82618],[-80.32445,25.82618],[-80.32443,25.82573],[-80.32363,25.82572],[-80.32234,25.82484],[-80.32201,25.82431],[-80.32167,25.81311],[-80.3218,25.81144],[-80.32315,25.80989],[-80.32304,25.80881],[-80.32162,25.80705],[-80.32146,25.80343]]]}},{"type":"Feature","properties":{"code":"DAD","county":"Miami-Dade","precinct":"152"},"geometry":{"type":"Polygon","coordinates":[[[-80.18202,25.87379],[-80.19373,25.87292],[-80.19426,25.88445],[-80.1931,25.88429],[-80.1909,25.88644],[-80.1911,25.88613],[-80.18799,25.88123],[-80.1859,25.87887],[-80.1842,25.8759],[-80.18202,25.87379]]]}},{"type":"Feature","properties":{"code":"DAD","county":"Miami-Dade","precinct":"512"},"geometry":{"type":"Polygon","coordinates":[[[-80.22402,25.81222],[-80.22811,25.81214],[-80.22877,25.82793],[-80.22475,25.82807],[-80.22402,25.81222]]]}},{"type":"Feature","properties":{"code":"DAD","county":"Miami-Dade","precinct":"575"},"geometry":{"type":"Polygon","coordinates":[[[-80.23882,25.7644],[-80.23856,25.75776],[-80.25487,25.75724],[-80.25514,25.76467],[-80.23885,25.76514],[-80.23882,25.7644]]]}},{"type":"Feature","properties":{"code":"DAD","county":"Miami-Dade","precinct":"310"},"geometry":{"type":"Polygon","coordinates":[[[-80.30822,25.89878],[-80.30758,25.88442],[-80.3156,25.88442],[-80.31623,25.89879],[-80.30822,25.89878]]]}},{"type":"Feature","properties":{"code":"DAD","county":"Miami-Dade","precinct":"982"},"geometry":{"type":"Polygon","coordinates":[[[-80.19193,25.77419],[-80.19363,25.77414],[-80.19377,25.77702],[-80.19037,25.77713],[-80.19054,25.78195],[-80.18957,25.78201],[-80.189,25.78007],[-80.18766,25.77988],[-80.18857,25.77946],[-80.18724,25.77431],[-80.19193,25.77419]]]}},{"type":"Feature","properties":{"code":"DAD","county":"Miami-Dade","precinct":"578"},"geometry":{"type":"Polygon","coordinates":[[[-80.23799,25.74338],[-80.23784,25.73992],[-80.24592,25.73696],[-80.2464,25.7501],[-80.23826,25.75029],[-80.23799,25.74338]]]}},{"type":"Feature","properties":{"code":"DAD","county":"Miami-Dade","precinct":"664"},"geometry":{"type":"Polygon","coordinates":[[[-80.1827,25.81079],[-80.16012,25.81049],[-80.16178,25.80478],[-80.18936,25.80427],[-80.1894,25.80538],[-80.18538,25.80542],[-80.18539,25.81147],[-80.1827,25.81079]]]}},{"type":"Feature","properties":{"code":"DAD","county":"Miami-Dade","precinct":"900"},"geometry":{"type":"Polygon","coordinates":[[[-80.47811,25.55234],[-80.47808,25.55051],[-80.42922,25.55106],[-80.42914,25.5438],[-80.42101,25.54387],[-80.42092,25.53633],[-80.41144,25.53647],[-80.42222,25.52542],[-80.42896,25.5253],[-80.42897,25.52908],[-80.43721,25.52895],[-80.43706,25.52151],[-80.44339,25.52143],[-80.44447,25.52254],[-80.45303,25.52594],[-80.455,25.52599],[-80.45608,25.52679],[-80.45871,25.52726],[-80.46147,25.52724],[-80.46155,25.52679],[-80.46166,25.53595],[-80.47802,25.53574],[-80.47789,25.52105],[-80.4901,25.52102],[-80.49031,25.53878],[-80.48999,25.54063],[-80.48877,25.54247],[-80.47811,25.55234]]]}},{"type":"Feature","properties":{"code":"DAD","county":"Miami-Dade","precinct":"428"},"geometry":{"type":"Polygon","coordinates":[[[-80.28729,25.74841],[-80.3015,25.74805],[-80.30155,25.74999],[-80.29953,25.75006],[-80.29958,25.752],[-80.29755,25.75205],[-80.29758,25.75306],[-80.29557,25.75312],[-80.29554,25.75212],[-80.29426,25.75214],[-80.29432,25.75344],[-80.29558,25.75341],[-80.29561,25.75407],[-80.29361,25.75413],[-80.29363,25.75476],[-80.29564,25.75471],[-80.29564,25.75506],[-80.29186,25.75517],[-80.29189,25.75613],[-80.28758,25.75626],[-80.28729,25.74841]]]}},{"type":"Feature","properties":{"code":"DAD","county":"Miami-Dade","precinct":"804"},"geometry":{"type":"Polygon","coordinates":[[[-80.34993,25.63116],[-80.35232,25.63114],[-80.35969,25.63551],[-80.36234,25.63569],[-80.36606,25.63847],[-80.36794,25.63847],[-80.37572,25.64154],[-80.37625,25.64236],[-80.35035,25.64342],[-80.34993,25.63116]]]}},{"type":"Feature","properties":{"code":"DAD","county":"Miami-Dade","precinct":"531"},"geometry":{"type":"Polygon","coordinates":[[[-80.21469,25.78256],[-80.21485,25.78539],[-80.21335,25.78603],[-80.21141,25.78462],[-80.20951,25.78407],[-80.20674,25.78145],[-80.20134,25.78162],[-80.20131,25.78063],[-80.20037,25.78067],[-80.20015,25.77876],[-80.20693,25.7783],[-80.20965,25.77971],[-80.21135,25.78123],[-80.21469,25.78256]]]}},{"type":"Feature","properties":{"code":"DAD","county":"Miami-Dade","precinct":"829"},"geometry":{"type":"Polygon","coordinates":[[[-80.38054,25.58071],[-80.38042,25.57609],[-80.37915,25.57423],[-80.38129,25.5735],[-80.38237,25.57558],[-80.38251,25.57901],[-80.3889,25.57902],[-80.38888,25.57719],[-80.38897,25.58308],[-80.38897,25.58432],[-80.38747,25.58582],[-80.38063,25.59103],[-80.38054,25.58071]]]}},{"type":"Feature","properties":{"code":"DAD","county":"Miami-Dade","precinct":"174"},"geometry":{"type":"Polygon","coordinates":[[[-80.19888,25.89449],[-80.19879,25.89241],[-80.20288,25.89222],[-80.20303,25.89497],[-80.1989,25.89513],[-80.19888,25.89449]]]}},{"type":"Feature","properties":{"code":"DAD","county":"Miami-Dade","precinct":"743"},"geometry":{"type":"Polygon","coordinates":[[[-80.38857,25.67106],[-80.38886,25.66542],[-80.38787,25.65715],[-80.38823,25.65714],[-80.389,25.66032],[-80.39558,25.66558],[-80.40007,25.66568],[-80.40025,25.67131],[-80.38857,25.67171],[-80.38857,25.67106]]]}},{"type":"Feature","properties":{"code":"DAD","county":"Miami-Dade","precinct":"464"},"geometry":{"type":"Polygon","coordinates":[[[-80.3607,25.7651],[-80.3587,25.76517],[-80.35864,25.76429],[-80.36062,25.76421],[-80.36041,25.76152],[-80.36841,25.76128],[-80.369,25.76844],[-80.36099,25.76874],[-80.3607,25.7651]]]}},{"type":"Feature","properties":{"code":"DAD","county":"Miami-Dade","precinct":"185"},"geometry":{"type":"Polygon","coordinates":[[[-80.14756,25.94747],[-80.15058,25.93772],[-80.15634,25.93735],[-80.15673,25.94716],[-80.14756,25.94747]]]}},{"type":"Feature","properties":{"code":"DAD","county":"Miami-Dade","precinct":"120"},"geometry":{"type":"Polygon","coordinates":[[[-80.17003,25.92563],[-80.17606,25.92539],[-80.17647,25.93644],[-80.17444,25.93653],[-80.17437,25.9347],[-80.17264,25.93477],[-80.17237,25.93442],[-80.17225,25.93116],[-80.17021,25.9312],[-80.17003,25.92563]]]}},{"type":"Feature","properties":{"code":"DAD","county":"Miami-Dade","precinct":"553"},"geometry":{"type":"Polygon","coordinates":[[[-80.29788,25.76327],[-80.30801,25.76284],[-80.30818,25.77031],[-80.29814,25.77059],[-80.29788,25.76327]]]}},{"type":"Feature","properties":{"code":"DAD","county":"Miami-Dade","precinct":"282"},"geometry":{"type":"Polygon","coordinates":[[[-80.24039,25.81282],[-80.2424,25.81275],[-80.24254,25.81582],[-80.24648,25.81572],[-80.24658,25.81508],[-80.24859,25.81489],[-80.24892,25.82367],[-80.24078,25.82392],[-80.24039,25.81282]]]}},{"type":"Feature","properties":{"code":"DAD","county":"Miami-Dade","precinct":"805"},"geometry":{"type":"Polygon","coordinates":[[[-80.3823,25.62977],[-80.38428,25.63181],[-80.38537,25.63433],[-80.3855,25.64177],[-80.38282,25.64182],[-80.3823,25.62977]]]}},{"type":"Feature","properties":{"code":"DAD","county":"Miami-Dade","precinct":"11"},"geometry":{"type":"Polygon","coordinates":[[[-80.12467,25.87244],[-80.12436,25.86694],[-80.1278,25.86263],[-80.12811,25.86048],[-80.12937,25.85961],[-80.13015,25.86086],[-80.13236,25.86205],[-80.14743,25.86173],[-80.14573,25.87244],[-80.14424,25.8725],[-80.14454,25.8716],[-80.12467,25.87244]]]}},{"type":"Feature","properties":{"code":"DAD","county":"Miami-Dade","precinct":"166"},"geometry":{"type":"MultiPolygon","coordinates":[[[[-80.19646,25.93189],[-80.19851,25.93179],[-80.19866,25.9355],[-80.19665,25.93556],[-80.19646,25.93189]]],[[[-80.2006,25.93354],[-80.20054,25.93172],[-80.2021,25.93165],[-80.20189,25.93235],[-80.20256,25.93251],[-80.20149,25.93349],[-80.2006,25.93354]]],[[[-80.19935,25.9347],[-80.19978,25.93498],[-80.19961,25.93513],[-80.19935,25.9347]]],[[[-80.19262,25.93575],[-80.19464,25.93565],[-80.19469,25.93656],[-80.19266,25.93663],[-80.19268,25.93757],[-80.19065,25.93766],[-80.19061,25.93581],[-80.19262,25.93575]]]]}},{"type":"Feature","properties":{"code":"DAD","county":"Miami-Dade","precinct":"182"},"geometry":{"type":"Polygon","coordinates":[[[-80.18685,25.89942],[-80.1866,25.89392],[-80.18864,25.89383],[-80.18854,25.89198],[-80.19055,25.89183],[-80.19053,25.89004],[-80.19444,25.8899],[-80.19461,25.89129],[-80.19529,25.89187],[-80.19577,25.89898],[-80.18685,25.89942]]]}},{"type":"Feature","properties":{"code":"DAD","county":"Miami-Dade","precinct":"652"},"geometry":{"type":"MultiPolygon","coordinates":[[[[-80.29372,25.73375],[-80.29368,25.73263],[-80.29259,25.73266],[-80.29298,25.73196],[-80.29256,25.73197],[-80.29252,25.73093],[-80.2885,25.73111],[-80.28834,25.73151],[-80.28838,25.73017],[-80.29248,25.73002],[-80.29343,25.73179],[-80.29312,25.73096],[-80.29353,25.7307],[-80.29311,25.73056],[-80.29357,25.73055],[-80.29357,25.72999],[-80.29863,25.72979],[-80.29882,25.73356],[-80.29372,25.73375]]],[[[-80.2963,25.72235],[-80.29627,25.72139],[-80.29529,25.72142],[-80.29518,25.7186],[-80.29717,25.71853],[-80.29735,25.7223],[-80.2963,25.72235]]],[[[-80.286,25.72083],[-80.28803,25.72075],[-80.28811,25.72269],[-80.28607,25.72276],[-80.286,25.72083]]],[[[-80.29175,25.72455],[-80.29229,25.72485],[-80.29176,25.72488],[-80.29175,25.72455]]],[[[-80.29232,25.72519],[-80.29306,25.72516],[-80.29307,25.72552],[-80.29234,25.72554],[-80.29232,25.72519]]],[[[-80.30048,25.72405],[-80.30042,25.72221],[-80.29937,25.72224],[-80.29929,25.72035],[-80.29829,25.72039],[-80.29821,25.7185],[-80.30228,25.71832],[-80.30258,25.72589],[-80.29972,25.726],[-80.29964,25.72409],[-80.30048,25.72405]]],[[[-80.29703,25.72422],[-80.29741,25.7242],[-80.29747,25.7261],[-80.29645,25.72614],[-80.29638,25.72424],[-80.29703,25.72422]]],[[[-80.2948,25.72581],[-80.29498,25.72618],[-80.29481,25.72619],[-80.2948,25.72581]]],[[[-80.28622,25.72647],[-80.28615,25.72474],[-80.28817,25.72467],[-80.28859,25.7264],[-80.28622,25.72647]]],[[[-80.28998,25.73152],[-80.29013,25.73152],[-80.29015,25.73197],[-80.28998,25.73152]]],[[[-80.28956,25.73153],[-80.28971,25.73152],[-80.28972,25.73199],[-80.28956,25.73153]]],[[[-80.2997,25.73162],[-80.30081,25.73158],[-80.30088,25.73348],[-80.2998,25.73352],[-80.2997,25.73162]]],[[[-80.28652,25.73404],[-80.28646,25.73242],[-80.28701,25.73209],[-80.28645,25.73214],[-80.28641,25.7312],[-80.28713,25.73156],[-80.28711,25.73117],[-80.28802,25.73113],[-80.28806,25.73166],[-80.28718,25.7324],[-80.28721,25.73316],[-80.28858,25.73281],[-80.28859,25.73319],[-80.29059,25.73312],[-80.29061,25.73387],[-80.28652,25.73404]]]]}},{"type":"Feature","properties":{"code":"DAD","county":"Miami-Dade","precinct":"344"},"geometry":{"type":"Polygon","coordinates":[[[-80.28408,25.82506],[-80.27967,25.82174],[-80.28066,25.82065],[-80.28155,25.82168],[-80.28796,25.82074],[-80.30579,25.82074],[-80.30592,25.82619],[-80.28862,25.82607],[-80.28763,25.82612],[-80.28761,25.82674],[-80.28448,25.8245],[-80.28408,25.82506]]]}},{"type":"Feature","properties":{"code":"DAD","county":"Miami-Dade","precinct":"407"},"geometry":{"type":"Polygon","coordinates":[[[-80.35243,25.76177],[-80.36041,25.76152],[-80.36062,25.76421],[-80.35864,25.76429],[-80.3587,25.76517],[-80.36069,25.76509],[-80.36099,25.76874],[-80.35283,25.76901],[-80.35243,25.76177]]]}},{"type":"Feature","properties":{"code":"DAD","county":"Miami-Dade","precinct":"23"},"geometry":{"type":"Polygon","coordinates":[[[-80.12113,25.83363],[-80.12244,25.83362],[-80.12258,25.83945],[-80.12312,25.84134],[-80.12239,25.84241],[-80.12274,25.84426],[-80.12075,25.84454],[-80.12021,25.84579],[-80.12026,25.8484],[-80.11875,25.84841],[-80.11918,25.83503],[-80.12081,25.83486],[-80.12113,25.83363]]]}},{"type":"Feature","properties":{"code":"DAD","county":"Miami-Dade","precinct":"427"},"geometry":{"type":"Polygon","coordinates":[[[-80.34036,25.74026],[-80.35975,25.73979],[-80.35969,25.74699],[-80.33566,25.74762],[-80.33574,25.74039],[-80.34036,25.74026]]]}},{"type":"Feature","properties":{"code":"DAD","county":"Miami-Dade","precinct":"643"},"geometry":{"type":"Polygon","coordinates":[[[-80.26096,25.75716],[-80.26091,25.75622],[-80.26296,25.75618],[-80.26298,25.75714],[-80.27122,25.75685],[-80.27142,25.76233],[-80.27037,25.76237],[-80.27045,25.76418],[-80.26127,25.76448],[-80.26096,25.75716]]]}},{"type":"Feature","properties":{"code":"DAD","county":"Miami-Dade","precinct":"210"},"geometry":{"type":"Polygon","coordinates":[[[-80.1666,25.96423],[-80.16564,25.96398],[-80.16603,25.96286],[-80.16814,25.96011],[-80.17626,25.95471],[-80.17708,25.95567],[-80.18194,25.95581],[-80.18215,25.95873],[-80.18007,25.95881],[-80.18037,25.96464],[-80.17417,25.96488],[-80.16707,25.96391],[-80.1666,25.96423]]]}},{"type":"Feature","properties":{"code":"DAD","county":"Miami-Dade","precinct":"826"},"geometry":{"type":"Polygon","coordinates":[[[-80.36629,25.58233],[-80.37033,25.59326],[-80.37536,25.59783],[-80.3727,25.59801],[-80.37288,25.60165],[-80.36473,25.602],[-80.36495,25.60573],[-80.35618,25.60617],[-80.35158,25.60438],[-80.35531,25.59615],[-80.35661,25.59616],[-80.35858,25.59177],[-80.36413,25.58649],[-80.36629,25.58233]]]}},{"type":"Feature","properties":{"code":"DAD","county":"Miami-Dade","precinct":"151"},"geometry":{"type":"Polygon","coordinates":[[[-80.16344,25.90037],[-80.16682,25.90029],[-80.1671,25.90656],[-80.15869,25.90689],[-80.16016,25.90329],[-80.16283,25.90028],[-80.16344,25.90037]]]}},{"type":"Feature","properties":{"code":"DAD","county":"Miami-Dade","precinct":"700"},"geometry":{"type":"Polygon","coordinates":[[[-80.44681,25.62906],[-80.45151,25.62885],[-80.45189,25.63805],[-80.44726,25.63825],[-80.44681,25.62906]]]}},{"type":"Feature","properties":{"code":"DAD","county":"Miami-Dade","precinct":"43"},"geometry":{"type":"Polygon","coordinates":[[[-80.10998,25.7811],[-80.10996,25.77526],[-80.13251,25.77944],[-80.1351,25.7794],[-80.13516,25.78188],[-80.1363,25.78187],[-80.13633,25.78404],[-80.13213,25.78416],[-80.10998,25.7811]]]}},{"type":"Feature","properties":{"code":"DAD","county":"Miami-Dade","precinct":"535"},"geometry":{"type":"Polygon","coordinates":[[[-80.20607,25.8092],[-80.20449,25.81015],[-80.19939,25.81033],[-80.19898,25.79773],[-80.20558,25.7971],[-80.20607,25.8092]]]}},{"type":"Feature","properties":{"code":"DAD","county":"Miami-Dade","precinct":"453"},"geometry":{"type":"Polygon","coordinates":[[[-80.38596,25.79705],[-80.41725,25.79711],[-80.41717,25.78267],[-80.41682,25.78265],[-80.41724,25.77167],[-80.41703,25.76093],[-80.48137,25.76099],[-80.48222,25.77334],[-80.48154,25.78284],[-80.48271,25.79768],[-80.48203,25.81581],[-80.48365,25.85553],[-80.48423,25.89177],[-80.43961,25.94136],[-80.43769,25.9389],[-80.38507,25.89996],[-80.38785,25.89213],[-80.38835,25.88916],[-80.38814,25.88414],[-80.38849,25.88414],[-80.38788,25.87003],[-80.38718,25.86957],[-80.38668,25.85513],[-80.38708,25.85513],[-80.38532,25.79705],[-80.38596,25.79705]]]}},{"type":"Feature","properties":{"code":"DAD","county":"Miami-Dade","precinct":"912"},"geometry":{"type":"Polygon","coordinates":[[[-80.44628,25.49931],[-80.44782,25.49929],[-80.44497,25.50239],[-80.44033,25.50667],[-80.43906,25.50669],[-80.44628,25.49931]]]}},{"type":"Feature","properties":{"code":"DAD","county":"Miami-Dade","precinct":"314"},"geometry":{"type":"Polygon","coordinates":[[[-80.27527,25.88958],[-80.28205,25.89573],[-80.28709,25.89688],[-80.28178,25.89618],[-80.27545,25.89626],[-80.27527,25.88958]]]}},{"type":"Feature","properties":{"code":"DAD","county":"Miami-Dade","precinct":"534"},"geometry":{"type":"Polygon","coordinates":[[[-80.19065,25.78832],[-80.19067,25.78577],[-80.19327,25.78566],[-80.19628,25.78693],[-80.19446,25.79563],[-80.1908,25.79577],[-80.19065,25.78832]]]}},{"type":"Feature","properties":{"code":"DAD","county":"Miami-Dade","precinct":"141"},"geometry":{"type":"Polygon","coordinates":[[[-80.16399,25.91428],[-80.17118,25.90734],[-80.17514,25.90717],[-80.17542,25.9125],[-80.17742,25.91243],[-80.17734,25.91066],[-80.17835,25.91063],[-80.17844,25.91238],[-80.17944,25.91235],[-80.17937,25.9106],[-80.1874,25.91029],[-80.18748,25.91215],[-80.18589,25.91219],[-80.1859,25.91403],[-80.16348,25.91479],[-80.16399,25.91428]]]}},{"type":"Feature","properties":{"code":"DAD","county":"Miami-Dade","precinct":"469"},"geometry":{"type":"Polygon","coordinates":[[[-80.43683,25.75755],[-80.43626,25.74278],[-80.46423,25.74192],[-80.46447,25.7456],[-80.48076,25.74503],[-80.48137,25.76098],[-80.44897,25.76103],[-80.4488,25.7562],[-80.44682,25.75627],[-80.44676,25.7551],[-80.44875,25.75506],[-80.44843,25.74674],[-80.44742,25.74678],[-80.44745,25.74735],[-80.4465,25.74738],[-80.44652,25.74795],[-80.44551,25.74798],[-80.44559,25.74985],[-80.44454,25.74988],[-80.4446,25.75172],[-80.44661,25.75166],[-80.44666,25.75283],[-80.44467,25.75287],[-80.44475,25.75517],[-80.44575,25.75514],[-80.44584,25.75712],[-80.44682,25.75708],[-80.44697,25.76104],[-80.43687,25.76102],[-80.43683,25.75755]]]}},{"type":"Feature","properties":{"code":"DAD","county":"Miami-Dade","precinct":"316"},"geometry":{"type":"Polygon","coordinates":[[[-80.28317,25.87055],[-80.29077,25.87035],[-80.29119,25.88118],[-80.28355,25.88138],[-80.28317,25.87055]]]}},{"type":"Feature","properties":{"code":"DAD","county":"Miami-Dade","precinct":"263"},"geometry":{"type":"Polygon","coordinates":[[[-80.23696,25.81213],[-80.22811,25.81211],[-80.22806,25.81131],[-80.24032,25.81093],[-80.24039,25.81228],[-80.23696,25.81213]]]}},{"type":"Feature","properties":{"code":"DAD","county":"Miami-Dade","precinct":"401"},"geometry":{"type":"Polygon","coordinates":[[[-80.44897,25.76103],[-80.44697,25.76104],[-80.44682,25.75708],[-80.44584,25.75712],[-80.44575,25.75514],[-80.44475,25.75517],[-80.44467,25.75287],[-80.44666,25.75283],[-80.44663,25.75199],[-80.44661,25.75166],[-80.4446,25.75172],[-80.44454,25.74988],[-80.44559,25.74985],[-80.44551,25.74798],[-80.44652,25.74795],[-80.4465,25.74738],[-80.44745,25.74735],[-80.44742,25.74678],[-80.44843,25.74674],[-80.44875,25.75506],[-80.44676,25.7551],[-80.44682,25.75627],[-80.4488,25.7562],[-80.44897,25.76103]]]}},{"type":"Feature","properties":{"code":"DAD","county":"Miami-Dade","precinct":"786"},"geometry":{"type":"Polygon","coordinates":[[[-80.42999,25.61109],[-80.42986,25.60365],[-80.4361,25.60386],[-80.43629,25.60312],[-80.43757,25.60355],[-80.4433,25.60341],[-80.44315,25.60418],[-80.44388,25.60415],[-80.44452,25.60285],[-80.44619,25.6028],[-80.44648,25.61061],[-80.42999,25.61109]]]}},{"type":"Feature","properties":{"code":"DAD","county":"Miami-Dade","precinct":"433"},"geometry":{"type":"Polygon","coordinates":[[[-80.32067,25.74811],[-80.3199,25.74809],[-80.31932,25.73682],[-80.32341,25.73689],[-80.32343,25.73873],[-80.32757,25.73879],[-80.32756,25.74059],[-80.33574,25.74039],[-80.33566,25.74762],[-80.32067,25.74811]]]}},{"type":"Feature","properties":{"code":"DAD","county":"Miami-Dade","precinct":"458"},"geometry":{"type":"Polygon","coordinates":[[[-80.36807,25.75427],[-80.36771,25.7467],[-80.38497,25.74632],[-80.38532,25.76099],[-80.36841,25.76128],[-80.36807,25.75427]]]}},{"type":"Feature","properties":{"code":"DAD","county":"Miami-Dade","precinct":"577"},"geometry":{"type":"Polygon","coordinates":[[[-80.25076,25.73518],[-80.25807,25.73492],[-80.25822,25.73862],[-80.25618,25.73869],[-80.25633,25.74237],[-80.25431,25.74246],[-80.25433,25.74297],[-80.24617,25.7432],[-80.24592,25.73696],[-80.25076,25.73518]]]}},{"type":"Feature","properties":{"code":"DAD","county":"Miami-Dade","precinct":"450"},"geometry":{"type":"Polygon","coordinates":[[[-80.36157,25.81159],[-80.3694,25.81163],[-80.36987,25.82616],[-80.35394,25.8262],[-80.35341,25.81164],[-80.36157,25.81159]]]}},{"type":"Feature","properties":{"code":"DAD","county":"Miami-Dade","precinct":"863"},"geometry":{"type":"Polygon","coordinates":[[[-80.33965,25.55192],[-80.34781,25.55182],[-80.34781,25.55455],[-80.33968,25.5547],[-80.33965,25.55192]]]}},{"type":"Feature","properties":{"code":"DAD","county":"Miami-Dade","precinct":"234"},"geometry":{"type":"Polygon","coordinates":[[[-80.24308,25.8827],[-80.24262,25.87137],[-80.25905,25.87064],[-80.25944,25.88287],[-80.25465,25.88242],[-80.24308,25.8827]]]}},{"type":"Feature","properties":{"code":"DAD","county":"Miami-Dade","precinct":"16"},"geometry":{"type":"Polygon","coordinates":[[[-80.15602,25.84328],[-80.16078,25.84318],[-80.16135,25.8559],[-80.15642,25.85605],[-80.15602,25.84328]]]}},{"type":"Feature","properties":{"code":"DAD","county":"Miami-Dade","precinct":"647"},"geometry":{"type":"Polygon","coordinates":[[[-80.21008,25.78019],[-80.22252,25.77996],[-80.22274,25.7826],[-80.21866,25.78392],[-80.21229,25.7817],[-80.21008,25.78019]]]}},{"type":"Feature","properties":{"code":"DAD","county":"Miami-Dade","precinct":"910"},"geometry":{"type":"Polygon","coordinates":[[[-80.42864,25.49217],[-80.42863,25.49143],[-80.42286,25.4915],[-80.42288,25.48993],[-80.4222,25.4892],[-80.42908,25.48349],[-80.43269,25.48123],[-80.44476,25.48107],[-80.44481,25.48836],[-80.43658,25.48846],[-80.43669,25.4921],[-80.42864,25.49217]]]}},{"type":"Feature","properties":{"code":"DAD","county":"Miami-Dade","precinct":"639"},"geometry":{"type":"Polygon","coordinates":[[[-80.18822,25.76561],[-80.18774,25.76975],[-80.18011,25.76971],[-80.18052,25.76312],[-80.18477,25.76312],[-80.18822,25.76561]]]}},{"type":"Feature","properties":{"code":"DAD","county":"Miami-Dade","precinct":"20"},"geometry":{"type":"Polygon","coordinates":[[[-80.12593,25.85503],[-80.12504,25.85503],[-80.12447,25.85415],[-80.11881,25.85435],[-80.11875,25.84841],[-80.12026,25.8484],[-80.12047,25.84485],[-80.12274,25.84426],[-80.12239,25.84241],[-80.12318,25.84132],[-80.12389,25.84168],[-80.1249,25.84494],[-80.12586,25.85112],[-80.12357,25.85151],[-80.12593,25.85503]]]}},{"type":"Feature","properties":{"code":"DAD","county":"Miami-Dade","precinct":"889"},"geometry":{"type":"Polygon","coordinates":[[[-80.34751,25.53728],[-80.3473,25.52972],[-80.36394,25.52985],[-80.36392,25.51868],[-80.38812,25.51824],[-80.38816,25.52202],[-80.40111,25.5219],[-80.39718,25.52601],[-80.39476,25.5277],[-80.39203,25.52861],[-80.37215,25.53228],[-80.36843,25.53435],[-80.36646,25.53615],[-80.36588,25.5373],[-80.34751,25.53728]]]}},{"type":"Feature","properties":{"code":"DAD","county":"Miami-Dade","precinct":"514"},"geometry":{"type":"Polygon","coordinates":[[[-80.19606,25.82526],[-80.20655,25.82497],[-80.20584,25.83231],[-80.19623,25.83261],[-80.19651,25.83143],[-80.19606,25.82526]]]}},{"type":"Feature","properties":{"code":"DAD","county":"Miami-Dade","precinct":"905"},"geometry":{"type":"Polygon","coordinates":[[[-80.31786,25.53107],[-80.31531,25.53035],[-80.2366,25.53153],[-80.24599,25.46459],[-80.32669,25.46298],[-80.33409,25.46322],[-80.33415,25.46502],[-80.33679,25.46496],[-80.33848,25.46988],[-80.34035,25.46995],[-80.34042,25.47056],[-80.37259,25.4704],[-80.37975,25.47138],[-80.38449,25.47139],[-80.38665,25.47297],[-80.39113,25.47302],[-80.39391,25.4739],[-80.40009,25.47381],[-80.4024,25.47249],[-80.40389,25.47219],[-80.40392,25.47785],[-80.40485,25.47786],[-80.40488,25.48035],[-80.41206,25.48028],[-80.41235,25.49957],[-80.4042,25.49972],[-80.40425,25.50709],[-80.37187,25.50749],[-80.37192,25.51848],[-80.36392,25.51868],[-80.36394,25.52985],[-80.3473,25.52972],[-80.34751,25.53728],[-80.33152,25.5374],[-80.31786,25.53107]]]}},{"type":"Feature","properties":{"code":"DAD","county":"Miami-Dade","precinct":"778"},"geometry":{"type":"Polygon","coordinates":[[[-80.36425,25.70115],[-80.3662,25.70174],[-80.36691,25.71541],[-80.3349,25.7167],[-80.33457,25.71042],[-80.3375,25.71025],[-80.33841,25.70937],[-80.35053,25.70893],[-80.35015,25.70162],[-80.36425,25.70115]]]}},{"type":"Feature","properties":{"code":"DAD","county":"Miami-Dade","precinct":"327"},"geometry":{"type":"Polygon","coordinates":[[[-80.33104,25.86974],[-80.33903,25.86973],[-80.33937,25.877],[-80.33135,25.87701],[-80.33104,25.86974]]]}},{"type":"Feature","properties":{"code":"DAD","county":"Miami-Dade","precinct":"670"},"geometry":{"type":"Polygon","coordinates":[[[-80.24624,25.76492],[-80.24701,25.76491],[-80.24711,25.76744],[-80.24526,25.76749],[-80.24497,25.76821],[-80.23284,25.76854],[-80.23274,25.76537],[-80.24624,25.76492]]]}},{"type":"Feature","properties":{"code":"DAD","county":"Miami-Dade","precinct":"754"},"geometry":{"type":"Polygon","coordinates":[[[-80.3511,25.66561],[-80.35035,25.64342],[-80.36693,25.64281],[-80.36745,25.65748],[-80.35564,25.65809],[-80.35609,25.66543],[-80.3511,25.66561]]]}},{"type":"Feature","properties":{"code":"DAD","county":"Miami-Dade","precinct":"737"},"geometry":{"type":"Polygon","coordinates":[[[-80.4391,25.69242],[-80.44113,25.68459],[-80.44601,25.68444],[-80.4463,25.69243],[-80.44047,25.69273],[-80.4391,25.69242]]]}},{"type":"Feature","properties":{"code":"DAD","county":"Miami-Dade","precinct":"543"},"geometry":{"type":"Polygon","coordinates":[[[-80.21008,25.78019],[-80.20424,25.77717],[-80.20126,25.77417],[-80.21801,25.77339],[-80.21819,25.78013],[-80.21008,25.78019]]]}},{"type":"Feature","properties":{"code":"DAD","county":"Miami-Dade","precinct":"712"},"geometry":{"type":"Polygon","coordinates":[[[-80.35974,25.7323],[-80.3589,25.71574],[-80.36691,25.71541],[-80.36778,25.7323],[-80.35974,25.7323]]]}},{"type":"Feature","properties":{"code":"DAD","county":"Miami-Dade","precinct":"513"},"geometry":{"type":"Polygon","coordinates":[[[-80.20817,25.82494],[-80.20851,25.83224],[-80.20584,25.83231],[-80.20655,25.82497],[-80.20817,25.82494]]]}},{"type":"Feature","properties":{"code":"DAD","county":"Miami-Dade","precinct":"159"},"geometry":{"type":"Polygon","coordinates":[[[-80.18546,25.85516],[-80.18532,25.85159],[-80.18782,25.85152],[-80.1886,25.85314],[-80.19191,25.85365],[-80.19696,25.8531],[-80.20764,25.85431],[-80.20532,25.85453],[-80.20546,25.85815],[-80.19941,25.85846],[-80.19743,25.8585],[-80.19688,25.85808],[-80.18699,25.85841],[-80.18687,25.8569],[-80.18771,25.85523],[-80.18546,25.85516]]]}},{"type":"Feature","properties":{"code":"DAD","county":"Miami-Dade","precinct":"47"},"geometry":{"type":"Polygon","coordinates":[[[-80.10991,25.75322],[-80.10991,25.75036],[-80.07127,25.75036],[-80.07286,25.74479],[-80.07645,25.73788],[-80.0818,25.73036],[-80.08803,25.72432],[-80.09123,25.72189],[-80.11744,25.73855],[-80.14891,25.7623],[-80.1492,25.76399],[-80.13861,25.76452],[-80.13913,25.76348],[-80.13446,25.76158],[-80.13352,25.7624],[-80.1386,25.76454],[-80.13703,25.76475],[-80.13774,25.76511],[-80.13593,25.76514],[-80.10991,25.75322]]]}},{"type":"Feature","properties":{"code":"DAD","county":"Miami-Dade","precinct":"810"},"geometry":{"type":"Polygon","coordinates":[[[-80.30953,25.64021],[-80.30933,25.63713],[-80.31245,25.63703],[-80.3125,25.63849],[-80.31349,25.63842],[-80.31342,25.63564],[-80.31447,25.63559],[-80.31447,25.63421],[-80.3154,25.6342],[-80.31533,25.63326],[-80.31332,25.63331],[-80.31319,25.62965],[-80.31469,25.62959],[-80.31454,25.62592],[-80.31094,25.626],[-80.31041,25.615],[-80.32255,25.61463],[-80.32277,25.61918],[-80.32485,25.61916],[-80.32488,25.62009],[-80.32695,25.62004],[-80.32747,25.62926],[-80.32342,25.62937],[-80.32351,25.63305],[-80.31943,25.63323],[-80.31948,25.63481],[-80.32058,25.63542],[-80.32066,25.6368],[-80.31955,25.63683],[-80.31944,25.63603],[-80.31747,25.63607],[-80.31777,25.64429],[-80.30968,25.64452],[-80.30953,25.64021]]]}},{"type":"Feature","properties":{"code":"DAD","county":"Miami-Dade","precinct":"837"},"geometry":{"type":"Polygon","coordinates":[[[-80.32255,25.61463],[-80.32848,25.61447],[-80.32859,25.61525],[-80.33215,25.61802],[-80.33391,25.618],[-80.33954,25.62138],[-80.34124,25.62162],[-80.34182,25.62308],[-80.34346,25.62377],[-80.3411,25.62889],[-80.32747,25.62926],[-80.32695,25.62004],[-80.32488,25.62009],[-80.32485,25.61916],[-80.32277,25.61918],[-80.32255,25.61463]]]}},{"type":"Feature","properties":{"code":"DAD","county":"Miami-Dade","precinct":"28"},"geometry":{"type":"Polygon","coordinates":[[[-80.12612,25.81364],[-80.13268,25.81415],[-80.13097,25.81831],[-80.1299,25.82338],[-80.12714,25.82303],[-80.12543,25.82632],[-80.12278,25.82661],[-80.12458,25.81338],[-80.12612,25.81364]]]}},{"type":"Feature","properties":{"code":"DAD","county":"Miami-Dade","precinct":"836"},"geometry":{"type":"Polygon","coordinates":[[[-80.36575,25.58261],[-80.36612,25.58253],[-80.36425,25.58634],[-80.35875,25.59154],[-80.35661,25.59616],[-80.35532,25.59615],[-80.35876,25.59002],[-80.36575,25.58261]]]}},{"type":"Feature","properties":{"code":"DAD","county":"Miami-Dade","precinct":"542"},"geometry":{"type":"Polygon","coordinates":[[[-80.19379,25.77801],[-80.19375,25.77702],[-80.19607,25.77696],[-80.19586,25.77406],[-80.19772,25.77404],[-80.19767,25.77321],[-80.19886,25.77318],[-80.1999,25.77562],[-80.19996,25.77876],[-80.1938,25.77897],[-80.19379,25.77801]]]}},{"type":"Feature","properties":{"code":"DAD","county":"Miami-Dade","precinct":"694"},"geometry":{"type":"Polygon","coordinates":[[[-80.46619,25.68373],[-80.45728,25.68401],[-80.45746,25.66946],[-80.47903,25.66846],[-80.47955,25.68072],[-80.47859,25.68433],[-80.47836,25.6886],[-80.47414,25.68827],[-80.46935,25.68455],[-80.46619,25.68373]]]}},{"type":"Feature","properties":{"code":"DAD","county":"Miami-Dade","precinct":"526"},"geometry":{"type":"Polygon","coordinates":[[[-80.24013,25.80533],[-80.23191,25.80563],[-80.23184,25.8037],[-80.23596,25.80369],[-80.23587,25.80177],[-80.23176,25.80191],[-80.23134,25.78874],[-80.23587,25.7903],[-80.23965,25.79258],[-80.24013,25.80533]]]}},{"type":"Feature","properties":{"code":"DAD","county":"Miami-Dade","precinct":"161"},"geometry":{"type":"Polygon","coordinates":[[[-80.20816,25.85436],[-80.20854,25.86922],[-80.20187,25.86943],[-80.20154,25.86207],[-80.20355,25.862],[-80.2034,25.8582],[-80.20546,25.85815],[-80.20532,25.85453],[-80.20816,25.85436]]]}},{"type":"Feature","properties":{"code":"DAD","county":"Miami-Dade","precinct":"563"},"geometry":{"type":"Polygon","coordinates":[[[-80.19751,25.76875],[-80.19746,25.76727],[-80.19558,25.76731],[-80.19552,25.7615],[-80.19962,25.76126],[-80.20025,25.76715],[-80.19999,25.76887],[-80.19933,25.77045],[-80.19751,25.76875]]]}},{"type":"Feature","properties":{"code":"DAD","county":"Miami-Dade","precinct":"229"},"geometry":{"type":"Polygon","coordinates":[[[-80.26743,25.94007],[-80.27745,25.93969],[-80.27779,25.94695],[-80.25875,25.94769],[-80.25869,25.94045],[-80.26743,25.94007]]]}},{"type":"Feature","properties":{"code":"DAD","county":"Miami-Dade","precinct":"333"},"geometry":{"type":"Polygon","coordinates":[[[-80.30224,25.84617],[-80.31116,25.84624],[-80.31015,25.84596],[-80.31069,25.8448],[-80.31461,25.84772],[-80.3144,25.84982],[-80.31233,25.84984],[-80.31235,25.85065],[-80.31042,25.8507],[-80.31046,25.85254],[-80.30244,25.85238],[-80.30224,25.84617]]]}},{"type":"Feature","properties":{"code":"DAD","county":"Miami-Dade","precinct":"408"},"geometry":{"type":"Polygon","coordinates":[[[-80.34624,25.77868],[-80.34738,25.77521],[-80.34915,25.77405],[-80.35168,25.7758],[-80.35369,25.77572],[-80.35341,25.77818],[-80.35082,25.77772],[-80.34737,25.77914],[-80.34624,25.77868]]]}},{"type":"Feature","properties":{"code":"DAD","county":"Miami-Dade","precinct":"695"},"geometry":{"type":"Polygon","coordinates":[[[-80.42979,25.60057],[-80.43411,25.59573],[-80.44602,25.59536],[-80.44619,25.6028],[-80.44452,25.60285],[-80.44388,25.60415],[-80.44315,25.60418],[-80.4433,25.60341],[-80.43757,25.60355],[-80.43629,25.60312],[-80.4361,25.60386],[-80.42987,25.60365],[-80.42979,25.60057]]]}},{"type":"Feature","properties":{"code":"DAD","county":"Miami-Dade","precinct":"569"},"geometry":{"type":"Polygon","coordinates":[[[-80.20398,25.75041],[-80.1929,25.758],[-80.18125,25.75129],[-80.18127,25.74622],[-80.19809,25.74612],[-80.20089,25.74734],[-80.20398,25.75041]]]}},{"type":"Feature","properties":{"code":"DAD","county":"Miami-Dade","precinct":"312"},"geometry":{"type":"Polygon","coordinates":[[[-80.29178,25.89418],[-80.29173,25.89244],[-80.30795,25.89246],[-80.30822,25.89878],[-80.29216,25.89882],[-80.29178,25.89418]]]}},{"type":"Feature","properties":{"code":"DAD","county":"Miami-Dade","precinct":"856"},"geometry":{"type":"Polygon","coordinates":[[[-80.36411,25.56844],[-80.363,25.56842],[-80.36295,25.55947],[-80.36412,25.55965],[-80.36434,25.5591],[-80.37212,25.55908],[-80.37212,25.55162],[-80.37621,25.55158],[-80.37718,25.55204],[-80.37716,25.55164],[-80.38021,25.55159],[-80.3804,25.55893],[-80.37629,25.55896],[-80.3765,25.56632],[-80.37223,25.56642],[-80.37229,25.56994],[-80.36411,25.56844]]]}},{"type":"Feature","properties":{"code":"DAD","county":"Miami-Dade","precinct":"415"},"geometry":{"type":"Polygon","coordinates":[[[-80.40042,25.75128],[-80.40015,25.744],[-80.41022,25.74368],[-80.41035,25.7524],[-80.41106,25.75443],[-80.40985,25.7584],[-80.40984,25.76089],[-80.40075,25.76091],[-80.40042,25.75128]]]}},{"type":"Feature","properties":{"code":"DAD","county":"Miami-Dade","precinct":"822"},"geometry":{"type":"Polygon","coordinates":[[[-80.38888,25.57719],[-80.3909,25.57722],[-80.39139,25.57867],[-80.39327,25.57868],[-80.39327,25.58026],[-80.39391,25.5804],[-80.39396,25.58084],[-80.38897,25.58432],[-80.38888,25.57719]]]}},{"type":"Feature","properties":{"code":"DAD","county":"Miami-Dade","precinct":"419"},"geometry":{"type":"Polygon","coordinates":[[[-80.34418,25.76181],[-80.34367,25.7474],[-80.35969,25.74699],[-80.36007,25.75434],[-80.35186,25.75443],[-80.35243,25.76177],[-80.34418,25.76181]]]}},{"type":"Feature","properties":{"code":"DAD","county":"Miami-Dade","precinct":"373"},"geometry":{"type":"Polygon","coordinates":[[[-80.349,25.91237],[-80.34872,25.90755],[-80.34778,25.90513],[-80.34845,25.90255],[-80.34785,25.90114],[-80.34675,25.8999],[-80.34516,25.89997],[-80.34036,25.89875],[-80.37247,25.89873],[-80.37377,25.92777],[-80.3497,25.9278],[-80.349,25.91237]]]}},{"type":"Feature","properties":{"code":"DAD","county":"Miami-Dade","precinct":"834"},"geometry":{"type":"Polygon","coordinates":[[[-80.37229,25.56994],[-80.37767,25.57046],[-80.37233,25.57626],[-80.37229,25.56994]]]}},{"type":"Feature","properties":{"code":"DAD","county":"Miami-Dade","precinct":"488"},"geometry":{"type":"Polygon","coordinates":[[[-80.36912,25.79707],[-80.36871,25.78253],[-80.36927,25.77801],[-80.37274,25.77878],[-80.37588,25.77808],[-80.37501,25.76837],[-80.37703,25.76833],[-80.37619,25.76113],[-80.38454,25.761],[-80.38497,25.77092],[-80.38455,25.77092],[-80.38445,25.77398],[-80.38348,25.77534],[-80.3849,25.77532],[-80.38436,25.78228],[-80.38589,25.78229],[-80.38596,25.79705],[-80.36912,25.79707]]]}},{"type":"Feature","properties":{"code":"DAD","county":"Miami-Dade","precinct":"202"},"geometry":{"type":"Polygon","coordinates":[[[-80.28668,25.95375],[-80.28697,25.94926],[-80.28965,25.9491],[-80.29097,25.95012],[-80.29052,25.95082],[-80.29172,25.95191],[-80.29245,25.95147],[-80.29448,25.95162],[-80.29476,25.95694],[-80.29239,25.95648],[-80.2892,25.95414],[-80.28668,25.95375]]]}},{"type":"Feature","properties":{"code":"DAD","county":"Miami-Dade","precinct":"632"},"geometry":{"type":"Polygon","coordinates":[[[-80.30968,25.64452],[-80.33441,25.64389],[-80.32923,25.65515],[-80.31458,25.6556],[-80.31007,25.65571],[-80.30968,25.64452]]]}},{"type":"Feature","properties":{"code":"DAD","county":"Miami-Dade","precinct":"260"},"geometry":{"type":"Polygon","coordinates":[[[-80.24111,25.83112],[-80.24101,25.82847],[-80.24504,25.82833],[-80.24488,25.82381],[-80.24686,25.82377],[-80.24756,25.83845],[-80.24148,25.83864],[-80.24111,25.83112]]]}},{"type":"Feature","properties":{"code":"DAD","county":"Miami-Dade","precinct":"830"},"geometry":{"type":"Polygon","coordinates":[[[-80.38888,25.57719],[-80.38874,25.57012],[-80.39153,25.57024],[-80.39689,25.57463],[-80.39699,25.58082],[-80.3938,25.5811],[-80.39391,25.5804],[-80.39327,25.58026],[-80.39327,25.57868],[-80.39139,25.57867],[-80.3909,25.57722],[-80.38888,25.57719]]]}},{"type":"Feature","properties":{"code":"DAD","county":"Miami-Dade","precinct":"358"},"geometry":{"type":"Polygon","coordinates":[[[-80.33896,25.86973],[-80.341,25.86732],[-80.34717,25.87189],[-80.34738,25.87694],[-80.33937,25.877],[-80.33896,25.86973]]]}},{"type":"Feature","properties":{"code":"DAD","county":"Miami-Dade","precinct":"967"},"geometry":{"type":"Polygon","coordinates":[[[-80.39104,25.57006],[-80.38874,25.57012],[-80.38867,25.56617],[-80.39684,25.56614],[-80.39689,25.57463],[-80.39104,25.57006]]]}},{"type":"Feature","properties":{"code":"DAD","county":"Miami-Dade","precinct":"507"},"geometry":{"type":"Polygon","coordinates":[[[-80.21457,25.83205],[-80.21659,25.83196],[-80.217,25.83939],[-80.2094,25.83964],[-80.20954,25.84195],[-80.20894,25.842],[-80.20851,25.83224],[-80.21457,25.83205]]]}},{"type":"Feature","properties":{"code":"DAD","county":"Miami-Dade","precinct":"540"},"geometry":{"type":"Polygon","coordinates":[[[-80.25615,25.79384],[-80.2561,25.79235],[-80.25159,25.79249],[-80.25163,25.79324],[-80.25003,25.79328],[-80.24997,25.79178],[-80.24792,25.79185],[-80.24781,25.78909],[-80.24662,25.78915],[-80.2466,25.78791],[-80.2478,25.78787],[-80.24777,25.7866],[-80.23959,25.78682],[-80.23957,25.78495],[-80.24649,25.7844],[-80.25154,25.7857],[-80.25589,25.78605],[-80.25573,25.77892],[-80.26401,25.77869],[-80.26414,25.78553],[-80.26963,25.78317],[-80.27435,25.78363],[-80.26968,25.789],[-80.26484,25.79341],[-80.25615,25.79384]]]}},{"type":"Feature","properties":{"code":"DAD","county":"Miami-Dade","precinct":"986"},"geometry":{"type":"Polygon","coordinates":[[[-80.26507,25.77871],[-80.26401,25.77869],[-80.26384,25.77515],[-80.27183,25.77508],[-80.27184,25.7755],[-80.28209,25.77506],[-80.28208,25.77463],[-80.30233,25.77397],[-80.30283,25.77457],[-80.29599,25.77779],[-80.26507,25.77871]]]}},{"type":"Feature","properties":{"code":"DAD","county":"Miami-Dade","precinct":"654"},"geometry":{"type":"Polygon","coordinates":[[[-80.19085,25.81147],[-80.18709,25.82686],[-80.18404,25.83196],[-80.18173,25.83203],[-80.18092,25.83057],[-80.18047,25.82698],[-80.18207,25.82695],[-80.18201,25.82592],[-80.18152,25.82573],[-80.18137,25.82235],[-80.18722,25.82219],[-80.1894,25.81139],[-80.19085,25.81147]]]}},{"type":"Feature","properties":{"code":"DAD","county":"Miami-Dade","precinct":"597"},"geometry":{"type":"Polygon","coordinates":[[[-80.24835,25.80922],[-80.24834,25.80835],[-80.25649,25.80813],[-80.25645,25.80675],[-80.25849,25.80704],[-80.25851,25.80899],[-80.24835,25.80922]]]}},{"type":"Feature","properties":{"code":"DAD","county":"Miami-Dade","precinct":"747"},"geometry":{"type":"Polygon","coordinates":[[[-80.36622,25.67233],[-80.3669,25.6708],[-80.36597,25.67129],[-80.37179,25.66475],[-80.37559,25.66456],[-80.37574,25.67213],[-80.384,25.67184],[-80.38433,25.68],[-80.36812,25.68057],[-80.3677,25.6724],[-80.36622,25.67233]]]}},{"type":"Feature","properties":{"code":"DAD","county":"Miami-Dade","precinct":"541"},"geometry":{"type":"Polygon","coordinates":[[[-80.19004,25.76991],[-80.1907,25.76617],[-80.19199,25.7664],[-80.19211,25.76742],[-80.19746,25.76727],[-80.19747,25.76882],[-80.19498,25.76888],[-80.19247,25.7703],[-80.19004,25.76991]]]}},{"type":"Feature","properties":{"code":"DAD","county":"Miami-Dade","precinct":"417"},"geometry":{"type":"Polygon","coordinates":[[[-80.35194,25.75551],[-80.35186,25.75443],[-80.36807,25.75427],[-80.36841,25.76128],[-80.35243,25.76177],[-80.35194,25.75551]]]}},{"type":"Feature","properties":{"code":"DAD","county":"Miami-Dade","precinct":"429"},"geometry":{"type":"Polygon","coordinates":[[[-80.28677,25.73852],[-80.29278,25.73829],[-80.29431,25.73694],[-80.29685,25.73676],[-80.29746,25.74814],[-80.28729,25.74841],[-80.28677,25.73852]]]}},{"type":"Feature","properties":{"code":"DAD","county":"Miami-Dade","precinct":"740"},"geometry":{"type":"Polygon","coordinates":[[[-80.42043,25.67814],[-80.42123,25.67578],[-80.42418,25.67289],[-80.42442,25.67056],[-80.43257,25.67023],[-80.43273,25.67751],[-80.42836,25.67718],[-80.42415,25.67931],[-80.42226,25.67905],[-80.42043,25.67814]]]}},{"type":"Feature","properties":{"code":"DAD","county":"Miami-Dade","precinct":"615"},"geometry":{"type":"Polygon","coordinates":[[[-80.26111,25.71265],[-80.26101,25.70902],[-80.24845,25.70949],[-80.24841,25.70872],[-80.25279,25.70852],[-80.2528,25.70775],[-80.26094,25.70789],[-80.261,25.70511],[-80.26863,25.69306],[-80.26902,25.70452],[-80.26841,25.70451],[-80.26833,25.7023],[-80.26689,25.70234],[-80.26698,25.70515],[-80.27108,25.70501],[-80.27105,25.70312],[-80.27201,25.70309],[-80.27206,25.70498],[-80.27315,25.70493],[-80.2734,25.71217],[-80.26111,25.71265]]]}},{"type":"Feature","properties":{"code":"DAD","county":"Miami-Dade","precinct":"387"},"geometry":{"type":"Polygon","coordinates":[[[-80.32453,25.88408],[-80.32363,25.88408],[-80.32331,25.87703],[-80.33135,25.87701],[-80.33167,25.88412],[-80.32453,25.88408]]]}},{"type":"Feature","properties":{"code":"DAD","county":"Miami-Dade","precinct":"110"},"geometry":{"type":"Polygon","coordinates":[[[-80.14747,25.96362],[-80.14701,25.94991],[-80.14756,25.94747],[-80.15673,25.94716],[-80.15724,25.95738],[-80.15529,25.95744],[-80.15533,25.95947],[-80.15334,25.95959],[-80.15354,25.96315],[-80.14747,25.96362]]]}},{"type":"Feature","properties":{"code":"DAD","county":"Miami-Dade","precinct":"133"},"geometry":{"type":"MultiPolygon","coordinates":[[[[-80.20736,25.90208],[-80.20333,25.90224],[-80.20303,25.89497],[-80.21111,25.89462],[-80.21163,25.90555],[-80.20758,25.90574],[-80.20736,25.90208]]],[[[-80.22625,25.89764],[-80.22737,25.8976],[-80.22744,25.89899],[-80.21938,25.89931],[-80.21932,25.89796],[-80.22625,25.89764]]],[[[-80.22747,25.89984],[-80.22754,25.90129],[-80.22553,25.90136],[-80.22547,25.89991],[-80.22747,25.89984]]]]}},{"type":"Feature","properties":{"code":"DAD","county":"Miami-Dade","precinct":"655"},"geometry":{"type":"Polygon","coordinates":[[[-80.19567,25.76877],[-80.19754,25.76875],[-80.19973,25.7709],[-80.20057,25.77304],[-80.19767,25.77321],[-80.19772,25.77404],[-80.19586,25.77406],[-80.19567,25.76877]]]}},{"type":"Feature","properties":{"code":"DAD","county":"Miami-Dade","precinct":"825"},"geometry":{"type":"Polygon","coordinates":[[[-80.34811,25.59681],[-80.3481,25.59435],[-80.35023,25.59367],[-80.35523,25.58586],[-80.35331,25.58466],[-80.35175,25.58449],[-80.35167,25.58306],[-80.35179,25.58267],[-80.3536,25.58261],[-80.35317,25.57906],[-80.35549,25.57799],[-80.35398,25.57288],[-80.35063,25.57426],[-80.3444,25.57428],[-80.34383,25.57364],[-80.35183,25.56651],[-80.35753,25.56646],[-80.35752,25.57016],[-80.36212,25.57049],[-80.36204,25.57411],[-80.36424,25.57379],[-80.3635,25.57129],[-80.36342,25.56842],[-80.37229,25.56994],[-80.37233,25.57626],[-80.35876,25.59002],[-80.35418,25.59858],[-80.34812,25.59877],[-80.34811,25.59681]]]}},{"type":"Feature","properties":{"code":"DAD","county":"Miami-Dade","precinct":"819"},"geometry":{"type":"Polygon","coordinates":[[[-80.34406,25.59888],[-80.35418,25.59858],[-80.34964,25.60856],[-80.33245,25.60873],[-80.33241,25.6078],[-80.3314,25.60766],[-80.33136,25.6069],[-80.33035,25.60693],[-80.33045,25.60879],[-80.33146,25.60876],[-80.33153,25.61063],[-80.32853,25.61077],[-80.32822,25.60508],[-80.3323,25.60492],[-80.33227,25.60451],[-80.34036,25.60434],[-80.34031,25.60281],[-80.34233,25.60274],[-80.34226,25.60188],[-80.3443,25.60179],[-80.34406,25.59888]]]}},{"type":"Feature","properties":{"code":"DAD","county":"Miami-Dade","precinct":"524"},"geometry":{"type":"Polygon","coordinates":[[[-80.19612,25.76051],[-80.19613,25.75988],[-80.20001,25.75697],[-80.20063,25.756],[-80.20923,25.75012],[-80.22179,25.74581],[-80.22179,25.74621],[-80.21983,25.74692],[-80.21983,25.74762],[-80.21954,25.74742],[-80.19941,25.76138],[-80.19552,25.7615],[-80.19612,25.76051]]]}},{"type":"Feature","properties":{"code":"DAD","county":"Miami-Dade","precinct":"625"},"geometry":{"type":"Polygon","coordinates":[[[-80.30115,25.69128],[-80.30262,25.6899],[-80.30312,25.68845],[-80.30259,25.67432],[-80.32019,25.67385],[-80.31542,25.68178],[-80.30952,25.68797],[-80.30497,25.69163],[-80.30115,25.69128]]]}},{"type":"Feature","properties":{"code":"DAD","county":"Miami-Dade","precinct":"183"},"geometry":{"type":"Polygon","coordinates":[[[-80.16714,25.90745],[-80.16731,25.91107],[-80.16347,25.9148],[-80.16311,25.90758],[-80.16714,25.90745]]]}},{"type":"Feature","properties":{"code":"DAD","county":"Miami-Dade","precinct":"916"},"geometry":{"type":"MultiPolygon","coordinates":[[[[-80.46412,25.48458],[-80.46102,25.48457],[-80.4631,25.4819],[-80.46591,25.47567],[-80.47332,25.46775],[-80.4748,25.46496],[-80.47515,25.46247],[-80.47729,25.46247],[-80.47736,25.47438],[-80.47942,25.47437],[-80.47945,25.47163],[-80.48146,25.47162],[-80.48149,25.47344],[-80.49364,25.47337],[-80.49371,25.47704],[-80.48948,25.47705],[-80.48952,25.48067],[-80.47951,25.48078],[-80.47952,25.48256],[-80.47745,25.48258],[-80.4775,25.48352],[-80.47488,25.48352],[-80.47489,25.4827],[-80.47115,25.48268],[-80.47113,25.48084],[-80.46907,25.48086],[-80.46907,25.48131],[-80.46708,25.48134],[-80.46709,25.48182],[-80.46505,25.48185],[-80.46509,25.48457],[-80.46412,25.48458]]],[[[-80.49559,25.47123],[-80.49565,25.47154],[-80.49365,25.47157],[-80.49363,25.47123],[-80.49559,25.47123]]]]}},{"type":"Feature","properties":{"code":"DAD","county":"Miami-Dade","precinct":"299"},"geometry":{"type":"Polygon","coordinates":[[[-80.28537,25.89654],[-80.29204,25.89633],[-80.29216,25.89882],[-80.28537,25.89654]]]}},{"type":"Feature","properties":{"code":"DAD","county":"Miami-Dade","precinct":"164"},"geometry":{"type":"Polygon","coordinates":[[[-80.16603,25.88421],[-80.16606,25.88261],[-80.16825,25.87757],[-80.17229,25.87235],[-80.17358,25.8723],[-80.17371,25.87472],[-80.17862,25.87392],[-80.17401,25.88392],[-80.17004,25.88383],[-80.16605,25.88466],[-80.16603,25.88421]]]}},{"type":"Feature","properties":{"code":"DAD","county":"Miami-Dade","precinct":"363"},"geometry":{"type":"Polygon","coordinates":[[[-80.323,25.86976],[-80.33104,25.86974],[-80.33135,25.87701],[-80.32331,25.87703],[-80.323,25.86976]]]}},{"type":"Feature","properties":{"code":"DAD","county":"Miami-Dade","precinct":"600"},"geometry":{"type":"Polygon","coordinates":[[[-80.21118,25.74685],[-80.22103,25.74016],[-80.22705,25.73709],[-80.22919,25.73551],[-80.22966,25.73604],[-80.22987,25.74284],[-80.21278,25.74906],[-80.20656,25.75014],[-80.21118,25.74685]]]}},{"type":"Feature","properties":{"code":"DAD","county":"Miami-Dade","precinct":"582"},"geometry":{"type":"Polygon","coordinates":[[[-80.20644,25.75017],[-80.20398,25.75041],[-80.20089,25.74734],[-80.19809,25.74612],[-80.18127,25.74622],[-80.18125,25.75129],[-80.17838,25.74678],[-80.17902,25.74648],[-80.17653,25.74608],[-80.17373,25.74389],[-80.17373,25.73046],[-80.18303,25.73052],[-80.18938,25.7111],[-80.23764,25.70982],[-80.23827,25.72716],[-80.23879,25.7276],[-80.23737,25.72868],[-80.2376,25.734],[-80.23699,25.73403],[-80.23093,25.73875],[-80.23031,25.73816],[-80.22971,25.7384],[-80.22966,25.73604],[-80.22919,25.73551],[-80.22705,25.73709],[-80.2203,25.7406],[-80.20644,25.75017]]]}},{"type":"Feature","properties":{"code":"DAD","county":"Miami-Dade","precinct":"984"},"geometry":{"type":"Polygon","coordinates":[[[-80.17005,25.78006],[-80.13593,25.76514],[-80.13774,25.76511],[-80.13703,25.76475],[-80.13861,25.76452],[-80.16232,25.76434],[-80.17347,25.76976],[-80.18657,25.76966],[-80.19243,25.7703],[-80.19354,25.76957],[-80.19363,25.77413],[-80.18724,25.77431],[-80.18857,25.77946],[-80.1848,25.77997],[-80.18339,25.7875],[-80.17737,25.78712],[-80.17581,25.78587],[-80.17291,25.78174],[-80.17005,25.78006]]]}},{"type":"Feature","properties":{"code":"DAD","county":"Miami-Dade","precinct":"793"},"geometry":{"type":"Polygon","coordinates":[[[-80.44938,25.66972],[-80.45746,25.66946],[-80.45728,25.68401],[-80.44601,25.68444],[-80.44622,25.68171],[-80.44921,25.67814],[-80.44938,25.66972]]]}},{"type":"Feature","properties":{"code":"DAD","county":"Miami-Dade","precinct":"571"},"geometry":{"type":"Polygon","coordinates":[[[-80.22198,25.75087],[-80.21996,25.75094],[-80.22025,25.75793],[-80.21424,25.75776],[-80.21409,25.75132],[-80.21954,25.74742],[-80.21983,25.74762],[-80.21983,25.74692],[-80.22179,25.74621],[-80.22198,25.75087]]]}},{"type":"Feature","properties":{"code":"DAD","county":"Miami-Dade","precinct":"525"},"geometry":{"type":"Polygon","coordinates":[[[-80.23766,25.73552],[-80.24586,25.73533],[-80.24592,25.73696],[-80.23784,25.73992],[-80.23766,25.73552]]]}},{"type":"Feature","properties":{"code":"DAD","county":"Miami-Dade","precinct":"406"},"geometry":{"type":"MultiPolygon","coordinates":[[[[-80.35031,25.7724],[-80.35168,25.7719],[-80.35235,25.77581],[-80.35107,25.77555],[-80.35031,25.7724]]],[[[-80.34273,25.77227],[-80.34294,25.77178],[-80.34373,25.77191],[-80.34298,25.77347],[-80.34215,25.77348],[-80.34273,25.77227]]]]}},{"type":"Feature","properties":{"code":"DAD","county":"Miami-Dade","precinct":"33"},"geometry":{"type":"Polygon","coordinates":[[[-80.12726,25.80006],[-80.12801,25.79834],[-80.12627,25.79756],[-80.11001,25.79235],[-80.11,25.78822],[-80.12827,25.79394],[-80.1295,25.7939],[-80.12998,25.79072],[-80.14363,25.79036],[-80.14352,25.78511],[-80.14443,25.78509],[-80.14573,25.78768],[-80.14479,25.78955],[-80.14477,25.79133],[-80.1277,25.80034],[-80.12694,25.80165],[-80.12704,25.80418],[-80.12619,25.80202],[-80.12635,25.80107],[-80.12726,25.80006]]]}},{"type":"Feature","properties":{"code":"DAD","county":"Miami-Dade","precinct":"590"},"geometry":{"type":"Polygon","coordinates":[[[-80.3101,25.77138],[-80.31286,25.77014],[-80.32053,25.76987],[-80.32064,25.77681],[-80.32019,25.78038],[-80.31597,25.77947],[-80.3087,25.78005],[-80.3101,25.77751],[-80.3101,25.77138]]]}},{"type":"Feature","properties":{"code":"DAD","county":"Miami-Dade","precinct":"570"},"geometry":{"type":"Polygon","coordinates":[[[-80.22025,25.75793],[-80.22054,25.76569],[-80.22249,25.7656],[-80.22257,25.76647],[-80.21447,25.7667],[-80.21424,25.75776],[-80.22025,25.75793]]]}},{"type":"Feature","properties":{"code":"DAD","county":"Miami-Dade","precinct":"3"},"geometry":{"type":"Polygon","coordinates":[[[-80.11752,25.93652],[-80.12977,25.93591],[-80.13133,25.93448],[-80.13183,25.93678],[-80.1309,25.93765],[-80.11733,25.93798],[-80.11752,25.93652]]]}},{"type":"Feature","properties":{"code":"DAD","county":"Miami-Dade","precinct":"225"},"geometry":{"type":"Polygon","coordinates":[[[-80.24532,25.94094],[-80.24461,25.92643],[-80.26066,25.92573],[-80.26139,25.94034],[-80.24532,25.94094]]]}},{"type":"Feature","properties":{"code":"DAD","county":"Miami-Dade","precinct":"221"},"geometry":{"type":"Polygon","coordinates":[[[-80.22502,25.93083],[-80.22526,25.93006],[-80.22061,25.93023],[-80.22167,25.92719],[-80.2366,25.9266],[-80.23729,25.94124],[-80.22522,25.94172],[-80.22475,25.93224],[-80.22502,25.93083]]]}},{"type":"Feature","properties":{"code":"DAD","county":"Miami-Dade","precinct":"938"},"geometry":{"type":"Polygon","coordinates":[[[-80.10358,25.64007],[-80.10368,25.63816],[-80.09811,25.63875],[-80.09041,25.63828],[-80.0806,25.63604],[-80.07215,25.63241],[-80.06489,25.62844],[-80.06132,25.62537],[-80.06024,25.62537],[-80.05547,25.62006],[-80.04675,25.60638],[-80.04351,25.59804],[-80.04276,25.5889],[-80.04382,25.57911],[-80.04823,25.56688],[-80.0567,25.5552],[-80.06581,25.54816],[-80.07979,25.54152],[-80.09195,25.53897],[-80.09967,25.53853],[-80.10804,25.53929],[-80.11568,25.54117],[-80.17605,25.54158],[-80.19023,25.50882],[-80.19203,25.50258],[-80.19135,25.49559],[-80.18806,25.49037],[-80.20912,25.43381],[-80.21525,25.42814],[-80.21349,25.42029],[-80.22472,25.40623],[-80.23081,25.40535],[-80.23591,25.40323],[-80.23897,25.39833],[-80.24163,25.40172],[-80.25382,25.39381],[-80.24816,25.38979],[-80.25762,25.38248],[-80.26523,25.35428],[-80.34156,25.32244],[-80.37213,25.3102],[-80.37201,25.30718],[-80.37382,25.30721],[-80.37471,25.30795],[-80.37903,25.30797],[-80.37919,25.28781],[-80.39511,25.27293],[-80.39498,25.2535],[-80.41099,25.25345],[-80.41868,25.24474],[-80.41889,25.23631],[-80.42688,25.2364],[-80.42924,25.23565],[-80.43209,25.23664],[-80.43396,25.2367],[-80.44167,25.2699],[-80.44149,25.27084],[-80.44615,25.29095],[-80.46365,25.37437],[-80.46381,25.37736],[-80.47439,25.42564],[-80.47424,25.43319],[-80.4606,25.43319],[-80.4606,25.41854],[-80.44219,25.4186],[-80.44218,25.42227],[-80.44016,25.42227],[-80.44015,25.42594],[-80.43601,25.42594],[-80.43602,25.43484],[-80.43206,25.43486],[-80.43208,25.44066],[-80.40386,25.44073],[-80.40389,25.47219],[-80.39997,25.47383],[-80.39391,25.4739],[-80.39113,25.47302],[-80.38665,25.47297],[-80.38449,25.47139],[-80.37975,25.47138],[-80.37259,25.4704],[-80.34034,25.47055],[-80.34035,25.46995],[-80.33848,25.46988],[-80.33679,25.46496],[-80.33415,25.46502],[-80.33409,25.46322],[-80.32669,25.46298],[-80.24599,25.46459],[-80.2366,25.53153],[-80.21931,25.59991],[-80.21822,25.60921],[-80.20597,25.65717],[-80.09546,25.65731],[-80.0965,25.65274],[-80.10035,25.64462],[-80.10358,25.64007]]]}},{"type":"Feature","properties":{"code":"DAD","county":"Miami-Dade","precinct":"188"},"geometry":{"type":"Polygon","coordinates":[[[-80.17694,25.85916],[-80.17673,25.85541],[-80.18445,25.85519],[-80.18401,25.85777],[-80.18103,25.85785],[-80.18108,25.85905],[-80.17694,25.85916]]]}},{"type":"Feature","properties":{"code":"DAD","county":"Miami-Dade","precinct":"489"},"geometry":{"type":"Polygon","coordinates":[[[-80.41717,25.78267],[-80.41725,25.79711],[-80.38595,25.7968],[-80.38588,25.78259],[-80.39454,25.78267],[-80.39573,25.7822],[-80.41717,25.78267]]]}},{"type":"Feature","properties":{"code":"DAD","county":"Miami-Dade","precinct":"516"},"geometry":{"type":"Polygon","coordinates":[[[-80.18722,25.82219],[-80.18137,25.82235],[-80.18152,25.82573],[-80.18201,25.82592],[-80.18207,25.82695],[-80.18047,25.82698],[-80.18092,25.83057],[-80.18173,25.83203],[-80.18404,25.83196],[-80.18406,25.83265],[-80.16037,25.83325],[-80.15941,25.81295],[-80.16012,25.81049],[-80.18122,25.8106],[-80.18547,25.81149],[-80.1894,25.81145],[-80.18722,25.82219]]]}},{"type":"Feature","properties":{"code":"DAD","county":"Miami-Dade","precinct":"378"},"geometry":{"type":"Polygon","coordinates":[[[-80.28246,25.85116],[-80.28235,25.84831],[-80.29016,25.848],[-80.29021,25.85277],[-80.28254,25.85298],[-80.28246,25.85116]]]}},{"type":"Feature","properties":{"code":"DAD","county":"Miami-Dade","precinct":"423"},"geometry":{"type":"Polygon","coordinates":[[[-80.3199,25.74809],[-80.32767,25.74788],[-80.32795,25.76216],[-80.32075,25.76239],[-80.32104,25.75866],[-80.32009,25.75465],[-80.3199,25.74809]]]}},{"type":"Feature","properties":{"code":"DAD","county":"Miami-Dade","precinct":"823"},"geometry":{"type":"Polygon","coordinates":[[[-80.30899,25.59603],[-80.30864,25.59427],[-80.31088,25.59424],[-80.31076,25.58642],[-80.30947,25.58527],[-80.30942,25.58152],[-80.31738,25.58146],[-80.31815,25.57507],[-80.32369,25.57512],[-80.32369,25.57423],[-80.32415,25.57421],[-80.32413,25.57511],[-80.32987,25.57502],[-80.33164,25.5754],[-80.33163,25.57404],[-80.33989,25.57395],[-80.33966,25.57035],[-80.34597,25.5702],[-80.34571,25.56874],[-80.34747,25.56872],[-80.34743,25.57028],[-80.34792,25.57021],[-80.34146,25.57549],[-80.33773,25.57779],[-80.33458,25.5792],[-80.33312,25.57935],[-80.32981,25.58106],[-80.32609,25.5851],[-80.31711,25.58517],[-80.31713,25.58705],[-80.31597,25.58708],[-80.31126,25.59081],[-80.31128,25.59252],[-80.31219,25.5925],[-80.31221,25.59427],[-80.31564,25.59422],[-80.31562,25.59245],[-80.31767,25.59246],[-80.31771,25.596],[-80.31831,25.59601],[-80.31617,25.59955],[-80.30907,25.59971],[-80.30899,25.59603]]]}},{"type":"Feature","properties":{"code":"DAD","county":"Miami-Dade","precinct":"413"},"geometry":{"type":"Polygon","coordinates":[[[-80.40015,25.744],[-80.39962,25.72962],[-80.41969,25.72911],[-80.42023,25.74337],[-80.40015,25.744]]]}},{"type":"Feature","properties":{"code":"DAD","county":"Miami-Dade","precinct":"36"},"geometry":{"type":"Polygon","coordinates":[[[-80.13633,25.78404],[-80.1363,25.78187],[-80.14095,25.78172],[-80.1409,25.78051],[-80.14313,25.78043],[-80.14359,25.78368],[-80.14443,25.78509],[-80.14352,25.78511],[-80.14363,25.79036],[-80.13655,25.79054],[-80.13633,25.78404]]]}},{"type":"Feature","properties":{"code":"DAD","county":"Miami-Dade","precinct":"555"},"geometry":{"type":"Polygon","coordinates":[[[-80.24425,25.79534],[-80.24283,25.79419],[-80.25615,25.79384],[-80.25615,25.79439],[-80.24761,25.79463],[-80.24425,25.79534]]]}},{"type":"Feature","properties":{"code":"DAD","county":"Miami-Dade","precinct":"342"},"geometry":{"type":"Polygon","coordinates":[[[-80.25903,25.82333],[-80.25867,25.80616],[-80.28054,25.82239],[-80.26518,25.82313],[-80.26553,25.83051],[-80.25923,25.83066],[-80.25903,25.82333]]]}},{"type":"Feature","properties":{"code":"DAD","county":"Miami-Dade","precinct":"748"},"geometry":{"type":"Polygon","coordinates":[[[-80.36622,25.67233],[-80.3677,25.6724],[-80.36818,25.68196],[-80.36779,25.68323],[-80.366,25.68552],[-80.36585,25.68696],[-80.35202,25.68744],[-80.36335,25.67475],[-80.36622,25.67233]]]}},{"type":"Feature","properties":{"code":"DAD","county":"Miami-Dade","precinct":"42"},"geometry":{"type":"Polygon","coordinates":[[[-80.11,25.78822],[-80.10998,25.7811],[-80.13213,25.78416],[-80.13633,25.78404],[-80.13655,25.79054],[-80.12998,25.79072],[-80.1295,25.7939],[-80.12827,25.79394],[-80.11,25.78822]]]}},{"type":"Feature","properties":{"code":"DAD","county":"Miami-Dade","precinct":"455"},"geometry":{"type":"MultiPolygon","coordinates":[[[[-80.36956,25.77557],[-80.369,25.76844],[-80.37501,25.76833],[-80.37588,25.77808],[-80.37274,25.77878],[-80.36927,25.77801],[-80.36956,25.77557]]],[[[-80.38484,25.7761],[-80.3849,25.77532],[-80.38348,25.77534],[-80.38445,25.77398],[-80.38455,25.77092],[-80.38497,25.77092],[-80.38454,25.761],[-80.38549,25.76099],[-80.386,25.7762],[-80.38573,25.78229],[-80.38436,25.78228],[-80.38484,25.7761]]]]}},{"type":"Feature","properties":{"code":"DAD","county":"Miami-Dade","precinct":"701"},"geometry":{"type":"Polygon","coordinates":[[[-80.4305,25.69942],[-80.43856,25.69912],[-80.43929,25.70176],[-80.44285,25.70442],[-80.44302,25.70689],[-80.43927,25.71055],[-80.43913,25.71362],[-80.43108,25.71385],[-80.4305,25.69942]]]}},{"type":"Feature","properties":{"code":"DAD","county":"Miami-Dade","precinct":"136"},"geometry":{"type":"Polygon","coordinates":[[[-80.19544,25.89536],[-80.19529,25.89187],[-80.19448,25.89051],[-80.19426,25.88445],[-80.20247,25.88409],[-80.20256,25.8859],[-80.2091,25.8856],[-80.20954,25.8947],[-80.20303,25.89497],[-80.20288,25.89222],[-80.19879,25.89241],[-80.1989,25.89516],[-80.19544,25.89536]]]}},{"type":"Feature","properties":{"code":"DAD","county":"Miami-Dade","precinct":"111"},"geometry":{"type":"Polygon","coordinates":[[[-80.14771,25.94483],[-80.14698,25.94741],[-80.14756,25.94747],[-80.14725,25.94847],[-80.143,25.94853],[-80.14264,25.94921],[-80.13447,25.9494],[-80.13455,25.94875],[-80.13542,25.94865],[-80.13532,25.94536],[-80.13843,25.94502],[-80.13783,25.94442],[-80.13768,25.94219],[-80.13827,25.94102],[-80.13927,25.94095],[-80.13931,25.93842],[-80.14,25.9385],[-80.14029,25.94375],[-80.14665,25.94353],[-80.148,25.94389],[-80.14771,25.94483]]]}},{"type":"Feature","properties":{"code":"DAD","county":"Miami-Dade","precinct":"750"},"geometry":{"type":"Polygon","coordinates":[[[-80.33538,25.68487],[-80.33545,25.68441],[-80.33141,25.68452],[-80.3314,25.68402],[-80.32942,25.68409],[-80.32925,25.68097],[-80.3354,25.68076],[-80.3349,25.66604],[-80.34293,25.6658],[-80.34283,25.66084],[-80.34264,25.65472],[-80.33453,25.65494],[-80.3344,25.65128],[-80.35059,25.65075],[-80.35169,25.68333],[-80.35142,25.68484],[-80.34971,25.6875],[-80.33555,25.68798],[-80.33538,25.68487]]]}},{"type":"Feature","properties":{"code":"DAD","county":"Miami-Dade","precinct":"589"},"geometry":{"type":"Polygon","coordinates":[[[-80.2443,25.80886],[-80.24428,25.80847],[-80.24834,25.80835],[-80.24835,25.80922],[-80.24432,25.80937],[-80.2443,25.80886]]]}},{"type":"Feature","properties":{"code":"DAD","county":"Miami-Dade","precinct":"888"},"geometry":{"type":"MultiPolygon","coordinates":[[[[-80.41626,25.48787],[-80.41222,25.48778],[-80.41207,25.48125],[-80.41409,25.48127],[-80.41418,25.48506],[-80.4162,25.48505],[-80.41626,25.48787]]],[[[-80.41233,25.49764],[-80.41562,25.49765],[-80.41512,25.49916],[-80.41235,25.49958],[-80.41233,25.49764]]]]}},{"type":"Feature","properties":{"code":"DAD","county":"Miami-Dade","precinct":"411"},"geometry":{"type":"Polygon","coordinates":[[[-80.32098,25.76987],[-80.33643,25.76959],[-80.33668,25.77656],[-80.32064,25.77681],[-80.32053,25.76987],[-80.32098,25.76987]]]}},{"type":"Feature","properties":{"code":"DAD","county":"Miami-Dade","precinct":"439"},"geometry":{"type":"Polygon","coordinates":[[[-80.36771,25.74665],[-80.36774,25.74493],[-80.36875,25.74495],[-80.36878,25.74387],[-80.36978,25.74383],[-80.36974,25.74132],[-80.37078,25.74131],[-80.37079,25.73951],[-80.36975,25.73953],[-80.36977,25.73592],[-80.37178,25.73587],[-80.37177,25.73344],[-80.37373,25.73339],[-80.3737,25.73219],[-80.38434,25.73202],[-80.38497,25.74632],[-80.36771,25.74665]]]}},{"type":"Feature","properties":{"code":"DAD","county":"Miami-Dade","precinct":"657"},"geometry":{"type":"Polygon","coordinates":[[[-80.20479,25.75136],[-80.20647,25.75015],[-80.21016,25.74961],[-80.20567,25.75244],[-80.20479,25.75136]]]}},{"type":"Feature","properties":{"code":"DAD","county":"Miami-Dade","precinct":"324"},"geometry":{"type":"Polygon","coordinates":[[[-80.3069,25.869],[-80.30662,25.85882],[-80.31064,25.85888],[-80.31073,25.8625],[-80.30964,25.86249],[-80.30969,25.86388],[-80.3148,25.86388],[-80.3149,25.86958],[-80.30692,25.86959],[-80.3069,25.869]]]}},{"type":"Feature","properties":{"code":"DAD","county":"Miami-Dade","precinct":"280"},"geometry":{"type":"Polygon","coordinates":[[[-80.23553,25.89816],[-80.23612,25.91202],[-80.22798,25.91223],[-80.22744,25.89908],[-80.22973,25.899],[-80.23148,25.89829],[-80.23553,25.89816]]]}},{"type":"Feature","properties":{"code":"DAD","county":"Miami-Dade","precinct":"510"},"geometry":{"type":"Polygon","coordinates":[[[-80.25485,25.77182],[-80.25542,25.77181],[-80.25573,25.77892],[-80.24751,25.77918],[-80.2473,25.77207],[-80.25485,25.77182]]]}},{"type":"Feature","properties":{"code":"DAD","county":"Miami-Dade","precinct":"566"},"geometry":{"type":"Polygon","coordinates":[[[-80.19933,25.77045],[-80.20025,25.76715],[-80.20582,25.767],[-80.20606,25.77376],[-80.20126,25.77417],[-80.19933,25.77045]]]}},{"type":"Feature","properties":{"code":"DAD","county":"Miami-Dade","precinct":"561"},"geometry":{"type":"Polygon","coordinates":[[[-80.24616,25.74322],[-80.25433,25.74297],[-80.25462,25.74985],[-80.2464,25.7501],[-80.24616,25.74322]]]}},{"type":"Feature","properties":{"code":"DAD","county":"Miami-Dade","precinct":"5"},"geometry":{"type":"Polygon","coordinates":[[[-80.11811,25.92975],[-80.11857,25.92151],[-80.12856,25.92099],[-80.12986,25.92273],[-80.13047,25.9298],[-80.11811,25.92975]]]}},{"type":"Feature","properties":{"code":"DAD","county":"Miami-Dade","precinct":"611"},"geometry":{"type":"Polygon","coordinates":[[[-80.25807,25.7349],[-80.25793,25.73214],[-80.25588,25.73221],[-80.25586,25.73128],[-80.25856,25.72868],[-80.26581,25.72333],[-80.26628,25.72385],[-80.26211,25.72729],[-80.26634,25.72718],[-80.26798,25.72787],[-80.26909,25.72707],[-80.28622,25.72647],[-80.28652,25.73404],[-80.25807,25.7349]]]}},{"type":"Feature","properties":{"code":"DAD","county":"Miami-Dade","precinct":"307"},"geometry":{"type":"Polygon","coordinates":[[[-80.29252,25.90985],[-80.29203,25.89882],[-80.30822,25.89878],[-80.30845,25.90379],[-80.31411,25.90382],[-80.31551,25.90424],[-80.31712,25.9054],[-80.31883,25.90848],[-80.31848,25.9099],[-80.3168,25.90988],[-80.31332,25.91098],[-80.30961,25.90868],[-80.30664,25.90905],[-80.30545,25.91098],[-80.30468,25.91129],[-80.2984,25.90979],[-80.29252,25.90985]]]}},{"type":"Feature","properties":{"code":"DAD","county":"Miami-Dade","precinct":"734"},"geometry":{"type":"Polygon","coordinates":[[[-80.41571,25.69304],[-80.41571,25.68994],[-80.4167,25.69017],[-80.41895,25.69233],[-80.4204,25.69241],[-80.42442,25.69139],[-80.42481,25.69355],[-80.42274,25.69783],[-80.42253,25.69969],[-80.41451,25.69994],[-80.41461,25.69658],[-80.41571,25.69304]]]}},{"type":"Feature","properties":{"code":"DAD","county":"Miami-Dade","precinct":"334"},"geometry":{"type":"Polygon","coordinates":[[[-80.26012,25.84541],[-80.26029,25.8499],[-80.2608,25.85005],[-80.26087,25.85191],[-80.27261,25.85151],[-80.27265,25.85887],[-80.26665,25.85905],[-80.26659,25.85628],[-80.26254,25.85639],[-80.26265,25.86003],[-80.26013,25.86012],[-80.25962,25.84546],[-80.26012,25.84541]]]}},{"type":"Feature","properties":{"code":"DAD","county":"Miami-Dade","precinct":"336"},"geometry":{"type":"Polygon","coordinates":[[[-80.28996,25.84059],[-80.28972,25.82926],[-80.30417,25.83993],[-80.30194,25.84077],[-80.29398,25.84103],[-80.28996,25.84059]]]}},{"type":"Feature","properties":{"code":"DAD","county":"Miami-Dade","precinct":"711"},"geometry":{"type":"Polygon","coordinates":[[[-80.38911,25.68614],[-80.38857,25.67171],[-80.40025,25.67131],[-80.4008,25.68587],[-80.38911,25.68614]]]}},{"type":"Feature","properties":{"code":"DAD","county":"Miami-Dade","precinct":"355"},"geometry":{"type":"Polygon","coordinates":[[[-80.29448,25.95162],[-80.29388,25.93927],[-80.29683,25.9394],[-80.30356,25.94209],[-80.30694,25.94237],[-80.30717,25.94728],[-80.30792,25.94999],[-80.2991,25.95338],[-80.29461,25.95345],[-80.29448,25.95162]]]}},{"type":"Feature","properties":{"code":"DAD","county":"Miami-Dade","precinct":"610"},"geometry":{"type":"Polygon","coordinates":[[[-80.19381,25.77896],[-80.19388,25.78184],[-80.19054,25.78195],[-80.19041,25.77906],[-80.19211,25.77902],[-80.19205,25.77802],[-80.19379,25.77801],[-80.19381,25.77896]]]}},{"type":"Feature","properties":{"code":"DAD","county":"Miami-Dade","precinct":"672"},"geometry":{"type":"MultiPolygon","coordinates":[[[[-80.29061,25.73387],[-80.29059,25.73312],[-80.28859,25.73319],[-80.28858,25.73281],[-80.28721,25.73316],[-80.28718,25.7324],[-80.28806,25.73166],[-80.28802,25.73113],[-80.28711,25.73117],[-80.28713,25.73156],[-80.28641,25.7312],[-80.28622,25.72647],[-80.3026,25.72589],[-80.30288,25.73339],[-80.30088,25.73348],[-80.30081,25.73158],[-80.2997,25.73162],[-80.2998,25.73352],[-80.29882,25.73356],[-80.29863,25.72979],[-80.29357,25.72999],[-80.29357,25.73055],[-80.29311,25.73056],[-80.29353,25.7307],[-80.29312,25.73096],[-80.29343,25.73179],[-80.29248,25.73002],[-80.28838,25.73017],[-80.28834,25.73151],[-80.2885,25.73111],[-80.29252,25.73093],[-80.29256,25.73197],[-80.29298,25.73196],[-80.29259,25.73266],[-80.29368,25.73263],[-80.29372,25.73375],[-80.29061,25.73387]]],[[[-80.28972,25.73199],[-80.28971,25.73152],[-80.28956,25.73153],[-80.28972,25.73199]]],[[[-80.28998,25.73152],[-80.29015,25.73197],[-80.29013,25.73152],[-80.28998,25.73152]]],[[[-80.28687,25.73209],[-80.28702,25.73241],[-80.28646,25.73242],[-80.28687,25.73209]]]]}},{"type":"Feature","properties":{"code":"DAD","county":"Miami-Dade","precinct":"501"},"geometry":{"type":"Polygon","coordinates":[[[-80.19692,25.84742],[-80.19659,25.84002],[-80.20603,25.83973],[-80.20584,25.83231],[-80.20851,25.83224],[-80.20894,25.842],[-80.20954,25.84195],[-80.2097,25.84701],[-80.19692,25.84742]]]}},{"type":"Feature","properties":{"code":"DAD","county":"Miami-Dade","precinct":"854"},"geometry":{"type":"Polygon","coordinates":[[[-80.3462,25.59068],[-80.34542,25.58982],[-80.34025,25.59002],[-80.33803,25.58885],[-80.33514,25.58868],[-80.33442,25.588],[-80.33196,25.58799],[-80.33197,25.59236],[-80.32068,25.59234],[-80.32307,25.58879],[-80.32934,25.58141],[-80.33312,25.57935],[-80.33458,25.5792],[-80.33906,25.57715],[-80.34383,25.57364],[-80.3444,25.57428],[-80.34448,25.57732],[-80.34857,25.58328],[-80.35016,25.58431],[-80.35331,25.58466],[-80.35523,25.58586],[-80.34981,25.59393],[-80.3481,25.59435],[-80.34779,25.59265],[-80.3462,25.59068]]]}},{"type":"Feature","properties":{"code":"DAD","county":"Miami-Dade","precinct":"305"},"geometry":{"type":"Polygon","coordinates":[[[-80.30823,25.90868],[-80.31021,25.90882],[-80.31332,25.91098],[-80.3168,25.90988],[-80.31907,25.91005],[-80.32285,25.91305],[-80.32487,25.91329],[-80.32511,25.91987],[-80.32422,25.92235],[-80.32246,25.92383],[-80.32006,25.92467],[-80.30939,25.92475],[-80.309,25.91577],[-80.30948,25.91275],[-80.30823,25.90868]]]}},{"type":"Feature","properties":{"code":"DAD","county":"Miami-Dade","precinct":"315"},"geometry":{"type":"Polygon","coordinates":[[[-80.28317,25.87055],[-80.28355,25.88138],[-80.27504,25.88163],[-80.27473,25.87025],[-80.28317,25.87055]]]}},{"type":"Feature","properties":{"code":"DAD","county":"Miami-Dade","precinct":"4"},"geometry":{"type":"Polygon","coordinates":[[[-80.11811,25.92975],[-80.13047,25.9298],[-80.13098,25.93031],[-80.13133,25.93448],[-80.12977,25.93591],[-80.11752,25.93652],[-80.11811,25.92975]]]}},{"type":"Feature","properties":{"code":"DAD","county":"Miami-Dade","precinct":"331"},"geometry":{"type":"Polygon","coordinates":[[[-80.26265,25.86003],[-80.26254,25.85639],[-80.26659,25.85628],[-80.26665,25.85905],[-80.27265,25.85887],[-80.27261,25.85151],[-80.27463,25.85144],[-80.27402,25.84108],[-80.28205,25.84083],[-80.28254,25.85298],[-80.29021,25.85277],[-80.29049,25.85922],[-80.26265,25.86003]]]}},{"type":"Feature","properties":{"code":"DAD","county":"Miami-Dade","precinct":"545"},"geometry":{"type":"Polygon","coordinates":[[[-80.22294,25.78486],[-80.22429,25.78262],[-80.23057,25.78254],[-80.23573,25.78445],[-80.23957,25.78489],[-80.23977,25.79266],[-80.23587,25.7903],[-80.23216,25.78918],[-80.22937,25.78738],[-80.2254,25.7861],[-80.22407,25.78617],[-80.22282,25.78534],[-80.22294,25.78486]]]}},{"type":"Feature","properties":{"code":"DAD","county":"Miami-Dade","precinct":"913"},"geometry":{"type":"Polygon","coordinates":[[[-80.46158,25.52859],[-80.46155,25.52679],[-80.46147,25.52724],[-80.45871,25.52726],[-80.45608,25.52679],[-80.455,25.52599],[-80.45303,25.52594],[-80.44447,25.52254],[-80.44339,25.52143],[-80.43706,25.52151],[-80.43721,25.52895],[-80.42897,25.52908],[-80.42896,25.5253],[-80.42222,25.52542],[-80.42795,25.51975],[-80.43157,25.51539],[-80.4478,25.49932],[-80.47769,25.49903],[-80.47756,25.48991],[-80.47958,25.4899],[-80.47959,25.49174],[-80.48027,25.49174],[-80.48058,25.48989],[-80.48361,25.48989],[-80.48359,25.49172],[-80.48559,25.49173],[-80.48562,25.48895],[-80.48972,25.48895],[-80.4901,25.52102],[-80.47789,25.52105],[-80.47802,25.53574],[-80.46166,25.53595],[-80.46158,25.52859]]]}},{"type":"Feature","properties":{"code":"DAD","county":"Miami-Dade","precinct":"320"},"geometry":{"type":"Polygon","coordinates":[[[-80.30725,25.87701],[-80.32331,25.87703],[-80.32364,25.88428],[-80.30758,25.88442],[-80.30725,25.87701]]]}},{"type":"Feature","properties":{"code":"DAD","county":"Miami-Dade","precinct":"117"},"geometry":{"type":"Polygon","coordinates":[[[-80.18877,25.93774],[-80.18847,25.93316],[-80.18644,25.93322],[-80.1864,25.93233],[-80.18237,25.93252],[-80.18234,25.9316],[-80.18034,25.93166],[-80.18014,25.92707],[-80.1836,25.92878],[-80.20436,25.92792],[-80.20656,25.92671],[-80.20883,25.92788],[-80.20858,25.9314],[-80.20362,25.93161],[-80.20256,25.93251],[-80.20189,25.93235],[-80.2021,25.93165],[-80.20054,25.93172],[-80.2006,25.93354],[-80.20127,25.93369],[-80.19978,25.93498],[-80.19943,25.93464],[-80.19961,25.93513],[-80.19765,25.93665],[-80.19259,25.93881],[-80.18993,25.9409],[-80.18888,25.94119],[-80.18877,25.93774]],[[-80.19466,25.93633],[-80.19464,25.93565],[-80.19061,25.93581],[-80.19065,25.93766],[-80.19268,25.93757],[-80.19266,25.93663],[-80.19466,25.93633]],[[-80.19863,25.93474],[-80.19851,25.93179],[-80.19646,25.93189],[-80.19665,25.93556],[-80.19866,25.9355],[-80.19863,25.93474]]]}},{"type":"Feature","properties":{"code":"DAD","county":"Miami-Dade","precinct":"801"},"geometry":{"type":"Polygon","coordinates":[[[-80.37398,25.64031],[-80.37434,25.63934],[-80.37492,25.6393],[-80.37481,25.63677],[-80.37385,25.63685],[-80.37392,25.63622],[-80.37648,25.63307],[-80.37458,25.63077],[-80.37446,25.6277],[-80.37991,25.62747],[-80.3823,25.62977],[-80.38282,25.64182],[-80.37697,25.64227],[-80.3769,25.64054],[-80.37398,25.64031]]]}},{"type":"Feature","properties":{"code":"DAD","county":"Miami-Dade","precinct":"461"},"geometry":{"type":"Polygon","coordinates":[[[-80.44825,25.74247],[-80.44804,25.73702],[-80.44004,25.73728],[-80.44022,25.74136],[-80.43821,25.74144],[-80.43824,25.74289],[-80.43626,25.74278],[-80.43568,25.72842],[-80.47934,25.72696],[-80.48004,25.72736],[-80.48076,25.74503],[-80.46447,25.7456],[-80.46423,25.74192],[-80.44825,25.74247]]]}},{"type":"Feature","properties":{"code":"DAD","county":"Miami-Dade","precinct":"463"},"geometry":{"type":"Polygon","coordinates":[[[-80.83581,25.97928],[-80.68004,25.97873],[-80.68002,25.95684],[-80.43161,25.95686],[-80.43128,25.95082],[-80.48423,25.89177],[-80.48365,25.85553],[-80.48203,25.81581],[-80.48271,25.79768],[-80.48154,25.78284],[-80.48222,25.77334],[-80.48136,25.76085],[-80.6538,25.76068],[-80.67263,25.76081],[-80.67539,25.76177],[-80.76946,25.76177],[-80.82694,25.76168],[-80.82893,25.76063],[-80.87313,25.7605],[-80.87358,25.90829],[-80.87295,25.97942],[-80.83581,25.97928]]]}},{"type":"Feature","properties":{"code":"DAD","county":"Miami-Dade","precinct":"818"},"geometry":{"type":"Polygon","coordinates":[[[-80.34964,25.60856],[-80.35158,25.60438],[-80.35618,25.60617],[-80.36495,25.60573],[-80.36548,25.61321],[-80.34719,25.61391],[-80.34964,25.60856]]]}},{"type":"Feature","properties":{"code":"DAD","county":"Miami-Dade","precinct":"539"},"geometry":{"type":"Polygon","coordinates":[[[-80.22286,25.77304],[-80.22252,25.77996],[-80.21819,25.78004],[-80.21801,25.77339],[-80.22286,25.77304]]]}},{"type":"Feature","properties":{"code":"DAD","county":"Miami-Dade","precinct":"176"},"geometry":{"type":"Polygon","coordinates":[[[-80.16951,25.89288],[-80.16649,25.89297],[-80.16639,25.89242],[-80.16276,25.8926],[-80.16373,25.88939],[-80.16716,25.88925],[-80.17088,25.89081],[-80.17044,25.8918],[-80.17052,25.89463],[-80.1686,25.89471],[-80.16951,25.89288]]]}},{"type":"Feature","properties":{"code":"DAD","county":"Miami-Dade","precinct":"634"},"geometry":{"type":"Polygon","coordinates":[[[-80.16711,25.74043],[-80.17102,25.74412],[-80.17292,25.74506],[-80.17324,25.74609],[-80.17545,25.74816],[-80.1759,25.74772],[-80.17385,25.74597],[-80.17409,25.74535],[-80.17667,25.74668],[-80.17838,25.74678],[-80.18125,25.75129],[-80.18011,25.76971],[-80.17347,25.76976],[-80.16232,25.76434],[-80.14899,25.76423],[-80.14891,25.7623],[-80.13218,25.74991],[-80.13387,25.7426],[-80.13554,25.74043],[-80.13814,25.73832],[-80.14163,25.73672],[-80.14266,25.73672],[-80.14458,25.73529],[-80.14818,25.73372],[-80.15272,25.73261],[-80.15729,25.7322],[-80.15934,25.73435],[-80.15769,25.73743],[-80.15769,25.7394],[-80.16327,25.737],[-80.16711,25.74043]]]}},{"type":"Feature","properties":{"code":"DAD","county":"Miami-Dade","precinct":"178"},"geometry":{"type":"Polygon","coordinates":[[[-80.22674,25.88308],[-80.23475,25.88276],[-80.23513,25.89022],[-80.22705,25.89036],[-80.22674,25.88308]]]}},{"type":"Feature","properties":{"code":"DAD","county":"Miami-Dade","precinct":"68"},"geometry":{"type":"Polygon","coordinates":[[[-80.11029,25.89977],[-80.13255,25.89909],[-80.13006,25.90144],[-80.13141,25.90137],[-80.12585,25.90888],[-80.12623,25.9179],[-80.12856,25.92099],[-80.11857,25.92151],[-80.11615,25.95712],[-80.1187,25.95713],[-80.11815,25.97514],[-80.11053,25.97501],[-80.11029,25.89977]]]}},{"type":"Feature","properties":{"code":"DAD","county":"Miami-Dade","precinct":"330"},"geometry":{"type":"Polygon","coordinates":[[[-80.29849,25.85525],[-80.30654,25.85523],[-80.30673,25.86249],[-80.2987,25.86252],[-80.29849,25.85525]]]}},{"type":"Feature","properties":{"code":"DAD","county":"Miami-Dade","precinct":"731"},"geometry":{"type":"Polygon","coordinates":[[[-80.37192,25.71173],[-80.37165,25.70654],[-80.36888,25.70503],[-80.36876,25.70427],[-80.3678,25.70422],[-80.36789,25.70261],[-80.38269,25.71024],[-80.38316,25.71177],[-80.38308,25.71482],[-80.37211,25.71521],[-80.37192,25.71173]]]}},{"type":"Feature","properties":{"code":"DAD","county":"Miami-Dade","precinct":"919"},"geometry":{"type":"Polygon","coordinates":[[[-80.42819,25.47015],[-80.41195,25.47019],[-80.41192,25.4627],[-80.43621,25.46254],[-80.43624,25.4707],[-80.43215,25.47016],[-80.43182,25.46922],[-80.42976,25.46991],[-80.4287,25.47078],[-80.42819,25.47078],[-80.42819,25.47015]]]}},{"type":"Feature","properties":{"code":"DAD","county":"Miami-Dade","precinct":"252"},"geometry":{"type":"Polygon","coordinates":[[[-80.25809,25.91128],[-80.27617,25.91066],[-80.27547,25.89626],[-80.28178,25.89618],[-80.28748,25.89693],[-80.29001,25.89833],[-80.29201,25.89848],[-80.29265,25.91323],[-80.25829,25.91477],[-80.25809,25.91128]]]}},{"type":"Feature","properties":{"code":"DAD","county":"Miami-Dade","precinct":"881"},"geometry":{"type":"Polygon","coordinates":[[[-80.36295,25.55946],[-80.36278,25.54569],[-80.3635,25.54179],[-80.36646,25.53615],[-80.36898,25.53393],[-80.37215,25.53228],[-80.37212,25.55908],[-80.36295,25.55946]]]}},{"type":"Feature","properties":{"code":"DAD","county":"Miami-Dade","precinct":"137"},"geometry":{"type":"Polygon","coordinates":[[[-80.19269,25.88471],[-80.1931,25.88429],[-80.19426,25.88445],[-80.19444,25.8899],[-80.19323,25.88997],[-80.19105,25.88664],[-80.19269,25.88471]]]}},{"type":"Feature","properties":{"code":"DAD","county":"Miami-Dade","precinct":"135"},"geometry":{"type":"Polygon","coordinates":[[[-80.20935,25.89092],[-80.20896,25.8838],[-80.22674,25.88308],[-80.22705,25.89036],[-80.20935,25.89092]]]}},{"type":"Feature","properties":{"code":"DAD","county":"Miami-Dade","precinct":"424"},"geometry":{"type":"Polygon","coordinates":[[[-80.308,25.76257],[-80.30767,25.74803],[-80.3199,25.74809],[-80.32009,25.75465],[-80.32104,25.75866],[-80.32075,25.76239],[-80.31972,25.76249],[-80.31972,25.76201],[-80.31595,25.76258],[-80.308,25.76257]]]}},{"type":"Feature","properties":{"code":"DAD","county":"Miami-Dade","precinct":"738"},"geometry":{"type":"Polygon","coordinates":[[[-80.44387,25.66988],[-80.44938,25.66972],[-80.44901,25.67867],[-80.44622,25.68171],[-80.44601,25.68444],[-80.437,25.68469],[-80.4367,25.68295],[-80.43523,25.68057],[-80.43536,25.67853],[-80.43639,25.67694],[-80.43741,25.67627],[-80.44207,25.67565],[-80.44321,25.67493],[-80.44415,25.67297],[-80.44387,25.66988]]]}},{"type":"Feature","properties":{"code":"DAD","county":"Miami-Dade","precinct":"216"},"geometry":{"type":"Polygon","coordinates":[[[-80.22219,25.94183],[-80.22269,25.94181],[-80.22465,25.94407],[-80.22706,25.94793],[-80.22919,25.95608],[-80.2219,25.95645],[-80.22119,25.94187],[-80.22219,25.94183]]]}},{"type":"Feature","properties":{"code":"DAD","county":"Miami-Dade","precinct":"250"},"geometry":{"type":"Polygon","coordinates":[[[-80.22565,25.85391],[-80.2254,25.84653],[-80.23359,25.84625],[-80.2341,25.86091],[-80.22589,25.86117],[-80.22565,25.85391]]]}},{"type":"Feature","properties":{"code":"DAD","county":"Miami-Dade","precinct":"24"},"geometry":{"type":"Polygon","coordinates":[[[-80.12349,25.84137],[-80.12312,25.84134],[-80.12258,25.83945],[-80.12226,25.83447],[-80.12294,25.83131],[-80.12278,25.82661],[-80.12543,25.82632],[-80.12714,25.82303],[-80.1299,25.82338],[-80.13068,25.81929],[-80.13266,25.81389],[-80.14286,25.81043],[-80.16012,25.81051],[-80.15941,25.81295],[-80.16078,25.84318],[-80.14449,25.84362],[-80.13638,25.84759],[-80.13257,25.84996],[-80.12586,25.85112],[-80.1249,25.84494],[-80.12349,25.84137]]]}},{"type":"Feature","properties":{"code":"DAD","county":"Miami-Dade","precinct":"230"},"geometry":{"type":"Polygon","coordinates":[[[-80.27745,25.93966],[-80.29388,25.93927],[-80.29429,25.94656],[-80.27779,25.94695],[-80.27745,25.93966]]]}},{"type":"Feature","properties":{"code":"DAD","county":"Miami-Dade","precinct":"947"},"geometry":{"type":"Polygon","coordinates":[[[-80.38021,25.55159],[-80.37716,25.55164],[-80.37718,25.55204],[-80.37621,25.55158],[-80.37207,25.55161],[-80.37208,25.53711],[-80.40668,25.53651],[-80.40663,25.53283],[-80.4087,25.53281],[-80.40866,25.53106],[-80.41273,25.53091],[-80.41288,25.53493],[-80.39698,25.5512],[-80.38021,25.55159]]]}},{"type":"Feature","properties":{"code":"DAD","county":"Miami-Dade","precinct":"15"},"geometry":{"type":"Polygon","coordinates":[[[-80.12937,25.85961],[-80.12838,25.85797],[-80.12923,25.85743],[-80.13228,25.85741],[-80.13642,25.85509],[-80.1438,25.85386],[-80.14833,25.85252],[-80.15245,25.85617],[-80.16338,25.85586],[-80.16096,25.86119],[-80.13411,25.86223],[-80.13123,25.86169],[-80.12937,25.85961]]]}},{"type":"Feature","properties":{"code":"DAD","county":"Miami-Dade","precinct":"887"},"geometry":{"type":"Polygon","coordinates":[[[-80.43624,25.4702],[-80.45137,25.47011],[-80.44429,25.47456],[-80.43974,25.47462],[-80.43626,25.47462],[-80.43624,25.4702]]]}},{"type":"Feature","properties":{"code":"DAD","county":"Miami-Dade","precinct":"662"},"geometry":{"type":"Polygon","coordinates":[[[-80.18906,25.79712],[-80.18936,25.80427],[-80.16178,25.80478],[-80.16404,25.79713],[-80.18906,25.79712]]]}},{"type":"Feature","properties":{"code":"DAD","county":"Miami-Dade","precinct":"431"},"geometry":{"type":"Polygon","coordinates":[[[-80.28652,25.73404],[-80.30289,25.73339],[-80.30302,25.73654],[-80.29477,25.73684],[-80.29278,25.73829],[-80.28677,25.73852],[-80.28652,25.73404]]]}},{"type":"Feature","properties":{"code":"DAD","county":"Miami-Dade","precinct":"953"},"geometry":{"type":"Polygon","coordinates":[[[-80.44628,25.49931],[-80.46102,25.48457],[-80.46509,25.48457],[-80.46505,25.48185],[-80.46709,25.48182],[-80.46708,25.48134],[-80.46907,25.48131],[-80.46907,25.48086],[-80.47113,25.48084],[-80.47115,25.48268],[-80.47233,25.48268],[-80.47233,25.48356],[-80.4733,25.48356],[-80.47339,25.48813],[-80.47605,25.48809],[-80.47606,25.48903],[-80.47756,25.48902],[-80.47769,25.49903],[-80.44628,25.49931]]]}},{"type":"Feature","properties":{"code":"DAD","county":"Miami-Dade","precinct":"651"},"geometry":{"type":"Polygon","coordinates":[[[-80.20398,25.75041],[-80.20644,25.75017],[-80.2048,25.75135],[-80.20398,25.75041]]]}},{"type":"Feature","properties":{"code":"DAD","county":"Miami-Dade","precinct":"797"},"geometry":{"type":"Polygon","coordinates":[[[-80.45454,25.69857],[-80.46254,25.69837],[-80.462,25.6839],[-80.46764,25.6839],[-80.46935,25.68455],[-80.47414,25.68827],[-80.47836,25.6886],[-80.47956,25.71279],[-80.45516,25.71316],[-80.45454,25.69857]]]}},{"type":"Feature","properties":{"code":"DAD","county":"Miami-Dade","precinct":"579"},"geometry":{"type":"Polygon","coordinates":[[[-80.22198,25.75085],[-80.22179,25.74581],[-80.23784,25.73992],[-80.23826,25.75029],[-80.22198,25.75085]]]}},{"type":"Feature","properties":{"code":"DAD","county":"Miami-Dade","precinct":"988"},"geometry":{"type":"Polygon","coordinates":[[[-80.22275,25.78268],[-80.22252,25.77996],[-80.22436,25.77991],[-80.22434,25.78254],[-80.22275,25.78268]]]}},{"type":"Feature","properties":{"code":"DAD","county":"Miami-Dade","precinct":"550"},"geometry":{"type":"Polygon","coordinates":[[[-80.24135,25.79364],[-80.23977,25.79266],[-80.23959,25.78682],[-80.24777,25.7866],[-80.2478,25.78787],[-80.2466,25.78791],[-80.24662,25.78915],[-80.24781,25.78909],[-80.24792,25.79185],[-80.24997,25.79178],[-80.25003,25.79328],[-80.25163,25.79324],[-80.25159,25.79249],[-80.2561,25.79235],[-80.25615,25.79384],[-80.24216,25.79421],[-80.24135,25.79364]]]}},{"type":"Feature","properties":{"code":"DAD","county":"Miami-Dade","precinct":"752"},"geometry":{"type":"Polygon","coordinates":[[[-80.31704,25.6885],[-80.31671,25.68645],[-80.31486,25.68248],[-80.31855,25.67713],[-80.32184,25.67102],[-80.32471,25.67097],[-80.32493,25.67235],[-80.32696,25.67246],[-80.32751,25.68821],[-80.31704,25.6885]]]}},{"type":"Feature","properties":{"code":"DAD","county":"Miami-Dade","precinct":"153"},"geometry":{"type":"Polygon","coordinates":[[[-80.17678,25.89983],[-80.17886,25.89967],[-80.17116,25.90734],[-80.17076,25.9001],[-80.17678,25.89983]]]}},{"type":"Feature","properties":{"code":"DAD","county":"Miami-Dade","precinct":"532"},"geometry":{"type":"Polygon","coordinates":[[[-80.24517,25.72482],[-80.24629,25.72363],[-80.24704,25.72476],[-80.24854,25.72484],[-80.24829,25.72403],[-80.24952,25.72406],[-80.24963,25.72777],[-80.24549,25.72794],[-80.24586,25.73533],[-80.23766,25.73552],[-80.23759,25.7337],[-80.24047,25.73364],[-80.24049,25.73312],[-80.24166,25.73293],[-80.24155,25.72994],[-80.24355,25.72986],[-80.24358,25.72791],[-80.24301,25.72743],[-80.24517,25.72482]]]}},{"type":"Feature","properties":{"code":"DAD","county":"Miami-Dade","precinct":"410"},"geometry":{"type":"Polygon","coordinates":[[[-80.33815,25.77834],[-80.33671,25.77816],[-80.33618,25.76197],[-80.34418,25.76181],[-80.34442,25.76931],[-80.33905,25.7695],[-80.33931,25.77163],[-80.34062,25.7731],[-80.33987,25.7744],[-80.33988,25.7773],[-80.33878,25.77738],[-80.33815,25.77834]]]}},{"type":"Feature","properties":{"code":"DAD","county":"Miami-Dade","precinct":"671"},"geometry":{"type":"Polygon","coordinates":[[[-80.24701,25.76491],[-80.25514,25.76467],[-80.25537,25.77006],[-80.25442,25.77007],[-80.25417,25.77184],[-80.24764,25.77204],[-80.24701,25.76491]]]}},{"type":"Feature","properties":{"code":"DAD","county":"Miami-Dade","precinct":"127"},"geometry":{"type":"Polygon","coordinates":[[[-80.15596,25.92061],[-80.15772,25.91502],[-80.17953,25.91413],[-80.17966,25.91692],[-80.18168,25.91682],[-80.18173,25.91774],[-80.18271,25.91771],[-80.18274,25.9186],[-80.18376,25.9186],[-80.18388,25.92135],[-80.15592,25.92242],[-80.15594,25.92609],[-80.15424,25.92611],[-80.15596,25.92061]]]}},{"type":"Feature","properties":{"code":"DAD","county":"Miami-Dade","precinct":"606"},"geometry":{"type":"Polygon","coordinates":[[[-80.28797,25.71871],[-80.2879,25.71702],[-80.29099,25.71689],[-80.29086,25.71436],[-80.29549,25.71399],[-80.29586,25.71462],[-80.29555,25.71605],[-80.296,25.71658],[-80.2966,25.71455],[-80.29592,25.71303],[-80.29559,25.7076],[-80.29356,25.70771],[-80.29341,25.70412],[-80.28972,25.70426],[-80.29331,25.70132],[-80.29321,25.69858],[-80.28828,25.6987],[-80.28821,25.69689],[-80.28714,25.69695],[-80.28719,25.69875],[-80.28622,25.69877],[-80.28615,25.69698],[-80.28512,25.697],[-80.28486,25.68968],[-80.29289,25.6906],[-80.29314,25.6967],[-80.29714,25.69656],[-80.29709,25.69562],[-80.29908,25.69554],[-80.29914,25.69648],[-80.30112,25.69642],[-80.30228,25.71832],[-80.28797,25.71871]]]}},{"type":"Feature","properties":{"code":"DAD","county":"Miami-Dade","precinct":"979"},"geometry":{"type":"Polygon","coordinates":[[[-80.54906,25.60847],[-80.51227,25.60867],[-80.51068,25.61044],[-80.50904,25.61116],[-80.50874,25.61224],[-80.49679,25.62344],[-80.4955,25.62313],[-80.49551,25.62141],[-80.47942,25.62149],[-80.47837,25.58325],[-80.49463,25.58302],[-80.4945,25.57225],[-80.52495,25.57192],[-80.52494,25.5683],[-80.52698,25.56831],[-80.5269,25.56466],[-80.5351,25.56464],[-80.53484,25.54998],[-80.56031,25.55012],[-80.5597,25.49513],[-80.56275,25.49165],[-80.56254,25.45448],[-80.55967,25.45114],[-80.55954,25.4328],[-80.54184,25.43298],[-80.54163,25.40363],[-80.56018,25.40342],[-80.57371,25.39765],[-80.57441,25.40072],[-80.57418,25.41831],[-80.59001,25.41825],[-80.59025,25.46178],[-80.61977,25.46126],[-80.67109,25.46198],[-80.67135,25.54874],[-80.67346,25.54904],[-80.67561,25.66018],[-80.51486,25.66004],[-80.51461,25.65392],[-80.53896,25.65343],[-80.53855,25.64086],[-80.54776,25.64071],[-80.54734,25.62535],[-80.54956,25.62535],[-80.54906,25.60847]]]}},{"type":"Feature","properties":{"code":"DAD","county":"Miami-Dade","precinct":"272"},"geometry":{"type":"Polygon","coordinates":[[[-80.27779,25.94695],[-80.29429,25.94656],[-80.29448,25.95162],[-80.29245,25.95147],[-80.29172,25.95191],[-80.29052,25.95082],[-80.29097,25.95012],[-80.28965,25.9491],[-80.28847,25.94896],[-80.28697,25.94926],[-80.28668,25.95375],[-80.27821,25.95416],[-80.27779,25.94695]]]}},{"type":"Feature","properties":{"code":"DAD","county":"Miami-Dade","precinct":"520"},"geometry":{"type":"MultiPolygon","coordinates":[[[[-80.20817,25.82494],[-80.20798,25.82046],[-80.21608,25.82025],[-80.21599,25.81727],[-80.22011,25.8172],[-80.21996,25.81275],[-80.22403,25.81264],[-80.22456,25.82442],[-80.20817,25.82494]]],[[[-80.22484,25.83029],[-80.22475,25.82807],[-80.22514,25.82808],[-80.22522,25.82992],[-80.22574,25.82989],[-80.22577,25.83076],[-80.2253,25.83078],[-80.22533,25.83163],[-80.2249,25.83163],[-80.22484,25.83029]]]]}},{"type":"Feature","properties":{"code":"DAD","county":"Miami-Dade","precinct":"608"},"geometry":{"type":"Polygon","coordinates":[[[-80.27493,25.74689],[-80.2744,25.73654],[-80.27364,25.73434],[-80.28652,25.73404],[-80.28729,25.74841],[-80.28501,25.74848],[-80.28509,25.75167],[-80.28434,25.75309],[-80.28317,25.75387],[-80.2752,25.75415],[-80.27493,25.74689]]]}},{"type":"Feature","properties":{"code":"DAD","county":"Miami-Dade","precinct":"300"},"geometry":{"type":"Polygon","coordinates":[[[-80.32265,25.93138],[-80.32165,25.93112],[-80.32069,25.93214],[-80.31562,25.93198],[-80.31447,25.93146],[-80.3139,25.93498],[-80.3119,25.93549],[-80.31168,25.93137],[-80.31096,25.93037],[-80.30964,25.93017],[-80.30953,25.92777],[-80.32548,25.92787],[-80.32609,25.94233],[-80.32225,25.94228],[-80.3194,25.94154],[-80.32265,25.93138]]]}},{"type":"Feature","properties":{"code":"DAD","county":"Miami-Dade","precinct":"318"},"geometry":{"type":"Polygon","coordinates":[[[-80.29116,25.87043],[-80.29283,25.86969],[-80.31501,25.86958],[-80.31529,25.87701],[-80.30223,25.87703],[-80.30206,25.8734],[-80.29089,25.87344],[-80.29078,25.8709],[-80.29116,25.87043]]]}},{"type":"Feature","properties":{"code":"DAD","county":"Miami-Dade","precinct":"446"},"geometry":{"type":"Polygon","coordinates":[[[-80.33824,25.84067],[-80.33799,25.83164],[-80.32178,25.83161],[-80.32107,25.797],[-80.32173,25.79698],[-80.32179,25.79737],[-80.32139,25.80061],[-80.32162,25.80705],[-80.32304,25.80881],[-80.32315,25.80989],[-80.3218,25.81144],[-80.32167,25.81311],[-80.32201,25.82431],[-80.32234,25.82484],[-80.32363,25.82572],[-80.32443,25.82573],[-80.32445,25.82618],[-80.35394,25.8262],[-80.35435,25.84069],[-80.33824,25.84067]]]}},{"type":"Feature","properties":{"code":"DAD","county":"Miami-Dade","precinct":"552"},"geometry":{"type":"Polygon","coordinates":[[[-80.30801,25.76284],[-80.31841,25.76245],[-80.31972,25.76201],[-80.31973,25.76271],[-80.31824,25.76322],[-80.31738,25.76585],[-80.31626,25.76759],[-80.31286,25.77014],[-80.30818,25.77031],[-80.30801,25.76284]]]}},{"type":"Feature","properties":{"code":"DAD","county":"Miami-Dade","precinct":"831"},"geometry":{"type":"Polygon","coordinates":[[[-80.38251,25.57901],[-80.38237,25.57558],[-80.38129,25.5735],[-80.37914,25.57423],[-80.37637,25.57178],[-80.37767,25.57046],[-80.37842,25.57101],[-80.38009,25.57103],[-80.38157,25.57012],[-80.38874,25.57012],[-80.3889,25.57902],[-80.38251,25.57901]]]}},{"type":"Feature","properties":{"code":"DAD","county":"Miami-Dade","precinct":"903"},"geometry":{"type":"Polygon","coordinates":[[[-80.41263,25.52542],[-80.41248,25.51056],[-80.41385,25.51002],[-80.41608,25.50692],[-80.41968,25.50689],[-80.42012,25.50755],[-80.42175,25.50689],[-80.43904,25.50669],[-80.42617,25.51989],[-80.42182,25.52543],[-80.42222,25.52542],[-80.41288,25.53493],[-80.41263,25.52542]]]}},{"type":"Feature","properties":{"code":"DAD","county":"Miami-Dade","precinct":"261"},"geometry":{"type":"Polygon","coordinates":[[[-80.23673,25.82403],[-80.23646,25.81662],[-80.24052,25.81647],[-80.24078,25.82392],[-80.24488,25.82381],[-80.24504,25.82833],[-80.24101,25.82847],[-80.24128,25.83442],[-80.23314,25.83468],[-80.23268,25.82417],[-80.23673,25.82403]]]}},{"type":"Feature","properties":{"code":"DAD","county":"Miami-Dade","precinct":"125"},"geometry":{"type":"MultiPolygon","coordinates":[[[[-80.15679,25.90425],[-80.15727,25.90253],[-80.15057,25.90273],[-80.15051,25.90084],[-80.16038,25.90052],[-80.15819,25.90725],[-80.15548,25.90735],[-80.15588,25.90516],[-80.15682,25.90512],[-80.15679,25.90425]]],[[[-80.15502,25.90863],[-80.15779,25.90858],[-80.15712,25.9132],[-80.15528,25.91327],[-80.15502,25.90863]]],[[[-80.15723,25.916],[-80.15723,25.91658],[-80.15653,25.9166],[-80.15664,25.91601],[-80.15723,25.916]]],[[[-80.14054,25.92618],[-80.14044,25.92478],[-80.13653,25.9249],[-80.13691,25.92362],[-80.13751,25.92363],[-80.14031,25.9207],[-80.14081,25.92085],[-80.14099,25.92638],[-80.14054,25.92618]]],[[[-80.1509,25.9348],[-80.15372,25.9261],[-80.15371,25.92565],[-80.15282,25.92545],[-80.1528,25.9249],[-80.15394,25.92485],[-80.15439,25.92342],[-80.15375,25.92343],[-80.15362,25.92068],[-80.15596,25.92061],[-80.15153,25.93477],[-80.15195,25.93474],[-80.15086,25.93771],[-80.14994,25.93776],[-80.1509,25.9348]]]]}},{"type":"Feature","properties":{"code":"DAD","county":"Miami-Dade","precinct":"121"},"geometry":{"type":"Polygon","coordinates":[[[-80.17021,25.9312],[-80.1703,25.93249],[-80.16757,25.92933],[-80.16588,25.92847],[-80.15605,25.92844],[-80.15594,25.92609],[-80.17003,25.92563],[-80.17021,25.9312]]]}},{"type":"Feature","properties":{"code":"DAD","county":"Miami-Dade","precinct":"894"},"geometry":{"type":"Polygon","coordinates":[[[-80.4038,25.46282],[-80.41192,25.46291],[-80.41206,25.48028],[-80.40488,25.48035],[-80.40485,25.47786],[-80.40392,25.47785],[-80.4038,25.46282]]]}},{"type":"Feature","properties":{"code":"DAD","county":"Miami-Dade","precinct":"67"},"geometry":{"type":"Polygon","coordinates":[[[-80.11668,25.94734],[-80.12822,25.94722],[-80.12605,25.95282],[-80.12508,25.95699],[-80.11615,25.95712],[-80.11668,25.94734]]]}},{"type":"Feature","properties":{"code":"DAD","county":"Miami-Dade","precinct":"549"},"geometry":{"type":"Polygon","coordinates":[[[-80.24649,25.7844],[-80.23826,25.78492],[-80.23526,25.78431],[-80.23057,25.78254],[-80.2243,25.78262],[-80.22435,25.77992],[-80.25573,25.77892],[-80.25589,25.78605],[-80.25154,25.7857],[-80.24649,25.7844]]]}},{"type":"Feature","properties":{"code":"DAD","county":"Miami-Dade","precinct":"436"},"geometry":{"type":"Polygon","coordinates":[[[-80.36774,25.74493],[-80.36778,25.7323],[-80.3737,25.73219],[-80.37373,25.73339],[-80.37177,25.73344],[-80.37178,25.73587],[-80.36977,25.73592],[-80.36975,25.73953],[-80.37079,25.73951],[-80.37078,25.74131],[-80.36974,25.74132],[-80.36978,25.74383],[-80.36878,25.74387],[-80.36875,25.74495],[-80.36774,25.74493]]]}},{"type":"Feature","properties":{"code":"DAD","county":"Miami-Dade","precinct":"506"},"geometry":{"type":"Polygon","coordinates":[[[-80.19623,25.83261],[-80.20584,25.83231],[-80.206,25.83604],[-80.18762,25.83649],[-80.18747,25.83256],[-80.18818,25.83253],[-80.1882,25.8332],[-80.19623,25.83261]]]}},{"type":"Feature","properties":{"code":"DAD","county":"Miami-Dade","precinct":"444"},"geometry":{"type":"Polygon","coordinates":[[[-80.38532,25.76099],[-80.38503,25.75178],[-80.39222,25.75169],[-80.39417,25.75231],[-80.39602,25.75355],[-80.39773,25.75194],[-80.40042,25.75128],[-80.40075,25.76091],[-80.38532,25.76099]]]}},{"type":"Feature","properties":{"code":"DAD","county":"Miami-Dade","precinct":"857"},"geometry":{"type":"Polygon","coordinates":[[[-80.41469,25.63361],[-80.4433,25.63284],[-80.44304,25.62786],[-80.44641,25.62796],[-80.4468,25.6286],[-80.44835,25.65479],[-80.41568,25.65629],[-80.41545,25.6483],[-80.41453,25.64112],[-80.41469,25.63361]]]}},{"type":"Feature","properties":{"code":"DAD","county":"Miami-Dade","precinct":"612"},"geometry":{"type":"Polygon","coordinates":[[[-80.28554,25.70836],[-80.28622,25.72647],[-80.28106,25.72664],[-80.28077,25.7209],[-80.28317,25.71677],[-80.28339,25.7153],[-80.28316,25.71123],[-80.28254,25.71066],[-80.28554,25.70836]]]}},{"type":"Feature","properties":{"code":"DAD","county":"Miami-Dade","precinct":"596"},"geometry":{"type":"Polygon","coordinates":[[[-80.23121,25.77968],[-80.23068,25.76541],[-80.23274,25.76537],[-80.23286,25.76857],[-80.24497,25.76821],[-80.24526,25.76749],[-80.24755,25.76761],[-80.24764,25.77204],[-80.2391,25.77232],[-80.23934,25.77945],[-80.23121,25.77968]]]}},{"type":"Feature","properties":{"code":"DAD","county":"Miami-Dade","precinct":"1"},"geometry":{"type":"Polygon","coordinates":[[[-80.11815,25.97514],[-80.1187,25.95713],[-80.12508,25.95699],[-80.12394,25.96088],[-80.12331,25.97435],[-80.12254,25.97436],[-80.12251,25.97506],[-80.11815,25.97514]]]}},{"type":"Feature","properties":{"code":"DAD","county":"Miami-Dade","precinct":"816"},"geometry":{"type":"Polygon","coordinates":[[[-80.36495,25.60573],[-80.36473,25.602],[-80.37288,25.60165],[-80.3727,25.59801],[-80.37597,25.5978],[-80.37704,25.59941],[-80.37811,25.60369],[-80.3786,25.61257],[-80.36548,25.61321],[-80.36495,25.60573]]]}},{"type":"Feature","properties":{"code":"DAD","county":"Miami-Dade","precinct":"601"},"geometry":{"type":"Polygon","coordinates":[[[-80.27931,25.75398],[-80.28317,25.75387],[-80.284,25.75338],[-80.28509,25.75167],[-80.28501,25.74848],[-80.28729,25.74841],[-80.28788,25.76356],[-80.27045,25.76418],[-80.27037,25.76237],[-80.27142,25.76233],[-80.27125,25.75721],[-80.27532,25.7568],[-80.2752,25.75415],[-80.27931,25.75398]]]}},{"type":"Feature","properties":{"code":"DAD","county":"Miami-Dade","precinct":"813"},"geometry":{"type":"Polygon","coordinates":[[[-80.35875,25.62645],[-80.35975,25.62563],[-80.36275,25.62475],[-80.36559,25.62223],[-80.36587,25.62026],[-80.36548,25.61321],[-80.3786,25.61257],[-80.37882,25.62458],[-80.37991,25.62747],[-80.35801,25.62839],[-80.35875,25.62645]]]}},{"type":"Feature","properties":{"code":"DAD","county":"Miami-Dade","precinct":"707"},"geometry":{"type":"Polygon","coordinates":[[[-80.38335,25.72288],[-80.38309,25.71505],[-80.38357,25.71508],[-80.38371,25.70093],[-80.38213,25.70069],[-80.39847,25.70044],[-80.39959,25.72937],[-80.38367,25.72989],[-80.38335,25.72288]]]}},{"type":"Feature","properties":{"code":"DAD","county":"Miami-Dade","precinct":"319"},"geometry":{"type":"Polygon","coordinates":[[[-80.26026,25.87241],[-80.2603,25.87059],[-80.27473,25.87025],[-80.27504,25.88163],[-80.26047,25.88206],[-80.26026,25.87241]]]}},{"type":"Feature","properties":{"code":"DAD","county":"Miami-Dade","precinct":"511"},"geometry":{"type":"Polygon","coordinates":[[[-80.21659,25.83196],[-80.21625,25.82465],[-80.22456,25.82442],[-80.2249,25.83163],[-80.21659,25.83196]]]}},{"type":"Feature","properties":{"code":"DAD","county":"Miami-Dade","precinct":"588"},"geometry":{"type":"Polygon","coordinates":[[[-80.24024,25.80907],[-80.24023,25.80861],[-80.24428,25.80847],[-80.24432,25.80937],[-80.24026,25.8095],[-80.24024,25.80907]]]}},{"type":"Feature","properties":{"code":"DAD","county":"Miami-Dade","precinct":"302"},"geometry":{"type":"Polygon","coordinates":[[[-80.32573,25.93499],[-80.32557,25.92755],[-80.32593,25.92806],[-80.34161,25.92792],[-80.34193,25.93507],[-80.3328,25.93552],[-80.32573,25.93499]]]}},{"type":"Feature","properties":{"code":"DAD","county":"Miami-Dade","precinct":"140"},"geometry":{"type":"Polygon","coordinates":[[[-80.17115,25.90734],[-80.17886,25.89967],[-80.18685,25.89942],[-80.1874,25.91029],[-80.17937,25.9106],[-80.17944,25.91235],[-80.17844,25.91238],[-80.17835,25.91063],[-80.17734,25.91066],[-80.17742,25.91243],[-80.17542,25.9125],[-80.17514,25.90717],[-80.17115,25.90734]]]}},{"type":"Feature","properties":{"code":"DAD","county":"Miami-Dade","precinct":"971"},"geometry":{"type":"Polygon","coordinates":[[[-80.27183,25.77508],[-80.26384,25.77515],[-80.26369,25.77166],[-80.2717,25.77145],[-80.27183,25.77508]]]}},{"type":"Feature","properties":{"code":"DAD","county":"Miami-Dade","precinct":"340"},"geometry":{"type":"Polygon","coordinates":[[[-80.26518,25.82313],[-80.28054,25.82239],[-80.28969,25.82944],[-80.26553,25.83051],[-80.26518,25.82313]]]}},{"type":"Feature","properties":{"code":"DAD","county":"Miami-Dade","precinct":"155"},"geometry":{"type":"Polygon","coordinates":[[[-80.19751,25.86339],[-80.19735,25.86043],[-80.19538,25.86046],[-80.1852,25.86087],[-80.1853,25.86377],[-80.1791,25.86398],[-80.18495,25.85667],[-80.18492,25.85524],[-80.18445,25.85519],[-80.18771,25.85523],[-80.18687,25.8569],[-80.18699,25.85841],[-80.2034,25.8582],[-80.20355,25.862],[-80.20154,25.86207],[-80.20187,25.86943],[-80.19776,25.86949],[-80.19751,25.86339]]]}},{"type":"Feature","properties":{"code":"DAD","county":"Miami-Dade","precinct":"767"},"geometry":{"type":"Polygon","coordinates":[[[-80.42487,25.68501],[-80.42423,25.68316],[-80.42116,25.68043],[-80.42043,25.67814],[-80.42226,25.67905],[-80.42415,25.67931],[-80.42836,25.67718],[-80.43273,25.67751],[-80.43308,25.68483],[-80.42487,25.68501]]]}},{"type":"Feature","properties":{"code":"DAD","county":"Miami-Dade","precinct":"441"},"geometry":{"type":"Polygon","coordinates":[[[-80.36378,25.73239],[-80.36778,25.7323],[-80.36772,25.73956],[-80.36374,25.73967],[-80.36378,25.73239]]]}},{"type":"Feature","properties":{"code":"DAD","county":"Miami-Dade","precinct":"325"},"geometry":{"type":"Polygon","coordinates":[[[-80.2908,25.86983],[-80.2903,25.8553],[-80.29849,25.85525],[-80.2987,25.86252],[-80.30674,25.86249],[-80.30691,25.86968],[-80.29283,25.86969],[-80.29078,25.8709],[-80.2908,25.86983]]]}},{"type":"Feature","properties":{"code":"DAD","county":"Miami-Dade","precinct":"30"},"geometry":{"type":"Polygon","coordinates":[[[-80.13625,25.80939],[-80.1366,25.8081],[-80.13848,25.80571],[-80.13833,25.79816],[-80.14133,25.79485],[-80.14131,25.79315],[-80.14477,25.79133],[-80.14479,25.78955],[-80.14573,25.78768],[-80.14443,25.78509],[-80.16716,25.78617],[-80.16033,25.80979],[-80.13625,25.80939]]]}},{"type":"Feature","properties":{"code":"DAD","county":"Miami-Dade","precinct":"697"},"geometry":{"type":"Polygon","coordinates":[[[-80.43108,25.71385],[-80.43913,25.71362],[-80.43796,25.71649],[-80.43805,25.71825],[-80.43849,25.71908],[-80.44094,25.71899],[-80.4421,25.71952],[-80.4424,25.72031],[-80.44161,25.72297],[-80.44233,25.72444],[-80.44179,25.72509],[-80.442,25.72568],[-80.43944,25.72636],[-80.43967,25.72827],[-80.43165,25.72856],[-80.43108,25.71385]]]}},{"type":"Feature","properties":{"code":"DAD","county":"Miami-Dade","precinct":"218"},"geometry":{"type":"Polygon","coordinates":[[[-80.22363,25.91605],[-80.22805,25.91223],[-80.23201,25.91214],[-80.23215,25.91534],[-80.24431,25.91545],[-80.24461,25.92643],[-80.21419,25.92748],[-80.21207,25.92864],[-80.21171,25.92605],[-80.22363,25.91605]]]}},{"type":"Feature","properties":{"code":"DAD","county":"Miami-Dade","precinct":"291"},"geometry":{"type":"Polygon","coordinates":[[[-80.26652,25.95883],[-80.26638,25.95467],[-80.26205,25.95478],[-80.26171,25.94758],[-80.27779,25.94695],[-80.27836,25.95385],[-80.27827,25.96469],[-80.27321,25.96231],[-80.26535,25.96196],[-80.26657,25.96026],[-80.26652,25.95883]]]}},{"type":"Feature","properties":{"code":"DAD","county":"Miami-Dade","precinct":"773"},"geometry":{"type":"Polygon","coordinates":[[[-80.42308,25.7141],[-80.43108,25.71385],[-80.43165,25.72856],[-80.42369,25.72893],[-80.42308,25.7141]]]}},{"type":"Feature","properties":{"code":"DAD","county":"Miami-Dade","precinct":"901"},"geometry":{"type":"Polygon","coordinates":[[[-80.48016,25.55045],[-80.48877,25.54247],[-80.49008,25.54039],[-80.4901,25.52102],[-80.51034,25.52084],[-80.5097,25.46959],[-80.53424,25.46942],[-80.53455,25.51707],[-80.56,25.51679],[-80.56031,25.55012],[-80.48016,25.55045]]]}},{"type":"Feature","properties":{"code":"DAD","county":"Miami-Dade","precinct":"466"},"geometry":{"type":"Polygon","coordinates":[[[-80.3914,25.75161],[-80.38503,25.75178],[-80.38497,25.74632],[-80.38845,25.74616],[-80.39248,25.74422],[-80.40015,25.744],[-80.40042,25.75128],[-80.39773,25.75194],[-80.39602,25.75355],[-80.39417,25.75231],[-80.3914,25.75161]]]}},{"type":"Feature","properties":{"code":"DAD","county":"Miami-Dade","precinct":"351"},"geometry":{"type":"Polygon","coordinates":[[[-80.29388,25.93927],[-80.29332,25.92784],[-80.30953,25.92777],[-80.30967,25.93151],[-80.30703,25.93793],[-80.30694,25.94237],[-80.30356,25.94209],[-80.29683,25.9394],[-80.29388,25.93927]]]}},{"type":"Feature","properties":{"code":"DAD","county":"Miami-Dade","precinct":"673"},"geometry":{"type":"Polygon","coordinates":[[[-80.28567,25.71172],[-80.28869,25.71155],[-80.28874,25.71338],[-80.29082,25.71363],[-80.29099,25.71689],[-80.2879,25.71702],[-80.28794,25.71808],[-80.28588,25.71816],[-80.28567,25.71172]]]}},{"type":"Feature","properties":{"code":"DAD","county":"Miami-Dade","precinct":"833"},"geometry":{"type":"Polygon","coordinates":[[[-80.35919,25.55928],[-80.36295,25.55947],[-80.363,25.56842],[-80.36202,25.56842],[-80.36202,25.56603],[-80.35919,25.55928]]]}},{"type":"Feature","properties":{"code":"DAD","county":"Miami-Dade","precinct":"421"},"geometry":{"type":"Polygon","coordinates":[[[-80.33577,25.75081],[-80.33566,25.74762],[-80.34367,25.7474],[-80.34418,25.76181],[-80.33618,25.76197],[-80.33577,25.75081]]]}},{"type":"Feature","properties":{"code":"DAD","county":"Miami-Dade","precinct":"614"},"geometry":{"type":"Polygon","coordinates":[[[-80.26801,25.71234],[-80.26829,25.71613],[-80.27091,25.71934],[-80.25856,25.72868],[-80.25586,25.73128],[-80.25567,25.72754],[-80.25867,25.72743],[-80.25851,25.72497],[-80.26162,25.72482],[-80.26111,25.71265],[-80.26801,25.71234]]]}},{"type":"Feature","properties":{"code":"DAD","county":"Miami-Dade","precinct":"523"},"geometry":{"type":"Polygon","coordinates":[[[-80.20757,25.81001],[-80.20752,25.80635],[-80.21558,25.80612],[-80.21563,25.80734],[-80.21758,25.80728],[-80.22377,25.80689],[-80.22374,25.80584],[-80.23191,25.80563],[-80.23206,25.80932],[-80.20757,25.81001]]]}},{"type":"Feature","properties":{"code":"DAD","county":"Miami-Dade","precinct":"592"},"geometry":{"type":"Polygon","coordinates":[[[-80.30617,25.8386],[-80.3082,25.83793],[-80.30964,25.83625],[-80.30958,25.82945],[-80.31198,25.82958],[-80.31198,25.82748],[-80.31378,25.82748],[-80.31335,25.81251],[-80.30931,25.81251],[-80.30945,25.81086],[-80.31135,25.81085],[-80.31138,25.81165],[-80.31333,25.81164],[-80.31326,25.80938],[-80.3111,25.80937],[-80.30917,25.80871],[-80.30897,25.78308],[-80.31999,25.78239],[-80.32018,25.78384],[-80.32146,25.78384],[-80.32164,25.78428],[-80.32193,25.79672],[-80.32107,25.797],[-80.3209,25.80063],[-80.32216,25.84075],[-80.3181,25.84076],[-80.31816,25.84043],[-80.31503,25.83995],[-80.30722,25.84],[-80.30491,25.84047],[-80.30415,25.83992],[-80.30617,25.8386]]]}},{"type":"Feature","properties":{"code":"DAD","county":"Miami-Dade","precinct":"285"},"geometry":{"type":"MultiPolygon","coordinates":[[[[-80.24836,25.80835],[-80.24811,25.79953],[-80.24497,25.79691],[-80.24052,25.79425],[-80.24283,25.79419],[-80.25878,25.80601],[-80.25849,25.80704],[-80.25645,25.80675],[-80.25649,25.80813],[-80.24836,25.80835]]],[[[-80.25656,25.81048],[-80.25651,25.80905],[-80.25851,25.80899],[-80.25857,25.81054],[-80.25656,25.81048]]]]}},{"type":"Feature","properties":{"code":"DAD","county":"Miami-Dade","precinct":"337"},"geometry":{"type":"Polygon","coordinates":[[[-80.26085,25.85096],[-80.2608,25.85005],[-80.26029,25.8499],[-80.26012,25.84541],[-80.26618,25.84521],[-80.26587,25.83788],[-80.27387,25.83744],[-80.27463,25.85144],[-80.26087,25.85191],[-80.26085,25.85096]]]}},{"type":"Feature","properties":{"code":"DAD","county":"Miami-Dade","precinct":"447"},"geometry":{"type":"MultiPolygon","coordinates":[[[[-80.35305,25.78139],[-80.35369,25.77572],[-80.35666,25.77582],[-80.35638,25.7774],[-80.35401,25.77726],[-80.35422,25.77983],[-80.36225,25.78063],[-80.36544,25.78039],[-80.36656,25.77828],[-80.36642,25.77532],[-80.36956,25.77557],[-80.36875,25.78224],[-80.35292,25.78255],[-80.35305,25.78139]]],[[[-80.35782,25.77601],[-80.36177,25.77488],[-80.36489,25.77515],[-80.36483,25.77852],[-80.36204,25.77965],[-80.35796,25.77773],[-80.35782,25.77601]]]]}},{"type":"Feature","properties":{"code":"DAD","county":"Miami-Dade","precinct":"366"},"geometry":{"type":"Polygon","coordinates":[[[-80.37041,25.84451],[-80.36968,25.8189],[-80.38177,25.81882],[-80.38199,25.82765],[-80.38355,25.83397],[-80.38239,25.83883],[-80.38216,25.84473],[-80.37618,25.84428],[-80.37045,25.8457],[-80.37041,25.84451]]]}},{"type":"Feature","properties":{"code":"DAD","county":"Miami-Dade","precinct":"928"},"geometry":{"type":"Polygon","coordinates":[[[-80.45235,25.46269],[-80.43621,25.46254],[-80.43602,25.46107],[-80.4337,25.4563],[-80.43329,25.45399],[-80.43503,25.44805],[-80.43617,25.44804],[-80.43614,25.44063],[-80.45246,25.44059],[-80.45243,25.44779],[-80.46075,25.44789],[-80.46069,25.45256],[-80.45814,25.45259],[-80.45662,25.45321],[-80.45669,25.45381],[-80.45603,25.45409],[-80.45595,25.45375],[-80.45387,25.45377],[-80.45292,25.45482],[-80.45262,25.45935],[-80.45133,25.45968],[-80.45235,25.46269]]]}},{"type":"Feature","properties":{"code":"DAD","county":"Miami-Dade","precinct":"317"},"geometry":{"type":"Polygon","coordinates":[[[-80.29128,25.88433],[-80.29116,25.88031],[-80.29437,25.8805],[-80.29447,25.87704],[-80.30725,25.87701],[-80.30756,25.88451],[-80.29128,25.88433]]]}},{"type":"Feature","properties":{"code":"DAD","county":"Miami-Dade","precinct":"422"},"geometry":{"type":"Polygon","coordinates":[[[-80.32771,25.75149],[-80.32767,25.74788],[-80.33566,25.74762],[-80.33618,25.76197],[-80.32795,25.76216],[-80.32771,25.75149]]]}},{"type":"Feature","properties":{"code":"DAD","county":"Miami-Dade","precinct":"811"},"geometry":{"type":"Polygon","coordinates":[[[-80.34102,25.62152],[-80.33954,25.62138],[-80.33391,25.618],[-80.33215,25.61802],[-80.32859,25.61525],[-80.32848,25.61447],[-80.3317,25.61437],[-80.33146,25.60876],[-80.33045,25.60879],[-80.33035,25.60693],[-80.33136,25.6069],[-80.3314,25.60766],[-80.33241,25.6078],[-80.33245,25.60873],[-80.34964,25.60856],[-80.34677,25.61483],[-80.3456,25.61911],[-80.34346,25.62377],[-80.34182,25.62308],[-80.34102,25.62152]]]}},{"type":"Feature","properties":{"code":"DAD","county":"Miami-Dade","precinct":"943"},"geometry":{"type":"Polygon","coordinates":[[[-80.47583,25.4332],[-80.48327,25.43317],[-80.48326,25.4348],[-80.48523,25.4348],[-80.48528,25.44049],[-80.48031,25.44051],[-80.48029,25.43865],[-80.47919,25.43864],[-80.47919,25.44051],[-80.47739,25.44048],[-80.47583,25.4332]]]}},{"type":"Feature","properties":{"code":"DAD","county":"Miami-Dade","precinct":"802"},"geometry":{"type":"Polygon","coordinates":[[[-80.37446,25.6277],[-80.37458,25.63077],[-80.37648,25.63307],[-80.37392,25.63622],[-80.37385,25.63685],[-80.37481,25.63677],[-80.37492,25.6393],[-80.37434,25.63934],[-80.37398,25.64031],[-80.37164,25.63936],[-80.37179,25.63868],[-80.37115,25.63842],[-80.37064,25.63895],[-80.3673,25.63789],[-80.36715,25.63705],[-80.36666,25.63707],[-80.36646,25.6332],[-80.36891,25.63306],[-80.36832,25.62794],[-80.37446,25.6277]]]}},{"type":"Feature","properties":{"code":"DAD","county":"Miami-Dade","precinct":"359"},"geometry":{"type":"Polygon","coordinates":[[[-80.34036,25.89875],[-80.33987,25.89149],[-80.34808,25.89149],[-80.3484,25.89784],[-80.35042,25.89802],[-80.35079,25.89691],[-80.35134,25.89679],[-80.35132,25.89792],[-80.3502,25.8986],[-80.34036,25.89875]]]}},{"type":"Feature","properties":{"code":"DAD","county":"Miami-Dade","precinct":"791"},"geometry":{"type":"Polygon","coordinates":[[[-80.38282,25.64182],[-80.383,25.646],[-80.37718,25.6462],[-80.37667,25.64581],[-80.37623,25.64236],[-80.38282,25.64182]]]}},{"type":"Feature","properties":{"code":"DAD","county":"Miami-Dade","precinct":"739"},"geometry":{"type":"Polygon","coordinates":[[[-80.42412,25.66319],[-80.43228,25.66288],[-80.43257,25.67023],[-80.42442,25.67056],[-80.42412,25.66319]]]}},{"type":"Feature","properties":{"code":"DAD","county":"Miami-Dade","precinct":"132"},"geometry":{"type":"Polygon","coordinates":[[[-80.1971,25.90599],[-80.19122,25.9122],[-80.1906,25.91212],[-80.18973,25.91288],[-80.18752,25.91294],[-80.1874,25.91029],[-80.1884,25.91024],[-80.18817,25.90666],[-80.19123,25.90652],[-80.19104,25.90288],[-80.19316,25.90278],[-80.19313,25.90228],[-80.19382,25.90225],[-80.19376,25.90091],[-80.19307,25.90094],[-80.19298,25.8991],[-80.19506,25.89901],[-80.19541,25.90297],[-80.1971,25.90599]]]}},{"type":"Feature","properties":{"code":"DAD","county":"Miami-Dade","precinct":"533"},"geometry":{"type":"Polygon","coordinates":[[[-80.19469,25.79462],[-80.19628,25.78693],[-80.20058,25.78859],[-80.20418,25.78865],[-80.20533,25.79124],[-80.20554,25.79526],[-80.19446,25.79563],[-80.19469,25.79462]]]}},{"type":"Feature","properties":{"code":"DAD","county":"Miami-Dade","precinct":"708"},"geometry":{"type":"Polygon","coordinates":[[[-80.38246,25.71485],[-80.38308,25.71482],[-80.38372,25.73202],[-80.37569,25.73216],[-80.37493,25.71511],[-80.38246,25.71485]]]}},{"type":"Feature","properties":{"code":"DAD","county":"Miami-Dade","precinct":"451"},"geometry":{"type":"Polygon","coordinates":[[[-80.41969,25.72911],[-80.43159,25.72857],[-80.43221,25.74298],[-80.42023,25.74334],[-80.41969,25.72911]]]}},{"type":"Feature","properties":{"code":"DAD","county":"Miami-Dade","precinct":"567"},"geometry":{"type":"Polygon","coordinates":[[[-80.19962,25.76126],[-80.21409,25.75132],[-80.21433,25.76292],[-80.19971,25.76332],[-80.19962,25.76126]]]}},{"type":"Feature","properties":{"code":"DAD","county":"Miami-Dade","precinct":"147"},"geometry":{"type":"Polygon","coordinates":[[[-80.14394,25.88838],[-80.14508,25.88722],[-80.15073,25.88892],[-80.15025,25.88965],[-80.14394,25.88838]]]}},{"type":"Feature","properties":{"code":"DAD","county":"Miami-Dade","precinct":"518"},"geometry":{"type":"Polygon","coordinates":[[[-80.18899,25.81862],[-80.19088,25.81134],[-80.20009,25.81148],[-80.20691,25.81253],[-80.20667,25.81351],[-80.20777,25.81542],[-80.20784,25.81751],[-80.20562,25.81757],[-80.20552,25.81678],[-80.19559,25.81691],[-80.19564,25.81852],[-80.18899,25.81862]]]}},{"type":"Feature","properties":{"code":"DAD","county":"Miami-Dade","precinct":"301"},"geometry":{"type":"Polygon","coordinates":[[[-80.32573,25.93499],[-80.3328,25.93552],[-80.34193,25.93507],[-80.34231,25.94232],[-80.32609,25.94233],[-80.32573,25.93499]]]}},{"type":"Feature","properties":{"code":"DAD","county":"Miami-Dade","precinct":"902"},"geometry":{"type":"Polygon","coordinates":[[[-80.38468,25.5369],[-80.38214,25.53699],[-80.38208,25.53144],[-80.38616,25.53135],[-80.38615,25.53023],[-80.38818,25.52994],[-80.38818,25.53261],[-80.38461,25.53266],[-80.38468,25.5369]]]}},{"type":"Feature","properties":{"code":"DAD","county":"Miami-Dade","precinct":"130"},"geometry":{"type":"MultiPolygon","coordinates":[[[[-80.1877,25.91665],[-80.18752,25.91294],[-80.18973,25.91288],[-80.1906,25.91212],[-80.19122,25.9122],[-80.1971,25.90599],[-80.20348,25.91469],[-80.2067,25.9164],[-80.20987,25.91665],[-80.21005,25.92034],[-80.18793,25.92122],[-80.1877,25.91665]]],[[[-80.21203,25.92008],[-80.21197,25.91848],[-80.21093,25.91853],[-80.21014,25.91688],[-80.22365,25.91603],[-80.21171,25.92605],[-80.2112,25.92134],[-80.21203,25.92008]]]]}},{"type":"Feature","properties":{"code":"DAD","county":"Miami-Dade","precinct":"621"},"geometry":{"type":"Polygon","coordinates":[[[-80.29086,25.71436],[-80.29082,25.71363],[-80.28874,25.71338],[-80.28869,25.71155],[-80.28567,25.71172],[-80.28512,25.697],[-80.28615,25.69698],[-80.28622,25.69877],[-80.28719,25.69875],[-80.28714,25.69695],[-80.28821,25.69689],[-80.28828,25.6987],[-80.29321,25.69858],[-80.29331,25.70132],[-80.28972,25.70426],[-80.29341,25.70412],[-80.29356,25.70771],[-80.29559,25.7076],[-80.29592,25.71303],[-80.29659,25.7149],[-80.296,25.71658],[-80.29555,25.71605],[-80.29586,25.71462],[-80.29549,25.71399],[-80.29086,25.71436]]]}},{"type":"Feature","properties":{"code":"DAD","county":"Miami-Dade","precinct":"328"},"geometry":{"type":"Polygon","coordinates":[[[-80.27473,25.87025],[-80.27463,25.86713],[-80.27269,25.8672],[-80.27265,25.86164],[-80.27875,25.86146],[-80.27873,25.8596],[-80.29049,25.85922],[-80.29077,25.87035],[-80.27918,25.87066],[-80.27828,25.87026],[-80.27473,25.87025]]]}},{"type":"Feature","properties":{"code":"DAD","county":"Miami-Dade","precinct":"139"},"geometry":{"type":"Polygon","coordinates":[[[-80.18864,25.89383],[-80.1866,25.89392],[-80.18633,25.88665],[-80.19107,25.88643],[-80.19323,25.88997],[-80.19053,25.89004],[-80.19055,25.89183],[-80.18854,25.89198],[-80.18864,25.89383]]]}},{"type":"Feature","properties":{"code":"DAD","county":"Miami-Dade","precinct":"616"},"geometry":{"type":"Polygon","coordinates":[[[-80.29288,25.6899],[-80.29286,25.68933],[-80.28681,25.68986],[-80.28483,25.68931],[-80.28441,25.67667],[-80.3027,25.67614],[-80.30312,25.68845],[-80.30262,25.6899],[-80.30115,25.69128],[-80.29289,25.69048],[-80.29288,25.6899]]]}},{"type":"Feature","properties":{"code":"DAD","county":"Miami-Dade","precinct":"906"},"geometry":{"type":"Polygon","coordinates":[[[-80.45894,25.48185],[-80.45891,25.48095],[-80.45691,25.48096],[-80.45691,25.48281],[-80.45491,25.4828],[-80.45488,25.481],[-80.43333,25.48123],[-80.45255,25.46932],[-80.45278,25.47736],[-80.46085,25.4773],[-80.46082,25.47001],[-80.469,25.46993],[-80.46902,25.46244],[-80.47515,25.46247],[-80.4748,25.46496],[-80.47401,25.46665],[-80.46591,25.47567],[-80.46203,25.48351],[-80.46102,25.48457],[-80.45897,25.48461],[-80.45894,25.48185]]]}},{"type":"Feature","properties":{"code":"DAD","county":"Miami-Dade","precinct":"528"},"geometry":{"type":"Polygon","coordinates":[[[-80.1907,25.76617],[-80.19004,25.76991],[-80.18774,25.76975],[-80.18822,25.76561],[-80.1907,25.76617]]]}},{"type":"Feature","properties":{"code":"DAD","county":"Miami-Dade","precinct":"985"},"geometry":{"type":"Polygon","coordinates":[[[-80.19993,25.7778],[-80.19991,25.77683],[-80.20279,25.77653],[-80.20358,25.77768],[-80.20452,25.77788],[-80.20455,25.77863],[-80.19996,25.77876],[-80.19993,25.7778]]]}},{"type":"Feature","properties":{"code":"DAD","county":"Miami-Dade","precinct":"124"},"geometry":{"type":"Polygon","coordinates":[[[-80.14056,25.9264],[-80.15372,25.9261],[-80.14961,25.93819],[-80.14822,25.93787],[-80.14799,25.93117],[-80.14034,25.93843],[-80.13203,25.93831],[-80.13096,25.93029],[-80.13339,25.92971],[-80.14056,25.9264]]]}},{"type":"Feature","properties":{"code":"DAD","county":"Miami-Dade","precinct":"385"},"geometry":{"type":"Polygon","coordinates":[[[-80.34102,25.91323],[-80.34047,25.90213],[-80.33228,25.90209],[-80.3285,25.90488],[-80.32783,25.90606],[-80.32514,25.90606],[-80.32522,25.90499],[-80.33221,25.89916],[-80.33981,25.89906],[-80.33997,25.90143],[-80.34033,25.90155],[-80.34037,25.89896],[-80.34528,25.89999],[-80.34675,25.8999],[-80.34845,25.90255],[-80.34774,25.90473],[-80.34872,25.90755],[-80.34906,25.91337],[-80.34102,25.91323]]]}},{"type":"Feature","properties":{"code":"DAD","county":"Miami-Dade","precinct":"784"},"geometry":{"type":"Polygon","coordinates":[[[-80.45404,25.68411],[-80.462,25.6839],[-80.46254,25.69837],[-80.45454,25.69857],[-80.45404,25.68411]]]}},{"type":"Feature","properties":{"code":"DAD","county":"Miami-Dade","precinct":"895"},"geometry":{"type":"Polygon","coordinates":[[[-80.41198,25.47772],[-80.41208,25.47017],[-80.4282,25.47015],[-80.42819,25.47078],[-80.4287,25.47078],[-80.42976,25.46991],[-80.43182,25.46922],[-80.43215,25.47016],[-80.43624,25.4707],[-80.43626,25.47462],[-80.44429,25.47456],[-80.43962,25.47747],[-80.41198,25.47772]]]}},{"type":"Feature","properties":{"code":"DAD","county":"Miami-Dade","precinct":"240"},"geometry":{"type":"Polygon","coordinates":[[[-80.22707,25.89081],[-80.22705,25.89036],[-80.23513,25.89022],[-80.23475,25.88275],[-80.25465,25.88242],[-80.25944,25.88287],[-80.25965,25.88933],[-80.24333,25.88999],[-80.24362,25.89726],[-80.22737,25.8976],[-80.22707,25.89081]]]}},{"type":"Feature","properties":{"code":"DAD","county":"Miami-Dade","precinct":"843"},"geometry":{"type":"MultiPolygon","coordinates":[[[[-80.36211,25.57065],[-80.36005,25.5705],[-80.36006,25.57013],[-80.35752,25.57016],[-80.35753,25.56662],[-80.36201,25.56644],[-80.36202,25.56842],[-80.36342,25.56842],[-80.3635,25.57129],[-80.36424,25.57379],[-80.36204,25.57411],[-80.36211,25.57065]]],[[[-80.35581,25.56183],[-80.35605,25.56647],[-80.35183,25.56651],[-80.3545,25.56387],[-80.35581,25.56183]]]]}},{"type":"Feature","properties":{"code":"DAD","county":"Miami-Dade","precinct":"25"},"geometry":{"type":"Polygon","coordinates":[[[-80.11016,25.8447],[-80.11001,25.79235],[-80.12164,25.79608],[-80.11656,25.81232],[-80.1212,25.81262],[-80.12457,25.81341],[-80.12287,25.8251],[-80.12285,25.83271],[-80.12244,25.83362],[-80.12113,25.83363],[-80.12081,25.83486],[-80.11918,25.83503],[-80.11875,25.84841],[-80.1102,25.8485],[-80.11016,25.8447]]]}},{"type":"Feature","properties":{"code":"DAD","county":"Miami-Dade","precinct":"53"},"geometry":{"type":"Polygon","coordinates":[[[-80.15859,25.73336],[-80.16082,25.73221],[-80.17373,25.74389],[-80.17373,25.74457],[-80.16809,25.73953],[-80.16711,25.74043],[-80.16327,25.737],[-80.15769,25.7394],[-80.15769,25.73743],[-80.15935,25.73452],[-80.15859,25.73336]]]}},{"type":"Feature","properties":{"code":"DAD","county":"Miami-Dade","precinct":"143"},"geometry":{"type":"Polygon","coordinates":[[[-80.17461,25.89624],[-80.17479,25.89994],[-80.17076,25.9001],[-80.17116,25.90734],[-80.16714,25.90745],[-80.16682,25.90029],[-80.16344,25.90037],[-80.16715,25.89655],[-80.17461,25.89624]]]}},{"type":"Feature","properties":{"code":"DAD","county":"Miami-Dade","precinct":"803"},"geometry":{"type":"Polygon","coordinates":[[[-80.34993,25.63116],[-80.34862,25.63046],[-80.34809,25.62876],[-80.36832,25.62794],[-80.36891,25.63306],[-80.36646,25.6332],[-80.36666,25.63707],[-80.36715,25.63705],[-80.3673,25.63789],[-80.37064,25.63895],[-80.37115,25.63842],[-80.37179,25.63868],[-80.37164,25.63936],[-80.37472,25.64059],[-80.3769,25.64054],[-80.37697,25.64227],[-80.37625,25.64236],[-80.37572,25.64154],[-80.36794,25.63847],[-80.36606,25.63847],[-80.36234,25.63569],[-80.35983,25.63558],[-80.35232,25.63114],[-80.34993,25.63116]]]}},{"type":"Feature","properties":{"code":"DAD","county":"Miami-Dade","precinct":"403"},"geometry":{"type":"Polygon","coordinates":[[[-80.30555,25.74801],[-80.30354,25.74799],[-80.30289,25.73339],[-80.30724,25.73327],[-80.30771,25.74803],[-80.30555,25.74801]]]}},{"type":"Feature","properties":{"code":"DAD","county":"Miami-Dade","precinct":"800"},"geometry":{"type":"Polygon","coordinates":[[[-80.43426,25.69203],[-80.4391,25.69242],[-80.43845,25.69496],[-80.43856,25.69912],[-80.4305,25.69942],[-80.4302,25.69211],[-80.43426,25.69203]]]}},{"type":"Feature","properties":{"code":"DAD","county":"Miami-Dade","precinct":"587"},"geometry":{"type":"Polygon","coordinates":[[[-80.23827,25.72716],[-80.23764,25.70982],[-80.26101,25.70902],[-80.26162,25.72482],[-80.25851,25.72497],[-80.25867,25.72743],[-80.25764,25.72747],[-80.25755,25.72508],[-80.25347,25.7252],[-80.25341,25.72396],[-80.24829,25.72403],[-80.24854,25.72484],[-80.24704,25.72476],[-80.24629,25.72363],[-80.24301,25.72743],[-80.24358,25.72791],[-80.24355,25.72986],[-80.24155,25.72994],[-80.24166,25.73293],[-80.24049,25.73312],[-80.24047,25.73364],[-80.23759,25.7337],[-80.23737,25.72868],[-80.23879,25.7276],[-80.23827,25.72716]]]}},{"type":"Feature","properties":{"code":"DAD","county":"Miami-Dade","precinct":"709"},"geometry":{"type":"Polygon","coordinates":[[[-80.43411,25.59573],[-80.42979,25.60057],[-80.42969,25.59594],[-80.43411,25.59573]]]}},{"type":"Feature","properties":{"code":"DAD","county":"Miami-Dade","precinct":"794"},"geometry":{"type":"Polygon","coordinates":[[[-80.43071,25.62571],[-80.42999,25.61113],[-80.44648,25.61061],[-80.44602,25.59536],[-80.47847,25.59427],[-80.47953,25.62442],[-80.43071,25.62571]]]}},{"type":"Feature","properties":{"code":"DAD","county":"Miami-Dade","precinct":"175"},"geometry":{"type":"Polygon","coordinates":[[[-80.15682,25.91504],[-80.15779,25.90858],[-80.16038,25.90052],[-80.16187,25.90047],[-80.16185,25.9],[-80.16283,25.90028],[-80.15919,25.90497],[-80.15772,25.91502],[-80.15758,25.91544],[-80.15674,25.91547],[-80.15682,25.91504]]]}},{"type":"Feature","properties":{"code":"DAD","county":"Miami-Dade","precinct":"618"},"geometry":{"type":"MultiPolygon","coordinates":[[[[-80.27986,25.66591],[-80.27976,25.66624],[-80.26747,25.65755],[-80.26451,25.65631],[-80.26611,25.65175],[-80.26774,25.65164],[-80.26872,25.6491],[-80.26972,25.64787],[-80.28355,25.64933],[-80.28404,25.66374],[-80.28171,25.66403],[-80.27986,25.66591]]],[[[-80.27976,25.66624],[-80.28353,25.6688],[-80.28404,25.66988],[-80.28486,25.68966],[-80.26993,25.69014],[-80.27078,25.68782],[-80.27254,25.6853],[-80.27371,25.68071],[-80.27786,25.67494],[-80.27976,25.66624]]]]}},{"type":"Feature","properties":{"code":"DAD","county":"Miami-Dade","precinct":"650"},"geometry":{"type":"Polygon","coordinates":[[[-80.23014,25.75058],[-80.2305,25.76043],[-80.22643,25.76045],[-80.22635,25.75815],[-80.22025,25.75793],[-80.21996,25.75094],[-80.23014,25.75058]]]}},{"type":"Feature","properties":{"code":"DAD","county":"Miami-Dade","precinct":"32"},"geometry":{"type":"Polygon","coordinates":[[[-80.12164,25.79608],[-80.12801,25.79834],[-80.12626,25.80132],[-80.12704,25.80418],[-80.125,25.8088],[-80.12457,25.81341],[-80.1212,25.81262],[-80.11656,25.81232],[-80.12164,25.79608]]]}},{"type":"Feature","properties":{"code":"DAD","county":"Miami-Dade","precinct":"236"},"geometry":{"type":"Polygon","coordinates":[[[-80.24575,25.90154],[-80.24537,25.90093],[-80.24382,25.90143],[-80.24363,25.89804],[-80.23148,25.89829],[-80.22973,25.899],[-80.22744,25.89908],[-80.22737,25.8976],[-80.24362,25.89726],[-80.24333,25.88999],[-80.25965,25.88933],[-80.25944,25.88288],[-80.26737,25.88514],[-80.26743,25.88891],[-80.27524,25.88871],[-80.27545,25.89626],[-80.25832,25.89669],[-80.24653,25.90241],[-80.24575,25.90154]]]}},{"type":"Feature","properties":{"code":"DAD","county":"Miami-Dade","precinct":"609"},"geometry":{"type":"Polygon","coordinates":[[[-80.19081,25.79615],[-80.18906,25.79618],[-80.18897,25.78586],[-80.19067,25.78577],[-80.19081,25.79615]]]}},{"type":"Feature","properties":{"code":"DAD","county":"Miami-Dade","precinct":"749"},"geometry":{"type":"Polygon","coordinates":[[[-80.35132,25.67288],[-80.3511,25.66561],[-80.37179,25.66475],[-80.36597,25.67129],[-80.3669,25.6708],[-80.36622,25.67233],[-80.36335,25.67475],[-80.35202,25.68744],[-80.34971,25.6875],[-80.35164,25.6843],[-80.35132,25.67288]]]}},{"type":"Feature","properties":{"code":"DAD","county":"Miami-Dade","precinct":"470"},"geometry":{"type":"Polygon","coordinates":[[[-80.3391,25.78232],[-80.34086,25.78154],[-80.33678,25.78155],[-80.33671,25.77816],[-80.33815,25.77834],[-80.33878,25.77738],[-80.33988,25.7773],[-80.33987,25.7744],[-80.34062,25.7731],[-80.3428,25.77362],[-80.34619,25.77269],[-80.34846,25.77337],[-80.34915,25.77405],[-80.34738,25.77521],[-80.34623,25.77868],[-80.34737,25.77914],[-80.35082,25.77772],[-80.35341,25.77818],[-80.35292,25.78255],[-80.34054,25.78231],[-80.33806,25.78324],[-80.3391,25.78232]]]}},{"type":"Feature","properties":{"code":"DAD","county":"Miami-Dade","precinct":"944"},"geometry":{"type":"Polygon","coordinates":[[[-80.43345,25.51239],[-80.43904,25.50669],[-80.44033,25.50667],[-80.43157,25.51539],[-80.42705,25.52069],[-80.42182,25.52543],[-80.42455,25.52167],[-80.43345,25.51239]]]}},{"type":"Feature","properties":{"code":"DAD","county":"Miami-Dade","precinct":"129"},"geometry":{"type":"Polygon","coordinates":[[[-80.18793,25.92122],[-80.21005,25.92034],[-80.20987,25.91665],[-80.21093,25.91853],[-80.21197,25.91848],[-80.21204,25.92036],[-80.21135,25.9207],[-80.2112,25.92134],[-80.21155,25.925],[-80.20792,25.92744],[-80.20717,25.9268],[-80.20606,25.92677],[-80.20436,25.92792],[-80.18828,25.92857],[-80.18793,25.92122]]]}},{"type":"Feature","properties":{"code":"DAD","county":"Miami-Dade","precinct":"311"},"geometry":{"type":"Polygon","coordinates":[[[-80.29173,25.89244],[-80.29128,25.88433],[-80.30756,25.88451],[-80.30795,25.89246],[-80.29173,25.89244]]]}},{"type":"Feature","properties":{"code":"DAD","county":"Miami-Dade","precinct":"352"},"geometry":{"type":"Polygon","coordinates":[[[-80.32557,25.92755],[-80.32555,25.91845],[-80.32511,25.91844],[-80.32429,25.89876],[-80.34036,25.89875],[-80.34033,25.90155],[-80.33997,25.90143],[-80.33981,25.89906],[-80.33177,25.89933],[-80.32522,25.90499],[-80.32514,25.90606],[-80.32783,25.90606],[-80.3285,25.90488],[-80.33228,25.90209],[-80.34047,25.90213],[-80.34102,25.91323],[-80.33303,25.91329],[-80.33362,25.92785],[-80.32593,25.92806],[-80.32557,25.92755]]]}},{"type":"Feature","properties":{"code":"DAD","county":"Miami-Dade","precinct":"725"},"geometry":{"type":"Polygon","coordinates":[[[-80.42994,25.68496],[-80.43308,25.68483],[-80.43316,25.68629],[-80.43403,25.68776],[-80.43426,25.69203],[-80.4302,25.69211],[-80.42994,25.68496]]]}},{"type":"Feature","properties":{"code":"DAD","county":"Miami-Dade","precinct":"636"},"geometry":{"type":"Polygon","coordinates":[[[-80.25454,25.74792],[-80.25431,25.74246],[-80.25633,25.74237],[-80.25618,25.73869],[-80.25822,25.73862],[-80.25807,25.73492],[-80.27364,25.73434],[-80.2744,25.73654],[-80.27493,25.74689],[-80.25454,25.74792]]]}},{"type":"Feature","properties":{"code":"DAD","county":"Miami-Dade","precinct":"751"},"geometry":{"type":"Polygon","coordinates":[[[-80.32184,25.67102],[-80.32398,25.66639],[-80.3349,25.66604],[-80.3354,25.68076],[-80.32925,25.68097],[-80.32942,25.68409],[-80.3314,25.68402],[-80.33141,25.68452],[-80.33545,25.68441],[-80.33555,25.68798],[-80.32751,25.68821],[-80.32696,25.67246],[-80.32493,25.67235],[-80.32458,25.67093],[-80.32184,25.67102]]]}},{"type":"Feature","properties":{"code":"DAD","county":"Miami-Dade","precinct":"365"},"geometry":{"type":"Polygon","coordinates":[[[-80.33429,25.94232],[-80.34231,25.94232],[-80.3429,25.95572],[-80.35078,25.94911],[-80.35111,25.95682],[-80.33325,25.95685],[-80.33329,25.95599],[-80.33491,25.95598],[-80.3346,25.94861],[-80.33516,25.94657],[-80.33437,25.94428],[-80.33429,25.94232]]]}},{"type":"Feature","properties":{"code":"DAD","county":"Miami-Dade","precinct":"845"},"geometry":{"type":"Polygon","coordinates":[[[-80.39707,25.59707],[-80.39702,25.57463],[-80.39809,25.57498],[-80.40388,25.58027],[-80.40418,25.58195],[-80.40912,25.58793],[-80.40952,25.59021],[-80.41284,25.59276],[-80.41305,25.59656],[-80.39707,25.59707]]]}},{"type":"Feature","properties":{"code":"DAD","county":"Miami-Dade","precinct":"554"},"geometry":{"type":"Polygon","coordinates":[[[-80.30283,25.77457],[-80.30233,25.77397],[-80.28823,25.77437],[-80.28813,25.77077],[-80.31286,25.77014],[-80.30953,25.77163],[-80.30952,25.77435],[-80.30849,25.7773],[-80.30837,25.77215],[-80.30283,25.77457]]]}},{"type":"Feature","properties":{"code":"DAD","county":"Miami-Dade","precinct":"158"},"geometry":{"type":"Polygon","coordinates":[[[-80.1506,25.88927],[-80.16372,25.88941],[-80.16277,25.89257],[-80.15967,25.89206],[-80.15607,25.89223],[-80.15303,25.89312],[-80.15307,25.89376],[-80.1496,25.89386],[-80.13854,25.89349],[-80.14394,25.88838],[-80.15025,25.88965],[-80.1506,25.88927]]]}},{"type":"Feature","properties":{"code":"DAD","county":"Miami-Dade","precinct":"653"},"geometry":{"type":"Polygon","coordinates":[[[-80.19381,25.77896],[-80.19605,25.77885],[-80.19611,25.78176],[-80.19388,25.78184],[-80.19381,25.77896]]]}},{"type":"Feature","properties":{"code":"DAD","county":"Miami-Dade","precinct":"350"},"geometry":{"type":"Polygon","coordinates":[[[-80.29461,25.95345],[-80.29998,25.95322],[-80.30792,25.94999],[-80.31018,25.95375],[-80.3106,25.95687],[-80.29476,25.95689],[-80.29461,25.95345]]]}},{"type":"Feature","properties":{"code":"DAD","county":"Miami-Dade","precinct":"251"},"geometry":{"type":"Polygon","coordinates":[[[-80.21751,25.85419],[-80.21745,25.85049],[-80.21532,25.85055],[-80.21525,25.84873],[-80.21326,25.84878],[-80.21324,25.84688],[-80.2254,25.84653],[-80.22589,25.86117],[-80.22375,25.86127],[-80.22066,25.85592],[-80.21734,25.85526],[-80.21751,25.85419]]]}},{"type":"Feature","properties":{"code":"DAD","county":"Miami-Dade","precinct":"710"},"geometry":{"type":"Polygon","coordinates":[[[-80.37265,25.71519],[-80.37493,25.71511],[-80.37569,25.73216],[-80.36778,25.7323],[-80.36691,25.71541],[-80.37265,25.71519]]]}},{"type":"Feature","properties":{"code":"DAD","county":"Miami-Dade","precinct":"142"},"geometry":{"type":"Polygon","coordinates":[[[-80.17477,25.89969],[-80.17461,25.89624],[-80.17058,25.89641],[-80.17065,25.89075],[-80.17249,25.88716],[-80.18633,25.88665],[-80.1866,25.89392],[-80.18356,25.89405],[-80.17889,25.89967],[-80.17477,25.89969]]]}},{"type":"Feature","properties":{"code":"DAD","county":"Miami-Dade","precinct":"445"},"geometry":{"type":"Polygon","coordinates":[[[-80.35422,25.77983],[-80.35401,25.77726],[-80.35638,25.7774],[-80.35727,25.77241],[-80.36311,25.77227],[-80.36611,25.77446],[-80.36656,25.77828],[-80.36544,25.78039],[-80.359,25.78058],[-80.35422,25.77983]],[[-80.36183,25.77362],[-80.35886,25.774],[-80.35782,25.77601],[-80.35796,25.77773],[-80.36204,25.77965],[-80.36483,25.77852],[-80.36501,25.7752],[-80.36316,25.77387],[-80.36183,25.77362]]]}},{"type":"Feature","properties":{"code":"DAD","county":"Miami-Dade","precinct":"379"},"geometry":{"type":"Polygon","coordinates":[[[-80.26008,25.86011],[-80.27873,25.8596],[-80.27875,25.86146],[-80.27265,25.86164],[-80.27269,25.8672],[-80.27463,25.86713],[-80.27473,25.87025],[-80.26029,25.87059],[-80.26008,25.86011]]]}},{"type":"Feature","properties":{"code":"DAD","county":"Miami-Dade","precinct":"622"},"geometry":{"type":"Polygon","coordinates":[[[-80.20597,25.8064],[-80.20585,25.8027],[-80.20728,25.8026],[-80.20741,25.80644],[-80.20597,25.8064]]]}},{"type":"Feature","properties":{"code":"DAD","county":"Miami-Dade","precinct":"620"},"geometry":{"type":"Polygon","coordinates":[[[-80.21164,25.80992],[-80.21173,25.81256],[-80.20691,25.81253],[-80.20761,25.81147],[-80.20757,25.81001],[-80.21164,25.80992]]]}},{"type":"Feature","properties":{"code":"DAD","county":"Miami-Dade","precinct":"426"},"geometry":{"type":"Polygon","coordinates":[[[-80.28758,25.75626],[-80.29189,25.75613],[-80.29186,25.75517],[-80.29564,25.75506],[-80.29564,25.75471],[-80.29363,25.75476],[-80.29361,25.75413],[-80.29561,25.75407],[-80.29558,25.75341],[-80.29432,25.75344],[-80.29426,25.75214],[-80.29554,25.75212],[-80.29557,25.75312],[-80.29758,25.75306],[-80.29755,25.75205],[-80.29958,25.752],[-80.29953,25.75006],[-80.30155,25.74999],[-80.3015,25.74805],[-80.30354,25.74799],[-80.3039,25.76308],[-80.28788,25.76356],[-80.28758,25.75626]]]}},{"type":"Feature","properties":{"code":"DAD","county":"Miami-Dade","precinct":"766"},"geometry":{"type":"Polygon","coordinates":[[[-80.47903,25.66846],[-80.44387,25.66988],[-80.44351,25.66788],[-80.44128,25.66549],[-80.44015,25.66289],[-80.44526,25.66245],[-80.44865,25.66399],[-80.45414,25.66445],[-80.45715,25.66388],[-80.45709,25.66201],[-80.48087,25.66089],[-80.48124,25.67411],[-80.47955,25.68072],[-80.47903,25.66846]]]}},{"type":"Feature","properties":{"code":"DAD","county":"Miami-Dade","precinct":"148"},"geometry":{"type":"Polygon","coordinates":[[[-80.1506,25.88927],[-80.15073,25.88892],[-80.14508,25.88722],[-80.1517,25.88122],[-80.15971,25.88099],[-80.16555,25.88381],[-80.16372,25.88941],[-80.1506,25.88927]]]}},{"type":"Feature","properties":{"code":"DAD","county":"Miami-Dade","precinct":"255"},"geometry":{"type":"Polygon","coordinates":[[[-80.20954,25.84195],[-80.2131,25.84186],[-80.21324,25.84688],[-80.2097,25.84701],[-80.20954,25.84195]]]}},{"type":"Feature","properties":{"code":"DAD","county":"Miami-Dade","precinct":"100"},"geometry":{"type":"Polygon","coordinates":[[[-80.33727,25.79978],[-80.33988,25.79977],[-80.33988,25.80063],[-80.33729,25.80063],[-80.33727,25.79978]]]}},{"type":"Feature","properties":{"code":"DAD","county":"Miami-Dade","precinct":"335"},"geometry":{"type":"Polygon","coordinates":[[[-80.30891,25.8462],[-80.29902,25.84618],[-80.29902,25.84433],[-80.29011,25.84435],[-80.29003,25.84119],[-80.30211,25.84076],[-80.30417,25.83993],[-80.31069,25.8448],[-80.31015,25.84596],[-80.31116,25.84624],[-80.30891,25.8462]]]}},{"type":"Feature","properties":{"code":"DAD","county":"Miami-Dade","precinct":"232"},"geometry":{"type":"Polygon","coordinates":[[[-80.27718,25.93478],[-80.27673,25.92512],[-80.28473,25.92526],[-80.28572,25.93954],[-80.27745,25.93966],[-80.27718,25.93478]]]}},{"type":"Feature","properties":{"code":"DAD","county":"Miami-Dade","precinct":"203"},"geometry":{"type":"Polygon","coordinates":[[[-80.24658,25.96256],[-80.24655,25.96124],[-80.26225,25.96183],[-80.26256,25.97128],[-80.24682,25.97174],[-80.24658,25.96256]]]}},{"type":"Feature","properties":{"code":"DAD","county":"Miami-Dade","precinct":"256"},"geometry":{"type":"Polygon","coordinates":[[[-80.19856,25.95989],[-80.19768,25.95753],[-80.19965,25.95746],[-80.20289,25.95957],[-80.20576,25.95966],[-80.20617,25.97276],[-80.19818,25.97304],[-80.19813,25.96314],[-80.19856,25.95989]]]}},{"type":"Feature","properties":{"code":"DAD","county":"Miami-Dade","precinct":"269"},"geometry":{"type":"Polygon","coordinates":[[[-80.23201,25.91214],[-80.24417,25.9118],[-80.24431,25.91545],[-80.23215,25.91534],[-80.23201,25.91214]]]}},{"type":"Feature","properties":{"code":"DAD","county":"Miami-Dade","precinct":"500"},"geometry":{"type":"Polygon","coordinates":[[[-80.32075,25.76239],[-80.33618,25.76197],[-80.33643,25.76959],[-80.32053,25.76987],[-80.32075,25.76239]]]}},{"type":"Feature","properties":{"code":"DAD","county":"Miami-Dade","precinct":"789"},"geometry":{"type":"Polygon","coordinates":[[[-80.39128,25.65118],[-80.39117,25.64922],[-80.38664,25.64961],[-80.38651,25.64892],[-80.39854,25.63544],[-80.39896,25.64514],[-80.40696,25.64484],[-80.40675,25.64112],[-80.41453,25.64108],[-80.41545,25.6483],[-80.41568,25.65629],[-80.39735,25.65674],[-80.39538,25.65614],[-80.39534,25.65531],[-80.39865,25.65518],[-80.39836,25.65092],[-80.39128,25.65118]]]}},{"type":"Feature","properties":{"code":"DAD","county":"Miami-Dade","precinct":"196"},"geometry":{"type":"Polygon","coordinates":[[[-80.20616,25.97268],[-80.20592,25.96555],[-80.2139,25.96522],[-80.21427,25.96581],[-80.22214,25.96531],[-80.22168,25.96608],[-80.22699,25.96681],[-80.22439,25.96944],[-80.22466,25.97014],[-80.22718,25.97063],[-80.22753,25.96917],[-80.22723,25.96572],[-80.22946,25.96535],[-80.22968,25.97209],[-80.20616,25.97268]],[[-80.22143,25.96659],[-80.22135,25.96562],[-80.22038,25.96565],[-80.22039,25.96604],[-80.21891,25.96679],[-80.21896,25.96821],[-80.22154,25.96704],[-80.22143,25.96659]],[[-80.22245,25.97223],[-80.22478,25.97217],[-80.22471,25.97135],[-80.2199,25.97182],[-80.2199,25.97216],[-80.22245,25.97223]],[[-80.22518,25.97222],[-80.22755,25.97205],[-80.2277,25.97124],[-80.22839,25.97093],[-80.22507,25.97146],[-80.22518,25.97222]]]}},{"type":"Feature","properties":{"code":"DAD","county":"Miami-Dade","precinct":"308"},"geometry":{"type":"Polygon","coordinates":[[[-80.31848,25.9099],[-80.31858,25.90788],[-80.31618,25.9046],[-80.31411,25.90382],[-80.30845,25.90379],[-80.30822,25.89878],[-80.32429,25.89876],[-80.32487,25.91329],[-80.32285,25.91305],[-80.31994,25.91046],[-80.31848,25.9099]]]}},{"type":"Feature","properties":{"code":"DAD","county":"Miami-Dade","precinct":"544"},"geometry":{"type":"Polygon","coordinates":[[[-80.1663,25.78893],[-80.17005,25.78006],[-80.17291,25.78174],[-80.17581,25.78587],[-80.17737,25.78712],[-80.17874,25.78747],[-80.18547,25.78735],[-80.18897,25.78598],[-80.18906,25.79712],[-80.16404,25.79713],[-80.1663,25.78893]]]}},{"type":"Feature","properties":{"code":"DAD","county":"Miami-Dade","precinct":"377"},"geometry":{"type":"Polygon","coordinates":[[[-80.29021,25.85277],[-80.29011,25.84435],[-80.29902,25.84433],[-80.29902,25.84618],[-80.30224,25.84617],[-80.30244,25.85238],[-80.31046,25.85254],[-80.31055,25.85525],[-80.2903,25.8553],[-80.29021,25.85277]]]}},{"type":"Feature","properties":{"code":"DAD","county":"Miami-Dade","precinct":"842"},"geometry":{"type":"Polygon","coordinates":[[[-80.34348,25.62373],[-80.3456,25.61911],[-80.34877,25.62032],[-80.34855,25.62124],[-80.34775,25.62132],[-80.34795,25.62326],[-80.35169,25.62417],[-80.35191,25.62784],[-80.35384,25.62778],[-80.35388,25.62856],[-80.34801,25.62876],[-80.34811,25.62805],[-80.34686,25.62714],[-80.347,25.62645],[-80.34605,25.62619],[-80.34558,25.62509],[-80.34473,25.62511],[-80.34499,25.62403],[-80.34348,25.62373]]]}},{"type":"Feature","properties":{"code":"DAD","county":"Miami-Dade","precinct":"246"},"geometry":{"type":"Polygon","coordinates":[[[-80.24249,25.86816],[-80.24235,25.86388],[-80.24287,25.86386],[-80.24286,25.86487],[-80.25066,25.86455],[-80.25046,25.85997],[-80.26008,25.86011],[-80.26029,25.87059],[-80.24262,25.87137],[-80.24249,25.86816]]]}},{"type":"Feature","properties":{"code":"DAD","county":"Miami-Dade","precinct":"656"},"geometry":{"type":"Polygon","coordinates":[[[-80.1907,25.76617],[-80.19288,25.75799],[-80.19409,25.75872],[-80.19312,25.76252],[-80.19204,25.76641],[-80.1907,25.76617]]]}},{"type":"Feature","properties":{"code":"DAD","county":"Miami-Dade","precinct":"768"},"geometry":{"type":"Polygon","coordinates":[[[-80.40648,25.62652],[-80.41457,25.62629],[-80.41469,25.63361],[-80.40042,25.63397],[-80.39955,25.63441],[-80.40648,25.62652]]]}},{"type":"Feature","properties":{"code":"DAD","county":"Miami-Dade","precinct":"882"},"geometry":{"type":"Polygon","coordinates":[[[-80.32497,25.53447],[-80.32485,25.53498],[-80.32848,25.54065],[-80.33086,25.54313],[-80.3315,25.5518],[-80.31386,25.55217],[-80.31122,25.55948],[-80.31051,25.56306],[-80.31038,25.56693],[-80.30723,25.57241],[-80.30733,25.57794],[-80.30942,25.58144],[-80.30947,25.58527],[-80.31076,25.58642],[-80.31088,25.59424],[-80.30864,25.59427],[-80.30907,25.59971],[-80.31011,25.59969],[-80.30905,25.60588],[-80.3094,25.60676],[-80.30814,25.60746],[-80.3086,25.60763],[-80.30629,25.6077],[-80.30641,25.61064],[-80.29168,25.61037],[-80.24977,25.61132],[-80.22577,25.62538],[-80.2142,25.62539],[-80.21822,25.60921],[-80.21931,25.59991],[-80.2366,25.53153],[-80.31531,25.53035],[-80.31786,25.53107],[-80.32497,25.53447]]]}},{"type":"Feature","properties":{"code":"DAD","county":"Miami-Dade","precinct":"897"},"geometry":{"type":"Polygon","coordinates":[[[-80.43624,25.47015],[-80.43621,25.46254],[-80.46084,25.46247],[-80.46085,25.46342],[-80.45137,25.47011],[-80.43624,25.47015]]]}},{"type":"Feature","properties":{"code":"DAD","county":"Miami-Dade","precinct":"585"},"geometry":{"type":"Polygon","coordinates":[[[-80.25389,25.73264],[-80.25586,25.73128],[-80.25588,25.73221],[-80.25793,25.73214],[-80.25807,25.73492],[-80.25076,25.73518],[-80.25389,25.73264]]]}},{"type":"Feature","properties":{"code":"DAD","county":"Miami-Dade","precinct":"303"},"geometry":{"type":"MultiPolygon","coordinates":[[[[-80.31223,25.94232],[-80.31466,25.94158],[-80.3194,25.94154],[-80.32225,25.94228],[-80.32609,25.94233],[-80.32676,25.95685],[-80.3106,25.95687],[-80.31018,25.95375],[-80.30738,25.9486],[-80.30694,25.94237],[-80.31223,25.94232]]],[[[-80.29332,25.92779],[-80.29316,25.92539],[-80.30942,25.92514],[-80.30961,25.92777],[-80.29332,25.92779]]]]}},{"type":"Feature","properties":{"code":"DAD","county":"Miami-Dade","precinct":"690"},"geometry":{"type":"Polygon","coordinates":[[[-80.2554,25.77134],[-80.25542,25.77181],[-80.25485,25.77182],[-80.25484,25.77136],[-80.2554,25.77134]]]}},{"type":"Feature","properties":{"code":"DAD","county":"Miami-Dade","precinct":"348"},"geometry":{"type":"Polygon","coordinates":[[[-80.34422,25.86972],[-80.30491,25.84047],[-80.3061,25.8408],[-80.32216,25.84075],[-80.32178,25.83161],[-80.33799,25.83164],[-80.33824,25.84067],[-80.35435,25.84069],[-80.35471,25.85518],[-80.37075,25.8552],[-80.37115,25.86972],[-80.3873,25.86965],[-80.38788,25.87003],[-80.3884,25.8768],[-80.38832,25.88948],[-80.38765,25.89288],[-80.38507,25.89996],[-80.34422,25.86972]]]}},{"type":"Feature","properties":{"code":"DAD","county":"Miami-Dade","precinct":"595"},"geometry":{"type":"Polygon","coordinates":[[[-80.20358,25.77768],[-80.20279,25.77653],[-80.19991,25.77683],[-80.1999,25.77562],[-80.19886,25.77318],[-80.20057,25.77304],[-80.20424,25.77717],[-80.20693,25.7783],[-80.20455,25.77863],[-80.20452,25.77788],[-80.20358,25.77768]]]}},{"type":"Feature","properties":{"code":"DAD","county":"Miami-Dade","precinct":"957"},"geometry":{"type":"Polygon","coordinates":[[[-80.31767,25.59246],[-80.31562,25.59245],[-80.31564,25.59422],[-80.31221,25.59427],[-80.31219,25.5925],[-80.31128,25.59252],[-80.31126,25.59081],[-80.31597,25.58708],[-80.31713,25.58705],[-80.31711,25.58517],[-80.32609,25.5851],[-80.32307,25.58879],[-80.31831,25.59601],[-80.31771,25.596],[-80.31767,25.59246]]]}},{"type":"Feature","properties":{"code":"DAD","county":"Miami-Dade","precinct":"840"},"geometry":{"type":"Polygon","coordinates":[[[-80.33982,25.6324],[-80.34348,25.62373],[-80.34498,25.62402],[-80.34473,25.62511],[-80.34558,25.62509],[-80.34605,25.62619],[-80.347,25.62645],[-80.3469,25.62722],[-80.34811,25.62805],[-80.34823,25.62987],[-80.34906,25.63099],[-80.34993,25.63116],[-80.35011,25.63608],[-80.33813,25.63634],[-80.33982,25.6324]]]}},{"type":"Feature","properties":{"code":"DAD","county":"Miami-Dade","precinct":"703"},"geometry":{"type":"Polygon","coordinates":[[[-80.41491,25.7097],[-80.41451,25.69994],[-80.42253,25.69969],[-80.42278,25.70124],[-80.42611,25.70094],[-80.4277,25.70148],[-80.42891,25.70265],[-80.4295,25.71011],[-80.42832,25.71214],[-80.42475,25.71288],[-80.41899,25.71149],[-80.4191,25.71425],[-80.41511,25.71437],[-80.41491,25.7097]]]}},{"type":"Feature","properties":{"code":"DAD","county":"Miami-Dade","precinct":"361"},"geometry":{"type":"Polygon","coordinates":[[[-80.37411,25.84471],[-80.37936,25.84423],[-80.38216,25.84473],[-80.38239,25.83883],[-80.38355,25.83397],[-80.38199,25.82765],[-80.38158,25.8116],[-80.38573,25.81165],[-80.38685,25.84785],[-80.37059,25.84784],[-80.37045,25.8457],[-80.37411,25.84471]]]}},{"type":"Feature","properties":{"code":"DAD","county":"Miami-Dade","precinct":"332"},"geometry":{"type":"Polygon","coordinates":[[[-80.29117,25.88118],[-80.29178,25.89418],[-80.28988,25.89577],[-80.28786,25.89583],[-80.28726,25.8813],[-80.29117,25.88118]]]}},{"type":"Feature","properties":{"code":"DAD","county":"Miami-Dade","precinct":"948"},"geometry":{"type":"MultiPolygon","coordinates":[[[[-80.45659,25.44056],[-80.46065,25.44054],[-80.46068,25.44781],[-80.45243,25.44779],[-80.45246,25.44059],[-80.45659,25.44056]]],[[[-80.45838,25.45536],[-80.45827,25.45434],[-80.45712,25.45448],[-80.45696,25.45529],[-80.45603,25.45409],[-80.45669,25.45381],[-80.45662,25.45321],[-80.45814,25.45259],[-80.46069,25.45256],[-80.46075,25.44789],[-80.46686,25.44787],[-80.46688,25.45529],[-80.45838,25.45536]]]]}},{"type":"Feature","properties":{"code":"DAD","county":"Miami-Dade","precinct":"603"},"geometry":{"type":"Polygon","coordinates":[[[-80.19084,25.81134],[-80.19102,25.81061],[-80.20422,25.81018],[-80.20601,25.80951],[-80.20757,25.81001],[-80.20761,25.81147],[-80.20691,25.81253],[-80.20009,25.81148],[-80.19084,25.81134]]]}},{"type":"Feature","properties":{"code":"DAD","county":"Miami-Dade","precinct":"253"},"geometry":{"type":"Polygon","coordinates":[[[-80.20942,25.85437],[-80.22066,25.85592],[-80.22375,25.86127],[-80.20969,25.86185],[-80.20942,25.85437]]]}},{"type":"Feature","properties":{"code":"DAD","county":"Miami-Dade","precinct":"961"},"geometry":{"type":"Polygon","coordinates":[[[-80.37229,25.56994],[-80.37223,25.56642],[-80.3765,25.56632],[-80.37629,25.55896],[-80.3804,25.55893],[-80.38021,25.55154],[-80.39698,25.5512],[-80.39327,25.55434],[-80.37767,25.57046],[-80.37229,25.56994]]]}},{"type":"Feature","properties":{"code":"DAD","county":"Miami-Dade","precinct":"412"},"geometry":{"type":"Polygon","coordinates":[[[-80.38573,25.78229],[-80.38599,25.77531],[-80.38549,25.76099],[-80.4088,25.7609],[-80.40983,25.76126],[-80.4089,25.76474],[-80.40909,25.77277],[-80.39306,25.77327],[-80.39276,25.78267],[-80.38573,25.78229]]]}},{"type":"Feature","properties":{"code":"DAD","county":"Miami-Dade","precinct":"247"},"geometry":{"type":"Polygon","coordinates":[[[-80.25366,25.8601],[-80.25046,25.85997],[-80.25005,25.84942],[-80.25619,25.84922],[-80.25603,25.84556],[-80.24991,25.84575],[-80.24956,25.83622],[-80.25357,25.83603],[-80.25319,25.82812],[-80.25727,25.828],[-80.25822,25.84836],[-80.25986,25.8483],[-80.26013,25.86012],[-80.25366,25.8601]]]}},{"type":"Feature","properties":{"code":"DAD","county":"Miami-Dade","precinct":"758"},"geometry":{"type":"Polygon","coordinates":[[[-80.41856,25.6131],[-80.42979,25.60065],[-80.42999,25.61112],[-80.42307,25.6113],[-80.42228,25.61371],[-80.42282,25.61572],[-80.42263,25.61861],[-80.42176,25.61862],[-80.41985,25.6141],[-80.41856,25.6131]]]}},{"type":"Feature","properties":{"code":"DAD","county":"Miami-Dade","precinct":"726"},"geometry":{"type":"Polygon","coordinates":[[[-80.36645,25.70646],[-80.3662,25.70174],[-80.36789,25.70261],[-80.3678,25.70422],[-80.36876,25.70427],[-80.36888,25.70503],[-80.37165,25.70654],[-80.37211,25.71521],[-80.36691,25.71541],[-80.36645,25.70646]]]}},{"type":"Feature","properties":{"code":"DAD","county":"Miami-Dade","precinct":"157"},"geometry":{"type":"Polygon","coordinates":[[[-80.17719,25.86401],[-80.17729,25.86621],[-80.17229,25.87235],[-80.15584,25.87255],[-80.15605,25.87207],[-80.14573,25.87244],[-80.14743,25.86173],[-80.16096,25.86119],[-80.16129,25.86046],[-80.17122,25.86015],[-80.17119,25.85933],[-80.17685,25.85915],[-80.17719,25.86401]]]}},{"type":"Feature","properties":{"code":"DAD","county":"Miami-Dade","precinct":"880"},"geometry":{"type":"Polygon","coordinates":[[[-80.36227,25.55936],[-80.35917,25.55929],[-80.35946,25.55662],[-80.35884,25.55556],[-80.355,25.55494],[-80.35212,25.55364],[-80.35006,25.55045],[-80.34528,25.54694],[-80.34003,25.54401],[-80.33248,25.54393],[-80.33034,25.5428],[-80.32555,25.53618],[-80.32497,25.53447],[-80.33152,25.5374],[-80.36579,25.53722],[-80.36308,25.54317],[-80.36295,25.55947],[-80.36227,25.55936]]]}},{"type":"Feature","properties":{"code":"DAD","county":"Miami-Dade","precinct":"741"},"geometry":{"type":"Polygon","coordinates":[[[-80.3997,25.65683],[-80.41568,25.65629],[-80.41599,25.66351],[-80.41538,25.66354],[-80.41535,25.66473],[-80.41288,25.66481],[-80.41256,25.66524],[-80.40007,25.66568],[-80.3997,25.65683]]]}},{"type":"Feature","properties":{"code":"DAD","county":"Miami-Dade","precinct":"296"},"geometry":{"type":"Polygon","coordinates":[[[-80.24388,25.90436],[-80.25604,25.89833],[-80.25832,25.89669],[-80.27547,25.89626],[-80.27617,25.91066],[-80.24417,25.9118],[-80.24388,25.90436]]]}},{"type":"Feature","properties":{"code":"DAD","county":"Miami-Dade","precinct":"559"},"geometry":{"type":"Polygon","coordinates":[[[-80.25542,25.77181],[-80.25546,25.77062],[-80.25848,25.77054],[-80.25841,25.76812],[-80.25942,25.76812],[-80.25922,25.76455],[-80.27147,25.76416],[-80.2717,25.77145],[-80.25542,25.77181]]]}},{"type":"Feature","properties":{"code":"DAD","county":"Miami-Dade","precinct":"839"},"geometry":{"type":"Polygon","coordinates":[[[-80.35753,25.56662],[-80.35605,25.56647],[-80.35594,25.56162],[-80.3571,25.55991],[-80.35919,25.55928],[-80.3602,25.56093],[-80.36203,25.56642],[-80.35753,25.56662]]]}},{"type":"Feature","properties":{"code":"DAD","county":"Miami-Dade","precinct":"459"},"geometry":{"type":"Polygon","coordinates":[[[-80.42089,25.76091],[-80.42052,25.75065],[-80.41652,25.75074],[-80.41624,25.74355],[-80.42023,25.74334],[-80.42052,25.75065],[-80.43054,25.7503],[-80.43059,25.75126],[-80.43252,25.75118],[-80.43286,25.76087],[-80.42089,25.76091]]]}},{"type":"Feature","properties":{"code":"DAD","county":"Miami-Dade","precinct":"599"},"geometry":{"type":"Polygon","coordinates":[[[-80.19379,25.79839],[-80.19399,25.79798],[-80.199,25.79801],[-80.19939,25.81028],[-80.19102,25.81061],[-80.19379,25.79839]]]}},{"type":"Feature","properties":{"code":"DAD","county":"Miami-Dade","precinct":"505"},"geometry":{"type":"Polygon","coordinates":[[[-80.18762,25.83649],[-80.206,25.83604],[-80.20603,25.83973],[-80.18836,25.84022],[-80.18868,25.84769],[-80.18831,25.84771],[-80.18762,25.83649]]]}},{"type":"Feature","properties":{"code":"DAD","county":"Miami-Dade","precinct":"138"},"geometry":{"type":"MultiPolygon","coordinates":[[[[-80.18693,25.90123],[-80.18685,25.89942],[-80.19192,25.89914],[-80.19298,25.8991],[-80.19307,25.90094],[-80.19376,25.90091],[-80.19382,25.90225],[-80.19313,25.90228],[-80.19316,25.90278],[-80.19104,25.90288],[-80.19123,25.90652],[-80.18817,25.90666],[-80.1884,25.91024],[-80.1874,25.91029],[-80.18693,25.90123]]],[[[-80.19546,25.89677],[-80.19544,25.89536],[-80.19821,25.8952],[-80.19824,25.89566],[-80.19893,25.89563],[-80.19904,25.89883],[-80.19577,25.89898],[-80.19546,25.89677]]]]}},{"type":"Feature","properties":{"code":"DAD","county":"Miami-Dade","precinct":"345"},"geometry":{"type":"Polygon","coordinates":[[[-80.28996,25.84059],[-80.29398,25.84103],[-80.29003,25.84119],[-80.28996,25.84059]]]}},{"type":"Feature","properties":{"code":"DAD","county":"Miami-Dade","precinct":"329"},"geometry":{"type":"Polygon","coordinates":[[[-80.2603,25.87059],[-80.26047,25.88206],[-80.2594,25.88207],[-80.25905,25.87064],[-80.2603,25.87059]]]}},{"type":"Feature","properties":{"code":"DAD","county":"Miami-Dade","precinct":"730"},"geometry":{"type":"Polygon","coordinates":[[[-80.38316,25.71183],[-80.38256,25.71014],[-80.36483,25.70111],[-80.38081,25.70057],[-80.38371,25.70093],[-80.38357,25.71508],[-80.38309,25.71505],[-80.38316,25.71183]]]}},{"type":"Feature","properties":{"code":"DAD","county":"Miami-Dade","precinct":"233"},"geometry":{"type":"Polygon","coordinates":[[[-80.26062,25.92515],[-80.2603,25.91772],[-80.25988,25.91604],[-80.25893,25.91475],[-80.29265,25.91323],[-80.29314,25.92506],[-80.26066,25.92573],[-80.26062,25.92515]]]}},{"type":"Feature","properties":{"code":"DAD","county":"Miami-Dade","precinct":"757"},"geometry":{"type":"Polygon","coordinates":[[[-80.41457,25.62629],[-80.42675,25.62588],[-80.42701,25.62783],[-80.42783,25.62827],[-80.44304,25.62786],[-80.4433,25.63284],[-80.41469,25.63361],[-80.41457,25.62629]]]}},{"type":"Feature","properties":{"code":"DAD","county":"Miami-Dade","precinct":"624"},"geometry":{"type":"Polygon","coordinates":[[[-80.19288,25.75799],[-80.1907,25.76617],[-80.18822,25.76561],[-80.18477,25.76312],[-80.18052,25.76312],[-80.18125,25.75129],[-80.19288,25.75799]]]}},{"type":"Feature","properties":{"code":"DAD","county":"Miami-Dade","precinct":"228"},"geometry":{"type":"Polygon","coordinates":[[[-80.25869,25.94045],[-80.25875,25.94769],[-80.24566,25.94816],[-80.24532,25.94094],[-80.25869,25.94045]]]}},{"type":"Feature","properties":{"code":"DAD","county":"Miami-Dade","precinct":"696"},"geometry":{"type":"MultiPolygon","coordinates":[[[[-80.30094,25.69184],[-80.30115,25.69128],[-80.30497,25.69163],[-80.31061,25.68696],[-80.31486,25.68248],[-80.31701,25.68762],[-80.31713,25.69526],[-80.29914,25.69648],[-80.30109,25.69477],[-80.30094,25.69184]]],[[[-80.3302,25.6889],[-80.3278,25.68877],[-80.32778,25.68821],[-80.33147,25.6881],[-80.33147,25.68862],[-80.3302,25.6889]]]]}},{"type":"Feature","properties":{"code":"DAD","county":"Miami-Dade","precinct":"862"},"geometry":{"type":"Polygon","coordinates":[[[-80.34043,25.56383],[-80.34042,25.56175],[-80.33714,25.56175],[-80.33716,25.56385],[-80.33145,25.5638],[-80.33134,25.55388],[-80.33356,25.55386],[-80.33354,25.55198],[-80.33965,25.55192],[-80.33968,25.5547],[-80.35186,25.55453],[-80.3519,25.55918],[-80.34705,25.55922],[-80.34705,25.56272],[-80.34582,25.56662],[-80.34335,25.56625],[-80.34043,25.56439],[-80.34043,25.56383]]]}},{"type":"Feature","properties":{"code":"DAD","county":"Miami-Dade","precinct":"145"},"geometry":{"type":"Polygon","coordinates":[[[-80.15869,25.90689],[-80.16711,25.90656],[-80.16714,25.90745],[-80.16311,25.90758],[-80.16347,25.9148],[-80.15753,25.91503],[-80.15869,25.90689]]]}},{"type":"Feature","properties":{"code":"DAD","county":"Miami-Dade","precinct":"357"},"geometry":{"type":"Polygon","coordinates":[[[-80.3156,25.88442],[-80.32364,25.88428],[-80.3243,25.89876],[-80.31623,25.89879],[-80.3156,25.88442]]]}},{"type":"Feature","properties":{"code":"DAD","county":"Miami-Dade","precinct":"206"},"geometry":{"type":"Polygon","coordinates":[[[-80.21405,25.96582],[-80.2139,25.96522],[-80.20592,25.96555],[-80.20569,25.95705],[-80.22919,25.95608],[-80.22946,25.96535],[-80.21405,25.96582]]]}},{"type":"Feature","properties":{"code":"DAD","county":"Miami-Dade","precinct":"642"},"geometry":{"type":"Polygon","coordinates":[[[-80.29914,25.69648],[-80.29908,25.69554],[-80.29709,25.69562],[-80.29714,25.69656],[-80.29314,25.6967],[-80.29289,25.69048],[-80.30115,25.69128],[-80.30109,25.69477],[-80.29914,25.69648]]]}},{"type":"Feature","properties":{"code":"DAD","county":"Miami-Dade","precinct":"976"},"geometry":{"type":"Polygon","coordinates":[[[-80.19399,25.79798],[-80.19466,25.79558],[-80.20553,25.79527],[-80.20558,25.7971],[-80.199,25.79802],[-80.19399,25.79798]]]}},{"type":"Feature","properties":{"code":"DAD","county":"Miami-Dade","precinct":"173"},"geometry":{"type":"MultiPolygon","coordinates":[[[[-80.2232,25.89415],[-80.22524,25.89405],[-80.22539,25.89769],[-80.22139,25.89785],[-80.22121,25.89421],[-80.2232,25.89415]]],[[[-80.22645,25.89038],[-80.22705,25.89036],[-80.22707,25.89081],[-80.22644,25.89083],[-80.22645,25.89038]]]]}},{"type":"Feature","properties":{"code":"DAD","county":"Miami-Dade","precinct":"347"},"geometry":{"type":"Polygon","coordinates":[[[-80.28918,25.80766],[-80.30315,25.8073],[-80.30457,25.80699],[-80.30512,25.80635],[-80.30529,25.81166],[-80.28929,25.81163],[-80.28918,25.80766]]]}},{"type":"Feature","properties":{"code":"DAD","county":"Miami-Dade","precinct":"371"},"geometry":{"type":"Polygon","coordinates":[[[-80.33783,25.82618],[-80.33701,25.79693],[-80.32173,25.79698],[-80.32145,25.78376],[-80.32191,25.78261],[-80.33045,25.78247],[-80.3373,25.7833],[-80.34054,25.78231],[-80.36875,25.78224],[-80.3694,25.81163],[-80.35341,25.81164],[-80.35394,25.8262],[-80.33783,25.82618]],[[-80.33988,25.80063],[-80.33988,25.79977],[-80.33727,25.79978],[-80.33729,25.80063],[-80.33988,25.80063]]]}},{"type":"Feature","properties":{"code":"DAD","county":"Miami-Dade","precinct":"962"},"geometry":{"type":"Polygon","coordinates":[[[-80.39727,25.55135],[-80.39698,25.5512],[-80.41144,25.53647],[-80.42092,25.53633],[-80.42101,25.54387],[-80.42914,25.5438],[-80.42921,25.55107],[-80.39727,25.55135]]]}},{"type":"Feature","properties":{"code":"DAD","county":"Miami-Dade","precinct":"467"},"geometry":{"type":"Polygon","coordinates":[[[-80.43824,25.74289],[-80.43821,25.74144],[-80.44022,25.74136],[-80.44004,25.73728],[-80.44804,25.73702],[-80.44825,25.74247],[-80.43824,25.74289]]]}},{"type":"Feature","properties":{"code":"DAD","county":"Miami-Dade","precinct":"2"},"geometry":{"type":"Polygon","coordinates":[[[-80.11668,25.94734],[-80.11733,25.93798],[-80.1309,25.93765],[-80.13183,25.93678],[-80.13203,25.93831],[-80.13269,25.93857],[-80.13133,25.93856],[-80.12822,25.94722],[-80.11668,25.94734]]]}},{"type":"Feature","properties":{"code":"DAD","county":"Miami-Dade","precinct":"735"},"geometry":{"type":"Polygon","coordinates":[[[-80.42994,25.68496],[-80.4305,25.69942],[-80.42253,25.69969],[-80.42274,25.69783],[-80.42481,25.69355],[-80.42409,25.69012],[-80.42487,25.68501],[-80.42994,25.68496]]]}},{"type":"Feature","properties":{"code":"DAD","county":"Miami-Dade","precinct":"623"},"geometry":{"type":"Polygon","coordinates":[[[-80.30112,25.69642],[-80.30524,25.69622],[-80.30594,25.7108],[-80.30667,25.71077],[-80.30677,25.71449],[-80.30211,25.71464],[-80.30112,25.69642]]]}},{"type":"Feature","properties":{"code":"DAD","county":"Miami-Dade","precinct":"777"},"geometry":{"type":"Polygon","coordinates":[[[-80.3502,25.69352],[-80.36483,25.70111],[-80.35015,25.70162],[-80.34989,25.6939],[-80.3502,25.69352]]]}},{"type":"Feature","properties":{"code":"DAD","county":"Miami-Dade","precinct":"581"},"geometry":{"type":"Polygon","coordinates":[[[-80.2225,25.76561],[-80.23068,25.76541],[-80.23093,25.77142],[-80.2228,25.77222],[-80.2225,25.76561]]]}},{"type":"Feature","properties":{"code":"DAD","county":"Miami-Dade","precinct":"619"},"geometry":{"type":"Polygon","coordinates":[[[-80.21173,25.81256],[-80.21164,25.80992],[-80.22799,25.80944],[-80.22811,25.81214],[-80.21173,25.81256]]]}},{"type":"Feature","properties":{"code":"DAD","county":"Miami-Dade","precinct":"858"},"geometry":{"type":"Polygon","coordinates":[[[-80.42176,25.61862],[-80.42263,25.61861],[-80.42282,25.61572],[-80.42228,25.61371],[-80.42307,25.6113],[-80.42999,25.61112],[-80.43071,25.62571],[-80.42675,25.62588],[-80.42176,25.61862]]]}},{"type":"Feature","properties":{"code":"DAD","county":"Miami-Dade","precinct":"160"},"geometry":{"type":"Polygon","coordinates":[[[-80.19409,25.88082],[-80.20874,25.88017],[-80.20855,25.87655],[-80.20886,25.87654],[-80.20896,25.8838],[-80.19426,25.88445],[-80.19409,25.88082]]]}},{"type":"Feature","properties":{"code":"DAD","county":"Miami-Dade","precinct":"405"},"geometry":{"type":"Polygon","coordinates":[[[-80.35168,25.7719],[-80.35031,25.7724],[-80.35107,25.77555],[-80.34706,25.77276],[-80.34525,25.77281],[-80.3428,25.77362],[-80.34062,25.7731],[-80.33931,25.77163],[-80.33905,25.7695],[-80.34442,25.76931],[-80.34418,25.76181],[-80.35197,25.76168],[-80.35243,25.76177],[-80.35214,25.76195],[-80.35369,25.77572],[-80.35235,25.77581],[-80.35168,25.7719]],[[-80.34352,25.77187],[-80.34294,25.77178],[-80.34215,25.77348],[-80.34298,25.77347],[-80.34352,25.77187]]]}},{"type":"Feature","properties":{"code":"DAD","county":"Miami-Dade","precinct":"356"},"geometry":{"type":"Polygon","coordinates":[[[-80.30964,25.93017],[-80.31096,25.93037],[-80.31168,25.93137],[-80.31204,25.93918],[-80.31342,25.94201],[-80.30694,25.94237],[-80.30703,25.93793],[-80.30937,25.93282],[-80.30964,25.93017]]]}},{"type":"Feature","properties":{"code":"DAD","county":"Miami-Dade","precinct":"849"},"geometry":{"type":"Polygon","coordinates":[[[-80.47811,25.55234],[-80.47847,25.59427],[-80.43411,25.59573],[-80.44784,25.58038],[-80.47811,25.55234]]]}},{"type":"Feature","properties":{"code":"DAD","county":"Miami-Dade","precinct":"915"},"geometry":{"type":"Polygon","coordinates":[[[-80.47756,25.48991],[-80.47756,25.48902],[-80.47606,25.48903],[-80.47605,25.48809],[-80.47339,25.48813],[-80.4733,25.48356],[-80.47233,25.48356],[-80.47233,25.48268],[-80.47489,25.4827],[-80.47488,25.48352],[-80.4775,25.48352],[-80.47745,25.48258],[-80.47952,25.48256],[-80.47951,25.48078],[-80.48952,25.48067],[-80.48948,25.47705],[-80.49371,25.47704],[-80.49379,25.48434],[-80.50584,25.48425],[-80.50586,25.48608],[-80.50787,25.48606],[-80.50794,25.49155],[-80.50391,25.49159],[-80.50395,25.49888],[-80.49792,25.49891],[-80.49787,25.49164],[-80.49704,25.49164],[-80.49703,25.49047],[-80.49386,25.49048],[-80.49383,25.48896],[-80.48562,25.48895],[-80.48559,25.49173],[-80.48359,25.49172],[-80.48361,25.48989],[-80.48058,25.48989],[-80.48027,25.49174],[-80.47959,25.49174],[-80.47958,25.4899],[-80.47756,25.48991]]]}},{"type":"Feature","properties":{"code":"DAD","county":"Miami-Dade","precinct":"364"},"geometry":{"type":"Polygon","coordinates":[[[-80.32609,25.94233],[-80.33429,25.94232],[-80.33437,25.94428],[-80.33516,25.94657],[-80.3346,25.94861],[-80.33491,25.95598],[-80.33329,25.95599],[-80.33325,25.95685],[-80.32676,25.95685],[-80.32609,25.94233]]]}},{"type":"Feature","properties":{"code":"DAD","county":"Miami-Dade","precinct":"564"},"geometry":{"type":"Polygon","coordinates":[[[-80.21447,25.7667],[-80.22257,25.76647],[-80.22287,25.77303],[-80.21467,25.77348],[-80.21447,25.7667]]]}},{"type":"Feature","properties":{"code":"DAD","county":"Miami-Dade","precinct":"107"},"geometry":{"type":"MultiPolygon","coordinates":[[[[-80.1629,25.94605],[-80.16283,25.94425],[-80.17986,25.94362],[-80.18036,25.94404],[-80.17808,25.94552],[-80.17218,25.94476],[-80.16839,25.94582],[-80.1629,25.94605]]],[[[-80.15826,25.94622],[-80.15673,25.94716],[-80.15669,25.94627],[-80.15826,25.94622]]]]}},{"type":"Feature","properties":{"code":"DAD","county":"Miami-Dade","precinct":"480"},"geometry":{"type":"Polygon","coordinates":[[[-80.41326,25.78267],[-80.40069,25.78248],[-80.40106,25.77292],[-80.41426,25.77264],[-80.41391,25.77246],[-80.41379,25.76901],[-80.41714,25.76885],[-80.41682,25.78268],[-80.41326,25.78267]]]}},{"type":"Feature","properties":{"code":"DAD","county":"Miami-Dade","precinct":"262"},"geometry":{"type":"Polygon","coordinates":[[[-80.22514,25.82808],[-80.22877,25.82793],[-80.2285,25.82063],[-80.23657,25.82036],[-80.23673,25.82403],[-80.23268,25.82417],[-80.23298,25.8314],[-80.22533,25.83163],[-80.22574,25.82989],[-80.22522,25.82992],[-80.22514,25.82808]]]}},{"type":"Feature","properties":{"code":"DAD","county":"Miami-Dade","precinct":"123"},"geometry":{"type":"Polygon","coordinates":[[[-80.15343,25.92875],[-80.15426,25.92611],[-80.15594,25.92609],[-80.15605,25.92844],[-80.16637,25.9286],[-80.16757,25.92933],[-80.1703,25.93249],[-80.17037,25.93397],[-80.15153,25.93477],[-80.15343,25.92875]]]}},{"type":"Feature","properties":{"code":"DAD","county":"Miami-Dade","precinct":"613"},"geometry":{"type":"Polygon","coordinates":[[[-80.26801,25.71234],[-80.2734,25.71217],[-80.27315,25.70493],[-80.27721,25.70477],[-80.27722,25.70552],[-80.27926,25.70545],[-80.27925,25.70467],[-80.2854,25.70443],[-80.28552,25.7075],[-80.27091,25.71934],[-80.26829,25.71613],[-80.26801,25.71234]]]}},{"type":"Feature","properties":{"code":"DAD","county":"Miami-Dade","precinct":"591"},"geometry":{"type":"Polygon","coordinates":[[[-80.23148,25.79451],[-80.23176,25.80191],[-80.23587,25.80177],[-80.23596,25.80369],[-80.23184,25.8037],[-80.23191,25.80563],[-80.22374,25.80584],[-80.22326,25.79473],[-80.23148,25.79451]]]}},{"type":"Feature","properties":{"code":"DAD","county":"Miami-Dade","precinct":"914"},"geometry":{"type":"Polygon","coordinates":[[[-80.48984,25.49898],[-80.48972,25.48895],[-80.49383,25.48896],[-80.49386,25.49048],[-80.49703,25.49047],[-80.49704,25.49164],[-80.49787,25.49164],[-80.49792,25.49891],[-80.50395,25.49888],[-80.50391,25.49159],[-80.50794,25.49155],[-80.50787,25.48606],[-80.50586,25.48608],[-80.50584,25.48425],[-80.49379,25.48434],[-80.49365,25.47157],[-80.49565,25.47154],[-80.49562,25.46969],[-80.5097,25.46959],[-80.51034,25.52084],[-80.4901,25.52102],[-80.48984,25.49898]]]}},{"type":"Feature","properties":{"code":"DAD","county":"Miami-Dade","precinct":"936"},"geometry":{"type":"Polygon","coordinates":[[[-80.51505,25.66668],[-80.51486,25.66004],[-80.67561,25.66018],[-80.67571,25.66647],[-80.67384,25.66648],[-80.67382,25.66578],[-80.67332,25.66579],[-80.67334,25.66621],[-80.64931,25.66637],[-80.51505,25.66668]]]}},{"type":"Feature","properties":{"code":"DAD","county":"Miami-Dade","precinct":"519"},"geometry":{"type":"Polygon","coordinates":[[[-80.19558,25.81772],[-80.19559,25.81691],[-80.19967,25.81679],[-80.20552,25.81678],[-80.20562,25.81757],[-80.20784,25.81751],[-80.20817,25.82494],[-80.19606,25.82526],[-80.19558,25.81772]]]}},{"type":"Feature","properties":{"code":"DAD","county":"Miami-Dade","precinct":"146"},"geometry":{"type":"Polygon","coordinates":[[[-80.13047,25.92982],[-80.12986,25.92273],[-80.12623,25.9179],[-80.12585,25.90888],[-80.13141,25.90137],[-80.13006,25.90144],[-80.13854,25.89349],[-80.15307,25.89376],[-80.15303,25.89312],[-80.15607,25.89223],[-80.15967,25.89206],[-80.16277,25.89257],[-80.16038,25.90052],[-80.15051,25.90084],[-80.15057,25.90273],[-80.15727,25.90253],[-80.15682,25.90512],[-80.15588,25.90516],[-80.15548,25.90735],[-80.15819,25.90725],[-80.15779,25.90858],[-80.15502,25.90863],[-80.15528,25.91327],[-80.15693,25.9132],[-80.15544,25.92062],[-80.15362,25.92068],[-80.15375,25.92343],[-80.15439,25.92342],[-80.15394,25.92485],[-80.1528,25.9249],[-80.15282,25.92545],[-80.15371,25.92565],[-80.15356,25.92611],[-80.14935,25.92598],[-80.14901,25.92518],[-80.14778,25.92494],[-80.1464,25.92175],[-80.14419,25.92197],[-80.14225,25.92087],[-80.14037,25.92057],[-80.13751,25.92363],[-80.13691,25.92362],[-80.13653,25.9249],[-80.13687,25.9254],[-80.13503,25.92644],[-80.13529,25.92811],[-80.13353,25.92917],[-80.13249,25.92888],[-80.13047,25.92982]]]}},{"type":"Feature","properties":{"code":"DAD","county":"Miami-Dade","precinct":"584"},"geometry":{"type":"Polygon","coordinates":[[[-80.24955,25.72557],[-80.24952,25.72406],[-80.25341,25.72396],[-80.25347,25.7252],[-80.25755,25.72508],[-80.25764,25.72747],[-80.25567,25.72754],[-80.25586,25.73128],[-80.25089,25.73512],[-80.24586,25.73533],[-80.24549,25.72794],[-80.24963,25.72777],[-80.24955,25.72557]]]}},{"type":"Feature","properties":{"code":"DAD","county":"Miami-Dade","precinct":"309"},"geometry":{"type":"Polygon","coordinates":[[[-80.32364,25.88428],[-80.3397,25.88406],[-80.34036,25.89875],[-80.3243,25.89876],[-80.32364,25.88428]]]}},{"type":"Feature","properties":{"code":"DAD","county":"Miami-Dade","precinct":"113"},"geometry":{"type":"Polygon","coordinates":[[[-80.14995,25.93776],[-80.14851,25.94224],[-80.14017,25.94248],[-80.14,25.9385],[-80.14799,25.93117],[-80.14822,25.93787],[-80.14961,25.93819],[-80.14995,25.93776]]]}},{"type":"Feature","properties":{"code":"DAD","county":"Miami-Dade","precinct":"437"},"geometry":{"type":"Polygon","coordinates":[[[-80.35976,25.7325],[-80.36378,25.73239],[-80.36374,25.73967],[-80.3517,25.73996],[-80.35174,25.7327],[-80.35976,25.7325]]]}},{"type":"Feature","properties":{"code":"DAD","county":"Miami-Dade","precinct":"628"},"geometry":{"type":"MultiPolygon","coordinates":[[[[-80.28441,25.67667],[-80.28434,25.67485],[-80.29451,25.67456],[-80.29374,25.65054],[-80.30164,25.65566],[-80.31007,25.65571],[-80.31073,25.6741],[-80.30259,25.67432],[-80.3027,25.67614],[-80.28441,25.67667]]],[[[-80.29362,25.64496],[-80.29552,25.64492],[-80.29558,25.64743],[-80.29365,25.64747],[-80.29362,25.64496]]]]}},{"type":"Feature","properties":{"code":"DAD","county":"Miami-Dade","precinct":"980"},"geometry":{"type":"MultiPolygon","coordinates":[[[[-80.19202,25.77709],[-80.19375,25.77702],[-80.19379,25.77801],[-80.19205,25.77802],[-80.19211,25.77902],[-80.19041,25.77906],[-80.19037,25.77713],[-80.19202,25.77709]]],[[[-80.18957,25.78201],[-80.19054,25.78195],[-80.19059,25.78293],[-80.18961,25.78297],[-80.18957,25.78201]]]]}},{"type":"Feature","properties":{"code":"DAD","county":"Miami-Dade","precinct":"31"},"geometry":{"type":"Polygon","coordinates":[[[-80.12503,25.8105],[-80.12526,25.80791],[-80.1271,25.80395],[-80.12694,25.80165],[-80.12741,25.80063],[-80.14131,25.79315],[-80.14133,25.79485],[-80.13833,25.79816],[-80.13848,25.80571],[-80.13636,25.80874],[-80.13413,25.80893],[-80.13282,25.80965],[-80.12748,25.80904],[-80.127,25.81269],[-80.12647,25.81368],[-80.12458,25.81338],[-80.12503,25.8105]]]}},{"type":"Feature","properties":{"code":"DAD","county":"Miami-Dade","precinct":"724"},"geometry":{"type":"Polygon","coordinates":[[[-80.33385,25.69576],[-80.33811,25.69551],[-80.34341,25.6959],[-80.33785,25.70214],[-80.33888,25.7021],[-80.33438,25.70679],[-80.33385,25.69576]]]}},{"type":"Feature","properties":{"code":"DAD","county":"Miami-Dade","precinct":"774"},"geometry":{"type":"Polygon","coordinates":[[[-80.43426,25.69203],[-80.43403,25.68776],[-80.43316,25.68629],[-80.43308,25.68483],[-80.44113,25.68459],[-80.4391,25.69242],[-80.43426,25.69203]]]}},{"type":"Feature","properties":{"code":"DAD","county":"Miami-Dade","precinct":"249"},"geometry":{"type":"Polygon","coordinates":[[[-80.21324,25.84688],[-80.21326,25.84878],[-80.21525,25.84873],[-80.21532,25.85055],[-80.21745,25.85049],[-80.21753,25.85522],[-80.20799,25.85437],[-80.20776,25.84762],[-80.2097,25.8476],[-80.2097,25.84701],[-80.21324,25.84688]]]}},{"type":"Feature","properties":{"code":"DAD","county":"Miami-Dade","precinct":"790"},"geometry":{"type":"Polygon","coordinates":[[[-80.48088,25.66089],[-80.47942,25.62149],[-80.49551,25.62141],[-80.4955,25.62313],[-80.49679,25.62344],[-80.50874,25.61224],[-80.50904,25.61116],[-80.51068,25.61044],[-80.51227,25.60867],[-80.54906,25.60845],[-80.54956,25.62535],[-80.54734,25.62535],[-80.54776,25.64071],[-80.53855,25.64086],[-80.53896,25.65343],[-80.51461,25.65392],[-80.51486,25.66004],[-80.51285,25.66004],[-80.51283,25.65947],[-80.49785,25.65956],[-80.49787,25.66002],[-80.48088,25.66089]]]}},{"type":"Feature","properties":{"code":"DAD","county":"Miami-Dade","precinct":"848"},"geometry":{"type":"Polygon","coordinates":[[[-80.42922,25.55106],[-80.47808,25.55051],[-80.47811,25.55234],[-80.44784,25.58038],[-80.43411,25.59573],[-80.42969,25.59594],[-80.42922,25.55106]]]}},{"type":"Feature","properties":{"code":"DAD","county":"Miami-Dade","precinct":"761"},"geometry":{"type":"Polygon","coordinates":[[[-80.43273,25.67751],[-80.43257,25.67023],[-80.44387,25.66988],[-80.44415,25.67297],[-80.44321,25.67493],[-80.44207,25.67565],[-80.43741,25.67627],[-80.43639,25.67694],[-80.43536,25.67853],[-80.43523,25.68057],[-80.4367,25.68295],[-80.437,25.68469],[-80.43308,25.68483],[-80.43273,25.67751]]]}},{"type":"Feature","properties":{"code":"DAD","county":"Miami-Dade","precinct":"714"},"geometry":{"type":"Polygon","coordinates":[[[-80.34294,25.71631],[-80.35089,25.71608],[-80.35174,25.7327],[-80.34774,25.73278],[-80.34762,25.7306],[-80.34587,25.73064],[-80.34594,25.72998],[-80.34359,25.73007],[-80.34351,25.72665],[-80.34438,25.72337],[-80.34312,25.72037],[-80.34294,25.71631]]]}},{"type":"Feature","properties":{"code":"DAD","county":"Miami-Dade","precinct":"775"},"geometry":{"type":"Polygon","coordinates":[[[-80.4463,25.69243],[-80.44601,25.68444],[-80.45408,25.68413],[-80.45454,25.69857],[-80.44651,25.69891],[-80.4463,25.69243]]]}},{"type":"Feature","properties":{"code":"DAD","county":"Miami-Dade","precinct":"10"},"geometry":{"type":"Polygon","coordinates":[[[-80.14054,25.88687],[-80.13828,25.88442],[-80.13364,25.88278],[-80.12931,25.87992],[-80.13396,25.87203],[-80.14454,25.8716],[-80.14424,25.8725],[-80.15605,25.87207],[-80.1517,25.88122],[-80.14437,25.88796],[-80.14054,25.88687]]]}},{"type":"Feature","properties":{"code":"DAD","county":"Miami-Dade","precinct":"27"},"geometry":{"type":"Polygon","coordinates":[[[-80.13266,25.81391],[-80.12647,25.81368],[-80.127,25.81269],[-80.12748,25.80904],[-80.13282,25.80965],[-80.13413,25.80893],[-80.13594,25.80868],[-80.13636,25.80874],[-80.13625,25.80939],[-80.13748,25.80961],[-80.16033,25.80979],[-80.16012,25.81051],[-80.14286,25.81043],[-80.13266,25.81391]]]}},{"type":"Feature","properties":{"code":"DAD","county":"Miami-Dade","precinct":"284"},"geometry":{"type":"Polygon","coordinates":[[[-80.24013,25.80533],[-80.23984,25.79427],[-80.24052,25.79425],[-80.24399,25.7963],[-80.24428,25.80847],[-80.24023,25.80861],[-80.24013,25.80533]]]}},{"type":"Feature","properties":{"code":"DAD","county":"Miami-Dade","precinct":"259"},"geometry":{"type":"MultiPolygon","coordinates":[[[[-80.24175,25.84604],[-80.24148,25.83864],[-80.24756,25.83845],[-80.24686,25.82377],[-80.24892,25.82367],[-80.24882,25.82142],[-80.25091,25.82137],[-80.25096,25.82361],[-80.25297,25.82355],[-80.25357,25.83603],[-80.24956,25.83622],[-80.24991,25.84575],[-80.24175,25.84604]]],[[[-80.24879,25.81996],[-80.25086,25.81991],[-80.25089,25.82066],[-80.24882,25.82071],[-80.24879,25.81996]]]]}},{"type":"Feature","properties":{"code":"DAD","county":"Miami-Dade","precinct":"517"},"geometry":{"type":"Polygon","coordinates":[[[-80.18915,25.81855],[-80.19564,25.81852],[-80.19606,25.82526],[-80.1874,25.82548],[-80.18915,25.81855]]]}},{"type":"Feature","properties":{"code":"DAD","county":"Miami-Dade","precinct":"9"},"geometry":{"type":"Polygon","coordinates":[[[-80.11021,25.87224],[-80.11788,25.87274],[-80.13396,25.87203],[-80.13025,25.87786],[-80.12787,25.88314],[-80.12811,25.88684],[-80.12108,25.88712],[-80.11026,25.88714],[-80.11021,25.87224]]]}},{"type":"Feature","properties":{"code":"DAD","county":"Miami-Dade","precinct":"860"},"geometry":{"type":"Polygon","coordinates":[[[-80.39492,25.62686],[-80.40648,25.62652],[-80.39854,25.63544],[-80.39819,25.63162],[-80.39542,25.62876],[-80.39492,25.62686]]]}},{"type":"Feature","properties":{"code":"DAD","county":"Miami-Dade","precinct":"264"},"geometry":{"type":"Polygon","coordinates":[[[-80.23219,25.81204],[-80.24039,25.81228],[-80.24052,25.81647],[-80.23646,25.81662],[-80.23657,25.82036],[-80.2285,25.82063],[-80.22811,25.81211],[-80.23219,25.81204]]]}},{"type":"Feature","properties":{"code":"DAD","county":"Miami-Dade","precinct":"604"},"geometry":{"type":"Polygon","coordinates":[[[-80.25485,25.75657],[-80.25454,25.74804],[-80.26263,25.74766],[-80.26279,25.74949],[-80.26684,25.74923],[-80.26711,25.75701],[-80.26298,25.75714],[-80.26296,25.75618],[-80.26091,25.75622],[-80.26099,25.75813],[-80.25491,25.75833],[-80.25485,25.75657]]]}},{"type":"Feature","properties":{"code":"DAD","county":"Miami-Dade","precinct":"922"},"geometry":{"type":"Polygon","coordinates":[[[-80.48535,25.44777],[-80.49342,25.44778],[-80.4935,25.45869],[-80.49752,25.45873],[-80.49754,25.46238],[-80.48537,25.46243],[-80.48535,25.44777]]]}},{"type":"Feature","properties":{"code":"DAD","county":"Miami-Dade","precinct":"440"},"geometry":{"type":"Polygon","coordinates":[[[-80.38439,25.73281],[-80.38434,25.73202],[-80.38372,25.73202],[-80.38367,25.72989],[-80.39959,25.72937],[-80.40015,25.744],[-80.39248,25.74422],[-80.38845,25.74616],[-80.38497,25.74632],[-80.38439,25.73281]]]}},{"type":"Feature","properties":{"code":"DAD","county":"Miami-Dade","precinct":"179"},"geometry":{"type":"MultiPolygon","coordinates":[[[[-80.17358,25.87233],[-80.17229,25.87235],[-80.1791,25.86398],[-80.1853,25.86377],[-80.18574,25.87366],[-80.17759,25.87394],[-80.17371,25.87472],[-80.17358,25.87233]]],[[[-80.17697,25.85958],[-80.17694,25.85916],[-80.18108,25.85905],[-80.18103,25.85785],[-80.18401,25.85777],[-80.18397,25.85642],[-80.18448,25.85641],[-80.18445,25.85522],[-80.18492,25.85524],[-80.18495,25.85667],[-80.18399,25.85814],[-80.17912,25.86395],[-80.17719,25.86401],[-80.17697,25.85958]]]]}},{"type":"Feature","properties":{"code":"DAD","county":"Miami-Dade","precinct":"891"},"geometry":{"type":"Polygon","coordinates":[[[-80.41237,25.49958],[-80.41248,25.51056],[-80.40111,25.5219],[-80.38816,25.52202],[-80.38812,25.51824],[-80.37192,25.51848],[-80.37187,25.50749],[-80.40425,25.50709],[-80.4042,25.49972],[-80.41237,25.49958]]]}},{"type":"Feature","properties":{"code":"DAD","county":"Miami-Dade","precinct":"276"},"geometry":{"type":"Polygon","coordinates":[[[-80.21163,25.90555],[-80.21128,25.89825],[-80.21932,25.89794],[-80.21937,25.89941],[-80.21536,25.89956],[-80.21547,25.90177],[-80.21948,25.90161],[-80.21958,25.9089],[-80.21166,25.90927],[-80.21163,25.90555]]]}},{"type":"Feature","properties":{"code":"DAD","county":"Miami-Dade","precinct":"648"},"geometry":{"type":"Polygon","coordinates":[[[-80.27976,25.66624],[-80.28123,25.66428],[-80.28404,25.66374],[-80.28432,25.67438],[-80.28404,25.66988],[-80.28353,25.6688],[-80.27976,25.66624]]]}},{"type":"Feature","properties":{"code":"DAD","county":"Miami-Dade","precinct":"368"},"geometry":{"type":"Polygon","coordinates":[[[-80.37377,25.92776],[-80.37247,25.89873],[-80.3564,25.89874],[-80.35555,25.88023],[-80.35671,25.87895],[-80.38551,25.90028],[-80.37548,25.92776],[-80.37377,25.92776]]]}},{"type":"Feature","properties":{"code":"DAD","county":"Miami-Dade","precinct":"572"},"geometry":{"type":"Polygon","coordinates":[[[-80.2305,25.76043],[-80.23068,25.76541],[-80.22054,25.76569],[-80.22025,25.75793],[-80.22635,25.75815],[-80.22643,25.76045],[-80.2305,25.76043]]]}},{"type":"Feature","properties":{"code":"DAD","county":"Miami-Dade","precinct":"248"},"geometry":{"type":"Polygon","coordinates":[[[-80.24286,25.86487],[-80.24287,25.86386],[-80.24235,25.86388],[-80.24175,25.84604],[-80.25603,25.84556],[-80.25619,25.84922],[-80.25005,25.84942],[-80.25066,25.86455],[-80.24286,25.86487]]]}},{"type":"Feature","properties":{"code":"DAD","county":"Miami-Dade","precinct":"106"},"geometry":{"type":"Polygon","coordinates":[[[-80.17352,25.94601],[-80.17327,25.94478],[-80.17638,25.94554],[-80.18206,25.94532],[-80.18505,25.94739],[-80.17809,25.95333],[-80.16973,25.95903],[-80.16576,25.95916],[-80.16539,25.9514],[-80.17313,25.95119],[-80.17352,25.94601]]]}},{"type":"Feature","properties":{"code":"DAD","county":"Miami-Dade","precinct":"338"},"geometry":{"type":"Polygon","coordinates":[[[-80.25926,25.83545],[-80.25923,25.83066],[-80.26553,25.83051],[-80.26618,25.84521],[-80.25962,25.84546],[-80.25926,25.83545]]]}},{"type":"Feature","properties":{"code":"DAD","county":"Miami-Dade","precinct":"521"},"geometry":{"type":"Polygon","coordinates":[[[-80.20817,25.82494],[-80.21625,25.82465],[-80.21659,25.83196],[-80.20851,25.83224],[-80.20817,25.82494]]]}},{"type":"Feature","properties":{"code":"DAD","county":"Miami-Dade","precinct":"557"},"geometry":{"type":"Polygon","coordinates":[[[-80.27147,25.76416],[-80.28786,25.76356],[-80.28812,25.77077],[-80.2717,25.77145],[-80.27147,25.76416]]]}},{"type":"Feature","properties":{"code":"DAD","county":"Miami-Dade","precinct":"281"},"geometry":{"type":"MultiPolygon","coordinates":[[[[-80.25096,25.82212],[-80.25091,25.82137],[-80.24882,25.82142],[-80.24882,25.82071],[-80.25089,25.82066],[-80.25086,25.81991],[-80.24879,25.81996],[-80.24848,25.81219],[-80.25656,25.81048],[-80.25683,25.81783],[-80.2558,25.81786],[-80.25587,25.81973],[-80.25485,25.81977],[-80.25493,25.82163],[-80.25593,25.8216],[-80.256,25.82346],[-80.25096,25.82361],[-80.25096,25.82212]]],[[[-80.24028,25.80999],[-80.24026,25.8095],[-80.24836,25.80922],[-80.24847,25.81219],[-80.24039,25.81228],[-80.24028,25.80999]]]]}},{"type":"Feature","properties":{"code":"DAD","county":"Miami-Dade","precinct":"150"},"geometry":{"type":"Polygon","coordinates":[[[-80.16555,25.88381],[-80.16606,25.88261],[-80.16605,25.88466],[-80.17004,25.88383],[-80.17401,25.88392],[-80.17249,25.88716],[-80.16431,25.88752],[-80.16555,25.88381]]]}},{"type":"Feature","properties":{"code":"DAD","county":"Miami-Dade","precinct":"795"},"geometry":{"type":"Polygon","coordinates":[[[-80.41794,25.60715],[-80.42065,25.60726],[-80.42204,25.60648],[-80.42151,25.59622],[-80.42969,25.59594],[-80.42979,25.60065],[-80.41856,25.6131],[-80.41817,25.61275],[-80.41794,25.60715]]]}},{"type":"Feature","properties":{"code":"DAD","county":"Miami-Dade","precinct":"812"},"geometry":{"type":"Polygon","coordinates":[[[-80.3456,25.61911],[-80.34719,25.61391],[-80.35729,25.61354],[-80.35788,25.62533],[-80.35875,25.62645],[-80.35801,25.62839],[-80.35388,25.62856],[-80.35384,25.62778],[-80.352,25.62797],[-80.35169,25.62417],[-80.34795,25.62326],[-80.34775,25.62132],[-80.34855,25.62124],[-80.34877,25.62032],[-80.3456,25.61911]]]}},{"type":"Feature","properties":{"code":"DAD","county":"Miami-Dade","precinct":"759"},"geometry":{"type":"Polygon","coordinates":[[[-80.44835,25.65479],[-80.44726,25.63825],[-80.45189,25.63805],[-80.45151,25.62885],[-80.44702,25.62905],[-80.44697,25.62534],[-80.47953,25.62442],[-80.48088,25.66089],[-80.4494,25.66224],[-80.4487,25.66161],[-80.44835,25.65479]]]}},{"type":"Feature","properties":{"code":"DAD","county":"Miami-Dade","precinct":"369"},"geometry":{"type":"Polygon","coordinates":[[[-80.35078,25.94911],[-80.3497,25.9278],[-80.37548,25.92776],[-80.38551,25.90028],[-80.43769,25.9389],[-80.43967,25.94142],[-80.43128,25.95082],[-80.43161,25.95686],[-80.35111,25.95682],[-80.35078,25.94911]]]}},{"type":"Feature","properties":{"code":"DAD","county":"Miami-Dade","precinct":"414"},"geometry":{"type":"Polygon","coordinates":[[[-80.41418,25.76091],[-80.40984,25.76089],[-80.40985,25.7584],[-80.41106,25.75443],[-80.41035,25.7524],[-80.41022,25.74368],[-80.41624,25.74355],[-80.41652,25.75074],[-80.42052,25.75065],[-80.42089,25.76091],[-80.41418,25.76091]]]}},{"type":"Feature","properties":{"code":"DAD","county":"Miami-Dade","precinct":"783"},"geometry":{"type":"Polygon","coordinates":[[[-80.41728,25.67076],[-80.41767,25.67416],[-80.41733,25.67417],[-80.41738,25.67776],[-80.41931,25.6778],[-80.41862,25.67865],[-80.41874,25.68322],[-80.42066,25.68366],[-80.42076,25.68518],[-80.41655,25.68532],[-80.41636,25.67078],[-80.41728,25.67076]]]}},{"type":"Feature","properties":{"code":"DAD","county":"Miami-Dade","precinct":"394"},"geometry":{"type":"Polygon","coordinates":[[[-80.3873,25.86965],[-80.37115,25.86972],[-80.37074,25.85516],[-80.38668,25.85513],[-80.3873,25.86965]]]}},{"type":"Feature","properties":{"code":"DAD","county":"Miami-Dade","precinct":"156"},"geometry":{"type":"Polygon","coordinates":[[[-80.1853,25.86377],[-80.1852,25.86087],[-80.19735,25.86043],[-80.19776,25.86949],[-80.19367,25.86965],[-80.19373,25.87292],[-80.18574,25.87366],[-80.1853,25.86377]]]}},{"type":"Feature","properties":{"code":"DAD","county":"Miami-Dade","precinct":"792"},"geometry":{"type":"Polygon","coordinates":[[[-80.42047,25.6835],[-80.41874,25.68322],[-80.41862,25.67865],[-80.41931,25.6778],[-80.41738,25.67776],[-80.41762,25.67274],[-80.41728,25.67076],[-80.41636,25.67078],[-80.41568,25.65629],[-80.4239,25.65572],[-80.42437,25.67239],[-80.42375,25.67352],[-80.42123,25.67578],[-80.42042,25.6784],[-80.42116,25.68043],[-80.42423,25.68316],[-80.42487,25.68502],[-80.42076,25.68518],[-80.42047,25.6835]]]}},{"type":"Feature","properties":{"code":"DAD","county":"Miami-Dade","precinct":"909"},"geometry":{"type":"Polygon","coordinates":[[[-80.41608,25.50692],[-80.41699,25.50351],[-80.41725,25.49951],[-80.44628,25.49931],[-80.43906,25.50669],[-80.42175,25.50689],[-80.42012,25.50755],[-80.41968,25.50689],[-80.41608,25.50692]]]}},{"type":"Feature","properties":{"code":"DAD","county":"Miami-Dade","precinct":"586"},"geometry":{"type":"Polygon","coordinates":[[[-80.24586,25.73533],[-80.25076,25.73518],[-80.24592,25.73696],[-80.24586,25.73533]]]}},{"type":"Feature","properties":{"code":"DAD","county":"Miami-Dade","precinct":"323"},"geometry":{"type":"Polygon","coordinates":[[[-80.3148,25.86388],[-80.31454,25.85526],[-80.31858,25.85526],[-80.31875,25.86119],[-80.32013,25.86352],[-80.32022,25.86655],[-80.32293,25.86662],[-80.32299,25.86957],[-80.3149,25.86958],[-80.3148,25.86388]]]}},{"type":"Feature","properties":{"code":"DAD","county":"Miami-Dade","precinct":"560"},"geometry":{"type":"Polygon","coordinates":[[[-80.25542,25.77181],[-80.26369,25.77167],[-80.26401,25.77869],[-80.25573,25.77892],[-80.25542,25.77181]]]}},{"type":"Feature","properties":{"code":"DAD","county":"Miami-Dade","precinct":"244"},"geometry":{"type":"Polygon","coordinates":[[[-80.20942,25.85437],[-80.20969,25.86185],[-80.22386,25.86126],[-80.22603,25.86507],[-80.22612,25.86859],[-80.20854,25.86922],[-80.20816,25.85436],[-80.20942,25.85437]]]}},{"type":"Feature","properties":{"code":"DAD","county":"Miami-Dade","precinct":"828"},"geometry":{"type":"Polygon","coordinates":[[[-80.38867,25.56617],[-80.38874,25.57012],[-80.38157,25.57012],[-80.38009,25.57103],[-80.37842,25.57101],[-80.37767,25.57046],[-80.38214,25.56624],[-80.38867,25.56617]]]}},{"type":"Feature","properties":{"code":"DAD","county":"Miami-Dade","precinct":"360"},"geometry":{"type":"Polygon","coordinates":[[[-80.34809,25.89149],[-80.34775,25.88422],[-80.35576,25.8842],[-80.3564,25.89874],[-80.34844,25.89874],[-80.35091,25.89825],[-80.35132,25.89792],[-80.35134,25.89679],[-80.35079,25.89691],[-80.35042,25.89802],[-80.3484,25.89784],[-80.34809,25.89149]]]}},{"type":"Feature","properties":{"code":"DAD","county":"Miami-Dade","precinct":"172"},"geometry":{"type":"Polygon","coordinates":[[[-80.17889,25.89967],[-80.18356,25.89405],[-80.1866,25.89392],[-80.18685,25.89942],[-80.17889,25.89967]]]}},{"type":"Feature","properties":{"code":"DAD","county":"Miami-Dade","precinct":"538"},"geometry":{"type":"Polygon","coordinates":[[[-80.18539,25.81147],[-80.18538,25.80542],[-80.18939,25.80525],[-80.1894,25.81145],[-80.18539,25.81147]]]}},{"type":"Feature","properties":{"code":"DAD","county":"Miami-Dade","precinct":"504"},"geometry":{"type":"Polygon","coordinates":[[[-80.18477,25.85153],[-80.18175,25.85165],[-80.18017,25.85308],[-80.17965,25.85305],[-80.17966,25.85374],[-80.17682,25.85539],[-80.16135,25.8559],[-80.16037,25.83325],[-80.18406,25.83265],[-80.18477,25.85153]]]}},{"type":"Feature","properties":{"code":"DAD","county":"Miami-Dade","precinct":"472"},"geometry":{"type":"Polygon","coordinates":[[[-80.4088,25.7609],[-80.41703,25.76093],[-80.41714,25.76885],[-80.41379,25.76901],[-80.41391,25.77246],[-80.41426,25.77264],[-80.40909,25.77277],[-80.4089,25.76474],[-80.40983,25.76126],[-80.4088,25.7609]]]}},{"type":"Feature","properties":{"code":"DAD","county":"Miami-Dade","precinct":"598"},"geometry":{"type":"Polygon","coordinates":[[[-80.22799,25.80944],[-80.24024,25.80907],[-80.24032,25.81093],[-80.22806,25.81131],[-80.22799,25.80944]]]}},{"type":"Feature","properties":{"code":"DAD","county":"Miami-Dade","precinct":"780"},"geometry":{"type":"Polygon","coordinates":[[[-80.44304,25.62786],[-80.42766,25.62825],[-80.42701,25.62783],[-80.42675,25.62588],[-80.44697,25.62534],[-80.44702,25.62905],[-80.44622,25.62787],[-80.44304,25.62786]]]}},{"type":"Feature","properties":{"code":"DAD","county":"Miami-Dade","precinct":"471"},"geometry":{"type":"Polygon","coordinates":[[[-80.35969,25.74699],[-80.36771,25.7467],[-80.36807,25.75427],[-80.36007,25.75434],[-80.35969,25.74699]]]}},{"type":"Feature","properties":{"code":"DAD","county":"Miami-Dade","precinct":"605"},"geometry":{"type":"Polygon","coordinates":[[[-80.28486,25.68968],[-80.28483,25.68931],[-80.28681,25.68986],[-80.29286,25.68933],[-80.29289,25.6906],[-80.28486,25.68968]]]}},{"type":"Feature","properties":{"code":"DAD","county":"Miami-Dade","precinct":"841"},"geometry":{"type":"Polygon","coordinates":[[[-80.38529,25.60338],[-80.38495,25.59746],[-80.41305,25.59656],[-80.41333,25.60211],[-80.41794,25.60715],[-80.41817,25.61275],[-80.41857,25.61311],[-80.40657,25.62651],[-80.37989,25.62746],[-80.37882,25.62458],[-80.3786,25.61257],[-80.3857,25.61231],[-80.38529,25.60338]]]}},{"type":"Feature","properties":{"code":"DAD","county":"Miami-Dade","precinct":"306"},"geometry":{"type":"Polygon","coordinates":[[[-80.29314,25.92506],[-80.29252,25.90985],[-80.2984,25.90979],[-80.30468,25.91129],[-80.30545,25.91098],[-80.30633,25.90923],[-80.30823,25.90868],[-80.30948,25.91275],[-80.309,25.91577],[-80.30942,25.92514],[-80.29316,25.92539],[-80.29314,25.92506]]]}},{"type":"Feature","properties":{"code":"DAD","county":"Miami-Dade","precinct":"112"},"geometry":{"type":"Polygon","coordinates":[[[-80.14851,25.94224],[-80.148,25.94389],[-80.14665,25.94353],[-80.14029,25.94375],[-80.14017,25.94248],[-80.14851,25.94224]]]}},{"type":"Feature","properties":{"code":"DAD","county":"Miami-Dade","precinct":"508"},"geometry":{"type":"Polygon","coordinates":[[[-80.21661,25.83231],[-80.21659,25.83196],[-80.22533,25.83163],[-80.22558,25.8391],[-80.217,25.83939],[-80.21661,25.83231]]]}},{"type":"Feature","properties":{"code":"DAD","county":"Miami-Dade","precinct":"134"},"geometry":{"type":"Polygon","coordinates":[[[-80.21126,25.89802],[-80.21111,25.89462],[-80.20954,25.8947],[-80.20938,25.89089],[-80.22643,25.89037],[-80.22644,25.89083],[-80.22707,25.89081],[-80.22737,25.8976],[-80.22539,25.89769],[-80.22524,25.89405],[-80.22121,25.89421],[-80.22139,25.89787],[-80.21126,25.89802]]]}},{"type":"Feature","properties":{"code":"DAD","county":"Miami-Dade","precinct":"223"},"geometry":{"type":"Polygon","coordinates":[[[-80.26303,25.96186],[-80.24655,25.96124],[-80.24597,25.95547],[-80.25329,25.95565],[-80.2575,25.95496],[-80.26638,25.95467],[-80.26657,25.96026],[-80.26535,25.96196],[-80.26303,25.96186]]]}},{"type":"Feature","properties":{"code":"DAD","county":"Miami-Dade","precinct":"402"},"geometry":{"type":"Polygon","coordinates":[[[-80.43221,25.74298],[-80.43249,25.75118],[-80.43059,25.75126],[-80.43054,25.7503],[-80.42052,25.75065],[-80.42023,25.74334],[-80.43221,25.74298]]]}},{"type":"Feature","properties":{"code":"DAD","county":"Miami-Dade","precinct":"663"},"geometry":{"type":"Polygon","coordinates":[[[-80.18911,25.79916],[-80.18908,25.79814],[-80.19087,25.79808],[-80.19089,25.79895],[-80.19368,25.79888],[-80.19102,25.81059],[-80.18945,25.81062],[-80.18911,25.79916]]]}},{"type":"Feature","properties":{"code":"DAD","county":"Miami-Dade","precinct":"400"},"geometry":{"type":"Polygon","coordinates":[[[-80.25779,25.83772],[-80.25727,25.828],[-80.25318,25.82812],[-80.25297,25.82355],[-80.256,25.82346],[-80.25593,25.8216],[-80.25493,25.82163],[-80.25485,25.81977],[-80.25587,25.81973],[-80.2558,25.81786],[-80.25683,25.81783],[-80.25657,25.81076],[-80.25852,25.81046],[-80.25975,25.84831],[-80.25822,25.84836],[-80.25779,25.83772]]]}},{"type":"Feature","properties":{"code":"DAD","county":"Miami-Dade","precinct":"116"},"geometry":{"type":"MultiPolygon","coordinates":[[[[-80.18068,25.94402],[-80.17986,25.94362],[-80.1703,25.93249],[-80.17021,25.9312],[-80.17225,25.93116],[-80.17237,25.93442],[-80.17264,25.93477],[-80.17437,25.9347],[-80.17444,25.93653],[-80.18053,25.93629],[-80.18058,25.93768],[-80.18256,25.93759],[-80.18257,25.93804],[-80.18201,25.93809],[-80.18216,25.9417],[-80.18876,25.94145],[-80.18887,25.94321],[-80.1871,25.94329],[-80.18473,25.94719],[-80.18068,25.94402]]],[[[-80.1761,25.9263],[-80.17606,25.92539],[-80.17862,25.926],[-80.18014,25.92707],[-80.18023,25.92891],[-80.1762,25.92908],[-80.1761,25.9263]]]]}},{"type":"Feature","properties":{"code":"DAD","county":"Miami-Dade","precinct":"760"},"geometry":{"type":"Polygon","coordinates":[[[-80.32923,25.65515],[-80.3356,25.64134],[-80.34024,25.64427],[-80.34128,25.6443],[-80.34108,25.64358],[-80.35035,25.64342],[-80.35059,25.65075],[-80.3344,25.65128],[-80.33453,25.65494],[-80.34264,25.65472],[-80.34293,25.6658],[-80.32398,25.66639],[-80.32923,25.65515]]]}},{"type":"Feature","properties":{"code":"DAD","county":"Miami-Dade","precinct":"103"},"geometry":{"type":"Polygon","coordinates":[[[-80.12985,25.95221],[-80.12731,25.95232],[-80.12624,25.95423],[-80.12579,25.95409],[-80.12731,25.94957],[-80.14264,25.94921],[-80.143,25.94853],[-80.14725,25.94847],[-80.14735,25.95975],[-80.1419,25.96136],[-80.14198,25.96371],[-80.14144,25.96374],[-80.14164,25.96728],[-80.13369,25.96762],[-80.13383,25.96637],[-80.12828,25.96586],[-80.12684,25.96504],[-80.12651,25.96417],[-80.12686,25.96194],[-80.12963,25.95947],[-80.13032,25.95796],[-80.13053,25.95528],[-80.13146,25.95525],[-80.13169,25.9523],[-80.12985,25.95221]]]}},{"type":"Feature","properties":{"code":"DAD","county":"Miami-Dade","precinct":"404"},"geometry":{"type":"Polygon","coordinates":[[[-80.31972,25.76249],[-80.32075,25.76239],[-80.32053,25.76987],[-80.31286,25.77014],[-80.31602,25.76786],[-80.31738,25.76585],[-80.31829,25.76315],[-80.31972,25.76249]]]}},{"type":"Feature","properties":{"code":"DAD","county":"Miami-Dade","precinct":"959"},"geometry":{"type":"Polygon","coordinates":[[[-80.42209,25.47774],[-80.42614,25.47771],[-80.42629,25.48132],[-80.43034,25.48128],[-80.4304,25.48264],[-80.4224,25.48902],[-80.42209,25.47774]]]}},{"type":"Feature","properties":{"code":"DAD","county":"Miami-Dade","precinct":"762"},"geometry":{"type":"Polygon","coordinates":[[[-80.43228,25.66288],[-80.43213,25.65917],[-80.43423,25.65886],[-80.43633,25.65945],[-80.43985,25.66233],[-80.441,25.66506],[-80.44351,25.66788],[-80.44387,25.66988],[-80.43257,25.67023],[-80.43228,25.66288]]]}},{"type":"Feature","properties":{"code":"DAD","county":"Miami-Dade","precinct":"396"},"geometry":{"type":"Polygon","coordinates":[[[-80.31409,25.83997],[-80.31816,25.84043],[-80.3181,25.84076],[-80.31414,25.84079],[-80.31409,25.83997]]]}},{"type":"Feature","properties":{"code":"DAD","county":"Miami-Dade","precinct":"197"},"geometry":{"type":"MultiPolygon","coordinates":[[[[-80.22617,25.96646],[-80.22419,25.96656],[-80.22168,25.96608],[-80.22165,25.9656],[-80.22899,25.96532],[-80.22723,25.96572],[-80.22753,25.96927],[-80.22711,25.97062],[-80.22466,25.97014],[-80.22439,25.96944],[-80.22713,25.96703],[-80.22617,25.96646]]],[[[-80.22028,25.96606],[-80.22038,25.96565],[-80.22135,25.96562],[-80.22154,25.96704],[-80.21896,25.96821],[-80.21893,25.96675],[-80.22028,25.96606]]],[[[-80.22714,25.97096],[-80.22839,25.97093],[-80.2277,25.97124],[-80.22755,25.97205],[-80.2251,25.97218],[-80.22507,25.97146],[-80.22714,25.97096]]],[[[-80.22206,25.97222],[-80.2199,25.97216],[-80.22027,25.97153],[-80.22475,25.97146],[-80.22478,25.97217],[-80.22206,25.97222]]]]}},{"type":"Feature","properties":{"code":"DAD","county":"Miami-Dade","precinct":"580"},"geometry":{"type":"Polygon","coordinates":[[[-80.19692,25.84742],[-80.2097,25.84701],[-80.2097,25.8476],[-80.19693,25.84789],[-80.19692,25.84742]]]}},{"type":"Feature","properties":{"code":"DAD","county":"Miami-Dade","precinct":"556"},"geometry":{"type":"Polygon","coordinates":[[[-80.27194,25.77958],[-80.27192,25.77869],[-80.29625,25.77771],[-80.29062,25.78058],[-80.28847,25.78094],[-80.28186,25.77964],[-80.27877,25.77972],[-80.27694,25.78071],[-80.27435,25.78363],[-80.273,25.78325],[-80.27342,25.78285],[-80.26978,25.78268],[-80.27209,25.78196],[-80.27194,25.77958]]]}},{"type":"Feature","properties":{"code":"DAD","county":"Miami-Dade","precinct":"838"},"geometry":{"type":"Polygon","coordinates":[[[-80.37411,25.59681],[-80.37234,25.59537],[-80.37624,25.59453],[-80.38158,25.59032],[-80.38486,25.59023],[-80.38495,25.59746],[-80.37536,25.59783],[-80.37411,25.59681]]]}},{"type":"Feature","properties":{"code":"DAD","county":"Miami-Dade","precinct":"645"},"geometry":{"type":"Polygon","coordinates":[[[-80.19389,25.79799],[-80.19368,25.79888],[-80.19089,25.79895],[-80.19087,25.79808],[-80.18908,25.79814],[-80.18906,25.79618],[-80.19449,25.79562],[-80.19389,25.79799]]]}},{"type":"Feature","properties":{"code":"DAD","county":"Miami-Dade","precinct":"537"},"geometry":{"type":"Polygon","coordinates":[[[-80.19958,25.78826],[-80.19628,25.78693],[-80.19605,25.77885],[-80.20015,25.77876],[-80.20037,25.78067],[-80.20131,25.78063],[-80.20134,25.78162],[-80.20674,25.78145],[-80.20951,25.78407],[-80.21141,25.78462],[-80.21335,25.78603],[-80.20908,25.78826],[-80.20136,25.7887],[-80.19958,25.78826]]]}},{"type":"Feature","properties":{"code":"DAD","county":"Miami-Dade","precinct":"346"},"geometry":{"type":"Polygon","coordinates":[[[-80.28972,25.82926],[-80.28408,25.82506],[-80.28448,25.8245],[-80.28761,25.82674],[-80.28763,25.82612],[-80.28862,25.82607],[-80.30592,25.82619],[-80.30617,25.83866],[-80.30415,25.83992],[-80.28972,25.82926]]]}},{"type":"Feature","properties":{"code":"DAD","county":"Miami-Dade","precinct":"637"},"geometry":{"type":"Polygon","coordinates":[[[-80.28918,25.80766],[-80.26459,25.80837],[-80.2645,25.80474],[-80.26291,25.8048],[-80.26286,25.80347],[-80.2643,25.80342],[-80.26428,25.80289],[-80.26059,25.80332],[-80.25892,25.80474],[-80.25877,25.80517],[-80.26299,25.80841],[-80.26183,25.80844],[-80.24425,25.79534],[-80.24761,25.79463],[-80.25615,25.79439],[-80.25615,25.79384],[-80.26469,25.79347],[-80.26968,25.789],[-80.27435,25.78363],[-80.27816,25.78504],[-80.28112,25.78532],[-80.28855,25.78421],[-80.29467,25.78457],[-80.30405,25.78392],[-80.30867,25.78177],[-80.30879,25.77721],[-80.30849,25.7773],[-80.30952,25.77435],[-80.30953,25.77163],[-80.3101,25.77138],[-80.3101,25.77751],[-80.3087,25.78005],[-80.31597,25.77947],[-80.32028,25.78017],[-80.32375,25.78153],[-80.34086,25.78154],[-80.3373,25.7833],[-80.33045,25.78247],[-80.32334,25.78248],[-80.32191,25.78261],[-80.32146,25.78384],[-80.32018,25.78384],[-80.31999,25.78239],[-80.31724,25.78228],[-80.30897,25.78308],[-80.30917,25.80871],[-80.3111,25.80937],[-80.31326,25.80938],[-80.31333,25.81164],[-80.31138,25.81165],[-80.31135,25.81085],[-80.30945,25.81086],[-80.30931,25.81251],[-80.31335,25.81251],[-80.31378,25.82748],[-80.31198,25.82748],[-80.31198,25.82958],[-80.30958,25.82945],[-80.30964,25.83625],[-80.3082,25.83793],[-80.30617,25.8386],[-80.30512,25.80635],[-80.30457,25.80699],[-80.30315,25.8073],[-80.28918,25.80766]]]}},{"type":"Feature","properties":{"code":"DAD","county":"Miami-Dade","precinct":"723"},"geometry":{"type":"Polygon","coordinates":[[[-80.33385,25.69576],[-80.33354,25.68806],[-80.3511,25.68747],[-80.34544,25.69426],[-80.34341,25.6959],[-80.33811,25.69551],[-80.33385,25.69576]]]}},{"type":"Feature","properties":{"code":"DAD","county":"Miami-Dade","precinct":"288"},"geometry":{"type":"Polygon","coordinates":[[[-80.24836,25.80922],[-80.25651,25.80897],[-80.25656,25.81048],[-80.24847,25.81219],[-80.24836,25.80922]]]}},{"type":"Feature","properties":{"code":"DAD","county":"Miami-Dade","precinct":"391"},"geometry":{"type":"Polygon","coordinates":[[[-80.26737,25.88513],[-80.2672,25.88184],[-80.27504,25.88163],[-80.27524,25.88871],[-80.2743,25.88873],[-80.27049,25.8864],[-80.26737,25.88513]]]}},{"type":"Feature","properties":{"code":"DAD","county":"Miami-Dade","precinct":"154"},"geometry":{"type":"Polygon","coordinates":[[[-80.19373,25.87292],[-80.19367,25.86965],[-80.20236,25.86942],[-80.20265,25.87665],[-80.20855,25.87653],[-80.20881,25.88009],[-80.19409,25.88082],[-80.19373,25.87292]]]}},{"type":"Feature","properties":{"code":"DAD","county":"Miami-Dade","precinct":"562"},"geometry":{"type":"Polygon","coordinates":[[[-80.16711,25.74043],[-80.16809,25.73953],[-80.17373,25.74457],[-80.17373,25.74389],[-80.17653,25.74608],[-80.17902,25.7467],[-80.17667,25.74668],[-80.17409,25.74535],[-80.17385,25.74597],[-80.1759,25.74772],[-80.17545,25.74816],[-80.17324,25.74609],[-80.17292,25.74506],[-80.17102,25.74412],[-80.16711,25.74043]]]}},{"type":"Feature","properties":{"code":"DAD","county":"Miami-Dade","precinct":"844"},"geometry":{"type":"Polygon","coordinates":[[[-80.33813,25.63634],[-80.35011,25.63608],[-80.35035,25.64342],[-80.34108,25.64358],[-80.34128,25.6443],[-80.34001,25.64419],[-80.3356,25.64134],[-80.33813,25.63634]]]}},{"type":"Feature","properties":{"code":"DAD","county":"Miami-Dade","precinct":"917"},"geometry":{"type":"Polygon","coordinates":[[[-80.42248,25.48938],[-80.41932,25.49228],[-80.41822,25.49402],[-80.41725,25.49951],[-80.41421,25.49953],[-80.41512,25.49916],[-80.41532,25.49803],[-80.41688,25.49638],[-80.41923,25.49193],[-80.4222,25.4892],[-80.42248,25.48938]]]}},{"type":"Feature","properties":{"code":"DAD","county":"Miami-Dade","precinct":"380"},"geometry":{"type":"Polygon","coordinates":[[[-80.28929,25.81163],[-80.30556,25.81166],[-80.30579,25.82074],[-80.28796,25.82074],[-80.28205,25.82133],[-80.28895,25.81345],[-80.28929,25.81163]]]}},{"type":"Feature","properties":{"code":"DAD","county":"Miami-Dade","precinct":"6"},"geometry":{"type":"Polygon","coordinates":[[[-80.11026,25.88714],[-80.12811,25.88684],[-80.13201,25.89909],[-80.11029,25.89977],[-80.11026,25.88714]]]}},{"type":"Feature","properties":{"code":"DAD","county":"Miami-Dade","precinct":"788"},"geometry":{"type":"Polygon","coordinates":[[[-80.38872,25.65979],[-80.38823,25.65714],[-80.38785,25.65715],[-80.38664,25.64961],[-80.39117,25.64922],[-80.39182,25.65667],[-80.394,25.656],[-80.3997,25.65683],[-80.40007,25.66568],[-80.39584,25.66572],[-80.38872,25.65979]]]}},{"type":"Feature","properties":{"code":"DAD","county":"Miami-Dade","precinct":"41"},"geometry":{"type":"MultiPolygon","coordinates":[[[[-80.14948,25.77186],[-80.1526,25.77254],[-80.17005,25.78006],[-80.16716,25.78617],[-80.14443,25.78509],[-80.14359,25.78368],[-80.14293,25.77797],[-80.14192,25.7744],[-80.14948,25.77186]]],[[[-80.13513,25.78062],[-80.1351,25.7794],[-80.13251,25.77944],[-80.10996,25.77526],[-80.10999,25.76792],[-80.13597,25.77235],[-80.13614,25.77706],[-80.14081,25.77694],[-80.14095,25.78172],[-80.13516,25.78188],[-80.13513,25.78062]]]]}},{"type":"Feature","properties":{"code":"DAD","county":"Miami-Dade","precinct":"765"},"geometry":{"type":"Polygon","coordinates":[[[-80.36616,25.70108],[-80.36585,25.68696],[-80.38911,25.68614],[-80.38882,25.69155],[-80.38425,25.6986],[-80.38371,25.70085],[-80.38081,25.70057],[-80.36616,25.70108]]]}},{"type":"Feature","properties":{"code":"DAD","county":"Miami-Dade","precinct":"983"},"geometry":{"type":"Polygon","coordinates":[[[-80.19354,25.76957],[-80.19567,25.76877],[-80.19586,25.77406],[-80.19363,25.77413],[-80.19354,25.76957]]]}},{"type":"Feature","properties":{"code":"DAD","county":"Miami-Dade","precinct":"573"},"geometry":{"type":"Polygon","coordinates":[[[-80.23619,25.75039],[-80.23826,25.75029],[-80.23885,25.76518],[-80.23068,25.76541],[-80.23014,25.75058],[-80.23619,25.75039]]]}},{"type":"Feature","properties":{"code":"DAD","county":"Miami-Dade","precinct":"339"},"geometry":{"type":"Polygon","coordinates":[[[-80.2879,25.83698],[-80.26587,25.83788],[-80.26553,25.83051],[-80.28969,25.82944],[-80.29002,25.82974],[-80.28963,25.83021],[-80.28996,25.84059],[-80.28803,25.84065],[-80.2879,25.83698]]]}},{"type":"Feature","properties":{"code":"DAD","county":"Miami-Dade","precinct":"798"},"geometry":{"type":"Polygon","coordinates":[[[-80.44713,25.71341],[-80.47956,25.71279],[-80.48004,25.72735],[-80.47934,25.72696],[-80.4477,25.728],[-80.44713,25.71341]]]}},{"type":"Feature","properties":{"code":"DAD","county":"Miami-Dade","precinct":"846"},"geometry":{"type":"Polygon","coordinates":[[[-80.38158,25.59032],[-80.39243,25.58164],[-80.39458,25.58086],[-80.39699,25.58082],[-80.39707,25.59707],[-80.38495,25.59746],[-80.38486,25.59023],[-80.38158,25.59032]]]}},{"type":"Feature","properties":{"code":"DAD","county":"Miami-Dade","precinct":"814"},"geometry":{"type":"Polygon","coordinates":[[[-80.3855,25.64177],[-80.38537,25.63433],[-80.38493,25.63303],[-80.38356,25.63081],[-80.37989,25.62746],[-80.39492,25.62686],[-80.39542,25.62876],[-80.39819,25.63162],[-80.39854,25.63544],[-80.38487,25.65075],[-80.38433,25.64779],[-80.38519,25.64527],[-80.3855,25.64177]]]}},{"type":"Feature","properties":{"code":"DAD","county":"Miami-Dade","precinct":"721"},"geometry":{"type":"Polygon","coordinates":[[[-80.32778,25.68821],[-80.3278,25.68877],[-80.3302,25.6889],[-80.33147,25.68862],[-80.33147,25.6881],[-80.33354,25.68806],[-80.3337,25.69596],[-80.327,25.69514],[-80.31713,25.69525],[-80.31704,25.6885],[-80.32778,25.68821]]]}},{"type":"Feature","properties":{"code":"DAD","county":"Miami-Dade","precinct":"430"},"geometry":{"type":"Polygon","coordinates":[[[-80.29685,25.73676],[-80.30302,25.73654],[-80.30354,25.74799],[-80.29746,25.74814],[-80.29685,25.73676]]]}},{"type":"Feature","properties":{"code":"DAD","county":"Miami-Dade","precinct":"222"},"geometry":{"type":"Polygon","coordinates":[[[-80.22269,25.94181],[-80.21055,25.92993],[-80.21419,25.92748],[-80.22167,25.92719],[-80.22061,25.93023],[-80.22526,25.93006],[-80.22475,25.93224],[-80.22522,25.94172],[-80.23729,25.94124],[-80.23792,25.95431],[-80.23538,25.95462],[-80.23181,25.95593],[-80.22919,25.95608],[-80.22706,25.94793],[-80.22269,25.94181]]]}},{"type":"Feature","properties":{"code":"DAD","county":"Miami-Dade","precinct":"115"},"geometry":{"type":"Polygon","coordinates":[[[-80.15669,25.94627],[-80.15634,25.93735],[-80.15087,25.93771],[-80.15195,25.93474],[-80.17037,25.93397],[-80.1703,25.93249],[-80.17986,25.94362],[-80.16283,25.94425],[-80.1629,25.94607],[-80.15669,25.94627]]]}},{"type":"Feature","properties":{"code":"DAD","county":"Miami-Dade","precinct":"551"},"geometry":{"type":"Polygon","coordinates":[[[-80.26401,25.77869],[-80.27192,25.77869],[-80.27209,25.78196],[-80.26978,25.78268],[-80.27342,25.78285],[-80.27299,25.78325],[-80.26963,25.78317],[-80.26414,25.78553],[-80.26401,25.77869]]]}},{"type":"Feature","properties":{"code":"DAD","county":"Miami-Dade","precinct":"460"},"geometry":{"type":"Polygon","coordinates":[[[-80.43249,25.75118],[-80.43246,25.75025],[-80.43656,25.75013],[-80.43686,25.76089],[-80.43286,25.76087],[-80.43249,25.75118]]]}},{"type":"Feature","properties":{"code":"DAD","county":"Miami-Dade","precinct":"630"},"geometry":{"type":"Polygon","coordinates":[[[-80.28432,25.67438],[-80.28405,25.66428],[-80.29006,25.66413],[-80.29002,25.66261],[-80.28999,25.6618],[-80.28878,25.66181],[-80.28879,25.66086],[-80.28814,25.66086],[-80.28813,25.65995],[-80.28394,25.65997],[-80.284,25.65591],[-80.28577,25.65259],[-80.28364,25.65262],[-80.28344,25.64526],[-80.29362,25.64496],[-80.29451,25.67456],[-80.28434,25.67485],[-80.28432,25.67438]]]}},{"type":"Feature","properties":{"code":"DAD","county":"Miami-Dade","precinct":"733"},"geometry":{"type":"Polygon","coordinates":[[[-80.4129,25.68543],[-80.41655,25.68532],[-80.41645,25.68771],[-80.41571,25.68994],[-80.41557,25.694],[-80.4145,25.69721],[-80.41451,25.69994],[-80.39847,25.70044],[-80.39835,25.69642],[-80.39905,25.69491],[-80.40163,25.69285],[-80.40225,25.69126],[-80.40193,25.68912],[-80.40089,25.68736],[-80.4008,25.68587],[-80.4129,25.68543]]]}},{"type":"Feature","properties":{"code":"DAD","county":"Miami-Dade","precinct":"715"},"geometry":{"type":"Polygon","coordinates":[[[-80.3349,25.7167],[-80.34294,25.71631],[-80.34312,25.72037],[-80.34438,25.72337],[-80.34351,25.72665],[-80.34359,25.73007],[-80.34594,25.72998],[-80.34587,25.73064],[-80.34762,25.7306],[-80.34774,25.73278],[-80.33583,25.73308],[-80.3349,25.7167]]]}},{"type":"Feature","properties":{"code":"DAD","county":"Miami-Dade","precinct":"448"},"geometry":{"type":"MultiPolygon","coordinates":[[[[-80.35564,25.77566],[-80.35369,25.77572],[-80.35318,25.769],[-80.369,25.76844],[-80.36956,25.77557],[-80.36607,25.77528],[-80.36611,25.77446],[-80.36311,25.77227],[-80.35727,25.77241],[-80.35666,25.77582],[-80.35564,25.77566]]],[[[-80.35787,25.7753],[-80.35886,25.774],[-80.36163,25.77345],[-80.36492,25.77485],[-80.36177,25.77488],[-80.35809,25.77598],[-80.35787,25.7753]]]]}},{"type":"Feature","properties":{"code":"DAD","county":"Miami-Dade","precinct":"934"},"geometry":{"type":"Polygon","coordinates":[[[-80.41228,25.49229],[-80.41222,25.48778],[-80.41626,25.48787],[-80.4162,25.48505],[-80.41418,25.48506],[-80.41409,25.48127],[-80.41207,25.48125],[-80.41206,25.47772],[-80.42209,25.47766],[-80.4224,25.48902],[-80.41912,25.49206],[-80.41691,25.49634],[-80.41562,25.49765],[-80.41233,25.49764],[-80.41228,25.49229]]]}},{"type":"Feature","properties":{"code":"DAD","county":"Miami-Dade","precinct":"515"},"geometry":{"type":"Polygon","coordinates":[[[-80.18406,25.83265],[-80.1841,25.83167],[-80.18709,25.82686],[-80.18739,25.82548],[-80.19606,25.82526],[-80.19651,25.83143],[-80.19623,25.83261],[-80.1882,25.8332],[-80.18818,25.83253],[-80.18747,25.83256],[-80.18762,25.83649],[-80.18636,25.83652],[-80.18417,25.83652],[-80.18406,25.83265]]]}},{"type":"Feature","properties":{"code":"DAD","county":"Miami-Dade","precinct":"770"},"geometry":{"type":"Polygon","coordinates":[[[-80.38371,25.70085],[-80.38425,25.6986],[-80.38882,25.69155],[-80.38911,25.68614],[-80.4008,25.68587],[-80.40089,25.68736],[-80.40193,25.68912],[-80.40225,25.69126],[-80.40163,25.69285],[-80.39905,25.69491],[-80.39835,25.69642],[-80.39847,25.70044],[-80.38371,25.70085]]]}},{"type":"Feature","properties":{"code":"DAD","county":"Miami-Dade","precinct":"530"},"geometry":{"type":"Polygon","coordinates":[[[-80.23965,25.79258],[-80.24216,25.79421],[-80.23982,25.79427],[-80.23965,25.79258]]]}},{"type":"Feature","properties":{"code":"DAD","county":"Miami-Dade","precinct":"782"},"geometry":{"type":"Polygon","coordinates":[[[-80.42253,25.69969],[-80.4305,25.69942],[-80.43108,25.71385],[-80.4191,25.71425],[-80.41899,25.71149],[-80.42397,25.7128],[-80.42614,25.71288],[-80.42832,25.71214],[-80.4294,25.71053],[-80.42891,25.70265],[-80.4277,25.70148],[-80.42611,25.70094],[-80.42278,25.70124],[-80.42253,25.69969]]]}},{"type":"Feature","properties":{"code":"DAD","county":"Miami-Dade","precinct":"815"},"geometry":{"type":"Polygon","coordinates":[[[-80.37597,25.5978],[-80.38495,25.59746],[-80.3857,25.61231],[-80.3786,25.61257],[-80.37811,25.60369],[-80.37704,25.59941],[-80.37597,25.5978]]]}},{"type":"Feature","properties":{"code":"DAD","county":"Miami-Dade","precinct":"434"},"geometry":{"type":"Polygon","coordinates":[[[-80.3185,25.73295],[-80.33583,25.73308],[-80.33574,25.74039],[-80.32756,25.74059],[-80.32757,25.73879],[-80.32343,25.73873],[-80.32341,25.73689],[-80.31932,25.73682],[-80.3185,25.73295]]]}},{"type":"Feature","properties":{"code":"DAD","county":"Miami-Dade","precinct":"607"},"geometry":{"type":"Polygon","coordinates":[[[-80.26711,25.75701],[-80.26684,25.74923],[-80.26279,25.74949],[-80.26264,25.74743],[-80.27493,25.74689],[-80.27532,25.7568],[-80.27125,25.75721],[-80.27122,25.75685],[-80.26711,25.75701]]]}},{"type":"Feature","properties":{"code":"DAD","county":"Miami-Dade","precinct":"425"},"geometry":{"type":"Polygon","coordinates":[[[-80.30354,25.74799],[-80.30767,25.74803],[-80.30801,25.76284],[-80.3039,25.76298],[-80.30354,25.74799]]]}},{"type":"Feature","properties":{"code":"DAD","county":"Miami-Dade","precinct":"975"},"geometry":{"type":"Polygon","coordinates":[[[-80.20554,25.79525],[-80.20533,25.79124],[-80.20418,25.78865],[-80.20908,25.78826],[-80.21485,25.78539],[-80.21517,25.79499],[-80.20554,25.79525]]]}},{"type":"Feature","properties":{"code":"DAD","county":"Miami-Dade","precinct":"243"},"geometry":{"type":"Polygon","coordinates":[[[-80.23384,25.85345],[-80.23359,25.84625],[-80.24175,25.84604],[-80.24224,25.86071],[-80.2341,25.86091],[-80.23384,25.85345]]]}},{"type":"Feature","properties":{"code":"DAD","county":"Miami-Dade","precinct":"409"},"geometry":{"type":"Polygon","coordinates":[[[-80.36841,25.76128],[-80.37619,25.76113],[-80.37703,25.76833],[-80.369,25.76844],[-80.36841,25.76128]]]}},{"type":"Feature","properties":{"code":"DAD","county":"Miami-Dade","precinct":"640"},"geometry":{"type":"Polygon","coordinates":[[[-80.26581,25.72333],[-80.28552,25.7075],[-80.28554,25.70836],[-80.28254,25.71066],[-80.28316,25.71123],[-80.28339,25.7153],[-80.28317,25.71677],[-80.28077,25.7209],[-80.28106,25.72664],[-80.26909,25.72707],[-80.26798,25.72787],[-80.26634,25.72718],[-80.26211,25.72729],[-80.26628,25.72385],[-80.26581,25.72333]]]}},{"type":"Feature","properties":{"code":"DAD","county":"Miami-Dade","precinct":"722"},"geometry":{"type":"Polygon","coordinates":[[[-80.41452,25.61764],[-80.41457,25.62629],[-80.40657,25.62651],[-80.41452,25.61764]]]}},{"type":"Feature","properties":{"code":"DAD","county":"Miami-Dade","precinct":"304"},"geometry":{"type":"Polygon","coordinates":[[[-80.3144,25.93236],[-80.31447,25.93146],[-80.31562,25.93198],[-80.32069,25.93214],[-80.32165,25.93112],[-80.32265,25.93138],[-80.3194,25.94154],[-80.31466,25.94158],[-80.31342,25.94201],[-80.31204,25.93918],[-80.3119,25.93549],[-80.3139,25.93498],[-80.3144,25.93236]]]}},{"type":"Feature","properties":{"code":"DAD","county":"Miami-Dade","precinct":"48"},"geometry":{"type":"MultiPolygon","coordinates":[[[[-80.14084,25.77816],[-80.14081,25.77694],[-80.13614,25.77706],[-80.13597,25.77235],[-80.10999,25.76792],[-80.10991,25.75322],[-80.13769,25.76601],[-80.15208,25.77193],[-80.15189,25.77233],[-80.14883,25.77193],[-80.14192,25.7744],[-80.14313,25.78043],[-80.1409,25.78051],[-80.14084,25.77816]]],[[[-80.13352,25.7624],[-80.13446,25.76158],[-80.13913,25.76348],[-80.1386,25.76454],[-80.13352,25.7624]]]]}},{"type":"Feature","properties":{"code":"DAD","county":"Miami-Dade","precinct":"852"},"geometry":{"type":"Polygon","coordinates":[[[-80.39247,25.55514],[-80.39646,25.55155],[-80.39727,25.55135],[-80.39658,25.5521],[-80.3967,25.5587],[-80.39003,25.55884],[-80.38857,25.56026],[-80.38867,25.56617],[-80.38158,25.56624],[-80.39247,25.55514]]]}},{"type":"Feature","properties":{"code":"DAD","county":"Miami-Dade","precinct":"949"},"geometry":{"type":"Polygon","coordinates":[[[-80.45255,25.46932],[-80.46085,25.46342],[-80.46084,25.46247],[-80.46902,25.46244],[-80.469,25.46993],[-80.46082,25.47001],[-80.46085,25.4773],[-80.45278,25.47736],[-80.45255,25.46932]]]}},{"type":"Feature","properties":{"code":"DAD","county":"Miami-Dade","precinct":"981"},"geometry":{"type":"Polygon","coordinates":[[[-80.19362,25.77413],[-80.19586,25.77406],[-80.19607,25.77696],[-80.19377,25.77702],[-80.19362,25.77413]]]}},{"type":"Feature","properties":{"code":"DAD","county":"Miami-Dade","precinct":"462"},"geometry":{"type":"Polygon","coordinates":[[[-80.35454,25.84816],[-80.35394,25.8262],[-80.36987,25.82616],[-80.37059,25.84784],[-80.38685,25.84785],[-80.38708,25.85513],[-80.35471,25.85518],[-80.35454,25.84816]]]}},{"type":"Feature","properties":{"code":"DAD","county":"Miami-Dade","precinct":"536"},"geometry":{"type":"Polygon","coordinates":[[[-80.19402,25.78601],[-80.19327,25.78566],[-80.18897,25.78586],[-80.18967,25.78456],[-80.18961,25.78297],[-80.19059,25.78293],[-80.19054,25.78195],[-80.19611,25.78176],[-80.19628,25.78693],[-80.19402,25.78601]]]}},{"type":"Feature","properties":{"code":"DAD","county":"Miami-Dade","precinct":"144"},"geometry":{"type":"Polygon","coordinates":[[[-80.20247,25.88409],[-80.20896,25.8838],[-80.2091,25.8856],[-80.20256,25.8859],[-80.20247,25.88409]]]}},{"type":"Feature","properties":{"code":"DAD","county":"Miami-Dade","precinct":"207"},"geometry":{"type":"Polygon","coordinates":[[[-80.19138,25.9672],[-80.18965,25.96719],[-80.18802,25.96649],[-80.18564,25.96305],[-80.19145,25.95847],[-80.1938,25.95779],[-80.19768,25.95753],[-80.19862,25.96053],[-80.19813,25.96314],[-80.19818,25.97304],[-80.19442,25.97313],[-80.19404,25.96897],[-80.19286,25.96771],[-80.19138,25.9672]]]}},{"type":"Feature","properties":{"code":"DAD","county":"Miami-Dade","precinct":"205"},"geometry":{"type":"Polygon","coordinates":[[[-80.23363,25.95533],[-80.23538,25.95462],[-80.23901,25.95431],[-80.24597,25.95547],[-80.24682,25.97174],[-80.22968,25.97209],[-80.22919,25.95608],[-80.23363,25.95533]]]}},{"type":"Feature","properties":{"code":"DAD","county":"Miami-Dade","precinct":"641"},"geometry":{"type":"Polygon","coordinates":[[[-80.27315,25.70493],[-80.27206,25.70498],[-80.27201,25.70309],[-80.27105,25.70312],[-80.27108,25.70501],[-80.26698,25.70515],[-80.26689,25.70234],[-80.26833,25.7023],[-80.26841,25.70451],[-80.26902,25.70452],[-80.26838,25.69306],[-80.26993,25.69014],[-80.28486,25.68966],[-80.2854,25.70443],[-80.27925,25.70467],[-80.27926,25.70545],[-80.27722,25.70552],[-80.27721,25.70477],[-80.27315,25.70493]]]}},{"type":"Feature","properties":{"code":"DAD","county":"Miami-Dade","precinct":"820"},"geometry":{"type":"Polygon","coordinates":[[[-80.31025,25.61145],[-80.31015,25.61059],[-80.30641,25.61064],[-80.30629,25.6077],[-80.3086,25.60763],[-80.30814,25.60746],[-80.3094,25.60676],[-80.30905,25.60588],[-80.31011,25.59969],[-80.34406,25.59888],[-80.3443,25.60179],[-80.34226,25.60188],[-80.34233,25.60274],[-80.34031,25.60281],[-80.34036,25.60434],[-80.33227,25.60451],[-80.3323,25.60492],[-80.32822,25.60508],[-80.32853,25.61077],[-80.33153,25.61063],[-80.3317,25.61437],[-80.31041,25.615],[-80.31025,25.61145]]]}},{"type":"Feature","properties":{"code":"DAD","county":"Miami-Dade","precinct":"629"},"geometry":{"type":"Polygon","coordinates":[[[-80.18336,25.7875],[-80.1848,25.77997],[-80.189,25.78007],[-80.18967,25.78456],[-80.18897,25.78598],[-80.18547,25.78735],[-80.18336,25.7875]]]}},{"type":"Feature","properties":{"code":"DAD","county":"Miami-Dade","precinct":"443"},"geometry":{"type":"Polygon","coordinates":[[[-80.32284,25.78141],[-80.32226,25.78076],[-80.32028,25.78017],[-80.32064,25.77681],[-80.33668,25.77656],[-80.33678,25.78155],[-80.32284,25.78141]]]}},{"type":"Feature","properties":{"code":"DAD","county":"Miami-Dade","precinct":"18"},"geometry":{"type":"Polygon","coordinates":[[[-80.1295,25.85049],[-80.1296,25.85396],[-80.13211,25.85346],[-80.13244,25.85426],[-80.1373,25.8516],[-80.14329,25.85109],[-80.14486,25.84942],[-80.14833,25.85252],[-80.1438,25.85386],[-80.13642,25.85509],[-80.13228,25.85741],[-80.12923,25.85743],[-80.12838,25.85797],[-80.12357,25.85151],[-80.1295,25.85049]]]}},{"type":"Feature","properties":{"code":"DAD","county":"Miami-Dade","precinct":"763"},"geometry":{"type":"Polygon","coordinates":[[[-80.39847,25.70044],[-80.41451,25.69994],[-80.41474,25.70516],[-80.4103,25.70538],[-80.40839,25.70671],[-80.40683,25.70534],[-80.40295,25.70607],[-80.40131,25.70757],[-80.40093,25.70944],[-80.3989,25.70953],[-80.39847,25.70044]]]}},{"type":"Feature","properties":{"code":"DAD","county":"Miami-Dade","precinct":"227"},"geometry":{"type":"Polygon","coordinates":[[[-80.26104,25.93301],[-80.26066,25.92573],[-80.26867,25.9254],[-80.26946,25.93999],[-80.26139,25.9403],[-80.26104,25.93301]]]}},{"type":"Feature","properties":{"code":"DAD","county":"Miami-Dade","precinct":"109"},"geometry":{"type":"MultiPolygon","coordinates":[[[[-80.1587,25.95712],[-80.15861,25.95577],[-80.15712,25.9546],[-80.15696,25.95197],[-80.15907,25.95169],[-80.15891,25.94858],[-80.15681,25.94865],[-80.15677,25.94795],[-80.15884,25.9479],[-80.15877,25.94622],[-80.16503,25.94599],[-80.16515,25.94779],[-80.16305,25.94789],[-80.163,25.94894],[-80.1607,25.94902],[-80.16089,25.95224],[-80.16161,25.95237],[-80.16203,25.95347],[-80.16201,25.95667],[-80.1587,25.95712]]],[[[-80.17916,25.94512],[-80.18051,25.94391],[-80.18249,25.94534],[-80.17995,25.94543],[-80.17993,25.94512],[-80.17871,25.94561],[-80.17801,25.94551],[-80.17916,25.94512]]]]}},{"type":"Feature","properties":{"code":"DAD","county":"Miami-Dade","precinct":"821"},"geometry":{"type":"Polygon","coordinates":[[[-80.32068,25.59234],[-80.33197,25.59236],[-80.33196,25.58799],[-80.33442,25.588],[-80.33514,25.58868],[-80.33803,25.58885],[-80.34025,25.59002],[-80.34542,25.58982],[-80.3479,25.59294],[-80.34812,25.59877],[-80.31617,25.59955],[-80.32068,25.59234]]]}},{"type":"Feature","properties":{"code":"DAD","county":"Miami-Dade","precinct":"168"},"geometry":{"type":"MultiPolygon","coordinates":[[[[-80.14099,25.92643],[-80.14081,25.92085],[-80.14031,25.9207],[-80.1407,25.92054],[-80.14419,25.92197],[-80.1464,25.92175],[-80.14778,25.92494],[-80.14901,25.92518],[-80.14935,25.92598],[-80.14099,25.92643]]],[[[-80.15628,25.91702],[-80.15712,25.9132],[-80.15674,25.91547],[-80.15758,25.91544],[-80.15741,25.91599],[-80.15664,25.91601],[-80.15653,25.9166],[-80.15723,25.91658],[-80.15596,25.92061],[-80.15544,25.92062],[-80.15628,25.91702]]],[[[-80.13046,25.92988],[-80.13249,25.92888],[-80.13353,25.92917],[-80.13525,25.92816],[-80.13503,25.92644],[-80.13687,25.9254],[-80.13673,25.92489],[-80.14044,25.92478],[-80.14059,25.9266],[-80.13873,25.92702],[-80.13267,25.92997],[-80.13096,25.93029],[-80.13046,25.92988]]]]}},{"type":"Feature","properties":{"code":"DAD","county":"Miami-Dade","precinct":"824"},"geometry":{"type":"Polygon","coordinates":[[[-80.3444,25.57428],[-80.35063,25.57426],[-80.35398,25.57288],[-80.35549,25.57799],[-80.35317,25.57906],[-80.3536,25.58261],[-80.35179,25.58267],[-80.35175,25.58449],[-80.35016,25.58431],[-80.34814,25.58273],[-80.34448,25.57732],[-80.3444,25.57428]]]}},{"type":"Feature","properties":{"code":"DAD","county":"Miami-Dade","precinct":"853"},"geometry":{"type":"Polygon","coordinates":[[[-80.47811,25.55234],[-80.48016,25.55045],[-80.53484,25.54998],[-80.5351,25.56464],[-80.5269,25.56466],[-80.52698,25.56831],[-80.52494,25.5683],[-80.52495,25.57192],[-80.4945,25.57225],[-80.49463,25.58302],[-80.47837,25.58325],[-80.47811,25.55234]]]}},{"type":"Feature","properties":{"code":"DAD","county":"Miami-Dade","precinct":"522"},"geometry":{"type":"Polygon","coordinates":[[[-80.20691,25.81253],[-80.22402,25.81222],[-80.22403,25.81264],[-80.21996,25.81275],[-80.22011,25.8172],[-80.21599,25.81727],[-80.21608,25.82025],[-80.20798,25.82046],[-80.20777,25.81542],[-80.20667,25.81351],[-80.20691,25.81253]]]}},{"type":"Feature","properties":{"code":"DAD","county":"Miami-Dade","precinct":"548"},"geometry":{"type":"Polygon","coordinates":[[[-80.2473,25.77207],[-80.24751,25.77918],[-80.23934,25.77945],[-80.2391,25.77232],[-80.2473,25.77207]]]}},{"type":"Feature","properties":{"code":"DAD","county":"Miami-Dade","precinct":"638"},"geometry":{"type":"Polygon","coordinates":[[[-80.21469,25.78256],[-80.21866,25.78392],[-80.21485,25.78539],[-80.21469,25.78256]]]}},{"type":"Feature","properties":{"code":"DAD","county":"Miami-Dade","precinct":"781"},"geometry":{"type":"Polygon","coordinates":[[[-80.4239,25.65572],[-80.43189,25.65535],[-80.43228,25.66288],[-80.42412,25.66319],[-80.4239,25.65572]]]}},{"type":"Feature","properties":{"code":"DAD","county":"Miami-Dade","precinct":"432"},"geometry":{"type":"Polygon","coordinates":[[[-80.30771,25.74803],[-80.30724,25.73327],[-80.3185,25.73295],[-80.31953,25.73817],[-80.3199,25.74809],[-80.30771,25.74803]]]}},{"type":"Feature","properties":{"code":"DAD","county":"Miami-Dade","precinct":"626"},"geometry":{"type":"Polygon","coordinates":[[[-80.1941,25.75872],[-80.2048,25.75136],[-80.20567,25.75244],[-80.20063,25.756],[-80.20001,25.75697],[-80.19617,25.7599],[-80.1941,25.75872]]]}},{"type":"Feature","properties":{"code":"DAD","county":"Miami-Dade","precinct":"776"},"geometry":{"type":"Polygon","coordinates":[[[-80.41452,25.61764],[-80.41857,25.61311],[-80.41985,25.6141],[-80.4218,25.61879],[-80.4236,25.62078],[-80.42675,25.62588],[-80.41457,25.62629],[-80.41452,25.61764]]]}},{"type":"Feature","properties":{"code":"DAD","county":"Miami-Dade","precinct":"558"},"geometry":{"type":"Polygon","coordinates":[[[-80.2717,25.77145],[-80.28813,25.77077],[-80.28823,25.77437],[-80.27184,25.7755],[-80.2717,25.77145]]]}},{"type":"Feature","properties":{"code":"DAD","county":"Miami-Dade","precinct":"313"},"geometry":{"type":"Polygon","coordinates":[[[-80.29204,25.89633],[-80.2843,25.89649],[-80.28123,25.89518],[-80.27527,25.88958],[-80.27504,25.88163],[-80.28726,25.8813],[-80.28786,25.89583],[-80.28988,25.89577],[-80.29194,25.89418],[-80.29204,25.89633]]]}},{"type":"Feature","properties":{"code":"DAD","county":"Miami-Dade","precinct":"736"},"geometry":{"type":"Polygon","coordinates":[[[-80.4391,25.69242],[-80.44047,25.69273],[-80.4463,25.69243],[-80.44651,25.69891],[-80.43856,25.69912],[-80.43845,25.69496],[-80.4391,25.69242]]]}},{"type":"Feature","properties":{"code":"DAD","county":"Miami-Dade","precinct":"756"},"geometry":{"type":"Polygon","coordinates":[[[-80.36693,25.64281],[-80.37623,25.64236],[-80.37694,25.6461],[-80.38344,25.64602],[-80.38378,25.65092],[-80.38421,25.65151],[-80.37937,25.65657],[-80.36745,25.65748],[-80.36693,25.64281]]]}},{"type":"Feature","properties":{"code":"DAD","county":"Miami-Dade","precinct":"727"},"geometry":{"type":"Polygon","coordinates":[[[-80.3502,25.69352],[-80.34746,25.69161],[-80.3511,25.68747],[-80.36083,25.68716],[-80.36095,25.69476],[-80.3579,25.69513],[-80.35663,25.69685],[-80.3502,25.69352]]]}},{"type":"Feature","properties":{"code":"DAD","county":"Miami-Dade","precinct":"211"},"geometry":{"type":"Polygon","coordinates":[[[-80.17429,25.96488],[-80.17434,25.96689],[-80.17362,25.96717],[-80.17436,25.96773],[-80.17454,25.97325],[-80.17865,25.9735],[-80.16648,25.97376],[-80.16626,25.96629],[-80.1666,25.96423],[-80.16707,25.96391],[-80.17429,25.96488]]]}},{"type":"Feature","properties":{"code":"DAD","county":"Miami-Dade","precinct":"698"},"geometry":{"type":"Polygon","coordinates":[[[-80.1894,25.81139],[-80.18945,25.81062],[-80.19102,25.81059],[-80.19084,25.81134],[-80.1894,25.81139]]]}},{"type":"Feature","properties":{"code":"DAD","county":"Miami-Dade","precinct":"699"},"geometry":{"type":"Polygon","coordinates":[[[-80.39538,25.65614],[-80.39342,25.65608],[-80.39182,25.65667],[-80.39128,25.65118],[-80.39836,25.65092],[-80.39865,25.65518],[-80.39534,25.65531],[-80.39538,25.65614]]]}},{"type":"Feature","properties":{"code":"DAD","county":"Miami-Dade","precinct":"908"},"geometry":{"type":"Polygon","coordinates":[[[-80.41237,25.49958],[-80.41725,25.49951],[-80.41699,25.50351],[-80.41608,25.50692],[-80.41385,25.51002],[-80.41248,25.51056],[-80.41237,25.49958]]]}},{"type":"Feature","properties":{"code":"DAD","county":"Miami-Dade","precinct":"769"},"geometry":{"type":"Polygon","coordinates":[[[-80.40007,25.66568],[-80.41256,25.66524],[-80.41288,25.66481],[-80.41535,25.66473],[-80.41538,25.66354],[-80.41599,25.66351],[-80.41636,25.67078],[-80.40025,25.67131],[-80.40007,25.66568]]]}},{"type":"Feature","properties":{"code":"DAD","county":"Miami-Dade","precinct":"51"},"geometry":{"type":"Polygon","coordinates":[[[-80.08914,25.70042],[-80.09028,25.69491],[-80.09416,25.68672],[-80.09668,25.68267],[-80.15393,25.68317],[-80.17116,25.6814],[-80.19816,25.6887],[-80.19508,25.70099],[-80.16282,25.70039],[-80.16283,25.7023],[-80.16053,25.70231],[-80.16159,25.70038],[-80.08914,25.70042]]]}},{"type":"Feature","properties":{"code":"DAD","county":"Miami-Dade","precinct":"268"},"geometry":{"type":"Polygon","coordinates":[[[-80.25944,25.88288],[-80.2594,25.88207],[-80.2672,25.88184],[-80.26737,25.88514],[-80.25944,25.88288]]]}},{"type":"Feature","properties":{"code":"DAD","county":"Miami-Dade","precinct":"779"},"geometry":{"type":"Polygon","coordinates":[[[-80.38379,25.6656],[-80.38329,25.65255],[-80.38421,25.65151],[-80.38378,25.65092],[-80.38355,25.64632],[-80.383,25.646],[-80.38282,25.64182],[-80.3855,25.64177],[-80.38432,25.64913],[-80.38487,25.65075],[-80.38654,25.64893],[-80.38876,25.66388],[-80.38857,25.67171],[-80.384,25.67184],[-80.38379,25.6656]]]}},{"type":"Feature","properties":{"code":"DAD","county":"Miami-Dade","precinct":"283"},"geometry":{"type":"Polygon","coordinates":[[[-80.24039,25.81282],[-80.24039,25.81228],[-80.24848,25.81219],[-80.24859,25.81489],[-80.24658,25.81508],[-80.24648,25.81572],[-80.24254,25.81582],[-80.2424,25.81275],[-80.24039,25.81282]]]}},{"type":"Feature","properties":{"code":"DAD","county":"Miami-Dade","precinct":"847"},"geometry":{"type":"Polygon","coordinates":[[[-80.30942,25.58144],[-80.30733,25.57794],[-80.30723,25.57241],[-80.31038,25.56693],[-80.31051,25.56306],[-80.31122,25.55948],[-80.31386,25.55217],[-80.33354,25.55198],[-80.33356,25.55386],[-80.33134,25.55388],[-80.33145,25.5638],[-80.33716,25.56385],[-80.33714,25.56175],[-80.34042,25.56175],[-80.34043,25.56439],[-80.34412,25.56651],[-80.34433,25.56977],[-80.34333,25.56972],[-80.34333,25.57025],[-80.33966,25.57035],[-80.33989,25.57395],[-80.33163,25.57404],[-80.33164,25.5754],[-80.32987,25.57502],[-80.32413,25.57511],[-80.32415,25.57421],[-80.32369,25.57423],[-80.32369,25.57512],[-80.31815,25.57507],[-80.31738,25.58146],[-80.30942,25.58144]]]}},{"type":"Feature","properties":{"code":"DAD","county":"Miami-Dade","precinct":"745"},"geometry":{"type":"Polygon","coordinates":[[[-80.36812,25.68057],[-80.38433,25.68],[-80.384,25.67184],[-80.38857,25.67171],[-80.38911,25.68614],[-80.36585,25.68696],[-80.366,25.68552],[-80.36806,25.68263],[-80.36812,25.68057]]]}},{"type":"Feature","properties":{"code":"DAD","county":"Miami-Dade","precinct":"286"},"geometry":{"type":"Polygon","coordinates":[[[-80.24399,25.7963],[-80.24811,25.79953],[-80.24836,25.80835],[-80.24428,25.80847],[-80.24399,25.7963]]]}},{"type":"Feature","properties":{"code":"DAD","county":"Miami-Dade","precinct":"633"},"geometry":{"type":"Polygon","coordinates":[[[-80.26056,25.75815],[-80.26099,25.75813],[-80.26127,25.76448],[-80.25922,25.76455],[-80.25942,25.76812],[-80.25841,25.76812],[-80.25848,25.77054],[-80.25546,25.77062],[-80.25545,25.77134],[-80.25417,25.77184],[-80.25442,25.77007],[-80.25537,25.77006],[-80.25491,25.75833],[-80.26056,25.75815]]]}},{"type":"Feature","properties":{"code":"DAD","county":"Miami-Dade","precinct":"452"},"geometry":{"type":"Polygon","coordinates":[[[-80.39276,25.78267],[-80.39306,25.77327],[-80.40106,25.77292],[-80.40069,25.78248],[-80.39573,25.7822],[-80.39276,25.78267]]]}},{"type":"Feature","properties":{"code":"DAD","county":"Miami-Dade","precinct":"717"},"geometry":{"type":"Polygon","coordinates":[[[-80.30258,25.72589],[-80.30228,25.71832],[-80.32382,25.71735],[-80.31905,25.72261],[-80.31825,25.72883],[-80.3185,25.73295],[-80.30288,25.73339],[-80.30258,25.72589]]]}},{"type":"Feature","properties":{"code":"DAD","county":"Miami-Dade","precinct":"258"},"geometry":{"type":"Polygon","coordinates":[[[-80.22533,25.84353],[-80.22541,25.84281],[-80.23347,25.84302],[-80.23314,25.83468],[-80.24128,25.83442],[-80.24175,25.84604],[-80.2254,25.84653],[-80.22533,25.84353]]]}},{"type":"Feature","properties":{"code":"DAD","county":"Miami-Dade","precinct":"713"},"geometry":{"type":"Polygon","coordinates":[[[-80.35654,25.71584],[-80.3589,25.71574],[-80.35976,25.7325],[-80.35174,25.7327],[-80.35089,25.71608],[-80.35654,25.71584]]]}},{"type":"Feature","properties":{"code":"DAD","county":"Miami-Dade","precinct":"529"},"geometry":{"type":"Polygon","coordinates":[[[-80.20741,25.80644],[-80.20702,25.79523],[-80.21712,25.79492],[-80.2174,25.80232],[-80.22356,25.80213],[-80.22377,25.80689],[-80.21563,25.80734],[-80.21558,25.80612],[-80.20741,25.80644]]]}},{"type":"Feature","properties":{"code":"DAD","county":"Miami-Dade","precinct":"935"},"geometry":{"type":"Polygon","coordinates":[[[-80.54163,25.40365],[-80.52851,25.40391],[-80.5123,25.41832],[-80.50135,25.41846],[-80.50147,25.43307],[-80.47424,25.43319],[-80.47439,25.42564],[-80.46381,25.37736],[-80.46365,25.37437],[-80.44528,25.28723],[-80.57388,25.28768],[-80.57372,25.39767],[-80.56018,25.40342],[-80.54163,25.40365]]]}},{"type":"Feature","properties":{"code":"DAD","county":"Miami-Dade","precinct":"119"},"geometry":{"type":"Polygon","coordinates":[[[-80.17647,25.93644],[-80.1762,25.92908],[-80.18023,25.92891],[-80.18034,25.93166],[-80.18234,25.9316],[-80.18237,25.93252],[-80.1864,25.93233],[-80.18644,25.93322],[-80.18847,25.93316],[-80.18889,25.94132],[-80.18216,25.9417],[-80.18201,25.93809],[-80.18257,25.93804],[-80.18256,25.93759],[-80.18058,25.93768],[-80.18053,25.93629],[-80.17647,25.93644]]]}},{"type":"Feature","properties":{"code":"DAD","county":"Miami-Dade","precinct":"851"},"geometry":{"type":"Polygon","coordinates":[[[-80.36636,25.58225],[-80.36875,25.57993],[-80.37019,25.58093],[-80.37354,25.58091],[-80.37352,25.58342],[-80.37668,25.58351],[-80.37706,25.58843],[-80.38064,25.58841],[-80.38063,25.59103],[-80.37624,25.59453],[-80.37246,25.59536],[-80.36996,25.59257],[-80.36636,25.58225]]]}},{"type":"Feature","properties":{"code":"DAD","county":"Miami-Dade","precinct":"270"},"geometry":{"type":"Polygon","coordinates":[[[-80.24597,25.95547],[-80.24566,25.94816],[-80.26171,25.94758],[-80.26205,25.95478],[-80.25329,25.95565],[-80.24597,25.95547]]]}},{"type":"Feature","properties":{"code":"DAD","county":"Miami-Dade","precinct":"273"},"geometry":{"type":"Polygon","coordinates":[[[-80.26737,25.88513],[-80.27049,25.8864],[-80.2743,25.88873],[-80.26743,25.88891],[-80.26737,25.88513]]]}},{"type":"Feature","properties":{"code":"DAD","county":"Miami-Dade","precinct":"807"},"geometry":{"type":"Polygon","coordinates":[[[-80.32063,25.63671],[-80.33813,25.63634],[-80.33441,25.64389],[-80.31777,25.64429],[-80.31747,25.63607],[-80.31944,25.63603],[-80.31955,25.63683],[-80.32063,25.63671]]]}},{"type":"Feature","properties":{"code":"DAD","county":"Miami-Dade","precinct":"435"},"geometry":{"type":"Polygon","coordinates":[[[-80.33574,25.74037],[-80.33583,25.73308],[-80.35174,25.7327],[-80.3517,25.73996],[-80.33574,25.74037]]]}},{"type":"Feature","properties":{"code":"DAD","county":"Miami-Dade","precinct":"817"},"geometry":{"type":"Polygon","coordinates":[[[-80.35729,25.61354],[-80.36548,25.61321],[-80.36587,25.62026],[-80.36559,25.62223],[-80.36275,25.62475],[-80.35975,25.62563],[-80.35875,25.62645],[-80.35788,25.62533],[-80.35729,25.61354]]]}},{"type":"Feature","properties":{"code":"DAD","county":"Miami-Dade","precinct":"397"},"geometry":{"type":"Polygon","coordinates":[[[-80.31409,25.83997],[-80.31414,25.84079],[-80.3061,25.8408],[-80.3053,25.8404],[-80.30722,25.84],[-80.31409,25.83997]]]}},{"type":"Feature","properties":{"code":"DAD","county":"Miami-Dade","precinct":"384"},"geometry":{"type":"Polygon","coordinates":[[[-80.33977,25.88905],[-80.33971,25.88426],[-80.34775,25.88422],[-80.34809,25.89149],[-80.33987,25.89149],[-80.33977,25.88905]]]}},{"type":"Feature","properties":{"code":"DAD","county":"Miami-Dade","precinct":"180"},"geometry":{"type":"Polygon","coordinates":[[[-80.17719,25.86401],[-80.17912,25.86395],[-80.17729,25.86621],[-80.17719,25.86401]]]}},{"type":"Feature","properties":{"code":"DAD","county":"Miami-Dade","precinct":"594"},"geometry":{"type":"Polygon","coordinates":[[[-80.27717,25.78473],[-80.27435,25.78363],[-80.27813,25.77992],[-80.28063,25.77954],[-80.28847,25.78094],[-80.29062,25.78058],[-80.29747,25.77693],[-80.30837,25.77215],[-80.30867,25.78177],[-80.30471,25.78366],[-80.30182,25.78435],[-80.28855,25.78421],[-80.28112,25.78532],[-80.27717,25.78473]]]}},{"type":"Feature","properties":{"code":"DAD","county":"Miami-Dade","precinct":"960"},"geometry":{"type":"Polygon","coordinates":[[[-80.3954,25.55874],[-80.3967,25.5587],[-80.39684,25.56614],[-80.38867,25.56617],[-80.38857,25.56026],[-80.39003,25.55884],[-80.3954,25.55874]]]}},{"type":"Feature","properties":{"code":"DAD","county":"Miami-Dade","precinct":"631"},"geometry":{"type":"Polygon","coordinates":[[[-80.30767,25.64458],[-80.30968,25.64452],[-80.31007,25.65571],[-80.30164,25.65566],[-80.29374,25.65054],[-80.29365,25.64747],[-80.29558,25.64743],[-80.29552,25.64492],[-80.30767,25.64458]]]}},{"type":"Feature","properties":{"code":"DAD","county":"Miami-Dade","precinct":"208"},"geometry":{"type":"Polygon","coordinates":[[[-80.18215,25.95873],[-80.18194,25.95581],[-80.17708,25.95567],[-80.17626,25.95471],[-80.18505,25.94739],[-80.19965,25.95746],[-80.1938,25.95779],[-80.19145,25.95847],[-80.18492,25.96357],[-80.18038,25.96482],[-80.18007,25.95881],[-80.18215,25.95873]]]}},{"type":"Feature","properties":{"code":"DAD","county":"Miami-Dade","precinct":"785"},"geometry":{"type":"Polygon","coordinates":[[[-80.41571,25.68994],[-80.41645,25.68771],[-80.41655,25.68532],[-80.42487,25.68502],[-80.42413,25.68907],[-80.42442,25.69139],[-80.4204,25.69241],[-80.41895,25.69233],[-80.4167,25.69017],[-80.41571,25.68994]]]}},{"type":"Feature","properties":{"code":"DAD","county":"Miami-Dade","precinct":"806"},"geometry":{"type":"Polygon","coordinates":[[[-80.32063,25.63671],[-80.32058,25.63542],[-80.31948,25.63481],[-80.31943,25.63323],[-80.32351,25.63305],[-80.32342,25.62937],[-80.34143,25.62889],[-80.33813,25.63634],[-80.32063,25.63671]]]}},{"type":"Feature","properties":{"code":"DAD","county":"Miami-Dade","precinct":"931"},"geometry":{"type":"Polygon","coordinates":[[[-80.46102,25.48457],[-80.45383,25.49197],[-80.45198,25.49195],[-80.45178,25.49091],[-80.44791,25.48669],[-80.4476,25.48104],[-80.45488,25.481],[-80.45491,25.4828],[-80.45691,25.48281],[-80.45691,25.48096],[-80.45891,25.48095],[-80.45897,25.48461],[-80.46102,25.48457]]]}},{"type":"Feature","properties":{"code":"DAD","county":"Miami-Dade","precinct":"438"},"geometry":{"type":"Polygon","coordinates":[[[-80.35975,25.73979],[-80.36772,25.73956],[-80.36771,25.7467],[-80.35969,25.74699],[-80.35975,25.73979]]]}},{"type":"Feature","properties":{"code":"DAD","county":"Miami-Dade","precinct":"295"},"geometry":{"type":"Polygon","coordinates":[[[-80.24067,25.95455],[-80.23792,25.95431],[-80.2366,25.9266],[-80.24461,25.92643],[-80.24597,25.95547],[-80.24067,25.95455]]]}},{"type":"Feature","properties":{"code":"DAD","county":"Miami-Dade","precinct":"362"},"geometry":{"type":"Polygon","coordinates":[[[-80.30662,25.85882],[-80.30654,25.85523],[-80.31454,25.85526],[-80.3148,25.86388],[-80.30969,25.86388],[-80.30964,25.86249],[-80.31073,25.8625],[-80.31064,25.85888],[-80.30662,25.85882]]]}},{"type":"Feature","properties":{"code":"DAD","county":"Miami-Dade","precinct":"114"},"geometry":{"type":"Polygon","coordinates":[[[-80.12435,25.95946],[-80.12579,25.95409],[-80.12624,25.95423],[-80.12683,25.95273],[-80.12776,25.95215],[-80.13169,25.9523],[-80.13146,25.95525],[-80.13053,25.95528],[-80.13044,25.95613],[-80.1286,25.956],[-80.12763,25.96011],[-80.12435,25.95946]]]}},{"type":"Feature","properties":{"code":"DAD","county":"Miami-Dade","precinct":"546"},"geometry":{"type":"Polygon","coordinates":[[[-80.22971,25.7384],[-80.23031,25.73816],[-80.23093,25.73875],[-80.23699,25.73403],[-80.2376,25.734],[-80.23784,25.73992],[-80.22987,25.74284],[-80.22971,25.7384]]]}},{"type":"Feature","properties":{"code":"DAD","county":"Miami-Dade","precinct":"389"},"geometry":{"type":"Polygon","coordinates":[[[-80.34231,25.94232],[-80.34161,25.92792],[-80.34971,25.92791],[-80.35078,25.94911],[-80.3429,25.95572],[-80.34231,25.94232]]]}},{"type":"Feature","properties":{"code":"DAD","county":"Miami-Dade","precinct":"104"},"geometry":{"type":"Polygon","coordinates":[[[-80.15724,25.95738],[-80.15734,25.95943],[-80.16117,25.95933],[-80.16127,25.96107],[-80.16204,25.96305],[-80.15354,25.96315],[-80.15334,25.95959],[-80.15533,25.95947],[-80.15529,25.95744],[-80.15724,25.95738]]]}},{"type":"Feature","properties":{"code":"DAD","county":"Miami-Dade","precinct":"904"},"geometry":{"type":"Polygon","coordinates":[[[-80.38468,25.5369],[-80.38461,25.53266],[-80.38818,25.53261],[-80.38818,25.52994],[-80.38615,25.53023],[-80.38616,25.53135],[-80.38208,25.53144],[-80.38214,25.53699],[-80.37208,25.53711],[-80.37208,25.53247],[-80.37594,25.53141],[-80.39203,25.52861],[-80.39537,25.52739],[-80.39751,25.52568],[-80.40086,25.52595],[-80.4024,25.52919],[-80.40456,25.52918],[-80.40459,25.53161],[-80.40735,25.53159],[-80.40866,25.53106],[-80.4087,25.53281],[-80.40663,25.53283],[-80.40668,25.53651],[-80.38468,25.5369]]]}},{"type":"Feature","properties":{"code":"DAD","county":"Miami-Dade","precinct":"241"},"geometry":{"type":"Polygon","coordinates":[[[-80.24262,25.87137],[-80.24307,25.88269],[-80.22674,25.88308],[-80.22614,25.86859],[-80.24249,25.86816],[-80.24262,25.87137]]]}},{"type":"Feature","properties":{"code":"DAD","county":"Miami-Dade","precinct":"930"},"geometry":{"type":"Polygon","coordinates":[[[-80.50147,25.43307],[-80.50135,25.41846],[-80.5123,25.41832],[-80.52851,25.40391],[-80.54163,25.40365],[-80.54184,25.43298],[-80.55954,25.4328],[-80.55967,25.45114],[-80.56254,25.45448],[-80.56281,25.48347],[-80.56275,25.49165],[-80.5597,25.49513],[-80.56,25.51679],[-80.53455,25.51707],[-80.53424,25.46942],[-80.50163,25.4696],[-80.50158,25.46601],[-80.50566,25.46598],[-80.50562,25.46233],[-80.50157,25.46236],[-80.50147,25.43307]]]}},{"type":"Feature","properties":{"code":"DAD","county":"Miami-Dade","precinct":"929"},"geometry":{"type":"Polygon","coordinates":[[[-80.4038,25.46282],[-80.40386,25.44073],[-80.43614,25.44063],[-80.43617,25.44804],[-80.43503,25.44805],[-80.43329,25.45399],[-80.4337,25.4563],[-80.43602,25.46107],[-80.43621,25.46254],[-80.4038,25.46282]]]}},{"type":"Feature","properties":{"code":"DAD","county":"Miami-Dade","precinct":"547"},"geometry":{"type":"Polygon","coordinates":[[[-80.22429,25.78262],[-80.22294,25.78486],[-80.22275,25.78268],[-80.22429,25.78262]]]}},{"type":"Feature","properties":{"code":"DAD","county":"Miami-Dade","precinct":"245"},"geometry":{"type":"Polygon","coordinates":[[[-80.24124,25.86072],[-80.24224,25.86071],[-80.24249,25.86816],[-80.22612,25.86859],[-80.22603,25.86507],[-80.22361,25.86129],[-80.24124,25.86072]]]}},{"type":"Feature","properties":{"code":"DAD","county":"Miami-Dade","precinct":"101"},"geometry":{"type":"Polygon","coordinates":[[[-80.14747,25.96362],[-80.16204,25.96305],[-80.1666,25.96423],[-80.16626,25.96629],[-80.16648,25.97376],[-80.14778,25.97442],[-80.14747,25.96362]]]}},{"type":"Feature","properties":{"code":"DAD","county":"Miami-Dade","precinct":"574"},"geometry":{"type":"Polygon","coordinates":[[[-80.1873,25.85153],[-80.18758,25.84884],[-80.18646,25.84885],[-80.18641,25.84775],[-80.18868,25.84769],[-80.18836,25.84022],[-80.19659,25.84002],[-80.19711,25.85311],[-80.19221,25.85367],[-80.18862,25.85315],[-80.18782,25.85152],[-80.1873,25.85153]]]}},{"type":"Feature","properties":{"code":"DAD","county":"Miami-Dade","precinct":"958"},"geometry":{"type":"Polygon","coordinates":[[[-80.4394,25.47747],[-80.43029,25.48271],[-80.43034,25.48128],[-80.42629,25.48132],[-80.42614,25.47771],[-80.42209,25.47774],[-80.4394,25.47747]]]}},{"type":"Feature","properties":{"code":"DAD","county":"Miami-Dade","precinct":"796"},"geometry":{"type":"Polygon","coordinates":[[[-80.48441,25.76101],[-80.48136,25.76085],[-80.47864,25.69663],[-80.4784,25.68584],[-80.48124,25.67411],[-80.48087,25.66089],[-80.49787,25.66002],[-80.49869,25.68337],[-80.49601,25.6877],[-80.49539,25.69001],[-80.49802,25.76098],[-80.48441,25.76101]]]}},{"type":"Feature","properties":{"code":"DAD","county":"Miami-Dade","precinct":"420"},"geometry":{"type":"Polygon","coordinates":[[[-80.43221,25.74298],[-80.43159,25.72857],[-80.43568,25.72842],[-80.43656,25.75013],[-80.43246,25.75025],[-80.43221,25.74298]]]}},{"type":"Feature","properties":{"code":"DAD","county":"Miami-Dade","precinct":"706"},"geometry":{"type":"Polygon","coordinates":[[[-80.39962,25.72962],[-80.39909,25.71493],[-80.40704,25.71464],[-80.40761,25.72943],[-80.39962,25.72962]]]}},{"type":"Feature","properties":{"code":"DAD","county":"Miami-Dade","precinct":"214"},"geometry":{"type":"Polygon","coordinates":[[[-80.20125,25.94709],[-80.2033,25.94696],[-80.20327,25.94627],[-80.21035,25.94597],[-80.21029,25.94454],[-80.21229,25.94446],[-80.21219,25.94224],[-80.22119,25.94187],[-80.2219,25.95645],[-80.20569,25.95705],[-80.20576,25.95966],[-80.20289,25.95957],[-80.19965,25.95746],[-80.20156,25.95735],[-80.20125,25.94709]]]}},{"type":"Feature","properties":{"code":"DAD","county":"Miami-Dade","precinct":"386"},"geometry":{"type":"Polygon","coordinates":[[[-80.27387,25.83744],[-80.2879,25.83698],[-80.28803,25.84065],[-80.28996,25.84059],[-80.29016,25.848],[-80.28235,25.84831],[-80.28205,25.84083],[-80.27402,25.84108],[-80.27387,25.83744]]]}},{"type":"Feature","properties":{"code":"DAD","county":"Miami-Dade","precinct":"720"},"geometry":{"type":"Polygon","coordinates":[[[-80.31713,25.69526],[-80.327,25.69514],[-80.3337,25.69596],[-80.33384,25.69559],[-80.33438,25.70677],[-80.32345,25.71737],[-80.31842,25.7177],[-80.31713,25.69526]]]}},{"type":"Feature","properties":{"code":"DAD","county":"Miami-Dade","precinct":"19"},"geometry":{"type":"Polygon","coordinates":[[[-80.1295,25.85049],[-80.13257,25.84996],[-80.13638,25.84759],[-80.14449,25.84362],[-80.14486,25.84942],[-80.14329,25.85109],[-80.1373,25.8516],[-80.13244,25.85426],[-80.13211,25.85346],[-80.1296,25.85396],[-80.1295,25.85049]]]}},{"type":"Feature","properties":{"code":"DAD","county":"Miami-Dade","precinct":"787"},"geometry":{"type":"Polygon","coordinates":[[[-80.39854,25.63544],[-80.40042,25.63397],[-80.41469,25.63361],[-80.41453,25.64108],[-80.40675,25.64112],[-80.40696,25.64484],[-80.39896,25.64514],[-80.39854,25.63544]]]}},{"type":"Feature","properties":{"code":"ORA","county":"Orange","precinct":"105"},"geometry":{"type":"Polygon","coordinates":[[[-81.55768,28.54673],[-81.56888,28.54532],[-81.58347,28.54512],[-81.58358,28.56598],[-81.57537,28.56732],[-81.56303,28.57176],[-81.5587,28.57196],[-81.55866,28.56317],[-81.55963,28.5577],[-81.55768,28.54673]]]}},{"type":"Feature","properties":{"code":"ORA","county":"Orange","precinct":"106"},"geometry":{"type":"Polygon","coordinates":[[[-81.57291,28.59748],[-81.56711,28.59752],[-81.5671,28.59501],[-81.55893,28.59508],[-81.5589,28.59264],[-81.55659,28.595],[-81.55778,28.59133],[-81.55759,28.58631],[-81.55889,28.58627],[-81.55884,28.58251],[-81.56092,28.58251],[-81.56082,28.57188],[-81.56323,28.5717],[-81.57478,28.56752],[-81.57521,28.56811],[-81.57441,28.56946],[-81.57459,28.57135],[-81.57774,28.57375],[-81.58226,28.57933],[-81.5839,28.57963],[-81.58425,28.57942],[-81.58408,28.57862],[-81.58482,28.57829],[-81.5894,28.58325],[-81.59396,28.57765],[-81.60252,28.57639],[-81.61365,28.571],[-81.62907,28.56649],[-81.64091,28.56561],[-81.64691,28.5685],[-81.65376,28.56837],[-81.65547,28.56336],[-81.65725,28.56322],[-81.65721,28.56983],[-81.65267,28.57115],[-81.65141,28.57512],[-81.65206,28.57722],[-81.65188,28.58052],[-81.65064,28.58196],[-81.64887,28.58266],[-81.64811,28.58449],[-81.64973,28.58684],[-81.65346,28.59045],[-81.65715,28.59226],[-81.65695,28.60828],[-81.56314,28.60668],[-81.56549,28.60452],[-81.56871,28.6025],[-81.57265,28.59842],[-81.57426,28.59748],[-81.57291,28.59748]]]}},{"type":"Feature","properties":{"code":"ORA","county":"Orange","precinct":"107"},"geometry":{"type":"Polygon","coordinates":[[[-81.5894,28.58325],[-81.58482,28.57829],[-81.58408,28.57862],[-81.58425,28.57942],[-81.5839,28.57963],[-81.58226,28.57933],[-81.57774,28.57375],[-81.57459,28.57135],[-81.57441,28.56946],[-81.57521,28.56811],[-81.57478,28.56752],[-81.60357,28.56252],[-81.60904,28.56066],[-81.60893,28.55472],[-81.61632,28.55473],[-81.61647,28.56456],[-81.61158,28.56573],[-81.60779,28.56808],[-81.61196,28.57182],[-81.60252,28.57639],[-81.59396,28.57765],[-81.5894,28.58325]]]}},{"type":"Feature","properties":{"code":"ORA","county":"Orange","precinct":"108"},"geometry":{"type":"Polygon","coordinates":[[[-81.58356,28.56499],[-81.58347,28.54512],[-81.60798,28.545],[-81.60801,28.55108],[-81.61762,28.55108],[-81.61626,28.55129],[-81.61632,28.55473],[-81.60893,28.55472],[-81.6089,28.56079],[-81.60275,28.56274],[-81.59028,28.56497],[-81.58358,28.56598],[-81.58356,28.56499]]]}},{"type":"Feature","properties":{"code":"ORA","county":"Orange","precinct":"109"},"geometry":{"type":"Polygon","coordinates":[[[-81.55745,28.54544],[-81.55684,28.53939],[-81.55729,28.5353],[-81.55843,28.53285],[-81.55844,28.53332],[-81.56008,28.53144],[-81.56207,28.53018],[-81.57397,28.52599],[-81.58602,28.5178],[-81.58928,28.51633],[-81.59539,28.51541],[-81.59543,28.52012],[-81.59749,28.52011],[-81.5975,28.5219],[-81.59894,28.52166],[-81.59955,28.52234],[-81.60198,28.52269],[-81.60509,28.52461],[-81.6057,28.52636],[-81.60779,28.52955],[-81.60967,28.52942],[-81.60835,28.53068],[-81.60793,28.53177],[-81.60798,28.545],[-81.56996,28.54527],[-81.55798,28.54653],[-81.55745,28.54544]]]}},{"type":"Feature","properties":{"code":"ORA","county":"Orange","precinct":"111"},"geometry":{"type":"Polygon","coordinates":[[[-81.50891,28.53535],[-81.50882,28.53041],[-81.50725,28.53],[-81.50875,28.52817],[-81.50873,28.52362],[-81.50813,28.52285],[-81.50639,28.52274],[-81.5087,28.51951],[-81.5086,28.50665],[-81.50773,28.50084],[-81.50866,28.49609],[-81.50855,28.49361],[-81.51167,28.49358],[-81.51168,28.49683],[-81.51056,28.49975],[-81.50981,28.50015],[-81.50928,28.50126],[-81.51029,28.50147],[-81.50936,28.50248],[-81.51052,28.50259],[-81.51042,28.50295],[-81.51191,28.50355],[-81.51319,28.50317],[-81.51431,28.50491],[-81.51486,28.50443],[-81.51725,28.50532],[-81.51763,28.50501],[-81.52256,28.50555],[-81.52398,28.50532],[-81.52312,28.5074],[-81.52356,28.50938],[-81.52317,28.51086],[-81.52402,28.51304],[-81.52737,28.51555],[-81.53219,28.51512],[-81.54217,28.51538],[-81.54154,28.51778],[-81.54166,28.5207],[-81.54054,28.51894],[-81.53851,28.51894],[-81.5335,28.52196],[-81.53367,28.53729],[-81.53248,28.53729],[-81.52978,28.53488],[-81.52872,28.53464],[-81.52038,28.54155],[-81.51644,28.54373],[-81.50886,28.54258],[-81.50891,28.53535]]]}},{"type":"Feature","properties":{"code":"ORA","county":"Orange","precinct":"112"},"geometry":{"type":"Polygon","coordinates":[[[-81.48377,28.50282],[-81.48347,28.49371],[-81.50855,28.49361],[-81.50866,28.49609],[-81.5077,28.50168],[-81.5086,28.50665],[-81.5084,28.5203],[-81.50775,28.52104],[-81.49953,28.51607],[-81.49205,28.509],[-81.48377,28.50282]]]}},{"type":"Feature","properties":{"code":"ORA","county":"Orange","precinct":"113"},"geometry":{"type":"Polygon","coordinates":[[[-81.484,28.49371],[-81.47527,28.49366],[-81.4752,28.48782],[-81.47687,28.48409],[-81.47492,28.47861],[-81.4749,28.46242],[-81.47762,28.46218],[-81.47762,28.46369],[-81.48118,28.4638],[-81.48112,28.46086],[-81.49149,28.46084],[-81.4916,28.47907],[-81.49275,28.4822],[-81.49174,28.4852],[-81.49087,28.49368],[-81.484,28.49371]]]}},{"type":"Feature","properties":{"code":"ORA","county":"Orange","precinct":"115"},"geometry":{"type":"Polygon","coordinates":[[[-81.4772,28.46095],[-81.47717,28.45724],[-81.47623,28.45688],[-81.47758,28.45532],[-81.47786,28.45001],[-81.49976,28.44997],[-81.4998,28.46079],[-81.48088,28.46087],[-81.47732,28.46226],[-81.4772,28.46095]]]}},{"type":"Feature","properties":{"code":"ORA","county":"Orange","precinct":"116"},"geometry":{"type":"Polygon","coordinates":[[[-81.47586,28.45008],[-81.47421,28.45007],[-81.47414,28.41275],[-81.47522,28.41015],[-81.4759,28.40972],[-81.47886,28.412],[-81.48215,28.4079],[-81.48511,28.40652],[-81.48721,28.4065],[-81.48839,28.40732],[-81.48953,28.4095],[-81.4896,28.41373],[-81.48785,28.41544],[-81.48306,28.4164],[-81.48415,28.41765],[-81.48471,28.41923],[-81.48292,28.42171],[-81.48337,28.42377],[-81.48317,28.42626],[-81.48395,28.42723],[-81.48354,28.42795],[-81.48701,28.42672],[-81.48686,28.42583],[-81.4878,28.4252],[-81.49186,28.42395],[-81.49249,28.42238],[-81.49545,28.4225],[-81.49806,28.42075],[-81.50337,28.42072],[-81.50386,28.44075],[-81.50291,28.44254],[-81.50004,28.4456],[-81.49976,28.44997],[-81.47586,28.45008]]]}},{"type":"Feature","properties":{"code":"ORA","county":"Orange","precinct":"117"},"geometry":{"type":"Polygon","coordinates":[[[-81.42858,28.42131],[-81.42965,28.42025],[-81.43005,28.41871],[-81.43155,28.41716],[-81.43261,28.41143],[-81.4335,28.4103],[-81.44089,28.41011],[-81.44611,28.40864],[-81.45806,28.40643],[-81.46427,28.4062],[-81.46586,28.4065],[-81.47099,28.40897],[-81.47353,28.40935],[-81.47522,28.41015],[-81.47414,28.41275],[-81.47357,28.41836],[-81.47244,28.41961],[-81.47011,28.42057],[-81.46763,28.42106],[-81.42858,28.42131]]]}},{"type":"Feature","properties":{"code":"ORA","county":"Orange","precinct":"118"},"geometry":{"type":"Polygon","coordinates":[[[-81.43953,28.37904],[-81.45333,28.38379],[-81.46173,28.38828],[-81.46739,28.39224],[-81.46262,28.39777],[-81.45798,28.40126],[-81.45643,28.40416],[-81.45603,28.40694],[-81.44611,28.40864],[-81.44089,28.41011],[-81.4335,28.4103],[-81.43404,28.40593],[-81.4364,28.40374],[-81.43798,28.40114],[-81.43664,28.39782],[-81.43457,28.39492],[-81.4339,28.39318],[-81.43468,28.39135],[-81.4391,28.3892],[-81.43953,28.37904]]]}},{"type":"Feature","properties":{"code":"ORA","county":"Orange","precinct":"119"},"geometry":{"type":"Polygon","coordinates":[[[-81.44355,28.35814],[-81.44693,28.35398],[-81.44725,28.34973],[-81.44793,28.34791],[-81.45776,28.34786],[-81.45775,28.34729],[-81.53193,28.34729],[-81.52076,28.35977],[-81.51585,28.35846],[-81.49325,28.35712],[-81.48714,28.35812],[-81.48709,28.36796],[-81.48663,28.37063],[-81.4804,28.37616],[-81.46549,28.39094],[-81.46173,28.38828],[-81.45333,28.38379],[-81.43953,28.37904],[-81.43866,28.37488],[-81.43755,28.37358],[-81.43683,28.36619],[-81.43834,28.3628],[-81.44283,28.35956],[-81.44355,28.35814]]]}},{"type":"Feature","properties":{"code":"ORA","county":"Orange","precinct":"120"},"geometry":{"type":"Polygon","coordinates":[[[-81.4294,28.36249],[-81.4291,28.36211],[-81.42392,28.36438],[-81.41984,28.35654],[-81.41955,28.34793],[-81.44793,28.34791],[-81.44725,28.34973],[-81.44693,28.35398],[-81.44295,28.35922],[-81.43835,28.36165],[-81.43278,28.36659],[-81.4294,28.36249]]]}},{"type":"Feature","properties":{"code":"ORA","county":"Orange","precinct":"121"},"geometry":{"type":"Polygon","coordinates":[[[-81.40459,28.36791],[-81.40456,28.35172],[-81.40416,28.34789],[-81.41955,28.34793],[-81.41984,28.35654],[-81.42392,28.36438],[-81.41538,28.36759],[-81.40459,28.36791]]]}},{"type":"Feature","properties":{"code":"ORA","county":"Orange","precinct":"122"},"geometry":{"type":"Polygon","coordinates":[[[-81.42535,28.38125],[-81.42125,28.38103],[-81.41826,28.37904],[-81.4162,28.37846],[-81.41321,28.37889],[-81.40461,28.3787],[-81.40459,28.36791],[-81.41538,28.36759],[-81.42411,28.36431],[-81.42523,28.36627],[-81.42589,28.36913],[-81.42593,28.379],[-81.42535,28.38125]]]}},{"type":"Feature","properties":{"code":"ORA","county":"Orange","precinct":"123"},"geometry":{"type":"Polygon","coordinates":[[[-81.5153,28.43964],[-81.51341,28.43894],[-81.51248,28.43924],[-81.51138,28.43714],[-81.51221,28.43428],[-81.51258,28.42777],[-81.51331,28.42673],[-81.51313,28.42574],[-81.5139,28.42488],[-81.51645,28.42452],[-81.5171,28.42395],[-81.51726,28.42283],[-81.51653,28.42188],[-81.51651,28.42091],[-81.51508,28.41919],[-81.5152,28.41345],[-81.51413,28.41345],[-81.51413,28.41146],[-81.51289,28.4118],[-81.51227,28.41152],[-81.51202,28.41505],[-81.50326,28.41523],[-81.50325,28.41419],[-81.50195,28.4142],[-81.49708,28.41566],[-81.49538,28.41517],[-81.49423,28.41403],[-81.49384,28.41251],[-81.49436,28.411],[-81.49138,28.41065],[-81.49128,28.40593],[-81.48711,28.40601],[-81.48713,28.40649],[-81.48511,28.40652],[-81.48354,28.40709],[-81.48215,28.4079],[-81.47886,28.412],[-81.4759,28.40972],[-81.5047,28.37759],[-81.50622,28.38578],[-81.51529,28.38645],[-81.51638,28.38718],[-81.51972,28.39122],[-81.5202,28.39313],[-81.51921,28.39666],[-81.52023,28.39843],[-81.52167,28.39876],[-81.53745,28.39868],[-81.53736,28.40597],[-81.53271,28.40595],[-81.53288,28.43305],[-81.53342,28.43508],[-81.53499,28.43693],[-81.53202,28.43972],[-81.53124,28.43896],[-81.52822,28.43799],[-81.52266,28.43824],[-81.52225,28.43791],[-81.51791,28.43991],[-81.5153,28.43964]]]}},{"type":"Feature","properties":{"code":"ORA","county":"Orange","precinct":"124"},"geometry":{"type":"Polygon","coordinates":[[[-81.47223,28.40912],[-81.47099,28.40897],[-81.46483,28.40624],[-81.45898,28.40633],[-81.45602,28.40698],[-81.4562,28.40491],[-81.45819,28.40103],[-81.46262,28.39777],[-81.46739,28.39224],[-81.46549,28.39094],[-81.4804,28.37616],[-81.48663,28.37063],[-81.48709,28.36796],[-81.48714,28.35812],[-81.49325,28.35712],[-81.51585,28.35846],[-81.52076,28.35977],[-81.47552,28.41031],[-81.47223,28.40912]]]}},{"type":"Feature","properties":{"code":"ORA","county":"Orange","precinct":"125"},"geometry":{"type":"Polygon","coordinates":[[[-81.50375,28.42859],[-81.50337,28.42072],[-81.49806,28.42075],[-81.49545,28.4225],[-81.49249,28.42238],[-81.49186,28.42395],[-81.4878,28.4252],[-81.48686,28.42583],[-81.48701,28.42672],[-81.48354,28.42795],[-81.48395,28.42723],[-81.48317,28.42626],[-81.48337,28.42377],[-81.48292,28.42171],[-81.48471,28.41923],[-81.48415,28.41765],[-81.48306,28.4164],[-81.48821,28.41525],[-81.48947,28.41396],[-81.48982,28.4124],[-81.48953,28.4095],[-81.48839,28.40732],[-81.48713,28.40649],[-81.48711,28.40601],[-81.49138,28.40596],[-81.49138,28.41065],[-81.49436,28.411],[-81.49385,28.41237],[-81.49409,28.41377],[-81.49501,28.41492],[-81.4964,28.41557],[-81.49811,28.41558],[-81.50195,28.4142],[-81.50325,28.41419],[-81.50326,28.41523],[-81.51202,28.41505],[-81.51227,28.41152],[-81.51289,28.4118],[-81.51413,28.41146],[-81.51413,28.41345],[-81.5152,28.41345],[-81.51508,28.41919],[-81.51651,28.42091],[-81.51653,28.42188],[-81.51726,28.42283],[-81.5171,28.42395],[-81.51645,28.42452],[-81.5139,28.42488],[-81.51313,28.42574],[-81.51331,28.42673],[-81.51261,28.4276],[-81.51191,28.43539],[-81.51002,28.43539],[-81.50896,28.43693],[-81.50853,28.4394],[-81.50787,28.44022],[-81.504,28.44014],[-81.50375,28.42859]]]}},{"type":"Feature","properties":{"code":"ORA","county":"Orange","precinct":"126"},"geometry":{"type":"Polygon","coordinates":[[[-81.65688,28.4487],[-81.6524,28.44827],[-81.65096,28.44876],[-81.64274,28.44884],[-81.64203,28.44343],[-81.63653,28.43437],[-81.63459,28.42413],[-81.62893,28.41256],[-81.6249,28.41229],[-81.62182,28.41105],[-81.61977,28.4083],[-81.61959,28.4053],[-81.61573,28.40492],[-81.61546,28.40544],[-81.60727,28.40547],[-81.60727,28.42733],[-81.59491,28.42742],[-81.59489,28.42377],[-81.59075,28.4238],[-81.59078,28.42855],[-81.58424,28.42936],[-81.5795,28.43251],[-81.57593,28.42943],[-81.57005,28.42933],[-81.56991,28.42769],[-81.56579,28.42763],[-81.56605,28.42398],[-81.55781,28.42402],[-81.55781,28.42767],[-81.54759,28.42777],[-81.54936,28.42489],[-81.54913,28.42414],[-81.55188,28.42226],[-81.55296,28.42078],[-81.55159,28.41962],[-81.54916,28.41982],[-81.54801,28.42089],[-81.54745,28.42329],[-81.54634,28.42413],[-81.54109,28.42417],[-81.54085,28.41898],[-81.53908,28.41668],[-81.53854,28.41351],[-81.5373,28.41327],[-81.53693,28.41387],[-81.53745,28.39868],[-81.52167,28.39876],[-81.52023,28.39843],[-81.51921,28.39666],[-81.5202,28.39313],[-81.51972,28.39122],[-81.51638,28.38718],[-81.51529,28.38645],[-81.50622,28.38578],[-81.5047,28.37759],[-81.53193,28.34729],[-81.65727,28.3471],[-81.65749,28.44909],[-81.65688,28.4487]]]}},{"type":"Feature","properties":{"code":"ORA","county":"Orange","precinct":"127"},"geometry":{"type":"Polygon","coordinates":[[[-81.50221,28.45837],[-81.49969,28.45838],[-81.49979,28.44651],[-81.50049,28.44483],[-81.50327,28.44205],[-81.504,28.44014],[-81.5069,28.44049],[-81.50811,28.44005],[-81.50896,28.43693],[-81.51002,28.43539],[-81.51191,28.43539],[-81.5114,28.43722],[-81.51257,28.43929],[-81.51341,28.43894],[-81.51504,28.43933],[-81.51551,28.43993],[-81.51601,28.43954],[-81.51768,28.43994],[-81.52225,28.43791],[-81.52343,28.43886],[-81.51932,28.44011],[-81.51669,28.44273],[-81.51619,28.44361],[-81.51656,28.44535],[-81.51519,28.44746],[-81.5163,28.44928],[-81.51653,28.45145],[-81.51794,28.45343],[-81.51775,28.45519],[-81.51874,28.45783],[-81.51712,28.45508],[-81.51694,28.45383],[-81.51457,28.45376],[-81.51242,28.4523],[-81.51022,28.45428],[-81.51041,28.45733],[-81.50908,28.45897],[-81.50746,28.45936],[-81.50494,28.45847],[-81.50221,28.45837]]]}},{"type":"Feature","properties":{"code":"ORA","county":"Orange","precinct":"128"},"geometry":{"type":"Polygon","coordinates":[[[-81.50542,28.46861],[-81.50045,28.4625],[-81.49972,28.46059],[-81.49969,28.45838],[-81.5047,28.45844],[-81.50746,28.45936],[-81.50891,28.45907],[-81.51038,28.45743],[-81.51022,28.45428],[-81.51242,28.4523],[-81.51457,28.45376],[-81.51694,28.45383],[-81.51712,28.45508],[-81.51874,28.45783],[-81.51775,28.45519],[-81.51794,28.45343],[-81.51653,28.45145],[-81.5163,28.44928],[-81.51522,28.44765],[-81.51656,28.44535],[-81.51619,28.44361],[-81.51658,28.44285],[-81.51932,28.44011],[-81.52282,28.43892],[-81.52617,28.43901],[-81.52986,28.44022],[-81.53109,28.44163],[-81.53034,28.44379],[-81.53101,28.44576],[-81.53317,28.44852],[-81.53491,28.4498],[-81.53635,28.45285],[-81.53579,28.45281],[-81.53523,28.45364],[-81.53379,28.4536],[-81.53302,28.45434],[-81.53223,28.45382],[-81.53098,28.4538],[-81.52484,28.45561],[-81.52617,28.45938],[-81.52798,28.46208],[-81.52959,28.46244],[-81.5299,28.46085],[-81.52931,28.46019],[-81.53178,28.45947],[-81.53199,28.4612],[-81.53102,28.46398],[-81.53126,28.46531],[-81.52982,28.46662],[-81.52803,28.46456],[-81.52748,28.46453],[-81.52601,28.46861],[-81.52466,28.46937],[-81.52327,28.46954],[-81.52076,28.46859],[-81.51961,28.46876],[-81.51918,28.46953],[-81.51964,28.47079],[-81.51619,28.47467],[-81.51615,28.47635],[-81.51318,28.47813],[-81.51186,28.48266],[-81.51029,28.48287],[-81.50856,28.48306],[-81.50797,28.47408],[-81.50698,28.47125],[-81.50542,28.46861]]]}},{"type":"Feature","properties":{"code":"ORA","county":"Orange","precinct":"129"},"geometry":{"type":"Polygon","coordinates":[[[-81.54904,28.51902],[-81.54576,28.51887],[-81.54574,28.51797],[-81.54152,28.51804],[-81.54203,28.51535],[-81.53219,28.51512],[-81.52737,28.51555],[-81.52402,28.51304],[-81.52317,28.51086],[-81.52356,28.50938],[-81.52312,28.5074],[-81.52398,28.50532],[-81.52256,28.50555],[-81.51763,28.50501],[-81.51725,28.50532],[-81.51486,28.50443],[-81.51431,28.50491],[-81.51319,28.50317],[-81.51191,28.50355],[-81.51042,28.50295],[-81.51052,28.50259],[-81.50936,28.50248],[-81.51029,28.50147],[-81.50928,28.50126],[-81.50981,28.50015],[-81.51056,28.49975],[-81.51168,28.49683],[-81.51167,28.49358],[-81.51926,28.49354],[-81.51919,28.49272],[-81.51785,28.49281],[-81.51699,28.49189],[-81.51696,28.48785],[-81.51774,28.48652],[-81.51435,28.48496],[-81.51043,28.48434],[-81.50971,28.48359],[-81.51029,28.48287],[-81.51186,28.48266],[-81.51318,28.47813],[-81.51615,28.47635],[-81.51619,28.47467],[-81.51964,28.47079],[-81.51918,28.46953],[-81.51961,28.46876],[-81.52076,28.46859],[-81.52327,28.46954],[-81.52466,28.46937],[-81.52601,28.46861],[-81.5266,28.4669],[-81.52709,28.46775],[-81.5271,28.46933],[-81.52781,28.4703],[-81.52977,28.47112],[-81.53238,28.47075],[-81.53262,28.47207],[-81.5339,28.47273],[-81.53356,28.47394],[-81.53274,28.47421],[-81.5321,28.47398],[-81.53199,28.47251],[-81.53089,28.47317],[-81.53027,28.47506],[-81.53089,28.47558],[-81.53235,28.47498],[-81.53368,28.47585],[-81.53468,28.47492],[-81.53467,28.47408],[-81.53655,28.47427],[-81.53736,28.47514],[-81.5408,28.47476],[-81.54161,28.47538],[-81.54131,28.47628],[-81.54338,28.47724],[-81.54321,28.47844],[-81.54373,28.479],[-81.54666,28.47706],[-81.54542,28.4761],[-81.54653,28.47484],[-81.54837,28.47471],[-81.5495,28.4738],[-81.55036,28.47433],[-81.5539,28.4728],[-81.55303,28.47215],[-81.55263,28.47102],[-81.55385,28.46952],[-81.55746,28.47083],[-81.55834,28.4738],[-81.55937,28.47416],[-81.56042,28.4753],[-81.56051,28.47664],[-81.55965,28.47704],[-81.55816,28.4764],[-81.55769,28.47684],[-81.56135,28.47903],[-81.56127,28.48204],[-81.56202,28.48344],[-81.5651,28.48604],[-81.56668,28.48623],[-81.56724,28.48712],[-81.56694,28.48893],[-81.56468,28.48966],[-81.563,28.49258],[-81.56619,28.49241],[-81.56562,28.49306],[-81.56612,28.49429],[-81.56804,28.4956],[-81.56934,28.4972],[-81.56782,28.49773],[-81.56633,28.49681],[-81.56173,28.49901],[-81.55916,28.49901],[-81.56107,28.5043],[-81.55821,28.50469],[-81.55821,28.50619],[-81.55143,28.50621],[-81.55193,28.50677],[-81.55196,28.51166],[-81.55408,28.51167],[-81.55412,28.51875],[-81.55135,28.51877],[-81.55135,28.51921],[-81.54904,28.51902]]]}},{"type":"Feature","properties":{"code":"ORA","county":"Orange","precinct":"130"},"geometry":{"type":"Polygon","coordinates":[[[-81.55829,28.52959],[-81.54431,28.52978],[-81.54429,28.52841],[-81.54509,28.52753],[-81.54478,28.52637],[-81.54178,28.52559],[-81.54152,28.51804],[-81.54574,28.51797],[-81.54576,28.51887],[-81.54904,28.51882],[-81.54904,28.51924],[-81.55412,28.51875],[-81.55408,28.51167],[-81.55196,28.51166],[-81.55193,28.50677],[-81.55143,28.50621],[-81.55821,28.50619],[-81.55821,28.50469],[-81.56107,28.5043],[-81.55916,28.49901],[-81.56173,28.49901],[-81.56633,28.49681],[-81.56782,28.49773],[-81.56934,28.4972],[-81.56804,28.4956],[-81.56612,28.49429],[-81.56562,28.49306],[-81.56619,28.49241],[-81.563,28.49258],[-81.56468,28.48966],[-81.56694,28.48893],[-81.5672,28.48695],[-81.56639,28.48603],[-81.5651,28.48604],[-81.56257,28.48403],[-81.56131,28.48223],[-81.56119,28.47878],[-81.55769,28.47684],[-81.55844,28.47643],[-81.55965,28.47704],[-81.5606,28.4762],[-81.56006,28.47478],[-81.55834,28.4738],[-81.55746,28.47083],[-81.55385,28.46952],[-81.55263,28.47102],[-81.55303,28.47215],[-81.5539,28.4728],[-81.55036,28.47433],[-81.5495,28.4738],[-81.54837,28.47471],[-81.54653,28.47484],[-81.54542,28.4761],[-81.54666,28.47706],[-81.54373,28.479],[-81.54331,28.47849],[-81.54434,28.47709],[-81.54335,28.47537],[-81.54664,28.47318],[-81.54715,28.47224],[-81.55095,28.47106],[-81.55205,28.46956],[-81.55395,28.46849],[-81.55807,28.4701],[-81.5595,28.47125],[-81.56377,28.4713],[-81.56441,28.47088],[-81.57447,28.47812],[-81.57662,28.47857],[-81.58278,28.47852],[-81.58291,28.48925],[-81.58329,28.49017],[-81.58651,28.49347],[-81.58698,28.49485],[-81.58707,28.50698],[-81.58649,28.50822],[-81.58435,28.51018],[-81.5839,28.51146],[-81.58602,28.5178],[-81.57397,28.52599],[-81.56207,28.53018],[-81.56008,28.53144],[-81.55844,28.53332],[-81.55829,28.52959]]]}},{"type":"Feature","properties":{"code":"ORA","county":"Orange","precinct":"131"},"geometry":{"type":"Polygon","coordinates":[[[-81.60113,28.52245],[-81.59955,28.52234],[-81.59894,28.52166],[-81.5975,28.5219],[-81.59749,28.52011],[-81.59543,28.52012],[-81.59539,28.51541],[-81.59031,28.51603],[-81.58602,28.5178],[-81.5839,28.51146],[-81.58435,28.51018],[-81.58703,28.50716],[-81.587,28.49673],[-81.6035,28.49656],[-81.60349,28.49273],[-81.60901,28.49243],[-81.61181,28.49341],[-81.61183,28.50507],[-81.60992,28.50739],[-81.6201,28.50733],[-81.62025,28.52489],[-81.61951,28.52538],[-81.61249,28.52553],[-81.61196,28.52732],[-81.60967,28.52942],[-81.60779,28.52955],[-81.6057,28.52636],[-81.60537,28.52485],[-81.60113,28.52245]]]}},{"type":"Feature","properties":{"code":"ORA","county":"Orange","precinct":"132"},"geometry":{"type":"Polygon","coordinates":[[[-81.61196,28.57182],[-81.60779,28.56808],[-81.61158,28.56573],[-81.61647,28.56456],[-81.61626,28.55129],[-81.61762,28.55108],[-81.60801,28.55108],[-81.60796,28.53157],[-81.60855,28.53045],[-81.61196,28.52732],[-81.61222,28.52573],[-81.61984,28.52532],[-81.62027,28.52478],[-81.62028,28.5225],[-81.62097,28.5225],[-81.62129,28.52479],[-81.62278,28.52428],[-81.6229,28.52492],[-81.62351,28.52496],[-81.62368,28.52248],[-81.62527,28.52246],[-81.62535,28.52356],[-81.62631,28.52377],[-81.62634,28.52468],[-81.62518,28.52497],[-81.62512,28.52653],[-81.62944,28.5265],[-81.63139,28.52522],[-81.62961,28.52479],[-81.62733,28.52289],[-81.62694,28.52141],[-81.62618,28.52127],[-81.62625,28.51814],[-81.62895,28.51818],[-81.62992,28.52003],[-81.63142,28.52097],[-81.63699,28.51935],[-81.6377,28.51852],[-81.63816,28.51672],[-81.63901,28.51608],[-81.64142,28.516],[-81.64204,28.51644],[-81.64219,28.51733],[-81.64515,28.51722],[-81.64546,28.51705],[-81.6452,28.5144],[-81.64591,28.51438],[-81.64599,28.51799],[-81.6522,28.51795],[-81.65218,28.51613],[-81.65323,28.51612],[-81.65325,28.51795],[-81.65533,28.51793],[-81.65532,28.5161],[-81.65661,28.51609],[-81.6566,28.51425],[-81.6574,28.51424],[-81.65725,28.56322],[-81.65547,28.56336],[-81.65376,28.56837],[-81.64691,28.5685],[-81.64091,28.56561],[-81.62907,28.56649],[-81.61196,28.57182]]]}},{"type":"Feature","properties":{"code":"ORA","county":"Orange","precinct":"133"},"geometry":{"type":"Polygon","coordinates":[[[-81.62143,28.47446],[-81.61915,28.47394],[-81.61536,28.47203],[-81.61469,28.47223],[-81.61446,28.47163],[-81.61271,28.47138],[-81.6114,28.46976],[-81.61013,28.46952],[-81.60933,28.46819],[-81.6088,28.4687],[-81.60806,28.46827],[-81.61003,28.46601],[-81.60852,28.465],[-81.6077,28.46483],[-81.60573,28.46689],[-81.60245,28.46884],[-81.59881,28.46835],[-81.59749,28.46727],[-81.59716,28.46581],[-81.59362,28.46298],[-81.59523,28.46141],[-81.59624,28.45789],[-81.59599,28.44956],[-81.59853,28.44795],[-81.59927,28.44836],[-81.6002,28.44757],[-81.60167,28.44824],[-81.60852,28.44833],[-81.61043,28.4478],[-81.61061,28.44873],[-81.61157,28.44871],[-81.61162,28.45198],[-81.61314,28.45277],[-81.62368,28.45264],[-81.62389,28.45858],[-81.62445,28.46045],[-81.62689,28.45988],[-81.63594,28.45981],[-81.6335,28.46245],[-81.63207,28.46535],[-81.63174,28.47441],[-81.62143,28.47446]]]}},{"type":"Feature","properties":{"code":"ORA","county":"Orange","precinct":"134"},"geometry":{"type":"Polygon","coordinates":[[[-81.56492,28.47126],[-81.56441,28.47088],[-81.56377,28.4713],[-81.5595,28.47125],[-81.55807,28.4701],[-81.55395,28.46849],[-81.55205,28.46956],[-81.55095,28.47106],[-81.54715,28.47224],[-81.54664,28.47318],[-81.54335,28.47537],[-81.54159,28.47311],[-81.54121,28.47176],[-81.54116,28.46446],[-81.54077,28.46352],[-81.54195,28.46315],[-81.54263,28.46237],[-81.54258,28.45883],[-81.544,28.45608],[-81.5494,28.45235],[-81.55008,28.4511],[-81.55084,28.44751],[-81.55019,28.44566],[-81.55056,28.44392],[-81.55958,28.44689],[-81.56225,28.45183],[-81.56453,28.45108],[-81.5658,28.4523],[-81.5665,28.45469],[-81.56931,28.45401],[-81.5698,28.454],[-81.5698,28.45455],[-81.57071,28.45454],[-81.57071,28.45502],[-81.57314,28.45678],[-81.57315,28.46038],[-81.58266,28.46032],[-81.58274,28.46822],[-81.58372,28.46939],[-81.58277,28.47329],[-81.58278,28.47852],[-81.57662,28.47857],[-81.57421,28.47803],[-81.56492,28.47126]]]}},{"type":"Feature","properties":{"code":"ORA","county":"Orange","precinct":"135"},"geometry":{"type":"Polygon","coordinates":[[[-81.54055,28.47471],[-81.53736,28.47514],[-81.53655,28.47427],[-81.53467,28.47408],[-81.53468,28.47492],[-81.53368,28.47585],[-81.53235,28.47498],[-81.53096,28.47563],[-81.53027,28.47506],[-81.53089,28.47317],[-81.53199,28.47251],[-81.5321,28.47398],[-81.53274,28.47421],[-81.53356,28.47394],[-81.5339,28.47273],[-81.53262,28.47207],[-81.53238,28.47075],[-81.52914,28.47098],[-81.52781,28.4703],[-81.5271,28.46933],[-81.52709,28.46775],[-81.5266,28.4669],[-81.52748,28.46453],[-81.52803,28.46456],[-81.52982,28.46662],[-81.53126,28.46531],[-81.53102,28.46398],[-81.53197,28.46141],[-81.53179,28.45954],[-81.53057,28.45952],[-81.52931,28.46019],[-81.5299,28.46085],[-81.52959,28.46244],[-81.52798,28.46208],[-81.52617,28.45938],[-81.52489,28.45535],[-81.53098,28.4538],[-81.53223,28.45382],[-81.53302,28.45434],[-81.53379,28.4536],[-81.53523,28.45364],[-81.53639,28.4527],[-81.53551,28.45168],[-81.53491,28.4498],[-81.53317,28.44852],[-81.53101,28.44576],[-81.53034,28.44379],[-81.53109,28.44163],[-81.52996,28.44032],[-81.52695,28.43917],[-81.52361,28.43894],[-81.52266,28.43824],[-81.52822,28.43799],[-81.53124,28.43896],[-81.53202,28.43972],[-81.53499,28.43693],[-81.53342,28.43508],[-81.53288,28.43305],[-81.53271,28.40595],[-81.53712,28.40597],[-81.53693,28.41387],[-81.5373,28.41327],[-81.53854,28.41351],[-81.53908,28.41668],[-81.54085,28.41898],[-81.54109,28.42417],[-81.54634,28.42413],[-81.54773,28.42276],[-81.54838,28.42026],[-81.55159,28.41962],[-81.55296,28.42078],[-81.55289,28.42117],[-81.54913,28.42414],[-81.54936,28.42489],[-81.54759,28.42777],[-81.55781,28.42767],[-81.55781,28.42402],[-81.56605,28.42398],[-81.56579,28.42763],[-81.57004,28.42789],[-81.57005,28.42933],[-81.56835,28.42957],[-81.55997,28.43399],[-81.55843,28.43538],[-81.55784,28.43718],[-81.55776,28.44608],[-81.55056,28.44392],[-81.55019,28.44566],[-81.55084,28.44751],[-81.55008,28.4511],[-81.5494,28.45235],[-81.544,28.45608],[-81.54258,28.45883],[-81.54263,28.46237],[-81.54195,28.46315],[-81.54077,28.46352],[-81.54116,28.46446],[-81.54129,28.47229],[-81.54414,28.47636],[-81.54427,28.47748],[-81.54321,28.47844],[-81.54338,28.47724],[-81.54131,28.47628],[-81.54155,28.47525],[-81.54055,28.47471]]]}},{"type":"Feature","properties":{"code":"ORA","county":"Orange","precinct":"136"},"geometry":{"type":"Polygon","coordinates":[[[-81.49158,28.4774],[-81.4946,28.47739],[-81.495,28.47865],[-81.49722,28.47955],[-81.49899,28.47881],[-81.50004,28.47731],[-81.50834,28.47724],[-81.50855,28.49361],[-81.49087,28.49368],[-81.49174,28.4852],[-81.49275,28.4822],[-81.49162,28.4792],[-81.49158,28.4774]]]}},{"type":"Feature","properties":{"code":"ORA","county":"Orange","precinct":"137"},"geometry":{"type":"Polygon","coordinates":[[[-81.42271,28.42191],[-81.4228,28.41404],[-81.42505,28.40739],[-81.4249,28.38439],[-81.42593,28.379],[-81.42581,28.36846],[-81.42411,28.36431],[-81.4291,28.36211],[-81.43278,28.36659],[-81.43835,28.36165],[-81.44295,28.35922],[-81.43834,28.3628],[-81.43683,28.36619],[-81.43755,28.37358],[-81.43866,28.37488],[-81.43953,28.37904],[-81.4391,28.3892],[-81.43468,28.39135],[-81.4339,28.39318],[-81.43457,28.39492],[-81.43664,28.39782],[-81.43797,28.40125],[-81.4364,28.40374],[-81.434,28.40603],[-81.43348,28.41049],[-81.43261,28.41143],[-81.43159,28.41707],[-81.43005,28.41871],[-81.4293,28.42078],[-81.42858,28.42131],[-81.42271,28.42191]]]}},{"type":"Feature","properties":{"code":"ORA","county":"Orange","precinct":"138"},"geometry":{"type":"Polygon","coordinates":[[[-81.62513,28.52508],[-81.62634,28.52468],[-81.62631,28.52377],[-81.62535,28.52356],[-81.62527,28.52246],[-81.62368,28.52248],[-81.62336,28.52499],[-81.62282,28.52482],[-81.62278,28.52428],[-81.62105,28.5246],[-81.62097,28.5225],[-81.62028,28.5225],[-81.6201,28.50733],[-81.60992,28.50739],[-81.61183,28.50507],[-81.61172,28.48306],[-81.61109,28.47977],[-81.61222,28.47623],[-81.61174,28.47474],[-81.61284,28.47339],[-81.61271,28.47138],[-81.61446,28.47163],[-81.61469,28.47223],[-81.61536,28.47203],[-81.62073,28.47438],[-81.63174,28.47441],[-81.63207,28.46535],[-81.6335,28.46245],[-81.63594,28.45981],[-81.62689,28.45988],[-81.62445,28.46045],[-81.62389,28.45858],[-81.62368,28.45264],[-81.61314,28.45277],[-81.61162,28.45198],[-81.61155,28.44738],[-81.61213,28.44744],[-81.61493,28.44549],[-81.62358,28.44538],[-81.62374,28.4423],[-81.6242,28.44166],[-81.6302,28.44192],[-81.63638,28.44152],[-81.63732,28.436],[-81.6418,28.44286],[-81.64256,28.44541],[-81.64274,28.44884],[-81.65096,28.44876],[-81.6524,28.44827],[-81.65694,28.44871],[-81.65747,28.44925],[-81.6574,28.51424],[-81.6566,28.51425],[-81.65661,28.51609],[-81.65532,28.5161],[-81.65533,28.51793],[-81.65325,28.51795],[-81.65323,28.51612],[-81.65218,28.51613],[-81.6522,28.51795],[-81.64599,28.51799],[-81.64591,28.51438],[-81.6452,28.5144],[-81.64546,28.51705],[-81.64515,28.51722],[-81.64219,28.51733],[-81.64204,28.51644],[-81.64142,28.516],[-81.63901,28.51608],[-81.63816,28.51672],[-81.6377,28.51852],[-81.63699,28.51935],[-81.63142,28.52097],[-81.62992,28.52003],[-81.62895,28.51818],[-81.62625,28.51814],[-81.62618,28.52127],[-81.62694,28.52141],[-81.62733,28.52289],[-81.62961,28.52479],[-81.63139,28.52522],[-81.62944,28.5265],[-81.62557,28.52668],[-81.62492,28.52627],[-81.62513,28.52508]]]}},{"type":"Feature","properties":{"code":"ORA","county":"Orange","precinct":"139"},"geometry":{"type":"Polygon","coordinates":[[[-81.587,28.49666],[-81.58671,28.49379],[-81.58329,28.49017],[-81.58284,28.48889],[-81.58275,28.47355],[-81.58359,28.46961],[-81.58451,28.4681],[-81.59362,28.46298],[-81.59716,28.46581],[-81.59724,28.46696],[-81.59844,28.46816],[-81.60188,28.46886],[-81.60289,28.46868],[-81.60384,28.46769],[-81.60573,28.46689],[-81.6077,28.46483],[-81.60906,28.46528],[-81.61003,28.46601],[-81.60799,28.46821],[-81.6088,28.4687],[-81.60933,28.46819],[-81.60977,28.4685],[-81.61013,28.46952],[-81.6114,28.46976],[-81.61271,28.47138],[-81.61284,28.47339],[-81.61176,28.47466],[-81.61222,28.47623],[-81.61109,28.47968],[-81.61172,28.48306],[-81.61181,28.49341],[-81.60825,28.49231],[-81.60349,28.49273],[-81.6035,28.49656],[-81.587,28.49666]]]}},{"type":"Feature","properties":{"code":"ORA","county":"Orange","precinct":"140"},"geometry":{"type":"Polygon","coordinates":[[[-81.59493,28.44882],[-81.59457,28.44259],[-81.58195,28.43472],[-81.5795,28.43251],[-81.58424,28.42936],[-81.59078,28.42855],[-81.59075,28.4238],[-81.59489,28.42377],[-81.59491,28.42742],[-81.60727,28.42733],[-81.60727,28.40547],[-81.61546,28.40544],[-81.61573,28.40492],[-81.61959,28.4053],[-81.61977,28.4083],[-81.62182,28.41105],[-81.6249,28.41229],[-81.62893,28.41256],[-81.63387,28.42241],[-81.63514,28.42592],[-81.63594,28.43236],[-81.63732,28.436],[-81.63638,28.44152],[-81.6302,28.44192],[-81.6242,28.44166],[-81.62374,28.4423],[-81.62358,28.44538],[-81.61458,28.44556],[-81.61213,28.44744],[-81.61155,28.44738],[-81.61157,28.44871],[-81.61061,28.44873],[-81.61039,28.44779],[-81.60852,28.44833],[-81.60167,28.44824],[-81.6002,28.44757],[-81.59927,28.44836],[-81.59853,28.44795],[-81.59599,28.44956],[-81.59493,28.44882]]]}},{"type":"Feature","properties":{"code":"ORA","county":"Orange","precinct":"141"},"geometry":{"type":"Polygon","coordinates":[[[-81.58267,28.46072],[-81.58266,28.46032],[-81.57315,28.46038],[-81.57314,28.45678],[-81.57071,28.45502],[-81.57071,28.45454],[-81.5698,28.45455],[-81.5698,28.454],[-81.56931,28.45401],[-81.5665,28.45469],[-81.5658,28.4523],[-81.56453,28.45108],[-81.56225,28.45183],[-81.55999,28.44724],[-81.55776,28.44608],[-81.55786,28.43688],[-81.55914,28.43456],[-81.56874,28.42941],[-81.57578,28.42939],[-81.58195,28.43472],[-81.59457,28.44259],[-81.59494,28.44889],[-81.59612,28.44993],[-81.59626,28.45767],[-81.59516,28.46153],[-81.59237,28.46403],[-81.58541,28.46728],[-81.58372,28.46939],[-81.58274,28.46822],[-81.58267,28.46072]]]}},{"type":"Feature","properties":{"code":"ORA","county":"Orange","precinct":"201"},"geometry":{"type":"Polygon","coordinates":[[[-81.50491,28.5519],[-81.50478,28.54227],[-81.507,28.54206],[-81.51644,28.54373],[-81.52038,28.54155],[-81.52798,28.53508],[-81.52922,28.53449],[-81.53245,28.53725],[-81.53708,28.54291],[-81.54103,28.54539],[-81.54637,28.5466],[-81.55765,28.54653],[-81.55854,28.55135],[-81.50491,28.5519]]]}},{"type":"Feature","properties":{"code":"ORA","county":"Orange","precinct":"202"},"geometry":{"type":"Polygon","coordinates":[[[-81.4144,28.60961],[-81.40338,28.60117],[-81.40042,28.59791],[-81.39556,28.59419],[-81.39395,28.58952],[-81.39366,28.58591],[-81.39175,28.58394],[-81.39672,28.5828],[-81.40158,28.58054],[-81.40191,28.57827],[-81.41651,28.57813],[-81.41691,28.5893],[-81.41915,28.59289],[-81.41949,28.59435],[-81.41895,28.59628],[-81.41682,28.59802],[-81.41991,28.60363],[-81.42229,28.60631],[-81.43229,28.61282],[-81.4262,28.61439],[-81.42525,28.61509],[-81.41905,28.61313],[-81.4144,28.60961]]]}},{"type":"Feature","properties":{"code":"ORA","county":"Orange","precinct":"203"},"geometry":{"type":"Polygon","coordinates":[[[-81.45173,28.611],[-81.45141,28.59635],[-81.46788,28.59615],[-81.46781,28.61096],[-81.46642,28.61068],[-81.45178,28.61132],[-81.45173,28.611]]]}},{"type":"Feature","properties":{"code":"ORA","county":"Orange","precinct":"204"},"geometry":{"type":"Polygon","coordinates":[[[-81.39145,28.6212],[-81.37568,28.62095],[-81.37536,28.61171],[-81.3821,28.61159],[-81.38173,28.6092],[-81.38214,28.60802],[-81.38276,28.60801],[-81.38276,28.60763],[-81.38498,28.60761],[-81.38473,28.611],[-81.38649,28.61101],[-81.38649,28.61153],[-81.39418,28.61146],[-81.39419,28.61281],[-81.39597,28.61361],[-81.39599,28.6149],[-81.39802,28.61487],[-81.39807,28.61586],[-81.39904,28.61652],[-81.39926,28.61747],[-81.40175,28.61617],[-81.40165,28.61495],[-81.40562,28.61491],[-81.40563,28.61682],[-81.41481,28.6164],[-81.41486,28.61841],[-81.40701,28.61846],[-81.40712,28.62076],[-81.40647,28.62076],[-81.40653,28.62203],[-81.40028,28.62206],[-81.4002,28.62132],[-81.39821,28.6206],[-81.39825,28.62149],[-81.39428,28.62219],[-81.39429,28.62127],[-81.39145,28.6212]]]}},{"type":"Feature","properties":{"code":"ORA","county":"Orange","precinct":"205"},"geometry":{"type":"MultiPolygon","coordinates":[[[[-81.60605,28.73094],[-81.60543,28.73096],[-81.6054,28.73036],[-81.60605,28.73094]]],[[[-81.60605,28.73094],[-81.60222,28.72747],[-81.60125,28.7273],[-81.6012,28.72659],[-81.58469,28.71239],[-81.54641,28.71329],[-81.54637,28.69445],[-81.5472,28.69202],[-81.54201,28.69107],[-81.52838,28.68507],[-81.52163,28.68063],[-81.52165,28.67951],[-81.52597,28.68246],[-81.53055,28.68406],[-81.52759,28.68202],[-81.5284,28.6788],[-81.52607,28.67309],[-81.52735,28.66104],[-81.5322,28.65888],[-81.53414,28.6598],[-81.5359,28.662],[-81.5507,28.66193],[-81.55067,28.65628],[-81.54898,28.6528],[-81.54915,28.6483],[-81.55016,28.64736],[-81.5535,28.64707],[-81.55424,28.64536],[-81.55265,28.64033],[-81.55012,28.63752],[-81.5498,28.63253],[-81.55098,28.63252],[-81.5516,28.6349],[-81.55436,28.63793],[-81.55839,28.6392],[-81.56052,28.64117],[-81.55671,28.63902],[-81.55347,28.6392],[-81.55729,28.63937],[-81.55873,28.63999],[-81.56089,28.64192],[-81.5633,28.643],[-81.56851,28.64345],[-81.5702,28.64408],[-81.57116,28.64561],[-81.57644,28.64876],[-81.57975,28.65043],[-81.58745,28.65292],[-81.59237,28.65736],[-81.59257,28.66231],[-81.5934,28.66617],[-81.59533,28.67062],[-81.59759,28.67315],[-81.60225,28.67636],[-81.60813,28.67819],[-81.61821,28.67935],[-81.62392,28.67811],[-81.62532,28.67696],[-81.62895,28.67784],[-81.62911,28.6772],[-81.63263,28.67789],[-81.63294,28.6772],[-81.63383,28.67751],[-81.63395,28.67714],[-81.63512,28.67719],[-81.63803,28.67782],[-81.64017,28.67919],[-81.63961,28.6787],[-81.63995,28.67838],[-81.64349,28.67918],[-81.64352,28.67989],[-81.64274,28.68001],[-81.64315,28.68029],[-81.64403,28.67971],[-81.64443,28.68034],[-81.6451,28.67933],[-81.6458,28.67993],[-81.64584,28.68087],[-81.64681,28.68026],[-81.64758,28.68064],[-81.64771,28.68131],[-81.6486,28.6805],[-81.65024,28.68057],[-81.65049,28.68108],[-81.65093,28.68058],[-81.65354,28.68236],[-81.65852,28.68285],[-81.65861,28.74032],[-81.61298,28.73439],[-81.60997,28.73346],[-81.60952,28.734],[-81.60605,28.73094]]]]}},{"type":"Feature","properties":{"code":"ORA","county":"Orange","precinct":"206"},"geometry":{"type":"Polygon","coordinates":[[[-81.41666,28.61843],[-81.41486,28.61841],[-81.41481,28.6164],[-81.40563,28.61682],[-81.40562,28.61491],[-81.40165,28.61495],[-81.40175,28.61617],[-81.39926,28.61747],[-81.39904,28.61652],[-81.39807,28.61586],[-81.39802,28.61487],[-81.39599,28.6149],[-81.39597,28.61361],[-81.39419,28.61281],[-81.39418,28.61146],[-81.38649,28.61153],[-81.38649,28.61101],[-81.38473,28.611],[-81.38479,28.61003],[-81.38649,28.61012],[-81.38626,28.60708],[-81.38501,28.6071],[-81.38504,28.60655],[-81.38614,28.60643],[-81.38604,28.60593],[-81.38668,28.60606],[-81.38936,28.60813],[-81.39121,28.60843],[-81.39516,28.60596],[-81.4037,28.60577],[-81.40518,28.60525],[-81.40719,28.60371],[-81.41925,28.61323],[-81.41893,28.61721],[-81.418,28.61815],[-81.41666,28.61843]]]}},{"type":"Feature","properties":{"code":"ORA","county":"Orange","precinct":"207"},"geometry":{"type":"Polygon","coordinates":[[[-81.42733,28.64021],[-81.41521,28.64006],[-81.41512,28.63824],[-81.4109,28.6382],[-81.41084,28.63639],[-81.40882,28.63641],[-81.4088,28.63277],[-81.40749,28.63278],[-81.40748,28.63099],[-81.40784,28.63098],[-81.40804,28.63003],[-81.40795,28.62739],[-81.40659,28.6274],[-81.40663,28.62561],[-81.40702,28.6256],[-81.40702,28.62457],[-81.41082,28.62475],[-81.41079,28.62202],[-81.40653,28.62203],[-81.40647,28.62076],[-81.40712,28.62076],[-81.40701,28.61846],[-81.41781,28.61824],[-81.41903,28.61695],[-81.41925,28.61323],[-81.42525,28.61509],[-81.4274,28.61406],[-81.42733,28.64021]]]}},{"type":"Feature","properties":{"code":"ORA","county":"Orange","precinct":"208"},"geometry":{"type":"Polygon","coordinates":[[[-81.42733,28.64021],[-81.4274,28.61406],[-81.43229,28.61282],[-81.44398,28.62086],[-81.45656,28.6402],[-81.42733,28.64021]]]}},{"type":"Feature","properties":{"code":"ORA","county":"Orange","precinct":"209"},"geometry":{"type":"Polygon","coordinates":[[[-81.51644,28.72823],[-81.50902,28.72822],[-81.50908,28.71366],[-81.52034,28.71362],[-81.52035,28.70989],[-81.52135,28.70991],[-81.52127,28.7062],[-81.52542,28.70632],[-81.52609,28.70863],[-81.52548,28.71091],[-81.52551,28.71361],[-81.54232,28.71339],[-81.54214,28.72807],[-81.53393,28.72811],[-81.53188,28.72589],[-81.52817,28.72508],[-81.51644,28.72823]]]}},{"type":"Feature","properties":{"code":"ORA","county":"Orange","precinct":"210"},"geometry":{"type":"Polygon","coordinates":[[[-81.46807,28.6523],[-81.4597,28.64466],[-81.45973,28.6402],[-81.45797,28.6402],[-81.45813,28.638],[-81.45939,28.63358],[-81.46333,28.63407],[-81.48003,28.63409],[-81.48044,28.63536],[-81.4804,28.65145],[-81.4759,28.65107],[-81.47194,28.64823],[-81.4701,28.65173],[-81.47007,28.65433],[-81.46807,28.6523]]]}},{"type":"Feature","properties":{"code":"ORA","county":"Orange","precinct":"211"},"geometry":{"type":"Polygon","coordinates":[[[-81.46803,28.62579],[-81.46378,28.62566],[-81.46378,28.62124],[-81.46222,28.62061],[-81.46214,28.62005],[-81.45992,28.62066],[-81.45951,28.62188],[-81.45823,28.62153],[-81.45856,28.62032],[-81.46005,28.61991],[-81.45968,28.61107],[-81.46717,28.61075],[-81.4705,28.6124],[-81.47618,28.61373],[-81.47618,28.62573],[-81.46803,28.62579]]]}},{"type":"Feature","properties":{"code":"ORA","county":"Orange","precinct":"212"},"geometry":{"type":"Polygon","coordinates":[[[-81.45512,28.62554],[-81.44715,28.62556],[-81.44354,28.62043],[-81.43229,28.61282],[-81.4427,28.6128],[-81.45047,28.61138],[-81.45968,28.61107],[-81.46005,28.61991],[-81.45856,28.62032],[-81.45823,28.62153],[-81.45951,28.62188],[-81.45992,28.62066],[-81.46178,28.62006],[-81.46295,28.62109],[-81.46373,28.62118],[-81.46378,28.62566],[-81.45813,28.62554],[-81.45641,28.62601],[-81.45512,28.62554]]]}},{"type":"Feature","properties":{"code":"ORA","county":"Orange","precinct":"213"},"geometry":{"type":"Polygon","coordinates":[[[-81.43651,28.61266],[-81.43446,28.61267],[-81.43525,28.60186],[-81.43455,28.60074],[-81.43692,28.59735],[-81.4368,28.59414],[-81.4378,28.59329],[-81.43973,28.59557],[-81.44358,28.59637],[-81.45141,28.59635],[-81.45178,28.61132],[-81.44303,28.61277],[-81.43651,28.61266]]]}},{"type":"Feature","properties":{"code":"ORA","county":"Orange","precinct":"214"},"geometry":{"type":"Polygon","coordinates":[[[-81.43212,28.61271],[-81.42229,28.60631],[-81.41991,28.60363],[-81.41682,28.59802],[-81.41895,28.59628],[-81.41949,28.59435],[-81.41915,28.59289],[-81.41691,28.5893],[-81.41651,28.57813],[-81.44738,28.57807],[-81.44735,28.58534],[-81.44328,28.58538],[-81.44326,28.58942],[-81.4461,28.58939],[-81.44619,28.59156],[-81.4475,28.59185],[-81.44733,28.5948],[-81.45142,28.59515],[-81.45141,28.59635],[-81.44358,28.59637],[-81.43973,28.59557],[-81.4378,28.59329],[-81.437,28.59396],[-81.43658,28.59469],[-81.43688,28.59745],[-81.43455,28.60074],[-81.43525,28.60186],[-81.43458,28.61231],[-81.43446,28.61267],[-81.43212,28.61271]]]}},{"type":"Feature","properties":{"code":"ORA","county":"Orange","precinct":"215"},"geometry":{"type":"Polygon","coordinates":[[[-81.45879,28.59638],[-81.45141,28.59635],[-81.45142,28.59515],[-81.44733,28.5948],[-81.4475,28.59185],[-81.44619,28.59156],[-81.4461,28.58939],[-81.44326,28.58942],[-81.44328,28.58538],[-81.44735,28.58534],[-81.44738,28.57807],[-81.46776,28.57778],[-81.46788,28.59615],[-81.45879,28.59638]]]}},{"type":"Feature","properties":{"code":"ORA","county":"Orange","precinct":"216"},"geometry":{"type":"Polygon","coordinates":[[[-81.47188,28.58498],[-81.4719,28.58387],[-81.47272,28.58496],[-81.47608,28.58427],[-81.47618,28.61373],[-81.4705,28.6124],[-81.46781,28.61096],[-81.46781,28.58505],[-81.47188,28.58498]]]}},{"type":"Feature","properties":{"code":"ORA","county":"Orange","precinct":"217"},"geometry":{"type":"Polygon","coordinates":[[[-81.48045,28.61377],[-81.47618,28.61373],[-81.47607,28.5911],[-81.47835,28.59134],[-81.47931,28.59192],[-81.48188,28.59099],[-81.48378,28.59173],[-81.48604,28.59106],[-81.48884,28.59123],[-81.48958,28.59068],[-81.49253,28.5917],[-81.49263,28.5934],[-81.49682,28.59337],[-81.49685,28.60473],[-81.49628,28.60615],[-81.49683,28.60731],[-81.49697,28.61024],[-81.49836,28.61249],[-81.49226,28.61238],[-81.48921,28.61354],[-81.48424,28.61405],[-81.48045,28.61377]]]}},{"type":"Feature","properties":{"code":"ORA","county":"Orange","precinct":"218"},"geometry":{"type":"Polygon","coordinates":[[[-81.49675,28.58998],[-81.49675,28.58714],[-81.49621,28.58602],[-81.49682,28.58525],[-81.49682,28.57753],[-81.50596,28.57749],[-81.50737,28.57666],[-81.50856,28.57457],[-81.5104,28.57373],[-81.52585,28.57361],[-81.52593,28.58101],[-81.52635,28.58101],[-81.52656,28.58313],[-81.52408,28.58362],[-81.52385,28.58482],[-81.50924,28.58828],[-81.509,28.59197],[-81.5058,28.59194],[-81.50578,28.5895],[-81.50513,28.58988],[-81.50362,28.59125],[-81.50258,28.59308],[-81.50167,28.59942],[-81.49685,28.59945],[-81.49675,28.58998]]]}},{"type":"Feature","properties":{"code":"ORA","county":"Orange","precinct":"219"},"geometry":{"type":"Polygon","coordinates":[[[-81.50449,28.57757],[-81.49953,28.57746],[-81.49945,28.57423],[-81.49992,28.5731],[-81.49953,28.57143],[-81.50064,28.56981],[-81.50117,28.56784],[-81.50259,28.56667],[-81.50499,28.56629],[-81.50491,28.5519],[-81.52048,28.55186],[-81.52041,28.55606],[-81.51766,28.55972],[-81.51739,28.56274],[-81.52778,28.56284],[-81.5277,28.56849],[-81.52981,28.5696],[-81.52998,28.57368],[-81.5104,28.57373],[-81.50856,28.57457],[-81.50682,28.57712],[-81.50449,28.57757]]]}},{"type":"Feature","properties":{"code":"ORA","county":"Orange","precinct":"220"},"geometry":{"type":"Polygon","coordinates":[[[-81.54255,28.58265],[-81.54266,28.57689],[-81.53207,28.5808],[-81.52593,28.58101],[-81.52585,28.57361],[-81.52998,28.57368],[-81.52989,28.56985],[-81.52913,28.56893],[-81.5277,28.56849],[-81.52778,28.56284],[-81.51739,28.56274],[-81.51766,28.55972],[-81.52041,28.55606],[-81.52048,28.55186],[-81.55854,28.55135],[-81.55965,28.55845],[-81.55866,28.56317],[-81.5587,28.57196],[-81.56082,28.57188],[-81.56092,28.58251],[-81.55884,28.58251],[-81.55889,28.58627],[-81.55759,28.58631],[-81.55778,28.59133],[-81.55689,28.59454],[-81.5559,28.59508],[-81.54264,28.5952],[-81.54255,28.58265]]]}},{"type":"Feature","properties":{"code":"ORA","county":"Orange","precinct":"221"},"geometry":{"type":"Polygon","coordinates":[[[-81.55866,28.61311],[-81.55667,28.61272],[-81.55681,28.60599],[-81.55524,28.60359],[-81.55382,28.60394],[-81.55017,28.60316],[-81.54646,28.60306],[-81.54438,28.60216],[-81.53416,28.60481],[-81.53416,28.60671],[-81.52693,28.60655],[-81.52596,28.60689],[-81.52609,28.59513],[-81.5282,28.59513],[-81.52812,28.58885],[-81.52899,28.58704],[-81.52385,28.58482],[-81.52408,28.58362],[-81.52656,28.58313],[-81.52635,28.58101],[-81.53207,28.5808],[-81.54266,28.57689],[-81.54264,28.5952],[-81.55659,28.595],[-81.5589,28.59264],[-81.55893,28.59508],[-81.5671,28.59501],[-81.56711,28.59752],[-81.57426,28.59748],[-81.57265,28.59842],[-81.56871,28.6025],[-81.56549,28.60452],[-81.56289,28.60692],[-81.56113,28.60876],[-81.56016,28.61059],[-81.55997,28.61287],[-81.55958,28.61332],[-81.55866,28.61311]]]}},{"type":"Feature","properties":{"code":"ORA","county":"Orange","precinct":"222"},"geometry":{"type":"Polygon","coordinates":[[[-81.50103,28.61253],[-81.49836,28.61249],[-81.49697,28.61024],[-81.49683,28.60731],[-81.49628,28.60615],[-81.49683,28.60491],[-81.49685,28.59945],[-81.50167,28.59942],[-81.50253,28.59325],[-81.50423,28.5906],[-81.50578,28.5895],[-81.5058,28.59194],[-81.509,28.59197],[-81.50924,28.58828],[-81.52362,28.58483],[-81.52899,28.58704],[-81.52812,28.58885],[-81.5282,28.59513],[-81.52609,28.59513],[-81.52596,28.60689],[-81.51869,28.60787],[-81.51341,28.61049],[-81.50817,28.61218],[-81.50103,28.61253]]]}},{"type":"Feature","properties":{"code":"ORA","county":"Orange","precinct":"223"},"geometry":{"type":"Polygon","coordinates":[[[-81.49874,28.62192],[-81.49942,28.61688],[-81.49836,28.61249],[-81.50817,28.61218],[-81.51341,28.61049],[-81.51805,28.6081],[-81.52006,28.60757],[-81.52427,28.60742],[-81.52693,28.60655],[-81.53416,28.60671],[-81.53416,28.60481],[-81.53957,28.60356],[-81.53832,28.6048],[-81.53761,28.60636],[-81.53634,28.6217],[-81.49874,28.62192]]]}},{"type":"Feature","properties":{"code":"ORA","county":"Orange","precinct":"224"},"geometry":{"type":"Polygon","coordinates":[[[-81.65831,28.68274],[-81.65354,28.68236],[-81.65093,28.68058],[-81.65049,28.68108],[-81.65024,28.68057],[-81.6486,28.6805],[-81.64771,28.68131],[-81.64758,28.68064],[-81.64681,28.68026],[-81.64584,28.68087],[-81.6458,28.67993],[-81.6451,28.67933],[-81.64443,28.68034],[-81.64403,28.67971],[-81.64315,28.68029],[-81.64274,28.68001],[-81.64352,28.67989],[-81.64349,28.67918],[-81.63995,28.67838],[-81.63961,28.6787],[-81.64017,28.67919],[-81.63803,28.67782],[-81.63512,28.67719],[-81.63395,28.67714],[-81.63383,28.67751],[-81.63294,28.6772],[-81.63263,28.67789],[-81.62911,28.6772],[-81.62895,28.67784],[-81.62532,28.67696],[-81.62392,28.67811],[-81.61821,28.67935],[-81.60813,28.67819],[-81.60225,28.67636],[-81.59759,28.67315],[-81.59533,28.67062],[-81.5934,28.66617],[-81.59257,28.66231],[-81.59237,28.65736],[-81.58745,28.65292],[-81.57975,28.65043],[-81.57644,28.64876],[-81.57116,28.64561],[-81.5702,28.64408],[-81.56851,28.64345],[-81.5633,28.643],[-81.56089,28.64192],[-81.55873,28.63999],[-81.55729,28.63937],[-81.55347,28.6392],[-81.55671,28.63902],[-81.56052,28.64117],[-81.55839,28.6392],[-81.55436,28.63793],[-81.5516,28.6349],[-81.55098,28.63252],[-81.5498,28.63253],[-81.54791,28.63083],[-81.54229,28.63079],[-81.5396,28.64011],[-81.49293,28.64038],[-81.49232,28.63992],[-81.49213,28.63822],[-81.48045,28.63826],[-81.48003,28.6333],[-81.48043,28.63193],[-81.48579,28.63338],[-81.48879,28.63275],[-81.49243,28.62926],[-81.49293,28.62566],[-81.49811,28.62566],[-81.49874,28.62192],[-81.54841,28.6216],[-81.54842,28.61985],[-81.54994,28.61984],[-81.55218,28.61726],[-81.55496,28.61666],[-81.5585,28.61504],[-81.56023,28.61239],[-81.56016,28.61059],[-81.56113,28.60876],[-81.56314,28.60668],[-81.65695,28.60828],[-81.65787,28.63728],[-81.65831,28.68274]]]}},{"type":"Feature","properties":{"code":"ORA","county":"Orange","precinct":"225"},"geometry":{"type":"Polygon","coordinates":[[[-81.51134,28.66701],[-81.50942,28.667],[-81.50925,28.65497],[-81.50481,28.64687],[-81.50514,28.6467],[-81.50516,28.64178],[-81.50426,28.64027],[-81.5396,28.64011],[-81.54229,28.63079],[-81.54734,28.63074],[-81.54889,28.6314],[-81.55014,28.63334],[-81.55012,28.63752],[-81.55265,28.64033],[-81.55423,28.64516],[-81.5535,28.64707],[-81.55016,28.64736],[-81.54914,28.64836],[-81.54898,28.6528],[-81.55067,28.65628],[-81.5507,28.66193],[-81.5359,28.662],[-81.53414,28.6598],[-81.5322,28.65888],[-81.52849,28.66082],[-81.52525,28.66147],[-81.51894,28.66668],[-81.51134,28.66701]]]}},{"type":"Feature","properties":{"code":"ORA","county":"Orange","precinct":"226"},"geometry":{"type":"Polygon","coordinates":[[[-81.52597,28.68246],[-81.51223,28.6732],[-81.49909,28.67316],[-81.49587,28.67272],[-81.49284,28.67017],[-81.49298,28.64032],[-81.50426,28.64027],[-81.50494,28.64111],[-81.50517,28.64564],[-81.50481,28.64687],[-81.50929,28.65517],[-81.50942,28.667],[-81.51872,28.66676],[-81.52025,28.66594],[-81.52516,28.66152],[-81.52735,28.66104],[-81.52607,28.67309],[-81.5284,28.6788],[-81.52759,28.68202],[-81.53055,28.68406],[-81.52597,28.68246]]]}},{"type":"Feature","properties":{"code":"ORA","county":"Orange","precinct":"227"},"geometry":{"type":"Polygon","coordinates":[[[-81.48797,28.66731],[-81.47007,28.65455],[-81.4701,28.65173],[-81.47194,28.64823],[-81.4759,28.65107],[-81.4804,28.65145],[-81.48045,28.63826],[-81.49213,28.63822],[-81.49232,28.63992],[-81.49293,28.64038],[-81.49285,28.66997],[-81.48797,28.66731]]]}},{"type":"Feature","properties":{"code":"ORA","county":"Orange","precinct":"228"},"geometry":{"type":"Polygon","coordinates":[[[-81.49499,28.6731],[-81.45967,28.67275],[-81.4597,28.64466],[-81.47007,28.65455],[-81.47319,28.65696],[-81.48744,28.66722],[-81.49285,28.66997],[-81.49587,28.67272],[-81.49879,28.67312],[-81.49499,28.6731]]]}},{"type":"Feature","properties":{"code":"ORA","county":"Orange","precinct":"229"},"geometry":{"type":"Polygon","coordinates":[[[-81.48526,28.69342],[-81.48047,28.69211],[-81.47622,28.69212],[-81.4763,28.68383],[-81.46802,28.68381],[-81.46795,28.6875],[-81.46146,28.6876],[-81.4596,28.68859],[-81.45967,28.67275],[-81.48865,28.67291],[-81.48858,28.6934],[-81.48526,28.69342]]]}},{"type":"Feature","properties":{"code":"ORA","county":"Orange","precinct":"230"},"geometry":{"type":"Polygon","coordinates":[[[-81.50941,28.68399],[-81.48867,28.68386],[-81.48873,28.67313],[-81.50946,28.67316],[-81.50941,28.68399]]]}},{"type":"Feature","properties":{"code":"ORA","county":"Orange","precinct":"231"},"geometry":{"type":"Polygon","coordinates":[[[-81.52127,28.69123],[-81.50942,28.69124],[-81.50946,28.67316],[-81.51194,28.67311],[-81.51288,28.67352],[-81.52165,28.67951],[-81.52163,28.68063],[-81.5259,28.68356],[-81.52588,28.69317],[-81.52398,28.69291],[-81.52127,28.69123]]]}},{"type":"Feature","properties":{"code":"ORA","county":"Orange","precinct":"232"},"geometry":{"type":"Polygon","coordinates":[[[-81.53085,28.71364],[-81.52551,28.71361],[-81.52548,28.71091],[-81.52609,28.70868],[-81.52541,28.7065],[-81.5259,28.68356],[-81.52794,28.68488],[-81.54201,28.69107],[-81.5472,28.69202],[-81.54637,28.69445],[-81.54641,28.71329],[-81.53085,28.71364]]]}},{"type":"Feature","properties":{"code":"ORA","county":"Orange","precinct":"233"},"geometry":{"type":"Polygon","coordinates":[[[-81.50908,28.71365],[-81.50942,28.69124],[-81.52147,28.69124],[-81.52398,28.69291],[-81.52588,28.69317],[-81.52542,28.70632],[-81.52127,28.7062],[-81.52135,28.70991],[-81.52035,28.70989],[-81.52034,28.71362],[-81.50908,28.71365]]]}},{"type":"Feature","properties":{"code":"ORA","county":"Orange","precinct":"234"},"geometry":{"type":"Polygon","coordinates":[[[-81.49848,28.72823],[-81.48969,28.7282],[-81.4878,28.72591],[-81.47956,28.72823],[-81.47908,28.72802],[-81.47389,28.72432],[-81.47759,28.71649],[-81.47976,28.71346],[-81.46252,28.71374],[-81.46252,28.71324],[-81.45953,28.71327],[-81.45952,28.7094],[-81.46722,28.70949],[-81.46772,28.70895],[-81.46777,28.70684],[-81.4785,28.70707],[-81.48022,28.7062],[-81.48027,28.69845],[-81.47683,28.69847],[-81.47675,28.6989],[-81.47613,28.69896],[-81.47622,28.69212],[-81.48047,28.69211],[-81.48433,28.69341],[-81.48858,28.6934],[-81.48867,28.68386],[-81.50941,28.68399],[-81.50902,28.72822],[-81.49848,28.72823]]]}},{"type":"Feature","properties":{"code":"ORA","county":"Orange","precinct":"235"},"geometry":{"type":"Polygon","coordinates":[[[-81.46324,28.70947],[-81.45952,28.7094],[-81.4596,28.68859],[-81.46146,28.6876],[-81.46795,28.6875],[-81.46802,28.68381],[-81.4763,28.68383],[-81.47613,28.69896],[-81.47675,28.6989],[-81.47683,28.69847],[-81.48027,28.69845],[-81.48035,28.70597],[-81.4785,28.70707],[-81.46777,28.70684],[-81.46741,28.70939],[-81.46324,28.70947]]]}},{"type":"Feature","properties":{"code":"ORA","county":"Orange","precinct":"236"},"geometry":{"type":"Polygon","coordinates":[[[-81.47602,28.78613],[-81.46126,28.78567],[-81.41457,28.78557],[-81.41445,28.78496],[-81.41517,28.78441],[-81.41558,28.78249],[-81.41514,28.78026],[-81.41535,28.77859],[-81.41469,28.77704],[-81.41486,28.77487],[-81.41584,28.77339],[-81.41563,28.77241],[-81.41637,28.76952],[-81.41564,28.76651],[-81.41584,28.76447],[-81.41522,28.76368],[-81.41567,28.75975],[-81.41633,28.75842],[-81.41651,28.75533],[-81.41848,28.75464],[-81.42155,28.74455],[-81.42166,28.74095],[-81.42116,28.74054],[-81.42376,28.73535],[-81.42505,28.73525],[-81.42688,28.73375],[-81.43123,28.72859],[-81.43164,28.72705],[-81.43623,28.7218],[-81.4382,28.72058],[-81.43944,28.71909],[-81.441,28.71586],[-81.44067,28.71582],[-81.44428,28.7139],[-81.44646,28.71372],[-81.44756,28.71519],[-81.4486,28.71533],[-81.45067,28.71434],[-81.45796,28.71432],[-81.45973,28.71318],[-81.46252,28.71324],[-81.46252,28.71374],[-81.47976,28.71346],[-81.47759,28.71649],[-81.47389,28.72432],[-81.47908,28.72802],[-81.47956,28.72823],[-81.4878,28.72591],[-81.48969,28.7282],[-81.50902,28.72822],[-81.50904,28.74284],[-81.51106,28.74285],[-81.51106,28.74371],[-81.51313,28.74371],[-81.51319,28.75015],[-81.51721,28.75017],[-81.51729,28.75373],[-81.52043,28.75415],[-81.52043,28.75373],[-81.52146,28.75373],[-81.52147,28.75736],[-81.52561,28.75736],[-81.5256,28.75373],[-81.52974,28.75374],[-81.52974,28.75283],[-81.53388,28.75284],[-81.53388,28.75375],[-81.54212,28.75369],[-81.54221,28.75742],[-81.5598,28.75686],[-81.55994,28.78608],[-81.47602,28.78613]]]}},{"type":"Feature","properties":{"code":"ORA","county":"Orange","precinct":"237"},"geometry":{"type":"Polygon","coordinates":[[[-81.52557,28.75736],[-81.52147,28.75736],[-81.52146,28.75373],[-81.52043,28.75373],[-81.52043,28.75415],[-81.51729,28.75373],[-81.51721,28.75017],[-81.51319,28.75015],[-81.51313,28.74371],[-81.51106,28.74371],[-81.51106,28.74285],[-81.50904,28.74284],[-81.50902,28.72822],[-81.51715,28.72818],[-81.52817,28.72508],[-81.53188,28.72589],[-81.53376,28.72807],[-81.53922,28.72809],[-81.53927,28.73163],[-81.53997,28.73373],[-81.53988,28.73727],[-81.54226,28.74106],[-81.54212,28.75369],[-81.53388,28.75375],[-81.53388,28.75284],[-81.52974,28.75283],[-81.52974,28.75374],[-81.5256,28.75373],[-81.52557,28.75736]]]}},{"type":"Feature","properties":{"code":"ORA","county":"Orange","precinct":"238"},"geometry":{"type":"Polygon","coordinates":[[[-81.55994,28.78601],[-81.5598,28.75686],[-81.54221,28.75742],[-81.54228,28.74127],[-81.53988,28.73727],[-81.53997,28.73373],[-81.53927,28.73163],[-81.53922,28.72809],[-81.54214,28.72807],[-81.54232,28.71339],[-81.58469,28.71239],[-81.58961,28.7167],[-81.58927,28.71716],[-81.58965,28.72638],[-81.59047,28.72741],[-81.59299,28.72737],[-81.59302,28.73242],[-81.59201,28.73408],[-81.59305,28.73583],[-81.59313,28.78563],[-81.59297,28.78598],[-81.55994,28.78601]]]}},{"type":"Feature","properties":{"code":"ORA","county":"Orange","precinct":"239"},"geometry":{"type":"Polygon","coordinates":[[[-81.60605,28.73094],[-81.6054,28.73036],[-81.60543,28.73096],[-81.60605,28.73094],[-81.60952,28.734],[-81.60997,28.73346],[-81.61298,28.73439],[-81.65861,28.74032],[-81.6586,28.76645],[-81.65639,28.76984],[-81.65598,28.76901],[-81.65397,28.76755],[-81.65413,28.7668],[-81.65372,28.76631],[-81.6512,28.76594],[-81.64896,28.76695],[-81.64651,28.76987],[-81.64517,28.77269],[-81.64474,28.77599],[-81.646,28.78182],[-81.64781,28.78414],[-81.64652,28.78588],[-81.59297,28.78598],[-81.59332,28.76993],[-81.59306,28.73652],[-81.59295,28.73543],[-81.59201,28.73408],[-81.59302,28.73242],[-81.59299,28.72737],[-81.59047,28.72741],[-81.58954,28.72612],[-81.58928,28.71708],[-81.58961,28.7167],[-81.6012,28.72659],[-81.60125,28.7273],[-81.60222,28.72747],[-81.60605,28.73094]]]}},{"type":"Feature","properties":{"code":"ORA","county":"Orange","precinct":"240"},"geometry":{"type":"Polygon","coordinates":[[[-81.53767,28.51945],[-81.53851,28.51894],[-81.54054,28.51894],[-81.54166,28.5207],[-81.54204,28.54577],[-81.53739,28.54319],[-81.53248,28.53729],[-81.53368,28.53717],[-81.5335,28.52196],[-81.53767,28.51945]]]}},{"type":"Feature","properties":{"code":"ORA","county":"Orange","precinct":"241"},"geometry":{"type":"Polygon","coordinates":[[[-81.54601,28.54658],[-81.54204,28.54577],[-81.54178,28.52559],[-81.54478,28.52637],[-81.54509,28.52753],[-81.54429,28.52841],[-81.54431,28.52978],[-81.55829,28.52959],[-81.55843,28.53285],[-81.55729,28.5353],[-81.55678,28.54017],[-81.55765,28.54653],[-81.54601,28.54658]]]}},{"type":"Feature","properties":{"code":"ORA","county":"Orange","precinct":"301"},"geometry":{"type":"Polygon","coordinates":[[[-81.36427,28.53854],[-81.3642,28.5349],[-81.3634,28.53491],[-81.36339,28.53427],[-81.36338,28.5338],[-81.36418,28.53379],[-81.36411,28.5277],[-81.3653,28.52801],[-81.37235,28.52758],[-81.37245,28.52894],[-81.37368,28.52986],[-81.37649,28.52903],[-81.37687,28.53474],[-81.37586,28.53659],[-81.37584,28.53844],[-81.36427,28.53854]]]}},{"type":"Feature","properties":{"code":"ORA","county":"Orange","precinct":"302"},"geometry":{"type":"Polygon","coordinates":[[[-81.37236,28.52775],[-81.3653,28.52801],[-81.36348,28.52762],[-81.35994,28.52575],[-81.35991,28.52398],[-81.34755,28.52414],[-81.3475,28.51683],[-81.35604,28.51678],[-81.35695,28.51777],[-81.35784,28.51796],[-81.35991,28.51794],[-81.35991,28.5174],[-81.36401,28.51737],[-81.36403,28.52037],[-81.37637,28.52024],[-81.37649,28.52903],[-81.37368,28.52986],[-81.37245,28.52894],[-81.37236,28.52775]]]}},{"type":"Feature","properties":{"code":"ORA","county":"Orange","precinct":"303"},"geometry":{"type":"Polygon","coordinates":[[[-81.34359,28.53874],[-81.34343,28.52417],[-81.35991,28.52398],[-81.35994,28.52575],[-81.3625,28.52729],[-81.36411,28.5277],[-81.36418,28.53379],[-81.36338,28.5338],[-81.36339,28.53427],[-81.3634,28.53491],[-81.3642,28.5349],[-81.36427,28.53854],[-81.34359,28.53874]]]}},{"type":"Feature","properties":{"code":"ORA","county":"Orange","precinct":"304"},"geometry":{"type":"Polygon","coordinates":[[[-81.32501,28.53755],[-81.32486,28.52422],[-81.34343,28.52417],[-81.34359,28.53847],[-81.33303,28.5385],[-81.33298,28.53819],[-81.33131,28.53818],[-81.33122,28.5375],[-81.32923,28.53751],[-81.32503,28.53878],[-81.32501,28.53755]]]}},{"type":"Feature","properties":{"code":"ORA","county":"Orange","precinct":"305"},"geometry":{"type":"Polygon","coordinates":[[[-81.31066,28.5536],[-81.3103,28.52358],[-81.31314,28.52441],[-81.32486,28.52432],[-81.32503,28.53878],[-81.32923,28.53751],[-81.33122,28.5375],[-81.33131,28.53818],[-81.33298,28.53819],[-81.33303,28.5385],[-81.34359,28.53847],[-81.34369,28.54512],[-81.34553,28.54782],[-81.34549,28.54973],[-81.34472,28.55137],[-81.34475,28.55338],[-81.32269,28.55345],[-81.31608,28.55485],[-81.3107,28.55723],[-81.31066,28.5536]]]}},{"type":"Feature","properties":{"code":"ORA","county":"Orange","precinct":"306"},"geometry":{"type":"Polygon","coordinates":[[[-81.29407,28.54616],[-81.29759,28.54553],[-81.29516,28.54119],[-81.29512,28.53967],[-81.29147,28.53972],[-81.29147,28.53916],[-81.30298,28.53903],[-81.30297,28.53822],[-81.30199,28.53735],[-81.30146,28.53603],[-81.30188,28.53172],[-81.30471,28.53176],[-81.30469,28.53324],[-81.31042,28.53317],[-81.3107,28.55723],[-81.30189,28.56361],[-81.29434,28.567],[-81.29407,28.54616]]]}},{"type":"Feature","properties":{"code":"ORA","county":"Orange","precinct":"307"},"geometry":{"type":"Polygon","coordinates":[[[-81.26603,28.56847],[-81.26972,28.55391],[-81.27094,28.55091],[-81.27331,28.54774],[-81.27747,28.54516],[-81.27744,28.54043],[-81.27645,28.53917],[-81.28567,28.53916],[-81.28621,28.56838],[-81.26603,28.56847]]]}},{"type":"Feature","properties":{"code":"ORA","county":"Orange","precinct":"308"},"geometry":{"type":"Polygon","coordinates":[[[-81.26426,28.56845],[-81.25323,28.56841],[-81.25278,28.55412],[-81.26978,28.5538],[-81.26603,28.56847],[-81.26426,28.56845]]]}},{"type":"Feature","properties":{"code":"ORA","county":"Orange","precinct":"309"},"geometry":{"type":"Polygon","coordinates":[[[-81.25266,28.54253],[-81.25124,28.53931],[-81.27645,28.53917],[-81.27744,28.54043],[-81.27747,28.54516],[-81.27331,28.54774],[-81.27094,28.55091],[-81.26978,28.5538],[-81.25278,28.55412],[-81.25266,28.54253]]]}},{"type":"Feature","properties":{"code":"ORA","county":"Orange","precinct":"310"},"geometry":{"type":"Polygon","coordinates":[[[-81.24447,28.54943],[-81.24421,28.53937],[-81.25124,28.53931],[-81.25266,28.54223],[-81.25323,28.56841],[-81.24486,28.56929],[-81.24447,28.54943]]]}},{"type":"Feature","properties":{"code":"ORA","county":"Orange","precinct":"311"},"geometry":{"type":"Polygon","coordinates":[[[-81.24009,28.52466],[-81.25242,28.52465],[-81.25242,28.52415],[-81.25722,28.52408],[-81.2578,28.52525],[-81.26086,28.52593],[-81.26271,28.52753],[-81.26411,28.52661],[-81.26641,28.52647],[-81.26755,28.53067],[-81.26892,28.532],[-81.26987,28.53389],[-81.27139,28.53922],[-81.24421,28.53937],[-81.24319,28.53487],[-81.24009,28.53143],[-81.24009,28.52466]]]}},{"type":"Feature","properties":{"code":"ORA","county":"Orange","precinct":"312"},"geometry":{"type":"Polygon","coordinates":[[[-81.27139,28.53922],[-81.26987,28.53389],[-81.26892,28.532],[-81.26755,28.53067],[-81.26641,28.52647],[-81.26411,28.52661],[-81.26271,28.52753],[-81.26086,28.52593],[-81.2578,28.52525],[-81.25722,28.52408],[-81.25242,28.52415],[-81.25242,28.52465],[-81.24009,28.52466],[-81.23983,28.52158],[-81.23796,28.51379],[-81.23906,28.51015],[-81.26899,28.51001],[-81.26908,28.52465],[-81.27532,28.52477],[-81.2754,28.53754],[-81.27645,28.53917],[-81.27139,28.53922]]]}},{"type":"Feature","properties":{"code":"ORA","county":"Orange","precinct":"313"},"geometry":{"type":"Polygon","coordinates":[[[-81.26899,28.51001],[-81.27136,28.50999],[-81.27139,28.511],[-81.27341,28.51565],[-81.27352,28.52094],[-81.28661,28.52106],[-81.2855,28.52291],[-81.28587,28.53916],[-81.27645,28.53917],[-81.27564,28.53833],[-81.27531,28.52474],[-81.26908,28.52465],[-81.26899,28.51001]]]}},{"type":"Feature","properties":{"code":"ORA","county":"Orange","precinct":"314"},"geometry":{"type":"Polygon","coordinates":[[[-81.2857,28.54011],[-81.2855,28.52291],[-81.28661,28.52106],[-81.27352,28.52094],[-81.27341,28.51565],[-81.27139,28.511],[-81.27136,28.50999],[-81.28023,28.51015],[-81.29068,28.51613],[-81.30211,28.52039],[-81.30205,28.52456],[-81.29616,28.52454],[-81.29618,28.52635],[-81.29422,28.52636],[-81.29391,28.52864],[-81.29206,28.5295],[-81.29078,28.52647],[-81.28881,28.52734],[-81.28918,28.52815],[-81.28813,28.52955],[-81.28847,28.53167],[-81.28953,28.53301],[-81.29104,28.53299],[-81.29111,28.53789],[-81.29197,28.53788],[-81.29198,28.53914],[-81.29147,28.53916],[-81.29147,28.53954],[-81.28587,28.54006],[-81.28571,28.54054],[-81.2857,28.54011]]]}},{"type":"Feature","properties":{"code":"ORA","county":"Orange","precinct":"315"},"geometry":{"type":"Polygon","coordinates":[[[-81.29198,28.53914],[-81.29197,28.53788],[-81.29111,28.53789],[-81.29104,28.53299],[-81.28953,28.53301],[-81.28847,28.53167],[-81.28813,28.52955],[-81.28918,28.52815],[-81.28881,28.52734],[-81.29078,28.52647],[-81.29133,28.52838],[-81.29206,28.5295],[-81.29259,28.52932],[-81.29391,28.52864],[-81.29422,28.52636],[-81.29618,28.52635],[-81.29616,28.52454],[-81.30205,28.52456],[-81.30211,28.52039],[-81.30324,28.52081],[-81.30361,28.52015],[-81.3021,28.51966],[-81.30209,28.51815],[-81.30622,28.51809],[-81.30622,28.51717],[-81.30818,28.51715],[-81.30818,28.51771],[-81.30891,28.5177],[-81.30899,28.51713],[-81.31022,28.51712],[-81.31042,28.53317],[-81.30469,28.53324],[-81.30471,28.53176],[-81.30188,28.53172],[-81.30146,28.53603],[-81.30199,28.53735],[-81.30297,28.53822],[-81.30298,28.53903],[-81.29198,28.53914]]]}},{"type":"Feature","properties":{"code":"ORA","county":"Orange","precinct":"316"},"geometry":{"type":"Polygon","coordinates":[[[-81.30055,28.51981],[-81.29662,28.51836],[-81.2988,28.51533],[-81.29868,28.51193],[-81.3003,28.51009],[-81.3006,28.50907],[-81.29913,28.50543],[-81.29669,28.50306],[-81.29667,28.49901],[-81.31012,28.49889],[-81.31022,28.51712],[-81.30899,28.51713],[-81.30891,28.5177],[-81.30818,28.51771],[-81.30818,28.51715],[-81.30622,28.51717],[-81.30622,28.51809],[-81.30209,28.51815],[-81.3021,28.51966],[-81.30361,28.52015],[-81.30324,28.52081],[-81.30055,28.51981]]]}},{"type":"Feature","properties":{"code":"ORA","county":"Orange","precinct":"317"},"geometry":{"type":"Polygon","coordinates":[[[-81.28655,28.51372],[-81.27985,28.51005],[-81.26899,28.51001],[-81.26911,28.50277],[-81.28538,28.50209],[-81.28552,28.49899],[-81.29667,28.49901],[-81.29669,28.50306],[-81.29913,28.50543],[-81.30059,28.50885],[-81.3003,28.51009],[-81.29868,28.51193],[-81.29864,28.51563],[-81.29662,28.51836],[-81.29068,28.51613],[-81.28655,28.51372]]]}},{"type":"Feature","properties":{"code":"ORA","county":"Orange","precinct":"318"},"geometry":{"type":"Polygon","coordinates":[[[-81.27649,28.49517],[-81.274,28.49515],[-81.27308,28.49288],[-81.27092,28.49168],[-81.26918,28.4917],[-81.26888,28.48406],[-81.26588,28.48081],[-81.27139,28.48129],[-81.27176,28.48407],[-81.27284,28.48548],[-81.27552,28.48629],[-81.27774,28.48784],[-81.28106,28.48791],[-81.28274,28.4862],[-81.28546,28.48612],[-81.28538,28.50209],[-81.27471,28.50273],[-81.27475,28.49867],[-81.2764,28.49604],[-81.27649,28.49517]]]}},{"type":"Feature","properties":{"code":"ORA","county":"Orange","precinct":"319"},"geometry":{"type":"Polygon","coordinates":[[[-81.26924,28.49524],[-81.26884,28.49124],[-81.26497,28.48768],[-81.26403,28.48614],[-81.26395,28.47814],[-81.26504,28.47408],[-81.26608,28.47366],[-81.26806,28.47378],[-81.26909,28.47298],[-81.26893,28.4702],[-81.26768,28.46862],[-81.2706,28.46654],[-81.27299,28.46598],[-81.27299,28.4808],[-81.26588,28.48081],[-81.26888,28.48406],[-81.26918,28.4917],[-81.27104,28.49173],[-81.27316,28.49295],[-81.274,28.49515],[-81.27649,28.49517],[-81.27649,28.49575],[-81.27477,28.4986],[-81.27471,28.50273],[-81.26911,28.50277],[-81.26924,28.49524]]]}},{"type":"Feature","properties":{"code":"ORA","county":"Orange","precinct":"320"},"geometry":{"type":"Polygon","coordinates":[[[-81.27498,28.48611],[-81.27328,28.48582],[-81.27188,28.4843],[-81.27145,28.48134],[-81.26866,28.48081],[-81.27299,28.4808],[-81.27299,28.46598],[-81.27575,28.46595],[-81.28076,28.47296],[-81.288,28.4793],[-81.28565,28.48259],[-81.2853,28.48611],[-81.28267,28.48623],[-81.28106,28.48791],[-81.27852,28.48796],[-81.27498,28.48611]]]}},{"type":"Feature","properties":{"code":"ORA","county":"Orange","precinct":"321"},"geometry":{"type":"Polygon","coordinates":[[[-81.29299,28.49902],[-81.28552,28.49899],[-81.28537,28.4837],[-81.28604,28.48166],[-81.288,28.4793],[-81.28076,28.47296],[-81.27575,28.46595],[-81.27851,28.46591],[-81.282,28.46461],[-81.28364,28.46447],[-81.28757,28.46611],[-81.302,28.46615],[-81.30703,28.46856],[-81.30998,28.46895],[-81.30999,28.48062],[-81.29771,28.48068],[-81.29773,28.48793],[-81.29362,28.4881],[-81.29368,28.49903],[-81.29299,28.49902]]]}},{"type":"Feature","properties":{"code":"ORA","county":"Orange","precinct":"322"},"geometry":{"type":"Polygon","coordinates":[[[-81.29526,28.49903],[-81.29368,28.49903],[-81.29362,28.4881],[-81.29773,28.48793],[-81.29771,28.48068],[-81.30999,28.48062],[-81.31012,28.49889],[-81.29526,28.49903]]]}},{"type":"Feature","properties":{"code":"ORA","county":"Orange","precinct":"323"},"geometry":{"type":"Polygon","coordinates":[[[-81.31376,28.50619],[-81.31014,28.50578],[-81.31012,28.49527],[-81.32679,28.49511],[-81.32668,28.48843],[-81.33076,28.48842],[-81.33083,28.50241],[-81.32675,28.5024],[-81.32676,28.50606],[-81.31376,28.50619]]]}},{"type":"Feature","properties":{"code":"ORA","county":"Orange","precinct":"324"},"geometry":{"type":"Polygon","coordinates":[[[-81.3146,28.52441],[-81.31253,28.52434],[-81.3103,28.52358],[-81.31022,28.51712],[-81.31145,28.5171],[-81.3115,28.5146],[-81.31944,28.5148],[-81.32192,28.51625],[-81.32413,28.51648],[-81.32544,28.51629],[-81.32803,28.51355],[-81.33102,28.51332],[-81.33103,28.52426],[-81.3146,28.52441]]]}},{"type":"Feature","properties":{"code":"ORA","county":"Orange","precinct":"325"},"geometry":{"type":"Polygon","coordinates":[[[-81.33103,28.52426],[-81.33102,28.51332],[-81.34014,28.51325],[-81.34153,28.51475],[-81.34337,28.5147],[-81.3435,28.51324],[-81.3475,28.5132],[-81.34755,28.52414],[-81.33103,28.52426]]]}},{"type":"Feature","properties":{"code":"ORA","county":"Orange","precinct":"326"},"geometry":{"type":"Polygon","coordinates":[[[-81.34747,28.5132],[-81.34745,28.50956],[-81.35158,28.50953],[-81.35148,28.49858],[-81.35974,28.49852],[-81.35971,28.49487],[-81.36754,28.49434],[-81.36742,28.49608],[-81.36795,28.49668],[-81.36803,28.50565],[-81.36655,28.50603],[-81.36433,28.50519],[-81.3639,28.50543],[-81.36389,28.50668],[-81.36496,28.50667],[-81.36195,28.50797],[-81.36211,28.50942],[-81.36303,28.50904],[-81.3636,28.50997],[-81.36289,28.51026],[-81.36295,28.51309],[-81.34747,28.5132]]]}},{"type":"Feature","properties":{"code":"ORA","county":"Orange","precinct":"327"},"geometry":{"type":"Polygon","coordinates":[[[-81.36289,28.51031],[-81.3636,28.50997],[-81.36303,28.50904],[-81.36211,28.50942],[-81.36195,28.50797],[-81.36496,28.50667],[-81.36389,28.50668],[-81.3639,28.50543],[-81.36457,28.50518],[-81.36655,28.50603],[-81.36803,28.50565],[-81.36795,28.49668],[-81.36742,28.49608],[-81.36754,28.49434],[-81.36923,28.49423],[-81.36925,28.4949],[-81.37056,28.4961],[-81.369,28.4975],[-81.37394,28.49746],[-81.37395,28.49836],[-81.37596,28.49834],[-81.37632,28.51292],[-81.36295,28.51309],[-81.36289,28.51031]]]}},{"type":"Feature","properties":{"code":"ORA","county":"Orange","precinct":"328"},"geometry":{"type":"Polygon","coordinates":[[[-81.38356,28.51288],[-81.38054,28.51287],[-81.37609,28.49469],[-81.39183,28.49455],[-81.39183,28.49346],[-81.39132,28.49347],[-81.3913,28.4909],[-81.3968,28.49086],[-81.39688,28.5036],[-81.3931,28.50376],[-81.39195,28.50537],[-81.39279,28.5055],[-81.39284,28.51268],[-81.38999,28.51466],[-81.38583,28.51461],[-81.38356,28.51288]]]}},{"type":"Feature","properties":{"code":"ORA","county":"Orange","precinct":"329"},"geometry":{"type":"Polygon","coordinates":[[[-81.38426,28.4654],[-81.38416,28.45078],[-81.40097,28.45019],[-81.39696,28.46526],[-81.38426,28.4654]]]}},{"type":"Feature","properties":{"code":"ORA","county":"Orange","precinct":"330"},"geometry":{"type":"Polygon","coordinates":[[[-81.37632,28.51292],[-81.37596,28.49834],[-81.37395,28.49836],[-81.37394,28.49746],[-81.369,28.4975],[-81.37056,28.4961],[-81.36925,28.4949],[-81.36923,28.49423],[-81.35971,28.49487],[-81.35966,28.48956],[-81.36231,28.48885],[-81.36372,28.48686],[-81.36553,28.48614],[-81.3656,28.48491],[-81.36786,28.48268],[-81.36843,28.48098],[-81.3677,28.47887],[-81.36606,28.47713],[-81.3661,28.47525],[-81.37001,28.4752],[-81.36926,28.47286],[-81.37014,28.47283],[-81.37116,28.47644],[-81.37793,28.47642],[-81.37793,28.47825],[-81.37722,28.47826],[-81.37722,28.48008],[-81.3761,28.48009],[-81.37611,28.48375],[-81.38851,28.48361],[-81.38851,28.48454],[-81.39141,28.48485],[-81.39142,28.48707],[-81.38905,28.48703],[-81.38918,28.48823],[-81.39679,28.48826],[-81.3968,28.49086],[-81.3913,28.4909],[-81.39132,28.49347],[-81.39183,28.49346],[-81.39183,28.49455],[-81.37609,28.49469],[-81.38054,28.51287],[-81.37632,28.51292]]]}},{"type":"Feature","properties":{"code":"ORA","county":"Orange","precinct":"331"},"geometry":{"type":"Polygon","coordinates":[[[-81.3891,28.48781],[-81.38905,28.48703],[-81.39142,28.48707],[-81.39141,28.48485],[-81.38851,28.48454],[-81.38851,28.48361],[-81.37611,28.48375],[-81.3761,28.48009],[-81.37722,28.48008],[-81.37722,28.47826],[-81.37793,28.47825],[-81.37793,28.47642],[-81.37116,28.47644],[-81.36809,28.46555],[-81.39696,28.46526],[-81.39662,28.46892],[-81.39679,28.48826],[-81.38922,28.48825],[-81.3891,28.48781]]]}},{"type":"Feature","properties":{"code":"ORA","county":"Orange","precinct":"332"},"geometry":{"type":"Polygon","coordinates":[[[-81.38384,28.45079],[-81.38416,28.45078],[-81.38426,28.4654],[-81.36809,28.46555],[-81.36701,28.46058],[-81.36689,28.45096],[-81.38384,28.45079]]]}},{"type":"Feature","properties":{"code":"ORA","county":"Orange","precinct":"333"},"geometry":{"type":"Polygon","coordinates":[[[-81.36884,28.47143],[-81.36079,28.47129],[-81.36031,28.4685],[-81.35925,28.46708],[-81.36074,28.46568],[-81.35991,28.46413],[-81.35777,28.46388],[-81.35739,28.46454],[-81.35771,28.46517],[-81.35446,28.46647],[-81.35095,28.46611],[-81.34634,28.46477],[-81.34333,28.46604],[-81.34051,28.46575],[-81.34003,28.4652],[-81.3397,28.46576],[-81.33863,28.46575],[-81.33896,28.46525],[-81.33886,28.45123],[-81.36689,28.45111],[-81.36711,28.4616],[-81.37014,28.47283],[-81.36926,28.47286],[-81.36884,28.47143]]]}},{"type":"Feature","properties":{"code":"ORA","county":"Orange","precinct":"334"},"geometry":{"type":"Polygon","coordinates":[[[-81.34641,28.49574],[-81.34634,28.49409],[-81.345,28.49475],[-81.34208,28.49518],[-81.33929,28.49446],[-81.3379,28.49258],[-81.33878,28.49162],[-81.33882,28.49045],[-81.3396,28.49],[-81.3364,28.48734],[-81.33618,28.48596],[-81.33659,28.48528],[-81.33613,28.48416],[-81.33283,28.48418],[-81.33279,28.4827],[-81.33273,28.48409],[-81.3311,28.48408],[-81.33069,28.48057],[-81.33079,28.46591],[-81.3382,28.46587],[-81.3397,28.46576],[-81.34003,28.4652],[-81.34051,28.46575],[-81.34333,28.46604],[-81.34634,28.46477],[-81.35095,28.46611],[-81.35446,28.46647],[-81.35771,28.46517],[-81.35739,28.46454],[-81.35777,28.46388],[-81.35991,28.46413],[-81.36074,28.46568],[-81.35925,28.46708],[-81.36031,28.4685],[-81.36079,28.47129],[-81.36879,28.47127],[-81.37001,28.4752],[-81.3661,28.47525],[-81.36606,28.47713],[-81.3677,28.47887],[-81.36843,28.48098],[-81.36786,28.48268],[-81.3656,28.48491],[-81.36553,28.48614],[-81.36372,28.48686],[-81.36231,28.48885],[-81.35877,28.49009],[-81.35772,28.49266],[-81.35538,28.4926],[-81.35403,28.49177],[-81.35286,28.49179],[-81.35048,28.49426],[-81.3484,28.49461],[-81.34864,28.49495],[-81.34809,28.49626],[-81.34635,28.49668],[-81.34594,28.49643],[-81.34641,28.49574]]]}},{"type":"Feature","properties":{"code":"ORA","county":"Orange","precinct":"335"},"geometry":{"type":"Polygon","coordinates":[[[-81.33973,28.49869],[-81.33911,28.49868],[-81.3389,28.49507],[-81.33092,28.49506],[-81.33069,28.48057],[-81.33115,28.48413],[-81.33273,28.48409],[-81.33279,28.4827],[-81.33283,28.48418],[-81.33613,28.48416],[-81.33659,28.48528],[-81.33618,28.48596],[-81.3364,28.48734],[-81.3396,28.49],[-81.33882,28.49045],[-81.33878,28.49162],[-81.33807,28.49208],[-81.33791,28.49288],[-81.33929,28.49446],[-81.34003,28.49441],[-81.34098,28.49515],[-81.345,28.49475],[-81.34634,28.49409],[-81.34658,28.49552],[-81.34594,28.49643],[-81.34693,28.49665],[-81.34809,28.49626],[-81.34864,28.49495],[-81.3484,28.49461],[-81.35048,28.49426],[-81.35286,28.49179],[-81.35403,28.49177],[-81.35538,28.4926],[-81.35767,28.49268],[-81.35828,28.49065],[-81.35966,28.48956],[-81.35974,28.49852],[-81.33973,28.49869]]]}},{"type":"Feature","properties":{"code":"ORA","county":"Orange","precinct":"336"},"geometry":{"type":"Polygon","coordinates":[[[-81.31022,28.51461],[-81.31014,28.50578],[-81.31352,28.50619],[-81.32676,28.50606],[-81.32675,28.5024],[-81.33096,28.5024],[-81.33102,28.51332],[-81.32803,28.51355],[-81.32544,28.51629],[-81.32413,28.51648],[-81.32192,28.51625],[-81.31944,28.5148],[-81.3115,28.5146],[-81.31145,28.5171],[-81.31022,28.51712],[-81.31022,28.51461]]]}},{"type":"Feature","properties":{"code":"ORA","county":"Orange","precinct":"337"},"geometry":{"type":"Polygon","coordinates":[[[-81.34027,28.5136],[-81.34014,28.51325],[-81.33102,28.51332],[-81.33077,28.49507],[-81.33897,28.4951],[-81.33911,28.49868],[-81.35148,28.49858],[-81.35158,28.50953],[-81.34745,28.50956],[-81.34747,28.5132],[-81.3435,28.51324],[-81.34337,28.5147],[-81.3413,28.51471],[-81.34027,28.5136]]]}},{"type":"Feature","properties":{"code":"ORA","county":"Orange","precinct":"338"},"geometry":{"type":"Polygon","coordinates":[[[-81.31012,28.49527],[-81.30999,28.48062],[-81.33069,28.48057],[-81.33076,28.48842],[-81.32668,28.48843],[-81.32679,28.49511],[-81.31012,28.49527]]]}},{"type":"Feature","properties":{"code":"ORA","county":"Orange","precinct":"339"},"geometry":{"type":"Polygon","coordinates":[[[-81.30999,28.48062],[-81.30989,28.45607],[-81.3094,28.45382],[-81.30816,28.45135],[-81.32622,28.45129],[-81.3327,28.45054],[-81.33346,28.45054],[-81.33345,28.45108],[-81.33885,28.45064],[-81.33894,28.46535],[-81.3382,28.46587],[-81.33079,28.46591],[-81.33069,28.48057],[-81.30999,28.48062]]]}},{"type":"Feature","properties":{"code":"ORA","county":"Orange","precinct":"340"},"geometry":{"type":"Polygon","coordinates":[[[-81.28585,28.54623],[-81.28587,28.54006],[-81.29108,28.53955],[-81.29512,28.53967],[-81.29516,28.54119],[-81.29759,28.54553],[-81.29407,28.54601],[-81.29434,28.567],[-81.28621,28.56838],[-81.28585,28.54623]]]}},{"type":"Feature","properties":{"code":"ORA","county":"Orange","precinct":"341"},"geometry":{"type":"Polygon","coordinates":[[[-81.34948,28.45143],[-81.33886,28.45123],[-81.33885,28.45064],[-81.33345,28.45108],[-81.33346,28.45054],[-81.33308,28.45053],[-81.32795,28.45125],[-81.30816,28.45135],[-81.30697,28.44894],[-81.30658,28.44683],[-81.30789,28.43841],[-81.30507,28.43249],[-81.30526,28.42927],[-81.30649,28.42618],[-81.30658,28.42145],[-81.30429,28.41531],[-81.30412,28.41083],[-81.30464,28.40933],[-81.30741,28.40701],[-81.30774,28.40228],[-81.30954,28.39927],[-81.31027,28.39684],[-81.31865,28.39692],[-81.32168,28.39181],[-81.33755,28.403],[-81.33999,28.40352],[-81.35515,28.40349],[-81.35513,28.40718],[-81.37558,28.40688],[-81.37572,28.40875],[-81.37622,28.40741],[-81.37759,28.4067],[-81.39159,28.40668],[-81.39184,28.41568],[-81.39245,28.41818],[-81.39414,28.42152],[-81.39803,28.42561],[-81.40902,28.43339],[-81.40476,28.43449],[-81.40378,28.44019],[-81.40097,28.45019],[-81.34948,28.45143]]]}},{"type":"Feature","properties":{"code":"ORA","county":"Orange","precinct":"342"},"geometry":{"type":"Polygon","coordinates":[[[-81.39164,28.41121],[-81.39159,28.40668],[-81.40082,28.40674],[-81.40182,28.40745],[-81.40592,28.40748],[-81.41869,28.41016],[-81.42419,28.41032],[-81.4228,28.41404],[-81.42271,28.42215],[-81.4199,28.42398],[-81.41729,28.42767],[-81.41457,28.43041],[-81.40902,28.43339],[-81.39803,28.42561],[-81.39483,28.42251],[-81.39221,28.41742],[-81.39164,28.41121]]]}},{"type":"Feature","properties":{"code":"ORA","county":"Orange","precinct":"343"},"geometry":{"type":"Polygon","coordinates":[[[-81.25383,28.48815],[-81.25383,28.47986],[-81.26044,28.474],[-81.26062,28.44866],[-81.28149,28.44869],[-81.29612,28.45108],[-81.30826,28.45155],[-81.30987,28.45578],[-81.30998,28.46895],[-81.30703,28.46856],[-81.302,28.46615],[-81.28757,28.46611],[-81.28348,28.46445],[-81.27851,28.46591],[-81.27142,28.4662],[-81.26768,28.46862],[-81.26886,28.46998],[-81.26916,28.4728],[-81.26827,28.47371],[-81.26583,28.47369],[-81.26478,28.47441],[-81.26386,28.48081],[-81.26068,28.48081],[-81.2607,28.48811],[-81.25383,28.48815]]]}},{"type":"Feature","properties":{"code":"ORA","county":"Orange","precinct":"344"},"geometry":{"type":"Polygon","coordinates":[[[-81.25661,28.51007],[-81.25648,28.5067],[-81.25524,28.5025],[-81.25516,28.49544],[-81.26071,28.49541],[-81.26071,28.49149],[-81.2585,28.4915],[-81.25849,28.48812],[-81.2607,28.48811],[-81.26068,28.48081],[-81.26386,28.48081],[-81.26412,28.48637],[-81.26507,28.48778],[-81.26861,28.49093],[-81.2691,28.49194],[-81.26899,28.51001],[-81.25661,28.51007]]]}},{"type":"Feature","properties":{"code":"ORA","county":"Orange","precinct":"345"},"geometry":{"type":"Polygon","coordinates":[[[-81.25117,28.51009],[-81.24806,28.51009],[-81.24426,28.50172],[-81.24351,28.49833],[-81.24316,28.49164],[-81.23805,28.47148],[-81.23143,28.45829],[-81.2307,28.45521],[-81.23059,28.45151],[-81.24749,28.45129],[-81.25621,28.44906],[-81.26062,28.44866],[-81.26044,28.474],[-81.25383,28.47986],[-81.25383,28.48815],[-81.25849,28.48812],[-81.2585,28.4915],[-81.26071,28.49149],[-81.26071,28.49541],[-81.25516,28.49544],[-81.25524,28.5025],[-81.25648,28.5067],[-81.25661,28.51007],[-81.25117,28.51009]]]}},{"type":"Feature","properties":{"code":"ORA","county":"Orange","precinct":"401"},"geometry":{"type":"Polygon","coordinates":[[[-81.22405,28.56882],[-81.22376,28.55789],[-81.2281,28.55786],[-81.22791,28.55054],[-81.23086,28.5493],[-81.23463,28.54977],[-81.24447,28.54943],[-81.24486,28.56929],[-81.2358,28.56996],[-81.22405,28.56882]]]}},{"type":"Feature","properties":{"code":"ORA","county":"Orange","precinct":"402"},"geometry":{"type":"Polygon","coordinates":[[[-81.20383,28.54935],[-81.20381,28.54679],[-81.21719,28.54665],[-81.21948,28.54615],[-81.22751,28.54055],[-81.22954,28.53963],[-81.24421,28.53937],[-81.24447,28.54943],[-81.23463,28.54977],[-81.23086,28.5493],[-81.22791,28.55054],[-81.2281,28.55786],[-81.22376,28.55789],[-81.22405,28.56882],[-81.20766,28.56691],[-81.20693,28.5559],[-81.20409,28.5509],[-81.20383,28.54935]]]}},{"type":"Feature","properties":{"code":"ORA","county":"Orange","precinct":"403"},"geometry":{"type":"Polygon","coordinates":[[[-81.19474,28.56549],[-81.17818,28.56541],[-81.17813,28.54752],[-81.17973,28.54785],[-81.18026,28.54658],[-81.18354,28.54302],[-81.18527,28.54264],[-81.18849,28.54367],[-81.1947,28.5437],[-81.19474,28.56549]]]}},{"type":"Feature","properties":{"code":"ORA","county":"Orange","precinct":"404"},"geometry":{"type":"Polygon","coordinates":[[[-81.14922,28.56139],[-81.14848,28.56029],[-81.1474,28.55976],[-81.14731,28.55566],[-81.14519,28.55289],[-81.14389,28.55237],[-81.14334,28.55282],[-81.14239,28.55275],[-81.14108,28.55189],[-81.13969,28.55256],[-81.13878,28.55204],[-81.13839,28.55108],[-81.13679,28.55055],[-81.13437,28.55095],[-81.13391,28.55013],[-81.13188,28.54874],[-81.13118,28.54697],[-81.13008,28.54594],[-81.12962,28.54396],[-81.12629,28.54194],[-81.12624,28.54095],[-81.125,28.53939],[-81.12671,28.53937],[-81.12679,28.5379],[-81.12796,28.53788],[-81.12821,28.54167],[-81.14157,28.5417],[-81.14185,28.54356],[-81.1439,28.54372],[-81.14407,28.54719],[-81.15318,28.5471],[-81.15307,28.54454],[-81.15423,28.54273],[-81.15758,28.54404],[-81.16037,28.54659],[-81.16454,28.54933],[-81.16541,28.55094],[-81.16496,28.55441],[-81.16614,28.55891],[-81.1655,28.56252],[-81.16569,28.56545],[-81.15421,28.56549],[-81.15192,28.56296],[-81.14922,28.56139]]]}},{"type":"Feature","properties":{"code":"ORA","county":"Orange","precinct":"405"},"geometry":{"type":"Polygon","coordinates":[[[-81.23204,28.39995],[-81.23081,28.39936],[-81.22873,28.39706],[-81.22787,28.39706],[-81.22543,28.39303],[-81.22323,28.39108],[-81.22227,28.38872],[-81.21877,28.39134],[-81.21543,28.39571],[-81.2126,28.39718],[-81.20767,28.39554],[-81.20352,28.39168],[-81.20274,28.39052],[-81.2018,28.3866],[-81.20081,28.38528],[-81.19858,28.38487],[-81.19884,28.38556],[-81.1984,28.38637],[-81.19834,28.38868],[-81.19767,28.39005],[-81.19685,28.39031],[-81.19061,28.38435],[-81.18973,28.38195],[-81.18804,28.38251],[-81.18735,28.3805],[-81.1877,28.37645],[-81.18716,28.37543],[-81.18702,28.37316],[-81.18532,28.37079],[-81.18643,28.36786],[-81.18717,28.36748],[-81.18874,28.36787],[-81.18948,28.36595],[-81.18908,28.36459],[-81.18954,28.36212],[-81.18824,28.36046],[-81.18852,28.35953],[-81.18779,28.35907],[-81.18755,28.35943],[-81.18696,28.36134],[-81.18758,28.36353],[-81.18704,28.36414],[-81.18565,28.36247],[-81.18332,28.36137],[-81.18267,28.36061],[-81.18257,28.3591],[-81.17915,28.35819],[-81.17834,28.35731],[-81.17809,28.35555],[-81.17731,28.35415],[-81.17562,28.35279],[-81.17462,28.35374],[-81.1742,28.34819],[-81.22003,28.34809],[-81.21808,28.35346],[-81.21766,28.36327],[-81.22805,28.36348],[-81.22789,28.37818],[-81.24455,28.37822],[-81.24455,28.39761],[-81.2428,28.39785],[-81.24009,28.39988],[-81.23204,28.39995]]]}},{"type":"Feature","properties":{"code":"ORA","county":"Orange","precinct":"406"},"geometry":{"type":"Polygon","coordinates":[[[-81.14407,28.54719],[-81.1439,28.54372],[-81.14185,28.54356],[-81.14157,28.5417],[-81.12821,28.54167],[-81.12779,28.53787],[-81.12679,28.5379],[-81.12671,28.53937],[-81.125,28.53939],[-81.12615,28.54078],[-81.12629,28.54189],[-81.12541,28.54107],[-81.12393,28.54121],[-81.12241,28.54053],[-81.12194,28.53732],[-81.12245,28.53662],[-81.12321,28.53676],[-81.12647,28.53214],[-81.1264,28.5303],[-81.12763,28.52672],[-81.12757,28.5251],[-81.14068,28.52471],[-81.14067,28.52512],[-81.15016,28.52509],[-81.14981,28.52805],[-81.15065,28.53831],[-81.15177,28.54066],[-81.15423,28.54273],[-81.15307,28.54454],[-81.15318,28.5471],[-81.14407,28.54719]]]}},{"type":"Feature","properties":{"code":"ORA","county":"Orange","precinct":"407"},"geometry":{"type":"Polygon","coordinates":[[[-81.17175,28.54553],[-81.17075,28.54554],[-81.17077,28.54339],[-81.16973,28.54339],[-81.16969,28.53969],[-81.18635,28.53966],[-81.18638,28.53781],[-81.18737,28.53781],[-81.18736,28.53664],[-81.18623,28.53661],[-81.18588,28.5345],[-81.18656,28.53363],[-81.18847,28.53319],[-81.19013,28.5321],[-81.19248,28.53409],[-81.1941,28.53668],[-81.19469,28.53932],[-81.1947,28.5437],[-81.18849,28.54367],[-81.18594,28.54273],[-81.18415,28.54277],[-81.1827,28.54366],[-81.18014,28.54675],[-81.17973,28.54785],[-81.17175,28.54553]]]}},{"type":"Feature","properties":{"code":"ORA","county":"Orange","precinct":"408"},"geometry":{"type":"Polygon","coordinates":[[[-81.16134,28.53713],[-81.16131,28.52506],[-81.18985,28.52505],[-81.1899,28.52238],[-81.1925,28.52432],[-81.1914,28.5272],[-81.19134,28.52972],[-81.19076,28.53127],[-81.18948,28.53262],[-81.18656,28.53363],[-81.18588,28.5345],[-81.18623,28.53661],[-81.18736,28.53664],[-81.18737,28.53781],[-81.18638,28.53781],[-81.18635,28.53966],[-81.16969,28.53969],[-81.16967,28.53605],[-81.16551,28.53605],[-81.16552,28.53969],[-81.16135,28.5397],[-81.16134,28.53713]]]}},{"type":"Feature","properties":{"code":"ORA","county":"Orange","precinct":"409"},"geometry":{"type":"Polygon","coordinates":[[[-81.19583,28.54369],[-81.1947,28.5437],[-81.19469,28.53932],[-81.19387,28.53614],[-81.19248,28.53409],[-81.19013,28.5321],[-81.19121,28.53029],[-81.1914,28.5272],[-81.1925,28.52432],[-81.19894,28.52467],[-81.1994,28.52365],[-81.20031,28.52308],[-81.20368,28.52309],[-81.20373,28.52089],[-81.20537,28.52092],[-81.21091,28.51821],[-81.21226,28.52559],[-81.21134,28.53226],[-81.2101,28.53416],[-81.20728,28.53515],[-81.20788,28.53734],[-81.20771,28.53893],[-81.20428,28.54372],[-81.20381,28.54679],[-81.2004,28.54654],[-81.19713,28.54411],[-81.19583,28.54369]]]}},{"type":"Feature","properties":{"code":"ORA","county":"Orange","precinct":"410"},"geometry":{"type":"Polygon","coordinates":[[[-81.20381,28.54679],[-81.20428,28.54372],[-81.20771,28.53893],[-81.20788,28.53734],[-81.20728,28.53515],[-81.20986,28.53433],[-81.2112,28.53273],[-81.21215,28.52484],[-81.24009,28.52466],[-81.24009,28.53143],[-81.24319,28.53487],[-81.24421,28.53937],[-81.23,28.53953],[-81.2277,28.54043],[-81.22058,28.54557],[-81.21873,28.5464],[-81.20381,28.54679]]]}},{"type":"Feature","properties":{"code":"ORA","county":"Orange","precinct":"411"},"geometry":{"type":"Polygon","coordinates":[[[-81.21548,28.51028],[-81.23906,28.51015],[-81.23796,28.51379],[-81.23983,28.52158],[-81.24009,28.52466],[-81.21215,28.52484],[-81.21043,28.5143],[-81.21213,28.51159],[-81.21548,28.51028]]]}},{"type":"Feature","properties":{"code":"ORA","county":"Orange","precinct":"412"},"geometry":{"type":"Polygon","coordinates":[[[-81.19894,28.52467],[-81.1925,28.52432],[-81.19036,28.52299],[-81.18889,28.52038],[-81.18466,28.52073],[-81.1808,28.52264],[-81.17564,28.52099],[-81.17149,28.52297],[-81.16911,28.52275],[-81.16704,28.52052],[-81.16426,28.51876],[-81.1637,28.51633],[-81.16419,28.51469],[-81.165,28.51376],[-81.16476,28.51341],[-81.16323,28.51286],[-81.15596,28.51284],[-81.15681,28.50821],[-81.16019,28.5042],[-81.15874,28.50277],[-81.20946,28.50249],[-81.20942,28.51874],[-81.20537,28.52092],[-81.2037,28.52091],[-81.20368,28.52309],[-81.20031,28.52308],[-81.1994,28.52365],[-81.19894,28.52467]]]}},{"type":"Feature","properties":{"code":"ORA","county":"Orange","precinct":"413"},"geometry":{"type":"Polygon","coordinates":[[[-81.15596,28.51284],[-81.16323,28.51286],[-81.16476,28.51341],[-81.165,28.51376],[-81.16419,28.51469],[-81.1637,28.51633],[-81.16426,28.51876],[-81.16704,28.52052],[-81.16817,28.52209],[-81.16945,28.52288],[-81.17149,28.52297],[-81.17564,28.52099],[-81.1808,28.52264],[-81.18466,28.52073],[-81.18889,28.52038],[-81.1899,28.52238],[-81.18985,28.52505],[-81.15016,28.52509],[-81.15046,28.52272],[-81.15596,28.51284]]]}},{"type":"Feature","properties":{"code":"ORA","county":"Orange","precinct":"414"},"geometry":{"type":"Polygon","coordinates":[[[-81.12768,28.52481],[-81.12894,28.52348],[-81.13033,28.52089],[-81.13189,28.5168],[-81.13403,28.51513],[-81.13614,28.51234],[-81.13694,28.50795],[-81.14135,28.50713],[-81.14928,28.50314],[-81.15065,28.50343],[-81.15175,28.50432],[-81.1551,28.50493],[-81.15667,28.50671],[-81.15798,28.50689],[-81.15672,28.50841],[-81.15596,28.51284],[-81.15516,28.51456],[-81.1534,28.51689],[-81.15033,28.523],[-81.15016,28.52509],[-81.12768,28.52481]]]}},{"type":"Feature","properties":{"code":"ORA","county":"Orange","precinct":"415"},"geometry":{"type":"Polygon","coordinates":[[[-81.1372,28.50805],[-81.13687,28.50687],[-81.13435,28.50376],[-81.13454,28.50226],[-81.13413,28.50117],[-81.1348,28.50028],[-81.13461,28.49948],[-81.13302,28.49894],[-81.13189,28.49698],[-81.12899,28.49509],[-81.12848,28.49364],[-81.12656,28.4911],[-81.12452,28.4898],[-81.12433,28.48733],[-81.12021,28.48404],[-81.11974,28.48162],[-81.11837,28.48066],[-81.11741,28.48061],[-81.11688,28.47961],[-81.11495,28.47842],[-81.11338,28.47584],[-81.11402,28.47382],[-81.11319,28.47217],[-81.11413,28.47172],[-81.11381,28.47119],[-81.11481,28.46918],[-81.11509,28.46634],[-81.11611,28.46344],[-81.115,28.46267],[-81.11478,28.46174],[-81.11328,28.46157],[-81.1094,28.45768],[-81.10915,28.45467],[-81.1082,28.45321],[-81.10832,28.45155],[-81.16095,28.4518],[-81.16093,28.46669],[-81.16185,28.4694],[-81.17042,28.47827],[-81.17144,28.4787],[-81.17149,28.48141],[-81.17657,28.4814],[-81.17602,28.4855],[-81.1779,28.48611],[-81.18648,28.48618],[-81.18837,28.48844],[-81.18706,28.49014],[-81.18712,28.49553],[-81.19469,28.49557],[-81.19538,28.49875],[-81.19384,28.49907],[-81.19253,28.50133],[-81.19289,28.50257],[-81.15902,28.50266],[-81.15905,28.50321],[-81.16019,28.5042],[-81.15798,28.50689],[-81.15667,28.50671],[-81.1551,28.50493],[-81.15175,28.50432],[-81.15065,28.50343],[-81.14928,28.50314],[-81.14135,28.50713],[-81.1372,28.50805]]]}},{"type":"Feature","properties":{"code":"ORA","county":"Orange","precinct":"416"},"geometry":{"type":"Polygon","coordinates":[[[-81.15882,28.45178],[-81.09502,28.45172],[-81.09468,28.34811],[-81.1742,28.34819],[-81.17462,28.35374],[-81.17562,28.35279],[-81.17731,28.35415],[-81.17809,28.35555],[-81.17834,28.35731],[-81.17915,28.35819],[-81.18257,28.3591],[-81.18267,28.36061],[-81.18332,28.36137],[-81.18565,28.36247],[-81.18704,28.36414],[-81.18758,28.36353],[-81.18696,28.36134],[-81.18755,28.35943],[-81.18779,28.35907],[-81.18852,28.35953],[-81.18824,28.36046],[-81.18954,28.36212],[-81.18908,28.36459],[-81.18948,28.36595],[-81.18874,28.36787],[-81.18717,28.36748],[-81.18643,28.36786],[-81.18532,28.37079],[-81.18702,28.37316],[-81.18716,28.37543],[-81.1877,28.37645],[-81.18735,28.3805],[-81.18799,28.38244],[-81.18973,28.38195],[-81.19071,28.38446],[-81.20696,28.3999],[-81.20924,28.40368],[-81.21403,28.4143],[-81.21749,28.41451],[-81.21845,28.41316],[-81.22017,28.41397],[-81.20636,28.42147],[-81.17475,28.42164],[-81.17217,28.42237],[-81.16139,28.43348],[-81.16093,28.43536],[-81.1611,28.4518],[-81.15882,28.45178]]]}},{"type":"Feature","properties":{"code":"ORA","county":"Orange","precinct":"420"},"geometry":{"type":"Polygon","coordinates":[[[-81.30966,28.36841],[-81.30985,28.3634],[-81.29275,28.36307],[-81.29298,28.35411],[-81.28478,28.35453],[-81.28477,28.35273],[-81.29308,28.35234],[-81.29301,28.34808],[-81.34174,28.34799],[-81.34276,28.35118],[-81.34286,28.35511],[-81.34724,28.35544],[-81.34814,28.35611],[-81.34899,28.35772],[-81.34904,28.35987],[-81.34972,28.36106],[-81.34859,28.36295],[-81.34766,28.36891],[-81.32331,28.36698],[-81.31766,28.36749],[-81.3096,28.36939],[-81.30966,28.36841]]]}},{"type":"Feature","properties":{"code":"ORA","county":"Orange","precinct":"422"},"geometry":{"type":"Polygon","coordinates":[[[-81.41976,28.41031],[-81.40476,28.40743],[-81.40469,28.39065],[-81.40691,28.39091],[-81.40848,28.39032],[-81.41285,28.39022],[-81.41482,28.38887],[-81.41727,28.38881],[-81.41736,28.38782],[-81.41903,28.38643],[-81.42255,28.38625],[-81.42491,28.38526],[-81.42493,28.40815],[-81.42419,28.41032],[-81.41976,28.41031]]]}},{"type":"Feature","properties":{"code":"ORA","county":"Orange","precinct":"423"},"geometry":{"type":"Polygon","coordinates":[[[-81.40584,28.39065],[-81.40447,28.39065],[-81.40436,28.3787],[-81.41321,28.37889],[-81.4162,28.37846],[-81.41826,28.37904],[-81.42125,28.38103],[-81.42535,28.38125],[-81.42491,28.38526],[-81.42255,28.38625],[-81.41903,28.38643],[-81.41736,28.38782],[-81.41727,28.38881],[-81.41482,28.38887],[-81.41285,28.39022],[-81.40848,28.39032],[-81.40691,28.39091],[-81.40584,28.39065]]]}},{"type":"Feature","properties":{"code":"ORA","county":"Orange","precinct":"424"},"geometry":{"type":"Polygon","coordinates":[[[-81.40182,28.40745],[-81.40082,28.40674],[-81.39159,28.40668],[-81.39125,28.38296],[-81.38967,28.3683],[-81.39539,28.36931],[-81.40464,28.37282],[-81.40476,28.40743],[-81.40182,28.40745]]]}},{"type":"Feature","properties":{"code":"ORA","county":"Orange","precinct":"425"},"geometry":{"type":"Polygon","coordinates":[[[-81.37558,28.40688],[-81.37406,28.38702],[-81.37162,28.38696],[-81.37206,28.38485],[-81.37147,28.38288],[-81.36974,28.38107],[-81.36514,28.37822],[-81.3648,28.37612],[-81.36719,28.37143],[-81.3671,28.36886],[-81.3731,28.36848],[-81.37473,28.36555],[-81.38551,28.35358],[-81.38912,28.36376],[-81.39082,28.37829],[-81.39125,28.38296],[-81.39159,28.40668],[-81.37759,28.4067],[-81.37622,28.40741],[-81.37572,28.40875],[-81.37558,28.40688]]]}},{"type":"Feature","properties":{"code":"ORA","county":"Orange","precinct":"426"},"geometry":{"type":"Polygon","coordinates":[[[-81.35513,28.40718],[-81.35515,28.40349],[-81.33999,28.40352],[-81.33728,28.40287],[-81.31354,28.38607],[-81.31377,28.38586],[-81.31036,28.38342],[-81.30945,28.38185],[-81.3096,28.36939],[-81.31097,28.36913],[-81.3111,28.37139],[-81.31187,28.37225],[-81.31956,28.37353],[-81.32505,28.37567],[-81.32777,28.37731],[-81.334,28.37568],[-81.34179,28.37615],[-81.34695,28.38111],[-81.35406,28.38442],[-81.35509,28.3859],[-81.35921,28.3872],[-81.35918,28.38523],[-81.36061,28.38473],[-81.36167,28.38316],[-81.3615,28.38262],[-81.3639,28.38099],[-81.36586,28.37881],[-81.37023,28.38145],[-81.37194,28.38395],[-81.37162,28.38696],[-81.37406,28.38702],[-81.37558,28.40688],[-81.35513,28.40718]]]}},{"type":"Feature","properties":{"code":"ORA","county":"Orange","precinct":"427"},"geometry":{"type":"Polygon","coordinates":[[[-81.34088,28.37606],[-81.334,28.37568],[-81.32777,28.37731],[-81.32505,28.37567],[-81.31956,28.37353],[-81.31187,28.37225],[-81.3111,28.37139],[-81.31085,28.36955],[-81.31119,28.36882],[-81.31875,28.36731],[-81.32331,28.36698],[-81.35777,28.36956],[-81.3671,28.36886],[-81.36719,28.37143],[-81.36474,28.37654],[-81.36485,28.37781],[-81.36586,28.37881],[-81.3639,28.38099],[-81.3615,28.38262],[-81.36167,28.38316],[-81.36061,28.38473],[-81.35918,28.38523],[-81.35921,28.3872],[-81.35509,28.3859],[-81.35406,28.38442],[-81.34695,28.38111],[-81.34361,28.37752],[-81.34179,28.37615],[-81.34088,28.37606]]]}},{"type":"Feature","properties":{"code":"ORA","county":"Orange","precinct":"428"},"geometry":{"type":"Polygon","coordinates":[[[-81.36699,28.36854],[-81.3669,28.3655],[-81.36507,28.36199],[-81.3651,28.35782],[-81.36409,28.35642],[-81.36207,28.35501],[-81.36136,28.35373],[-81.36135,28.35235],[-81.36283,28.34794],[-81.38321,28.34789],[-81.38551,28.35358],[-81.37473,28.36555],[-81.3731,28.36848],[-81.3671,28.36886],[-81.36699,28.36854]]]}},{"type":"Feature","properties":{"code":"ORA","county":"Orange","precinct":"429"},"geometry":{"type":"Polygon","coordinates":[[[-81.34766,28.36891],[-81.34859,28.36295],[-81.34972,28.36106],[-81.34904,28.35987],[-81.34894,28.35756],[-81.34724,28.35544],[-81.34286,28.35511],[-81.34276,28.35118],[-81.34174,28.34799],[-81.36283,28.34794],[-81.36135,28.35235],[-81.36136,28.35373],[-81.36207,28.35501],[-81.36409,28.35642],[-81.3651,28.35782],[-81.36507,28.36199],[-81.3669,28.3655],[-81.3671,28.36886],[-81.35919,28.36961],[-81.34766,28.36891]]]}},{"type":"Feature","properties":{"code":"ORA","county":"Orange","precinct":"430"},"geometry":{"type":"Polygon","coordinates":[[[-81.23848,28.35454],[-81.23193,28.34816],[-81.29301,28.34808],[-81.29308,28.35234],[-81.28477,28.35273],[-81.28478,28.35453],[-81.29298,28.35411],[-81.29275,28.36307],[-81.30985,28.3634],[-81.3096,28.36939],[-81.29421,28.37282],[-81.27028,28.38199],[-81.26108,28.38491],[-81.25896,28.38642],[-81.24971,28.39743],[-81.24464,28.40062],[-81.24437,28.36379],[-81.24257,28.359],[-81.23848,28.35454]]]}},{"type":"Feature","properties":{"code":"ORA","county":"Orange","precinct":"431"},"geometry":{"type":"Polygon","coordinates":[[[-81.30221,28.45157],[-81.29612,28.45108],[-81.28149,28.44869],[-81.26445,28.44867],[-81.25763,28.43771],[-81.25646,28.42929],[-81.25498,28.42754],[-81.24428,28.41889],[-81.24312,28.41629],[-81.24307,28.4118],[-81.24464,28.40062],[-81.24971,28.39743],[-81.25896,28.38642],[-81.26046,28.38524],[-81.27028,28.38199],[-81.29421,28.37282],[-81.3096,28.36939],[-81.30931,28.3801],[-81.3097,28.38255],[-81.31377,28.38586],[-81.31354,28.38607],[-81.32168,28.39181],[-81.31865,28.39692],[-81.31027,28.39684],[-81.30954,28.39927],[-81.30774,28.40228],[-81.30741,28.40701],[-81.30496,28.40901],[-81.30417,28.41029],[-81.30416,28.41469],[-81.3064,28.4206],[-81.30669,28.42253],[-81.30631,28.42268],[-81.30649,28.42618],[-81.30526,28.42927],[-81.30507,28.43249],[-81.30789,28.43841],[-81.30658,28.44683],[-81.30697,28.44894],[-81.30826,28.45155],[-81.30221,28.45157]]]}},{"type":"Feature","properties":{"code":"ORA","county":"Orange","precinct":"432"},"geometry":{"type":"Polygon","coordinates":[[[-81.23059,28.45151],[-81.23038,28.44346],[-81.22738,28.41971],[-81.22792,28.41463],[-81.24303,28.41474],[-81.24338,28.41727],[-81.24461,28.41926],[-81.25612,28.42872],[-81.25695,28.43069],[-81.25763,28.43771],[-81.26445,28.44867],[-81.25715,28.44889],[-81.24749,28.45129],[-81.23059,28.45151]]]}},{"type":"Feature","properties":{"code":"ORA","county":"Orange","precinct":"433"},"geometry":{"type":"Polygon","coordinates":[[[-81.38324,28.34797],[-81.40416,28.34789],[-81.40456,28.35172],[-81.40464,28.37282],[-81.39539,28.36931],[-81.38967,28.3683],[-81.38839,28.36089],[-81.38324,28.34797]]]}},{"type":"Feature","properties":{"code":"ORA","county":"Orange","precinct":"434"},"geometry":{"type":"Polygon","coordinates":[[[-80.97893,28.45249],[-80.95776,28.42488],[-80.94519,28.39693],[-80.94207,28.39273],[-80.9374,28.38951],[-80.89852,28.37192],[-80.89349,28.37082],[-80.87279,28.36962],[-80.87239,28.36766],[-80.87382,28.36411],[-80.87358,28.36059],[-80.86865,28.35248],[-80.86671,28.35032],[-80.86291,28.34749],[-80.94907,28.34769],[-80.99979,28.34859],[-81.02319,28.34769],[-81.09468,28.34811],[-81.09502,28.45172],[-81.03023,28.45248],[-80.97893,28.45249]]]}},{"type":"Feature","properties":{"code":"ORA","county":"Orange","precinct":"435"},"geometry":{"type":"Polygon","coordinates":[[[-81.19474,28.54687],[-81.1947,28.5437],[-81.19543,28.54368],[-81.19713,28.54411],[-81.2004,28.54654],[-81.20381,28.54679],[-81.20404,28.55075],[-81.20696,28.55605],[-81.20766,28.56691],[-81.19487,28.5655],[-81.19474,28.54687]]]}},{"type":"Feature","properties":{"code":"ORA","county":"Orange","precinct":"436"},"geometry":{"type":"Polygon","coordinates":[[[-81.17251,28.56547],[-81.16569,28.56545],[-81.1655,28.56252],[-81.16614,28.55891],[-81.16496,28.55441],[-81.16541,28.55094],[-81.16486,28.54967],[-81.16315,28.54829],[-81.16428,28.54778],[-81.16632,28.54845],[-81.16749,28.54833],[-81.17069,28.54554],[-81.1723,28.5456],[-81.17813,28.54752],[-81.17818,28.56541],[-81.17251,28.56547]]]}},{"type":"Feature","properties":{"code":"ORA","county":"Orange","precinct":"437"},"geometry":{"type":"Polygon","coordinates":[[[-81.16435,28.54779],[-81.16315,28.54829],[-81.16037,28.54659],[-81.15758,28.54404],[-81.15341,28.54224],[-81.15143,28.54016],[-81.15055,28.5378],[-81.15004,28.53204],[-81.14981,28.52776],[-81.15016,28.52509],[-81.16131,28.52506],[-81.16135,28.5397],[-81.16552,28.53969],[-81.16551,28.53605],[-81.16967,28.53605],[-81.16973,28.54339],[-81.17077,28.54339],[-81.17075,28.54554],[-81.1673,28.5484],[-81.16435,28.54779]]]}},{"type":"Feature","properties":{"code":"ORA","county":"Orange","precinct":"438"},"geometry":{"type":"Polygon","coordinates":[[[-81.2095,28.51052],[-81.20946,28.50249],[-81.19289,28.50257],[-81.19253,28.50133],[-81.19384,28.49907],[-81.19538,28.49875],[-81.19469,28.49557],[-81.18712,28.49553],[-81.18706,28.49014],[-81.18837,28.48844],[-81.18648,28.48618],[-81.17765,28.48606],[-81.17602,28.4855],[-81.17657,28.4814],[-81.17149,28.48141],[-81.17144,28.4787],[-81.17042,28.47827],[-81.16224,28.46987],[-81.16122,28.46823],[-81.16095,28.4518],[-81.23059,28.45151],[-81.2307,28.45521],[-81.23143,28.45829],[-81.23805,28.47148],[-81.24325,28.49208],[-81.24383,28.50027],[-81.24806,28.51009],[-81.21458,28.51042],[-81.2126,28.51124],[-81.21106,28.51279],[-81.21035,28.51515],[-81.21091,28.51821],[-81.20942,28.51874],[-81.2095,28.51052]]]}},{"type":"Feature","properties":{"code":"ORA","county":"Orange","precinct":"501"},"geometry":{"type":"Polygon","coordinates":[[[-81.36841,28.5385],[-81.37584,28.53844],[-81.37595,28.54627],[-81.37677,28.54767],[-81.37687,28.55313],[-81.3686,28.55319],[-81.36841,28.5385]]]}},{"type":"Feature","properties":{"code":"ORA","county":"Orange","precinct":"502"},"geometry":{"type":"Polygon","coordinates":[[[-81.34472,28.55323],[-81.34553,28.54782],[-81.34369,28.54512],[-81.34359,28.53874],[-81.36841,28.5385],[-81.3686,28.55319],[-81.34472,28.55323]]]}},{"type":"Feature","properties":{"code":"ORA","county":"Orange","precinct":"503"},"geometry":{"type":"Polygon","coordinates":[[[-81.35204,28.55323],[-81.36445,28.55316],[-81.36446,28.56404],[-81.35377,28.56415],[-81.35287,28.56514],[-81.35173,28.56521],[-81.35204,28.55323]]]}},{"type":"Feature","properties":{"code":"ORA","county":"Orange","precinct":"504"},"geometry":{"type":"Polygon","coordinates":[[[-81.36138,28.58219],[-81.35772,28.58224],[-81.35731,28.58121],[-81.35663,28.5816],[-81.35618,28.58099],[-81.35934,28.57908],[-81.35997,28.57776],[-81.35905,28.57624],[-81.35652,28.57608],[-81.3563,28.57484],[-81.3567,28.57381],[-81.35091,28.57279],[-81.35003,28.57328],[-81.34822,28.57263],[-81.34817,28.5692],[-81.3461,28.56922],[-81.34608,28.56785],[-81.35177,28.56779],[-81.35173,28.56521],[-81.35287,28.56514],[-81.35377,28.56415],[-81.36446,28.56404],[-81.36438,28.58026],[-81.36484,28.58226],[-81.36138,28.58219]]]}},{"type":"Feature","properties":{"code":"ORA","county":"Orange","precinct":"505"},"geometry":{"type":"Polygon","coordinates":[[[-81.36972,28.58196],[-81.36484,28.58226],[-81.36443,28.58068],[-81.36445,28.55316],[-81.37687,28.55313],[-81.37697,28.55992],[-81.37615,28.56001],[-81.37337,28.56181],[-81.37276,28.56526],[-81.37521,28.56598],[-81.37455,28.56769],[-81.37586,28.56768],[-81.37523,28.58225],[-81.37009,28.58233],[-81.36972,28.58196]]]}},{"type":"Feature","properties":{"code":"ORA","county":"Orange","precinct":"506"},"geometry":{"type":"Polygon","coordinates":[[[-81.20764,28.59777],[-81.20774,28.59537],[-81.20912,28.59175],[-81.20768,28.58597],[-81.20783,28.58318],[-81.22433,28.5832],[-81.22441,28.59761],[-81.20764,28.59777]]]}},{"type":"Feature","properties":{"code":"ORA","county":"Orange","precinct":"507"},"geometry":{"type":"Polygon","coordinates":[[[-81.37705,28.57136],[-81.37584,28.57122],[-81.3761,28.56626],[-81.3806,28.5592],[-81.38246,28.55314],[-81.39566,28.55295],[-81.39582,28.55737],[-81.39959,28.56371],[-81.38934,28.56386],[-81.3894,28.56798],[-81.38569,28.56817],[-81.38574,28.57124],[-81.37705,28.57136]]]}},{"type":"Feature","properties":{"code":"ORA","county":"Orange","precinct":"508"},"geometry":{"type":"Polygon","coordinates":[[[-81.37584,28.57137],[-81.38574,28.57124],[-81.38569,28.56817],[-81.3894,28.56798],[-81.38934,28.56386],[-81.39347,28.56383],[-81.39358,28.57201],[-81.38946,28.57206],[-81.38965,28.58202],[-81.37523,28.58225],[-81.37584,28.57137]]]}},{"type":"Feature","properties":{"code":"ORA","county":"Orange","precinct":"509"},"geometry":{"type":"Polygon","coordinates":[[[-81.38965,28.58202],[-81.38946,28.57206],[-81.39358,28.57201],[-81.39347,28.56383],[-81.39959,28.56371],[-81.4026,28.56738],[-81.4061,28.57315],[-81.40685,28.57527],[-81.40695,28.5782],[-81.40191,28.57827],[-81.40158,28.58054],[-81.39672,28.5828],[-81.39175,28.58394],[-81.38965,28.58202]]]}},{"type":"Feature","properties":{"code":"ORA","county":"Orange","precinct":"510"},"geometry":{"type":"Polygon","coordinates":[[[-81.38656,28.60605],[-81.38629,28.59812],[-81.3851,28.59551],[-81.38572,28.59585],[-81.38597,28.59481],[-81.38522,28.59352],[-81.38567,28.59344],[-81.38566,28.59293],[-81.38461,28.59295],[-81.38461,28.59259],[-81.38359,28.59232],[-81.38177,28.59268],[-81.37685,28.5885],[-81.37533,28.58568],[-81.37523,28.58225],[-81.38965,28.58202],[-81.39355,28.58568],[-81.39395,28.58952],[-81.39556,28.59419],[-81.40042,28.59791],[-81.40338,28.60117],[-81.40719,28.60371],[-81.40518,28.60525],[-81.4037,28.60577],[-81.39516,28.60596],[-81.39121,28.60843],[-81.38936,28.60813],[-81.38656,28.60605]]]}},{"type":"Feature","properties":{"code":"ORA","county":"Orange","precinct":"511"},"geometry":{"type":"Polygon","coordinates":[[[-81.37613,28.61175],[-81.37467,28.61173],[-81.3747,28.61006],[-81.3754,28.61005],[-81.37502,28.60772],[-81.37279,28.60775],[-81.37282,28.60736],[-81.37454,28.60734],[-81.3745,28.60598],[-81.37194,28.606],[-81.37183,28.60481],[-81.37251,28.60468],[-81.37086,28.60317],[-81.37176,28.60275],[-81.37056,28.60134],[-81.36766,28.60002],[-81.3665,28.59841],[-81.36662,28.59661],[-81.36736,28.59552],[-81.36936,28.59524],[-81.3694,28.59312],[-81.36094,28.59308],[-81.36067,28.58219],[-81.36839,28.58232],[-81.36963,28.58188],[-81.37009,28.58233],[-81.37523,28.58225],[-81.37533,28.58568],[-81.37685,28.5885],[-81.38177,28.59268],[-81.38359,28.59232],[-81.38461,28.59259],[-81.38461,28.59295],[-81.38566,28.59293],[-81.38567,28.59344],[-81.38522,28.59352],[-81.38597,28.59481],[-81.38572,28.59585],[-81.3851,28.59551],[-81.38629,28.59812],[-81.38656,28.60605],[-81.38504,28.60655],[-81.38501,28.6071],[-81.38626,28.60708],[-81.38649,28.61012],[-81.38479,28.61003],[-81.38498,28.60761],[-81.38276,28.60763],[-81.38276,28.60801],[-81.38214,28.60802],[-81.38173,28.6092],[-81.3821,28.61159],[-81.37613,28.61175]]]}},{"type":"Feature","properties":{"code":"ORA","county":"Orange","precinct":"512"},"geometry":{"type":"Polygon","coordinates":[[[-81.36449,28.61095],[-81.36288,28.60879],[-81.35295,28.60104],[-81.35197,28.59982],[-81.35187,28.59594],[-81.35518,28.59316],[-81.3694,28.59312],[-81.36936,28.59524],[-81.36736,28.59552],[-81.36662,28.59661],[-81.3665,28.59841],[-81.36766,28.60002],[-81.37056,28.60134],[-81.37176,28.60275],[-81.37086,28.60317],[-81.37251,28.60468],[-81.37183,28.60481],[-81.37194,28.606],[-81.3745,28.60598],[-81.37454,28.60734],[-81.37282,28.60736],[-81.37279,28.60775],[-81.37502,28.60772],[-81.3754,28.61005],[-81.3747,28.61006],[-81.37467,28.61173],[-81.36895,28.61179],[-81.36895,28.61144],[-81.36706,28.61147],[-81.36707,28.61058],[-81.3652,28.61058],[-81.36509,28.61187],[-81.36449,28.61095]]]}},{"type":"Feature","properties":{"code":"ORA","county":"Orange","precinct":"513"},"geometry":{"type":"Polygon","coordinates":[[[-81.36524,28.64041],[-81.3642,28.63882],[-81.36565,28.63663],[-81.36563,28.63306],[-81.36959,28.63296],[-81.37292,28.63172],[-81.37139,28.62973],[-81.36966,28.63044],[-81.36861,28.6296],[-81.36795,28.62746],[-81.36886,28.62576],[-81.37606,28.62455],[-81.37544,28.62243],[-81.37568,28.62095],[-81.3865,28.621],[-81.38669,28.62748],[-81.38763,28.63134],[-81.38738,28.63561],[-81.38777,28.64024],[-81.36524,28.64041]]]}},{"type":"Feature","properties":{"code":"ORA","county":"Orange","precinct":"514"},"geometry":{"type":"Polygon","coordinates":[[[-81.36164,28.63971],[-81.36164,28.63933],[-81.35725,28.63935],[-81.36314,28.63177],[-81.3636,28.62752],[-81.3562,28.62731],[-81.35554,28.62507],[-81.3546,28.62493],[-81.35433,28.62263],[-81.35544,28.61743],[-81.35772,28.61749],[-81.35764,28.61712],[-81.35873,28.61702],[-81.35874,28.61747],[-81.36141,28.61751],[-81.36128,28.61192],[-81.36525,28.61182],[-81.3652,28.61058],[-81.36707,28.61058],[-81.36706,28.61147],[-81.36895,28.61144],[-81.36895,28.61179],[-81.37536,28.61171],[-81.37571,28.61458],[-81.37544,28.62243],[-81.37609,28.62452],[-81.36918,28.62559],[-81.36795,28.62746],[-81.36915,28.63024],[-81.37036,28.63037],[-81.37139,28.62973],[-81.37292,28.63172],[-81.36959,28.63296],[-81.36563,28.63306],[-81.36565,28.63663],[-81.3642,28.63882],[-81.36524,28.64041],[-81.36166,28.64042],[-81.36164,28.63971]]]}},{"type":"Feature","properties":{"code":"ORA","county":"Orange","precinct":"515"},"geometry":{"type":"Polygon","coordinates":[[[-81.32848,28.63963],[-81.32834,28.63234],[-81.33706,28.63234],[-81.33739,28.63099],[-81.33868,28.63026],[-81.33945,28.62917],[-81.34123,28.62917],[-81.34118,28.62757],[-81.34053,28.62759],[-81.34051,28.62677],[-81.33997,28.62676],[-81.34,28.62565],[-81.34228,28.62557],[-81.34226,28.62494],[-81.34583,28.62496],[-81.34576,28.62273],[-81.34545,28.62267],[-81.34578,28.62191],[-81.34503,28.62161],[-81.34622,28.61931],[-81.3501,28.61928],[-81.3502,28.61751],[-81.35544,28.61743],[-81.35433,28.62263],[-81.3546,28.62493],[-81.35554,28.62507],[-81.3562,28.62731],[-81.3636,28.62752],[-81.36314,28.63177],[-81.35725,28.63935],[-81.32848,28.63963]]]}},{"type":"Feature","properties":{"code":"ORA","county":"Orange","precinct":"516"},"geometry":{"type":"Polygon","coordinates":[[[-81.33653,28.63235],[-81.32834,28.63234],[-81.32801,28.61767],[-81.33612,28.61767],[-81.33611,28.61681],[-81.33704,28.6168],[-81.33704,28.61775],[-81.33916,28.61776],[-81.33945,28.62128],[-81.34037,28.6213],[-81.34072,28.61959],[-81.34208,28.61934],[-81.34425,28.62001],[-81.34536,28.6212],[-81.34503,28.62161],[-81.34578,28.62191],[-81.34545,28.62267],[-81.34576,28.62273],[-81.34583,28.62496],[-81.34226,28.62494],[-81.34228,28.62557],[-81.34,28.62565],[-81.33997,28.62676],[-81.34051,28.62677],[-81.34053,28.62759],[-81.34118,28.62757],[-81.34123,28.62917],[-81.33945,28.62917],[-81.33868,28.63026],[-81.33739,28.63099],[-81.33706,28.63234],[-81.33653,28.63235]]]}},{"type":"Feature","properties":{"code":"ORA","county":"Orange","precinct":"517"},"geometry":{"type":"Polygon","coordinates":[[[-81.34014,28.62131],[-81.33928,28.621],[-81.33916,28.61776],[-81.33704,28.61775],[-81.33704,28.6168],[-81.33611,28.61681],[-81.33612,28.61767],[-81.32801,28.61767],[-81.32789,28.61051],[-81.31448,28.61068],[-81.31486,28.60645],[-81.31831,28.60316],[-81.31755,28.60211],[-81.32435,28.60057],[-81.33577,28.60034],[-81.33621,28.60511],[-81.33825,28.60506],[-81.33912,28.60688],[-81.3415,28.60774],[-81.34248,28.60716],[-81.34585,28.60974],[-81.35258,28.61747],[-81.3502,28.61751],[-81.3501,28.61928],[-81.34622,28.61931],[-81.34536,28.6212],[-81.34377,28.61969],[-81.34078,28.61956],[-81.34014,28.62131]]]}},{"type":"Feature","properties":{"code":"ORA","county":"Orange","precinct":"518"},"geometry":{"type":"Polygon","coordinates":[[[-81.35901,28.61748],[-81.35873,28.61702],[-81.35764,28.61712],[-81.35772,28.61749],[-81.35258,28.61747],[-81.34585,28.60974],[-81.34255,28.6073],[-81.34377,28.60593],[-81.34443,28.60409],[-81.35695,28.60415],[-81.36288,28.60879],[-81.36509,28.61187],[-81.36128,28.61192],[-81.36141,28.61751],[-81.35901,28.61748]]]}},{"type":"Feature","properties":{"code":"ORA","county":"Orange","precinct":"519"},"geometry":{"type":"Polygon","coordinates":[[[-81.34582,28.60422],[-81.34443,28.60409],[-81.34384,28.60259],[-81.34237,28.5964],[-81.3424,28.59462],[-81.34369,28.59445],[-81.34565,28.59331],[-81.34606,28.59244],[-81.34554,28.59187],[-81.34842,28.58992],[-81.35136,28.59079],[-81.35179,28.59039],[-81.35272,28.58868],[-81.3517,28.58596],[-81.35115,28.58596],[-81.35205,28.58473],[-81.35712,28.58642],[-81.3577,28.58618],[-81.35658,28.58144],[-81.35731,28.58121],[-81.35772,28.58224],[-81.36067,28.58219],[-81.36094,28.59308],[-81.35518,28.59316],[-81.35244,28.59518],[-81.35167,28.59663],[-81.3517,28.59895],[-81.35223,28.60026],[-81.35695,28.60415],[-81.34582,28.60422]]]}},{"type":"Feature","properties":{"code":"ORA","county":"Orange","precinct":"520"},"geometry":{"type":"Polygon","coordinates":[[[-81.33825,28.60506],[-81.33621,28.60511],[-81.33577,28.60034],[-81.32409,28.60061],[-81.30752,28.60449],[-81.3074,28.60019],[-81.32397,28.59364],[-81.32453,28.59569],[-81.32566,28.59683],[-81.32655,28.59621],[-81.33686,28.59609],[-81.33757,28.59729],[-81.33877,28.59767],[-81.34234,28.59567],[-81.34436,28.60466],[-81.34334,28.60664],[-81.34172,28.60775],[-81.33912,28.60688],[-81.33825,28.60506]]]}},{"type":"Feature","properties":{"code":"ORA","county":"Orange","precinct":"521"},"geometry":{"type":"Polygon","coordinates":[[[-81.30729,28.59443],[-81.30716,28.58989],[-81.31951,28.58984],[-81.31947,28.58676],[-81.32781,28.58665],[-81.32786,28.59301],[-81.33092,28.59307],[-81.33157,28.59202],[-81.33351,28.592],[-81.33355,28.59094],[-81.33437,28.58954],[-81.33402,28.5891],[-81.3353,28.58872],[-81.33883,28.58898],[-81.34005,28.59089],[-81.3405,28.59318],[-81.3424,28.59462],[-81.34234,28.59567],[-81.33848,28.59768],[-81.33757,28.59729],[-81.33686,28.59609],[-81.32655,28.59621],[-81.32566,28.59683],[-81.32453,28.59569],[-81.32397,28.59364],[-81.3074,28.60019],[-81.30729,28.59443]]]}},{"type":"Feature","properties":{"code":"ORA","county":"Orange","precinct":"522"},"geometry":{"type":"Polygon","coordinates":[[[-81.34005,28.59089],[-81.33883,28.58898],[-81.3353,28.58872],[-81.33402,28.5891],[-81.33437,28.58954],[-81.33355,28.59094],[-81.33351,28.592],[-81.33157,28.59202],[-81.33092,28.59307],[-81.32786,28.59301],[-81.32772,28.57986],[-81.32726,28.57887],[-81.32465,28.57894],[-81.32461,28.57532],[-81.32768,28.57529],[-81.32763,28.57485],[-81.33189,28.57496],[-81.33324,28.57611],[-81.33305,28.57654],[-81.3318,28.57591],[-81.33191,28.57698],[-81.333,28.57714],[-81.33303,28.57887],[-81.34837,28.57865],[-81.34926,28.57907],[-81.35002,28.57812],[-81.35133,28.57781],[-81.35303,28.58105],[-81.3564,28.5811],[-81.3578,28.58605],[-81.35712,28.58642],[-81.35261,28.5847],[-81.35179,28.5849],[-81.35115,28.58596],[-81.3517,28.58596],[-81.35271,28.58879],[-81.35136,28.59079],[-81.34842,28.58992],[-81.34554,28.59187],[-81.34606,28.59244],[-81.34565,28.59331],[-81.34369,28.59445],[-81.34245,28.59465],[-81.3405,28.59318],[-81.34005,28.59089]]]}},{"type":"Feature","properties":{"code":"ORA","county":"Orange","precinct":"523"},"geometry":{"type":"Polygon","coordinates":[[[-81.35433,28.58113],[-81.3529,28.58094],[-81.35133,28.57781],[-81.35002,28.57812],[-81.34926,28.57907],[-81.34837,28.57865],[-81.33993,28.5788],[-81.33978,28.56788],[-81.34608,28.56785],[-81.3461,28.56922],[-81.34817,28.5692],[-81.34822,28.57263],[-81.35003,28.57328],[-81.35091,28.57279],[-81.3567,28.57381],[-81.3563,28.57484],[-81.35652,28.57608],[-81.3579,28.57587],[-81.35918,28.57631],[-81.35994,28.57791],[-81.35934,28.57908],[-81.3561,28.58104],[-81.35433,28.58113]]]}},{"type":"Feature","properties":{"code":"ORA","county":"Orange","precinct":"524"},"geometry":{"type":"Polygon","coordinates":[[[-81.33374,28.56792],[-81.33347,28.55705],[-81.3252,28.55742],[-81.32518,28.55968],[-81.32236,28.56002],[-81.32003,28.56101],[-81.31975,28.56203],[-81.32026,28.56443],[-81.31605,28.56447],[-81.31602,28.56105],[-81.31779,28.55981],[-81.32086,28.55375],[-81.35204,28.55323],[-81.35177,28.56779],[-81.33374,28.56792]]]}},{"type":"Feature","properties":{"code":"ORA","county":"Orange","precinct":"525"},"geometry":{"type":"Polygon","coordinates":[[[-81.3152,28.57514],[-81.31505,28.56559],[-81.31599,28.56558],[-81.31598,28.56449],[-81.32026,28.56443],[-81.31975,28.56203],[-81.32003,28.56101],[-81.32236,28.56002],[-81.32518,28.55968],[-81.3252,28.55742],[-81.33347,28.55705],[-81.33374,28.56792],[-81.33978,28.56788],[-81.33993,28.5788],[-81.33303,28.57887],[-81.333,28.57714],[-81.33191,28.57698],[-81.3318,28.57591],[-81.33305,28.57654],[-81.33324,28.57611],[-81.33189,28.57496],[-81.32763,28.57485],[-81.32768,28.57529],[-81.32461,28.57532],[-81.32465,28.58179],[-81.31527,28.58184],[-81.3152,28.57514]]]}},{"type":"Feature","properties":{"code":"ORA","county":"Orange","precinct":"526"},"geometry":{"type":"Polygon","coordinates":[[[-81.28631,28.57733],[-81.28621,28.56838],[-81.2923,28.56752],[-81.29768,28.5658],[-81.30266,28.56312],[-81.31261,28.55618],[-81.31608,28.55485],[-81.32086,28.55375],[-81.31779,28.55981],[-81.31602,28.56105],[-81.31599,28.56558],[-81.31505,28.56559],[-81.3152,28.57514],[-81.31011,28.57553],[-81.28983,28.57555],[-81.28986,28.57929],[-81.28882,28.58017],[-81.2888,28.58148],[-81.28635,28.58151],[-81.28631,28.57733]]]}},{"type":"Feature","properties":{"code":"ORA","county":"Orange","precinct":"527"},"geometry":{"type":"Polygon","coordinates":[[[-81.30716,28.58989],[-81.30725,28.58262],[-81.31107,28.57522],[-81.3152,28.57514],[-81.31527,28.58184],[-81.32465,28.58179],[-81.32465,28.57894],[-81.32726,28.57887],[-81.32752,28.57934],[-81.32781,28.58665],[-81.31947,28.58676],[-81.31951,28.58984],[-81.30716,28.58989]]]}},{"type":"Feature","properties":{"code":"ORA","county":"Orange","precinct":"528"},"geometry":{"type":"Polygon","coordinates":[[[-81.2867,28.59744],[-81.28635,28.58151],[-81.2888,28.58148],[-81.28882,28.58017],[-81.28986,28.57929],[-81.28983,28.57555],[-81.31077,28.57549],[-81.3071,28.58333],[-81.30737,28.59718],[-81.2867,28.59744]]]}},{"type":"Feature","properties":{"code":"ORA","county":"Orange","precinct":"529"},"geometry":{"type":"Polygon","coordinates":[[[-81.27644,28.60652],[-81.27429,28.60489],[-81.27429,28.60415],[-81.27656,28.60569],[-81.27841,28.60576],[-81.27848,28.6046],[-81.27694,28.60497],[-81.27584,28.6046],[-81.27501,28.60283],[-81.27538,28.60128],[-81.27629,28.60073],[-81.2762,28.59874],[-81.27801,28.59783],[-81.28027,28.59747],[-81.30737,28.59718],[-81.3074,28.60019],[-81.28865,28.60741],[-81.28231,28.61113],[-81.27851,28.6112],[-81.27853,28.60903],[-81.27644,28.60652]]]}},{"type":"Feature","properties":{"code":"ORA","county":"Orange","precinct":"530"},"geometry":{"type":"Polygon","coordinates":[[[-81.28231,28.61113],[-81.28865,28.60741],[-81.3074,28.60019],[-81.30752,28.60449],[-81.31755,28.60211],[-81.31831,28.60316],[-81.31486,28.60645],[-81.31448,28.61068],[-81.28231,28.61113]]]}},{"type":"Feature","properties":{"code":"ORA","county":"Orange","precinct":"531"},"geometry":{"type":"Polygon","coordinates":[[[-81.2447,28.61154],[-81.24466,28.60969],[-81.24321,28.60717],[-81.24287,28.6042],[-81.2447,28.60091],[-81.24468,28.59748],[-81.26267,28.59745],[-81.27197,28.60014],[-81.27401,28.59985],[-81.2762,28.59874],[-81.27629,28.60073],[-81.27507,28.60191],[-81.27512,28.60345],[-81.27598,28.60467],[-81.27694,28.60497],[-81.27848,28.6046],[-81.27841,28.60576],[-81.27656,28.60569],[-81.27429,28.60415],[-81.27429,28.60489],[-81.27691,28.6069],[-81.27853,28.60903],[-81.27851,28.6112],[-81.2447,28.61154]]]}},{"type":"Feature","properties":{"code":"ORA","county":"Orange","precinct":"532"},"geometry":{"type":"Polygon","coordinates":[[[-81.27168,28.60012],[-81.27162,28.59651],[-81.27301,28.59654],[-81.27411,28.59594],[-81.27408,28.59385],[-81.27466,28.59385],[-81.27467,28.59342],[-81.27346,28.59335],[-81.27242,28.59238],[-81.2721,28.58914],[-81.27351,28.58891],[-81.27349,28.58734],[-81.27296,28.58629],[-81.27303,28.58502],[-81.27122,28.58481],[-81.27115,28.58329],[-81.28639,28.58295],[-81.2867,28.59744],[-81.27905,28.59754],[-81.27431,28.59975],[-81.27168,28.60012]]]}},{"type":"Feature","properties":{"code":"ORA","county":"Orange","precinct":"533"},"geometry":{"type":"Polygon","coordinates":[[[-81.24513,28.59034],[-81.226,28.59029],[-81.22619,28.58937],[-81.2276,28.58776],[-81.22708,28.58526],[-81.22772,28.58435],[-81.2284,28.58432],[-81.22855,28.58355],[-81.22953,28.58462],[-81.22954,28.58341],[-81.23078,28.58307],[-81.23123,28.58238],[-81.23991,28.57929],[-81.24562,28.57913],[-81.25,28.57628],[-81.25107,28.5747],[-81.25196,28.57174],[-81.25429,28.5718],[-81.25515,28.57348],[-81.25554,28.57974],[-81.25713,28.58168],[-81.25905,28.58296],[-81.25099,28.59286],[-81.25011,28.59469],[-81.24975,28.59735],[-81.24468,28.59748],[-81.24513,28.59034]]]}},{"type":"Feature","properties":{"code":"ORA","county":"Orange","precinct":"534"},"geometry":{"type":"Polygon","coordinates":[[[-81.22435,28.58546],[-81.22405,28.56882],[-81.23741,28.56995],[-81.25151,28.56843],[-81.25196,28.57174],[-81.25107,28.5747],[-81.25,28.57628],[-81.24672,28.57856],[-81.24562,28.57913],[-81.23991,28.57929],[-81.23268,28.58177],[-81.23123,28.58238],[-81.23078,28.58307],[-81.22969,28.58324],[-81.22953,28.58462],[-81.22896,28.58367],[-81.22844,28.58361],[-81.2284,28.58432],[-81.22772,28.58435],[-81.22708,28.58526],[-81.2276,28.58776],[-81.22619,28.58937],[-81.226,28.59029],[-81.22437,28.59036],[-81.22435,28.58546]]]}},{"type":"Feature","properties":{"code":"ORA","county":"Orange","precinct":"535"},"geometry":{"type":"Polygon","coordinates":[[[-81.22619,28.61182],[-81.22409,28.61179],[-81.22437,28.59036],[-81.24514,28.5901],[-81.24477,28.60058],[-81.24287,28.60409],[-81.24311,28.60681],[-81.24461,28.60955],[-81.2447,28.61154],[-81.22619,28.61182]]]}},{"type":"Feature","properties":{"code":"ORA","county":"Orange","precinct":"536"},"geometry":{"type":"MultiPolygon","coordinates":[[[[-81.20869,28.59774],[-81.22441,28.59761],[-81.22409,28.61179],[-81.20771,28.61188],[-81.20786,28.59775],[-81.20869,28.59774]]],[[[-81.17841,28.59088],[-81.18669,28.59086],[-81.18692,28.61197],[-81.17453,28.61204],[-81.17442,28.60551],[-81.17023,28.5994],[-81.17004,28.5918],[-81.17213,28.59091],[-81.17841,28.59088]]]]}},{"type":"Feature","properties":{"code":"ORA","county":"Orange","precinct":"537"},"geometry":{"type":"Polygon","coordinates":[[[-81.21369,28.58325],[-81.20783,28.58318],[-81.20766,28.56691],[-81.22405,28.56882],[-81.22433,28.5832],[-81.21369,28.58325]]]}},{"type":"Feature","properties":{"code":"ORA","county":"Orange","precinct":"538"},"geometry":{"type":"Polygon","coordinates":[[[-81.19074,28.61202],[-81.18692,28.61197],[-81.18669,28.59086],[-81.20472,28.59057],[-81.20631,28.5933],[-81.20832,28.59351],[-81.20766,28.59603],[-81.20771,28.61188],[-81.19074,28.61202]]]}},{"type":"Feature","properties":{"code":"ORA","county":"Orange","precinct":"539"},"geometry":{"type":"Polygon","coordinates":[[[-81.20703,28.59318],[-81.20631,28.5933],[-81.20472,28.59057],[-81.17841,28.59088],[-81.17839,28.58001],[-81.17983,28.57653],[-81.1823,28.5725],[-81.18235,28.56543],[-81.19386,28.56541],[-81.20766,28.56691],[-81.20764,28.58546],[-81.20912,28.59175],[-81.20851,28.59356],[-81.20703,28.59318]]]}},{"type":"Feature","properties":{"code":"ORA","county":"Orange","precinct":"540"},"geometry":{"type":"Polygon","coordinates":[[[-81.16789,28.58254],[-81.16682,28.58122],[-81.16273,28.57824],[-81.16245,28.57703],[-81.16122,28.57634],[-81.16185,28.57551],[-81.16115,28.57535],[-81.1608,28.57444],[-81.15936,28.57379],[-81.15903,28.57307],[-81.15838,28.5731],[-81.15829,28.57164],[-81.15696,28.57025],[-81.1573,28.56961],[-81.15517,28.56845],[-81.1549,28.56764],[-81.15551,28.56703],[-81.15421,28.56549],[-81.18235,28.56543],[-81.1823,28.5725],[-81.17983,28.57653],[-81.17839,28.58001],[-81.17841,28.59088],[-81.17213,28.59091],[-81.17004,28.5918],[-81.16996,28.59058],[-81.16771,28.5895],[-81.17015,28.58701],[-81.16789,28.58254]]]}},{"type":"Feature","properties":{"code":"ORA","county":"Orange","precinct":"541"},"geometry":{"type":"Polygon","coordinates":[[[-81.15782,28.61221],[-81.15678,28.61134],[-81.15726,28.60987],[-81.1569,28.60943],[-81.15721,28.60855],[-81.15675,28.60823],[-81.15783,28.60798],[-81.15804,28.60648],[-81.15968,28.60628],[-81.15998,28.60549],[-81.15929,28.60517],[-81.15972,28.60338],[-81.15784,28.59916],[-81.15951,28.59628],[-81.15931,28.595],[-81.16057,28.59349],[-81.16142,28.59337],[-81.16171,28.59131],[-81.16319,28.58966],[-81.16452,28.58968],[-81.16453,28.59034],[-81.16672,28.59061],[-81.16771,28.5895],[-81.16996,28.59058],[-81.17023,28.5994],[-81.17442,28.60551],[-81.17453,28.61204],[-81.15782,28.61221]]]}},{"type":"Feature","properties":{"code":"ORA","county":"Orange","precinct":"542"},"geometry":{"type":"Polygon","coordinates":[[[-81.1289,28.6122],[-81.12088,28.59113],[-81.11514,28.59119],[-81.11421,28.59064],[-81.11213,28.59122],[-81.11186,28.56193],[-81.11809,28.56192],[-81.12009,28.56091],[-81.12051,28.56125],[-81.11993,28.56191],[-81.12923,28.56186],[-81.12964,28.56063],[-81.14032,28.56389],[-81.14421,28.56218],[-81.14665,28.56222],[-81.14922,28.56139],[-81.15005,28.56171],[-81.15192,28.56296],[-81.15531,28.56662],[-81.1555,28.56712],[-81.1549,28.56764],[-81.15517,28.56845],[-81.1573,28.56961],[-81.15696,28.57025],[-81.15829,28.57164],[-81.15838,28.5731],[-81.15903,28.57307],[-81.15936,28.57379],[-81.1608,28.57444],[-81.16115,28.57535],[-81.16185,28.57551],[-81.16122,28.57634],[-81.16245,28.57703],[-81.16273,28.57824],[-81.16718,28.58159],[-81.16705,28.58198],[-81.16918,28.58448],[-81.17014,28.58708],[-81.16936,28.58745],[-81.16682,28.5906],[-81.1657,28.5902],[-81.16495,28.59046],[-81.16453,28.59034],[-81.16452,28.58968],[-81.16319,28.58966],[-81.16171,28.59131],[-81.16142,28.59337],[-81.16057,28.59349],[-81.15931,28.595],[-81.15951,28.59628],[-81.15784,28.59916],[-81.15972,28.60338],[-81.15929,28.60517],[-81.15998,28.60549],[-81.15968,28.60628],[-81.15804,28.60648],[-81.15783,28.60798],[-81.15675,28.60823],[-81.15721,28.60855],[-81.1569,28.60943],[-81.15726,28.60987],[-81.15678,28.61134],[-81.15782,28.61223],[-81.1289,28.6122]]]}},{"type":"Feature","properties":{"code":"ORA","county":"Orange","precinct":"543"},"geometry":{"type":"Polygon","coordinates":[[[-81.09804,28.61274],[-81.06774,28.61265],[-81.06931,28.60817],[-81.07335,28.60738],[-81.07449,28.60635],[-81.07357,28.60406],[-81.07463,28.59943],[-81.07588,28.59779],[-81.075,28.59673],[-81.07496,28.59557],[-81.07699,28.59311],[-81.07775,28.59056],[-81.07695,28.58713],[-81.07745,28.58462],[-81.077,28.5827],[-81.07737,28.58104],[-81.07869,28.57998],[-81.081,28.57633],[-81.08266,28.57646],[-81.08344,28.57712],[-81.08478,28.57734],[-81.08631,28.57671],[-81.0864,28.57597],[-81.08533,28.57408],[-81.08678,28.57166],[-81.08778,28.57199],[-81.08944,28.56617],[-81.09018,28.56492],[-81.09112,28.56437],[-81.09478,28.5491],[-81.09547,28.54961],[-81.0954,28.5488],[-81.09049,28.54543],[-81.08135,28.53737],[-81.08321,28.53404],[-81.08221,28.53315],[-81.08254,28.53267],[-81.08399,28.53267],[-81.08579,28.53001],[-81.08907,28.52938],[-81.09262,28.53033],[-81.09489,28.53178],[-81.09575,28.53173],[-81.09695,28.53261],[-81.09714,28.53387],[-81.09874,28.53555],[-81.10147,28.53669],[-81.10367,28.53631],[-81.10489,28.53522],[-81.10605,28.53495],[-81.10964,28.53595],[-81.11235,28.53496],[-81.11279,28.53542],[-81.1166,28.53562],[-81.11722,28.53533],[-81.11741,28.53451],[-81.12132,28.53533],[-81.12245,28.53662],[-81.12194,28.53732],[-81.12256,28.54073],[-81.12393,28.54121],[-81.12541,28.54107],[-81.12938,28.54376],[-81.13008,28.54594],[-81.13118,28.54697],[-81.13188,28.54874],[-81.13391,28.55013],[-81.13437,28.55095],[-81.13679,28.55055],[-81.13839,28.55108],[-81.13878,28.55204],[-81.13969,28.55256],[-81.14108,28.55189],[-81.14239,28.55275],[-81.14334,28.55282],[-81.14389,28.55237],[-81.14519,28.55289],[-81.14731,28.55566],[-81.1474,28.55976],[-81.14848,28.56029],[-81.14922,28.56139],[-81.14665,28.56222],[-81.14421,28.56218],[-81.14032,28.56389],[-81.12964,28.56063],[-81.12923,28.56186],[-81.11993,28.56191],[-81.12051,28.56125],[-81.12009,28.56091],[-81.11809,28.56192],[-81.11186,28.56193],[-81.11213,28.59122],[-81.11421,28.59064],[-81.11514,28.59119],[-81.12088,28.59113],[-81.12899,28.61249],[-81.09804,28.61274]]]}},{"type":"Feature","properties":{"code":"ORA","county":"Orange","precinct":"544"},"geometry":{"type":"Polygon","coordinates":[[[-81.07509,28.52974],[-81.06589,28.51803],[-81.07102,28.51802],[-81.07102,28.51753],[-81.06837,28.51754],[-81.06836,28.51566],[-81.06705,28.51566],[-81.06451,28.51239],[-81.06364,28.51299],[-81.06271,28.51183],[-81.06257,28.50299],[-81.06308,28.50142],[-81.06313,28.49616],[-81.06183,28.49615],[-81.06129,28.45214],[-81.10832,28.45155],[-81.1082,28.45321],[-81.10915,28.45467],[-81.1094,28.45768],[-81.11328,28.46157],[-81.11478,28.46174],[-81.115,28.46267],[-81.11611,28.46344],[-81.11509,28.46634],[-81.11481,28.46918],[-81.11381,28.47119],[-81.11413,28.47172],[-81.11319,28.47217],[-81.11402,28.47382],[-81.11338,28.47584],[-81.11495,28.47842],[-81.11688,28.47961],[-81.11741,28.48061],[-81.11837,28.48066],[-81.11974,28.48162],[-81.12021,28.48404],[-81.12433,28.48733],[-81.12452,28.4898],[-81.12656,28.4911],[-81.12848,28.49364],[-81.12899,28.49509],[-81.13189,28.49698],[-81.13302,28.49894],[-81.13473,28.49965],[-81.13413,28.50117],[-81.13454,28.50226],[-81.13435,28.50376],[-81.13699,28.50722],[-81.13614,28.51234],[-81.13403,28.51513],[-81.13189,28.5168],[-81.13033,28.52089],[-81.1276,28.52497],[-81.12763,28.52672],[-81.1264,28.5303],[-81.12647,28.53214],[-81.12321,28.53676],[-81.12245,28.53662],[-81.12096,28.53518],[-81.11757,28.5345],[-81.1166,28.53562],[-81.11279,28.53542],[-81.11235,28.53496],[-81.10964,28.53595],[-81.10605,28.53495],[-81.10489,28.53522],[-81.10367,28.53631],[-81.10147,28.53669],[-81.09874,28.53555],[-81.09714,28.53387],[-81.09695,28.53261],[-81.09575,28.53173],[-81.09489,28.53178],[-81.09262,28.53033],[-81.09043,28.53002],[-81.08943,28.52936],[-81.08579,28.53001],[-81.08399,28.53267],[-81.08254,28.53267],[-81.08221,28.53315],[-81.08321,28.53404],[-81.08135,28.53737],[-81.07509,28.52974]]]}},{"type":"Feature","properties":{"code":"ORA","county":"Orange","precinct":"545"},"geometry":{"type":"Polygon","coordinates":[[[-80.99224,28.613],[-80.98725,28.613],[-80.98535,28.61136],[-80.98501,28.61153],[-80.98512,28.61263],[-80.98445,28.61284],[-80.98333,28.6097],[-80.98241,28.61069],[-80.98103,28.61116],[-80.9806,28.61095],[-80.98104,28.6102],[-80.9806,28.60959],[-80.97983,28.60912],[-80.97797,28.60914],[-80.97593,28.60782],[-80.97475,28.60852],[-80.97306,28.61137],[-80.97099,28.61116],[-80.97065,28.60859],[-80.96949,28.60838],[-80.96919,28.60788],[-80.96953,28.6052],[-80.96835,28.60421],[-80.96781,28.6044],[-80.9676,28.60521],[-80.96623,28.60509],[-80.96519,28.60439],[-80.96403,28.6051],[-80.9613,28.60545],[-80.96039,28.60496],[-80.95996,28.60293],[-80.95711,28.60191],[-80.95636,28.60215],[-80.9565,28.60383],[-80.95522,28.60356],[-80.9541,28.60496],[-80.95195,28.60416],[-80.95248,28.60275],[-80.95195,28.60223],[-80.95292,28.60139],[-80.95305,28.60067],[-80.95233,28.60006],[-80.95123,28.60048],[-80.95072,28.59964],[-80.94931,28.60038],[-80.94952,28.59848],[-80.94853,28.59881],[-80.94882,28.59794],[-80.94637,28.59694],[-80.94658,28.59659],[-80.94733,28.59673],[-80.94793,28.59564],[-80.94642,28.59575],[-80.94335,28.59367],[-80.94384,28.59264],[-80.94459,28.59304],[-80.94506,28.59242],[-80.94466,28.59133],[-80.94381,28.59101],[-80.94473,28.58988],[-80.94426,28.58897],[-80.94507,28.58894],[-80.94556,28.58795],[-80.94544,28.58651],[-80.94638,28.58759],[-80.9471,28.58743],[-80.94633,28.58608],[-80.94716,28.5849],[-80.94476,28.58401],[-80.94587,28.58273],[-80.94449,28.5826],[-80.94395,28.58196],[-80.94425,28.58012],[-80.9426,28.5799],[-80.94168,28.579],[-80.9415,28.57814],[-80.94044,28.5781],[-80.94027,28.57594],[-80.93906,28.57519],[-80.93928,28.57469],[-80.94034,28.57451],[-80.93935,28.57255],[-80.93829,28.57225],[-80.93824,28.57152],[-80.93746,28.57095],[-80.93588,28.57134],[-80.93575,28.57049],[-80.93441,28.56944],[-80.93407,28.56792],[-80.93282,28.56733],[-80.9331,28.56631],[-80.93188,28.5664],[-80.93194,28.56457],[-80.93052,28.56399],[-80.93005,28.56322],[-80.93036,28.56259],[-80.93218,28.5618],[-80.93165,28.55983],[-80.93428,28.55898],[-80.93169,28.55698],[-80.93174,28.55589],[-80.93383,28.555],[-80.93419,28.55441],[-80.93326,28.55264],[-80.93367,28.55193],[-80.93263,28.5516],[-80.93339,28.55051],[-80.9334,28.54898],[-80.93415,28.54766],[-80.93431,28.54521],[-80.93216,28.54301],[-80.93214,28.54236],[-80.93278,28.54134],[-80.93425,28.54048],[-80.9349,28.54057],[-80.93583,28.54177],[-80.93921,28.5418],[-80.93965,28.5407],[-80.93897,28.53946],[-80.93939,28.53512],[-80.9378,28.53469],[-80.93722,28.53643],[-80.93626,28.53678],[-80.93559,28.53631],[-80.93525,28.53411],[-80.93407,28.53341],[-80.93287,28.53383],[-80.93218,28.53551],[-80.92825,28.53272],[-80.92508,28.53321],[-80.92338,28.53273],[-80.92108,28.52882],[-80.92064,28.52521],[-80.91752,28.52299],[-80.91632,28.52278],[-80.91305,28.52383],[-80.91207,28.52473],[-80.91141,28.52457],[-80.91056,28.5233],[-80.911,28.52292],[-80.91252,28.52318],[-80.912,28.52163],[-80.91103,28.52127],[-80.91008,28.52191],[-80.90726,28.52055],[-80.90684,28.51997],[-80.90797,28.51799],[-80.90572,28.51782],[-80.90555,28.51604],[-80.90702,28.51472],[-80.90713,28.51379],[-80.90561,28.51277],[-80.90663,28.51162],[-80.90447,28.51045],[-80.90338,28.51111],[-80.90153,28.51043],[-80.9001,28.51156],[-80.89885,28.50979],[-80.89591,28.50945],[-80.89501,28.50985],[-80.89339,28.51185],[-80.89193,28.51209],[-80.88574,28.51032],[-80.88331,28.5043],[-80.88103,28.50378],[-80.87988,28.50001],[-80.88027,28.497],[-80.88373,28.49601],[-80.88408,28.49487],[-80.88259,28.4915],[-80.88033,28.49113],[-80.87905,28.48981],[-80.87624,28.49009],[-80.87537,28.48973],[-80.87528,28.4887],[-80.87733,28.48798],[-80.87812,28.48673],[-80.87559,28.48585],[-80.8753,28.48355],[-80.87332,28.48207],[-80.87394,28.48022],[-80.87315,28.47856],[-80.87407,28.47793],[-80.87419,28.47635],[-80.87078,28.47157],[-80.87121,28.4708],[-80.87284,28.47108],[-80.87515,28.46885],[-80.87628,28.46922],[-80.87622,28.46973],[-80.8755,28.46994],[-80.87575,28.47076],[-80.87631,28.47081],[-80.87937,28.46969],[-80.87967,28.46832],[-80.88106,28.46842],[-80.88098,28.46958],[-80.88155,28.47039],[-80.88229,28.46961],[-80.88422,28.46955],[-80.88475,28.46873],[-80.88634,28.4697],[-80.88977,28.46649],[-80.89095,28.46688],[-80.89081,28.46839],[-80.89452,28.46704],[-80.89461,28.46532],[-80.89414,28.4646],[-80.89288,28.46498],[-80.89286,28.46403],[-80.89382,28.4632],[-80.89454,28.46309],[-80.89545,28.46366],[-80.89585,28.46321],[-80.89481,28.46196],[-80.89482,28.46018],[-80.8932,28.45971],[-80.89392,28.45819],[-80.89582,28.45796],[-80.89663,28.45661],[-80.89707,28.4567],[-80.89734,28.45779],[-80.89801,28.45706],[-80.89835,28.45509],[-80.89698,28.45467],[-80.89728,28.45294],[-80.97933,28.45269],[-80.98234,28.45539],[-80.99644,28.46499],[-81.02359,28.47786],[-81.04048,28.49016],[-81.06506,28.51701],[-81.08073,28.53673],[-81.09049,28.54543],[-81.0954,28.5488],[-81.09547,28.54961],[-81.09478,28.5491],[-81.09112,28.56437],[-81.09018,28.56492],[-81.08944,28.56617],[-81.08778,28.57199],[-81.08678,28.57166],[-81.08533,28.57408],[-81.0864,28.57597],[-81.08631,28.57671],[-81.08478,28.57734],[-81.08344,28.57712],[-81.08266,28.57646],[-81.081,28.57633],[-81.07869,28.57998],[-81.07737,28.58104],[-81.077,28.5827],[-81.07745,28.58462],[-81.07695,28.58713],[-81.07775,28.59056],[-81.07699,28.59311],[-81.07496,28.59557],[-81.075,28.59673],[-81.07588,28.59779],[-81.07463,28.59943],[-81.07357,28.60406],[-81.07449,28.60635],[-81.07335,28.60738],[-81.06931,28.60817],[-81.06775,28.61268],[-80.99224,28.613]]]}},{"type":"Feature","properties":{"code":"ORA","county":"Orange","precinct":"546"},"geometry":{"type":"Polygon","coordinates":[[[-81.38859,28.64026],[-81.38777,28.64024],[-81.38738,28.63561],[-81.38763,28.63134],[-81.38669,28.62748],[-81.3865,28.621],[-81.39429,28.62127],[-81.39428,28.62219],[-81.39825,28.62149],[-81.39821,28.6206],[-81.4002,28.62132],[-81.40028,28.62206],[-81.41079,28.62202],[-81.41082,28.62475],[-81.40702,28.62457],[-81.40702,28.6256],[-81.40663,28.62561],[-81.40659,28.6274],[-81.40795,28.62739],[-81.40804,28.63003],[-81.40784,28.63098],[-81.40748,28.63099],[-81.40749,28.63278],[-81.4088,28.63277],[-81.40882,28.63641],[-81.41084,28.63639],[-81.4109,28.6382],[-81.41512,28.63824],[-81.41521,28.64006],[-81.38859,28.64026]]]}},{"type":"Feature","properties":{"code":"ORA","county":"Orange","precinct":"547"},"geometry":{"type":"Polygon","coordinates":[[[-81.2617,28.59739],[-81.24975,28.59735],[-81.25011,28.59469],[-81.25099,28.59286],[-81.25905,28.58296],[-81.25713,28.58168],[-81.25562,28.57993],[-81.25521,28.5756],[-81.25766,28.57602],[-81.26085,28.5792],[-81.26971,28.57924],[-81.26985,28.58148],[-81.27035,28.58158],[-81.27043,28.58322],[-81.27115,28.58329],[-81.27119,28.58477],[-81.27306,28.58512],[-81.27353,28.58882],[-81.2721,28.58914],[-81.27242,28.59238],[-81.27346,28.59335],[-81.27467,28.59342],[-81.27466,28.59385],[-81.27408,28.59385],[-81.27411,28.59594],[-81.27301,28.59654],[-81.27162,28.59651],[-81.27168,28.60012],[-81.2617,28.59739]]]}},{"type":"Feature","properties":{"code":"ORA","county":"Orange","precinct":"548"},"geometry":{"type":"Polygon","coordinates":[[[-81.37805,28.53842],[-81.38254,28.53839],[-81.38272,28.55187],[-81.3806,28.5592],[-81.37651,28.5653],[-81.37586,28.56768],[-81.37455,28.56769],[-81.37521,28.56598],[-81.37276,28.56526],[-81.37299,28.56279],[-81.37367,28.56153],[-81.37697,28.55992],[-81.37677,28.54767],[-81.37595,28.54627],[-81.37584,28.53844],[-81.37805,28.53842]]]}},{"type":"Feature","properties":{"code":"ORA","county":"Orange","precinct":"549"},"geometry":{"type":"Polygon","coordinates":[[[-81.27723,28.58331],[-81.27046,28.58325],[-81.26971,28.57924],[-81.26054,28.5791],[-81.25766,28.57602],[-81.25521,28.5756],[-81.2551,28.57328],[-81.25429,28.5718],[-81.25196,28.57174],[-81.25151,28.56843],[-81.28621,28.56838],[-81.28639,28.58295],[-81.27831,28.58294],[-81.27723,28.58331]]]}},{"type":"Feature","properties":{"code":"ORA","county":"Orange","precinct":"601"},"geometry":{"type":"Polygon","coordinates":[[[-81.38249,28.55301],[-81.38242,28.54025],[-81.38335,28.5353],[-81.39726,28.53526],[-81.39737,28.54968],[-81.39566,28.55295],[-81.38249,28.55301]]]}},{"type":"Feature","properties":{"code":"ORA","county":"Orange","precinct":"602"},"geometry":{"type":"Polygon","coordinates":[[[-81.39725,28.54016],[-81.41336,28.54004],[-81.41408,28.53451],[-81.42347,28.53433],[-81.42296,28.53592],[-81.42306,28.53775],[-81.4297,28.53809],[-81.42971,28.53981],[-81.43083,28.54009],[-81.43083,28.54069],[-81.43029,28.54089],[-81.43041,28.55254],[-81.39566,28.55295],[-81.39737,28.54968],[-81.39725,28.54016]]]}},{"type":"Feature","properties":{"code":"ORA","county":"Orange","precinct":"603"},"geometry":{"type":"Polygon","coordinates":[[[-81.41651,28.57813],[-81.41626,28.57249],[-81.41506,28.56646],[-81.41573,28.56185],[-81.41402,28.55642],[-81.41396,28.5527],[-81.44278,28.55243],[-81.44288,28.55974],[-81.43812,28.55977],[-81.43815,28.5621],[-81.43714,28.56699],[-81.43677,28.56699],[-81.43685,28.57011],[-81.43494,28.57208],[-81.43427,28.57547],[-81.43422,28.577],[-81.43539,28.57788],[-81.41651,28.57813]]]}},{"type":"Feature","properties":{"code":"ORA","county":"Orange","precinct":"604"},"geometry":{"type":"Polygon","coordinates":[[[-81.43581,28.5781],[-81.43479,28.57803],[-81.43539,28.57788],[-81.43443,28.57741],[-81.43427,28.57547],[-81.43494,28.57208],[-81.43685,28.57011],[-81.43677,28.56699],[-81.43714,28.56699],[-81.43815,28.5621],[-81.43812,28.55977],[-81.44288,28.55974],[-81.44279,28.55266],[-81.44753,28.55258],[-81.44763,28.55549],[-81.44975,28.56006],[-81.44994,28.56294],[-81.45212,28.56858],[-81.45219,28.5735],[-81.4515,28.57803],[-81.43581,28.5781]]]}},{"type":"Feature","properties":{"code":"ORA","county":"Orange","precinct":"605"},"geometry":{"type":"Polygon","coordinates":[[[-81.45839,28.57806],[-81.4515,28.57803],[-81.45219,28.5735],[-81.45212,28.56858],[-81.44994,28.56294],[-81.44975,28.56006],[-81.44763,28.55549],[-81.44753,28.55258],[-81.45941,28.55233],[-81.45946,28.5637],[-81.45993,28.56445],[-81.46015,28.56746],[-81.4601,28.57803],[-81.45839,28.57806]]]}},{"type":"Feature","properties":{"code":"ORA","county":"Orange","precinct":"606"},"geometry":{"type":"Polygon","coordinates":[[[-81.45941,28.55233],[-81.46765,28.55218],[-81.46776,28.57778],[-81.4601,28.57803],[-81.46015,28.56746],[-81.45993,28.56445],[-81.45946,28.5637],[-81.45941,28.55233]]]}},{"type":"Feature","properties":{"code":"ORA","county":"Orange","precinct":"607"},"geometry":{"type":"Polygon","coordinates":[[[-81.46765,28.55218],[-81.4759,28.55213],[-81.47607,28.57766],[-81.46776,28.57778],[-81.46765,28.55218]]]}},{"type":"Feature","properties":{"code":"ORA","county":"Orange","precinct":"608"},"geometry":{"type":"Polygon","coordinates":[[[-81.49263,28.5934],[-81.49253,28.5917],[-81.48967,28.5907],[-81.48877,28.59124],[-81.48604,28.59106],[-81.48378,28.59173],[-81.48297,28.59141],[-81.4839,28.59041],[-81.48391,28.58901],[-81.48179,28.58747],[-81.48173,28.58449],[-81.48334,28.58441],[-81.48429,28.5833],[-81.48643,28.58254],[-81.48651,28.58051],[-81.48579,28.579],[-81.48608,28.57752],[-81.47607,28.57766],[-81.47598,28.57037],[-81.48105,28.5704],[-81.48427,28.57198],[-81.48561,28.57142],[-81.48531,28.57014],[-81.48846,28.57016],[-81.48848,28.57382],[-81.49096,28.57382],[-81.49123,28.57881],[-81.49281,28.58367],[-81.49611,28.58574],[-81.49675,28.58714],[-81.49682,28.59337],[-81.49263,28.5934]]]}},{"type":"Feature","properties":{"code":"ORA","county":"Orange","precinct":"609"},"geometry":{"type":"Polygon","coordinates":[[[-81.48846,28.57016],[-81.48531,28.57014],[-81.48561,28.57142],[-81.48427,28.57198],[-81.48105,28.5704],[-81.47598,28.57037],[-81.4759,28.55213],[-81.48967,28.55205],[-81.48972,28.556],[-81.49191,28.56047],[-81.4921,28.56471],[-81.49099,28.56967],[-81.49096,28.57382],[-81.48848,28.57382],[-81.48846,28.57016]]]}},{"type":"Feature","properties":{"code":"ORA","county":"Orange","precinct":"610"},"geometry":{"type":"Polygon","coordinates":[[[-81.4759,28.55213],[-81.47583,28.53911],[-81.4931,28.54103],[-81.49967,28.54102],[-81.50478,28.54227],[-81.50492,28.55197],[-81.4759,28.55213]]]}},{"type":"Feature","properties":{"code":"ORA","county":"Orange","precinct":"611"},"geometry":{"type":"Polygon","coordinates":[[[-81.44753,28.55258],[-81.44759,28.54306],[-81.44693,28.54206],[-81.44772,28.5415],[-81.45858,28.53799],[-81.46499,28.53793],[-81.47583,28.53911],[-81.4759,28.55213],[-81.44753,28.55258]]]}},{"type":"Feature","properties":{"code":"ORA","county":"Orange","precinct":"612"},"geometry":{"type":"Polygon","coordinates":[[[-81.45804,28.52795],[-81.45479,28.5277],[-81.4546,28.5047],[-81.45888,28.50466],[-81.45901,28.51389],[-81.46514,28.5142],[-81.47155,28.51772],[-81.47335,28.51976],[-81.47185,28.52112],[-81.47116,28.52268],[-81.4711,28.52432],[-81.47182,28.52594],[-81.46901,28.5275],[-81.46757,28.52789],[-81.45804,28.52795]]]}},{"type":"Feature","properties":{"code":"ORA","county":"Orange","precinct":"613"},"geometry":{"type":"Polygon","coordinates":[[[-81.45106,28.538],[-81.45105,28.53412],[-81.44124,28.53432],[-81.44249,28.53423],[-81.44246,28.52783],[-81.46773,28.52788],[-81.47182,28.52594],[-81.47472,28.52868],[-81.4756,28.53024],[-81.47583,28.53911],[-81.46499,28.53793],[-81.45867,28.53799],[-81.45108,28.5403],[-81.45106,28.538]]]}},{"type":"Feature","properties":{"code":"ORA","county":"Orange","precinct":"614"},"geometry":{"type":"Polygon","coordinates":[[[-81.47287,28.5191],[-81.47129,28.51756],[-81.46514,28.5142],[-81.45901,28.51389],[-81.45882,28.4897],[-81.46627,28.49464],[-81.47775,28.49917],[-81.48377,28.50299],[-81.48408,28.50499],[-81.48597,28.50868],[-81.48608,28.51351],[-81.48531,28.51549],[-81.48344,28.51742],[-81.4808,28.5187],[-81.47535,28.5191],[-81.47335,28.51976],[-81.47287,28.5191]]]}},{"type":"Feature","properties":{"code":"ORA","county":"Orange","precinct":"615"},"geometry":{"type":"Polygon","coordinates":[[[-81.44323,28.4972],[-81.43913,28.49665],[-81.43319,28.49326],[-81.43676,28.48916],[-81.4409,28.48543],[-81.4412,28.48571],[-81.45864,28.47133],[-81.45884,28.49393],[-81.45235,28.49437],[-81.44687,28.49683],[-81.44323,28.4972]]]}},{"type":"Feature","properties":{"code":"ORA","county":"Orange","precinct":"616"},"geometry":{"type":"Polygon","coordinates":[[[-81.42557,28.45512],[-81.42227,28.45192],[-81.41131,28.43593],[-81.40902,28.43339],[-81.41457,28.43041],[-81.42117,28.42294],[-81.42336,28.42187],[-81.42644,28.4213],[-81.46709,28.42105],[-81.47409,28.422],[-81.47421,28.45007],[-81.47786,28.45001],[-81.47763,28.4547],[-81.47722,28.45518],[-81.47483,28.45481],[-81.4745,28.45729],[-81.47409,28.4573],[-81.47229,28.46005],[-81.44952,28.47892],[-81.44272,28.4701],[-81.42557,28.45512]]]}},{"type":"Feature","properties":{"code":"ORA","county":"Orange","precinct":"617"},"geometry":{"type":"Polygon","coordinates":[[[-81.47824,28.59132],[-81.47607,28.5911],[-81.47608,28.58427],[-81.47272,28.58496],[-81.4719,28.58387],[-81.47188,28.58498],[-81.46781,28.58505],[-81.46776,28.57778],[-81.48608,28.57752],[-81.48579,28.579],[-81.48651,28.58051],[-81.48643,28.58254],[-81.48429,28.5833],[-81.48334,28.58441],[-81.48173,28.58449],[-81.48179,28.58747],[-81.48384,28.58883],[-81.48386,28.59052],[-81.48297,28.59141],[-81.48175,28.591],[-81.47931,28.59192],[-81.47824,28.59132]]]}},{"type":"Feature","properties":{"code":"ORA","county":"Orange","precinct":"618"},"geometry":{"type":"Polygon","coordinates":[[[-81.41747,28.47982],[-81.40915,28.47971],[-81.40913,28.4779],[-81.3967,28.47804],[-81.39664,28.46807],[-81.39712,28.46381],[-81.40378,28.44019],[-81.40476,28.43449],[-81.40902,28.43339],[-81.41131,28.43593],[-81.42227,28.45192],[-81.42655,28.45628],[-81.41919,28.46385],[-81.41762,28.46662],[-81.41747,28.47982]]]}},{"type":"Feature","properties":{"code":"ORA","county":"Orange","precinct":"619"},"geometry":{"type":"Polygon","coordinates":[[[-81.49368,28.57763],[-81.49103,28.57762],[-81.49094,28.57012],[-81.49206,28.56533],[-81.49208,28.56142],[-81.48972,28.556],[-81.48967,28.55205],[-81.50492,28.55197],[-81.50499,28.56629],[-81.50259,28.56667],[-81.50103,28.56808],[-81.50064,28.56981],[-81.49951,28.57154],[-81.49992,28.5731],[-81.49945,28.57423],[-81.49953,28.57746],[-81.49368,28.57763]]]}},{"type":"Feature","properties":{"code":"ORA","county":"Orange","precinct":"620"},"geometry":{"type":"Polygon","coordinates":[[[-81.41736,28.47236],[-81.41736,28.46779],[-81.41827,28.46516],[-81.42569,28.45743],[-81.42643,28.45586],[-81.44153,28.469],[-81.4445,28.47207],[-81.41736,28.47236]]]}},{"type":"Feature","properties":{"code":"ORA","county":"Orange","precinct":"621"},"geometry":{"type":"Polygon","coordinates":[[[-81.41747,28.47982],[-81.41736,28.47236],[-81.43389,28.47218],[-81.4339,28.47401],[-81.43805,28.47395],[-81.43811,28.47942],[-81.42567,28.47998],[-81.42572,28.48679],[-81.41742,28.48695],[-81.41747,28.47982]]]}},{"type":"Feature","properties":{"code":"ORA","county":"Orange","precinct":"622"},"geometry":{"type":"Polygon","coordinates":[[[-81.42688,28.48678],[-81.42572,28.48679],[-81.42567,28.47998],[-81.43811,28.47942],[-81.43805,28.47395],[-81.4339,28.47401],[-81.43389,28.47218],[-81.4445,28.47207],[-81.44952,28.47892],[-81.4412,28.48571],[-81.4409,28.48543],[-81.43676,28.48916],[-81.43319,28.49326],[-81.43022,28.49141],[-81.42873,28.4877],[-81.42688,28.48678]]]}},{"type":"Feature","properties":{"code":"ORA","county":"Orange","precinct":"623"},"geometry":{"type":"Polygon","coordinates":[[[-81.44974,28.51596],[-81.42019,28.51591],[-81.42062,28.51226],[-81.41898,28.50879],[-81.42224,28.50648],[-81.43348,28.49343],[-81.43932,28.49672],[-81.44431,28.49723],[-81.44711,28.49675],[-81.45206,28.49443],[-81.45884,28.49393],[-81.45888,28.50466],[-81.4546,28.5047],[-81.45471,28.51567],[-81.44974,28.51596]]]}},{"type":"Feature","properties":{"code":"ORA","county":"Orange","precinct":"624"},"geometry":{"type":"Polygon","coordinates":[[[-81.42608,28.53809],[-81.42306,28.53775],[-81.42297,28.53588],[-81.42466,28.53083],[-81.42614,28.5302],[-81.42621,28.5307],[-81.43434,28.53066],[-81.43434,28.52699],[-81.43232,28.52688],[-81.43228,28.52204],[-81.43436,28.52202],[-81.43438,28.52291],[-81.43805,28.52288],[-81.43808,28.52346],[-81.44206,28.52352],[-81.44211,28.51578],[-81.45026,28.51603],[-81.45471,28.51567],[-81.45479,28.5277],[-81.44246,28.52783],[-81.44249,28.53423],[-81.43434,28.53439],[-81.43442,28.53808],[-81.42608,28.53809]]]}},{"type":"Feature","properties":{"code":"ORA","county":"Orange","precinct":"625"},"geometry":{"type":"Polygon","coordinates":[[[-81.43041,28.55254],[-81.43029,28.54089],[-81.43083,28.54069],[-81.43083,28.54009],[-81.42971,28.53981],[-81.4297,28.53809],[-81.43442,28.53808],[-81.43434,28.53439],[-81.45105,28.53412],[-81.45108,28.5403],[-81.44693,28.54206],[-81.44759,28.54306],[-81.44753,28.55258],[-81.43041,28.55254]]]}},{"type":"Feature","properties":{"code":"ORA","county":"Orange","precinct":"626"},"geometry":{"type":"Polygon","coordinates":[[[-81.4262,28.53065],[-81.426,28.51588],[-81.44211,28.51578],[-81.44206,28.52352],[-81.43808,28.52346],[-81.43805,28.52288],[-81.43438,28.52291],[-81.43436,28.52202],[-81.43228,28.52204],[-81.43232,28.52688],[-81.43434,28.52699],[-81.43434,28.53066],[-81.4262,28.53065]]]}},{"type":"Feature","properties":{"code":"ORA","county":"Orange","precinct":"627"},"geometry":{"type":"Polygon","coordinates":[[[-81.41396,28.5332],[-81.41385,28.53183],[-81.40547,28.53202],[-81.40548,28.53061],[-81.40697,28.52873],[-81.40752,28.52898],[-81.40856,28.52823],[-81.4118,28.52752],[-81.41406,28.52595],[-81.41563,28.52422],[-81.41668,28.52177],[-81.4174,28.52116],[-81.41759,28.52009],[-81.41634,28.51936],[-81.41942,28.51603],[-81.426,28.51588],[-81.4262,28.53021],[-81.42449,28.53102],[-81.42347,28.53433],[-81.41408,28.53451],[-81.41396,28.5332]]]}},{"type":"Feature","properties":{"code":"ORA","county":"Orange","precinct":"628"},"geometry":{"type":"Polygon","coordinates":[[[-81.40647,28.52879],[-81.40533,28.52483],[-81.40326,28.52105],[-81.4062,28.5167],[-81.4062,28.51582],[-81.40537,28.51583],[-81.40535,28.51261],[-81.40119,28.51266],[-81.40114,28.50969],[-81.41525,28.50962],[-81.41898,28.50879],[-81.4204,28.51135],[-81.42067,28.51382],[-81.42019,28.51591],[-81.41942,28.51603],[-81.41634,28.51936],[-81.41759,28.52009],[-81.41563,28.52422],[-81.41253,28.5272],[-81.40856,28.52823],[-81.40752,28.52898],[-81.40697,28.52873],[-81.40556,28.53063],[-81.40647,28.52879]]]}},{"type":"Feature","properties":{"code":"ORA","county":"Orange","precinct":"629"},"geometry":{"type":"Polygon","coordinates":[[[-81.39911,28.54017],[-81.39725,28.54016],[-81.39726,28.53526],[-81.38335,28.5353],[-81.38254,28.53839],[-81.37584,28.53844],[-81.37586,28.53659],[-81.37687,28.53474],[-81.37653,28.53116],[-81.38595,28.53107],[-81.38635,28.52943],[-81.38631,28.52017],[-81.38712,28.52015],[-81.38671,28.52106],[-81.40119,28.5209],[-81.40119,28.52142],[-81.40339,28.5214],[-81.40533,28.52483],[-81.40651,28.52856],[-81.40542,28.53057],[-81.40539,28.53199],[-81.41385,28.53183],[-81.4141,28.53508],[-81.41336,28.54004],[-81.39911,28.54017]]]}},{"type":"Feature","properties":{"code":"ORA","county":"Orange","precinct":"630"},"geometry":{"type":"Polygon","coordinates":[[[-81.37653,28.53116],[-81.37632,28.51292],[-81.38374,28.5129],[-81.38583,28.51461],[-81.38999,28.51466],[-81.39652,28.51029],[-81.40114,28.50933],[-81.40119,28.51266],[-81.40535,28.51261],[-81.40537,28.51583],[-81.4062,28.51582],[-81.4062,28.5167],[-81.40495,28.51803],[-81.40331,28.52084],[-81.40339,28.5214],[-81.40119,28.52142],[-81.40119,28.5209],[-81.38671,28.52106],[-81.38712,28.52015],[-81.38631,28.52017],[-81.38635,28.52943],[-81.38595,28.53107],[-81.37653,28.53116]]]}},{"type":"Feature","properties":{"code":"ORA","county":"Orange","precinct":"631"},"geometry":{"type":"Polygon","coordinates":[[[-81.39704,28.51007],[-81.39683,28.49446],[-81.41722,28.49426],[-81.41745,28.49704],[-81.41742,28.48695],[-81.4194,28.48685],[-81.42788,28.48703],[-81.42892,28.48801],[-81.4301,28.49129],[-81.43348,28.49343],[-81.42224,28.50648],[-81.41937,28.50862],[-81.41525,28.50962],[-81.40114,28.50969],[-81.40114,28.50933],[-81.39704,28.51007]]]}},{"type":"Feature","properties":{"code":"ORA","county":"Orange","precinct":"632"},"geometry":{"type":"Polygon","coordinates":[[[-81.40839,28.48696],[-81.40468,28.48502],[-81.39676,28.48423],[-81.3967,28.47804],[-81.40913,28.4779],[-81.40915,28.47971],[-81.41733,28.47967],[-81.41742,28.48695],[-81.40839,28.48696]]]}},{"type":"Feature","properties":{"code":"ORA","county":"Orange","precinct":"633"},"geometry":{"type":"Polygon","coordinates":[[[-81.41721,28.49483],[-81.41722,28.49426],[-81.39683,28.49446],[-81.39676,28.48423],[-81.40468,28.48502],[-81.40815,28.48693],[-81.41742,28.48695],[-81.41721,28.49483]]]}},{"type":"Feature","properties":{"code":"ORA","county":"Orange","precinct":"634"},"geometry":{"type":"Polygon","coordinates":[[[-81.47583,28.53911],[-81.4756,28.53024],[-81.47472,28.52868],[-81.47157,28.52554],[-81.47116,28.52268],[-81.47199,28.52093],[-81.47356,28.51964],[-81.48133,28.51853],[-81.48364,28.51726],[-81.48545,28.51528],[-81.48608,28.51351],[-81.48597,28.50868],[-81.48408,28.50499],[-81.48377,28.50282],[-81.49205,28.509],[-81.49875,28.51551],[-81.50775,28.52104],[-81.50639,28.52274],[-81.48822,28.52291],[-81.48829,28.54051],[-81.47583,28.53911]]]}},{"type":"Feature","properties":{"code":"ORA","county":"Orange","precinct":"635"},"geometry":{"type":"Polygon","coordinates":[[[-81.49334,28.54104],[-81.48829,28.54051],[-81.48814,28.52299],[-81.50639,28.52274],[-81.50368,28.53088],[-81.49967,28.53443],[-81.49811,28.53665],[-81.49804,28.54101],[-81.49334,28.54104]]]}},{"type":"Feature","properties":{"code":"ORA","county":"Orange","precinct":"636"},"geometry":{"type":"Polygon","coordinates":[[[-81.46475,28.49372],[-81.45882,28.4897],[-81.45864,28.47133],[-81.47229,28.46005],[-81.47409,28.4573],[-81.4745,28.45729],[-81.47483,28.45481],[-81.47722,28.45518],[-81.47763,28.4547],[-81.47734,28.45586],[-81.47534,28.45765],[-81.47492,28.45867],[-81.47492,28.47861],[-81.47687,28.48409],[-81.4752,28.48782],[-81.47527,28.49366],[-81.48347,28.49371],[-81.48377,28.50299],[-81.47775,28.49917],[-81.46843,28.49567],[-81.46475,28.49372]]]}},{"type":"Feature","properties":{"code":"ORA","county":"Orange","precinct":"637"},"geometry":{"type":"Polygon","coordinates":[[[-81.40695,28.5782],[-81.40685,28.57527],[-81.4061,28.57315],[-81.4026,28.56738],[-81.39962,28.56385],[-81.39589,28.55757],[-81.39566,28.55295],[-81.41396,28.5527],[-81.41402,28.55642],[-81.41573,28.56185],[-81.41506,28.56646],[-81.41626,28.57249],[-81.41651,28.57813],[-81.40695,28.5782]]]}},{"type":"Feature","properties":{"code":"ORA","county":"Orange","precinct":"901"},"geometry":{"type":"Polygon","coordinates":[[[-81.50687,28.54205],[-81.50382,28.54228],[-81.50004,28.54108],[-81.49804,28.54101],[-81.49811,28.53665],[-81.49967,28.53443],[-81.50346,28.53121],[-81.50598,28.52356],[-81.50639,28.52274],[-81.50733,28.52271],[-81.50826,28.52293],[-81.50874,28.52369],[-81.50875,28.52817],[-81.50725,28.53],[-81.50846,28.53005],[-81.50884,28.53048],[-81.5089,28.54221],[-81.50886,28.54258],[-81.50687,28.54205]]]}},{"type":"Feature","properties":{"code":"ORA","county":"Orange","precinct":"902"},"geometry":{"type":"MultiPolygon","coordinates":[[[[-81.47568,28.45733],[-81.47623,28.45688],[-81.47717,28.45724],[-81.47732,28.46226],[-81.4749,28.46242],[-81.47494,28.45855],[-81.47568,28.45733]]],[[[-81.4791,28.4638],[-81.47762,28.46369],[-81.47762,28.46218],[-81.48112,28.46086],[-81.48118,28.4638],[-81.4791,28.4638]]]]}},{"type":"Feature","properties":{"code":"ORA","county":"Orange","precinct":"903"},"geometry":{"type":"Polygon","coordinates":[[[-81.46763,28.42106],[-81.47065,28.42042],[-81.47266,28.41946],[-81.47374,28.41797],[-81.47404,28.41608],[-81.47409,28.422],[-81.46763,28.42106]]]}},{"type":"Feature","properties":{"code":"ORA","county":"Orange","precinct":"114"},"geometry":{"type":"Polygon","coordinates":[[[-81.49456,28.4779],[-81.4946,28.47739],[-81.49158,28.4774],[-81.49149,28.46084],[-81.4998,28.46079],[-81.50081,28.46307],[-81.50673,28.47072],[-81.50792,28.47389],[-81.50834,28.47724],[-81.50004,28.47731],[-81.49909,28.47873],[-81.49744,28.47954],[-81.49515,28.47876],[-81.49456,28.4779]]]}},{"type":"Feature","properties":{"code":"ORA","county":"Orange","precinct":"905"},"geometry":{"type":"Polygon","coordinates":[[[-81.50855,28.49361],[-81.50856,28.48306],[-81.51029,28.48287],[-81.50971,28.48359],[-81.51043,28.48434],[-81.51435,28.48496],[-81.51774,28.48652],[-81.51696,28.48785],[-81.51699,28.49189],[-81.51785,28.49281],[-81.51919,28.49272],[-81.51926,28.49354],[-81.50855,28.49361]]]}},{"type":"Feature","properties":{"code":"ORA","county":"Orange","precinct":"916"},"geometry":{"type":"Polygon","coordinates":[[[-81.45894,28.63333],[-81.45241,28.63372],[-81.44715,28.62556],[-81.45497,28.62553],[-81.45641,28.62601],[-81.45813,28.62554],[-81.46928,28.62604],[-81.48044,28.62571],[-81.48043,28.63193],[-81.47866,28.6318],[-81.46434,28.63394],[-81.45894,28.63333]]]}},{"type":"Feature","properties":{"code":"ORA","county":"Orange","precinct":"907"},"geometry":{"type":"Polygon","coordinates":[[[-81.48044,28.62571],[-81.47618,28.62573],[-81.47618,28.61373],[-81.48424,28.61405],[-81.48921,28.61354],[-81.49226,28.61238],[-81.49836,28.61249],[-81.49943,28.61759],[-81.49811,28.62566],[-81.49293,28.62566],[-81.49243,28.62926],[-81.48916,28.63251],[-81.486,28.6334],[-81.48043,28.63193],[-81.48044,28.62571]]]}},{"type":"Feature","properties":{"code":"ORA","county":"Orange","precinct":"908"},"geometry":{"type":"Polygon","coordinates":[[[-81.35779,28.51789],[-81.35695,28.51777],[-81.35604,28.51678],[-81.3475,28.51683],[-81.3475,28.5132],[-81.36398,28.51309],[-81.36401,28.51737],[-81.35991,28.5174],[-81.35991,28.51794],[-81.35779,28.51789]]]}},{"type":"Feature","properties":{"code":"ORA","county":"Orange","precinct":"909"},"geometry":{"type":"Polygon","coordinates":[[[-81.36403,28.52037],[-81.36398,28.51309],[-81.37632,28.51292],[-81.37637,28.52024],[-81.36403,28.52037]]]}},{"type":"Feature","properties":{"code":"ORA","county":"Orange","precinct":"910"},"geometry":{"type":"Polygon","coordinates":[[[-80.89728,28.45294],[-80.89573,28.45117],[-80.8939,28.45077],[-80.8925,28.44973],[-80.89012,28.44542],[-80.89103,28.44469],[-80.89294,28.44458],[-80.89389,28.44387],[-80.894,28.44275],[-80.89308,28.44176],[-80.89406,28.44097],[-80.89469,28.43867],[-80.89426,28.43787],[-80.89515,28.43645],[-80.89672,28.43735],[-80.89699,28.43649],[-80.89823,28.43641],[-80.8968,28.43561],[-80.89894,28.43468],[-80.89957,28.43338],[-80.90126,28.43362],[-80.90118,28.43316],[-80.90034,28.4316],[-80.89927,28.43219],[-80.89915,28.43098],[-80.89845,28.43192],[-80.89678,28.42781],[-80.89706,28.42641],[-80.8987,28.42614],[-80.89809,28.42541],[-80.89638,28.42497],[-80.89687,28.42327],[-80.89576,28.42312],[-80.89555,28.42069],[-80.89642,28.42061],[-80.8959,28.41961],[-80.89654,28.41892],[-80.89638,28.4185],[-80.89507,28.418],[-80.89471,28.41921],[-80.89416,28.41915],[-80.89219,28.41837],[-80.89108,28.4162],[-80.88802,28.41569],[-80.88808,28.41301],[-80.88491,28.41075],[-80.88476,28.40867],[-80.88325,28.40838],[-80.88291,28.40768],[-80.8832,28.40646],[-80.8849,28.40644],[-80.8865,28.40414],[-80.88551,28.4024],[-80.88665,28.39961],[-80.88451,28.39828],[-80.88451,28.39613],[-80.88513,28.39581],[-80.88679,28.39655],[-80.8875,28.39397],[-80.88962,28.39301],[-80.88785,28.38801],[-80.88848,28.38559],[-80.8859,28.38503],[-80.88144,28.38062],[-80.87961,28.38043],[-80.87952,28.37716],[-80.88186,28.37548],[-80.88186,28.37475],[-80.88014,28.37513],[-80.8803,28.3737],[-80.87929,28.3724],[-80.87784,28.37223],[-80.87669,28.3733],[-80.87558,28.37343],[-80.87279,28.36962],[-80.89349,28.37082],[-80.89784,28.3717],[-80.9374,28.38951],[-80.94101,28.39179],[-80.945,28.39655],[-80.95861,28.42625],[-80.97912,28.45269],[-80.89728,28.45294]]]}},{"type":"Feature","properties":{"code":"ORA","county":"Orange","precinct":"911"},"geometry":{"type":"Polygon","coordinates":[[[-81.06621,28.51804],[-81.04048,28.49016],[-81.02359,28.47786],[-80.99644,28.46499],[-80.98234,28.45539],[-80.97933,28.45269],[-81.06129,28.45214],[-81.06183,28.49615],[-81.06313,28.49616],[-81.06308,28.50142],[-81.06257,28.50299],[-81.06271,28.51183],[-81.06364,28.51299],[-81.06451,28.51239],[-81.06705,28.51566],[-81.06836,28.51566],[-81.06837,28.51754],[-81.07102,28.51753],[-81.07102,28.51802],[-81.06621,28.51804]]]}},{"type":"Feature","properties":{"code":"ORA","county":"Orange","precinct":"912"},"geometry":{"type":"Polygon","coordinates":[[[-81.49117,28.57761],[-81.49682,28.57765],[-81.49682,28.58525],[-81.49631,28.58593],[-81.49281,28.58367],[-81.49117,28.57761]]]}},{"type":"Feature","properties":{"code":"ORA","county":"Orange","precinct":"914"},"geometry":{"type":"Polygon","coordinates":[[[-81.39278,28.50568],[-81.39194,28.5054],[-81.393,28.50381],[-81.39688,28.5036],[-81.39704,28.51007],[-81.39284,28.51268],[-81.39278,28.50568]]]}},{"type":"Feature","properties":{"code":"ORA","county":"Orange","precinct":"906"},"geometry":{"type":"MultiPolygon","coordinates":[[[[-81.46434,28.63394],[-81.47866,28.6318],[-81.48043,28.63193],[-81.48003,28.63409],[-81.46434,28.63394]]],[[[-81.46434,28.63394],[-81.45939,28.63358],[-81.45813,28.638],[-81.45797,28.6402],[-81.45656,28.6402],[-81.45241,28.63372],[-81.45894,28.63333],[-81.46434,28.63394]]]]}},{"type":"Feature","properties":{"code":"ORA","county":"Orange","precinct":"242"},"geometry":{"type":"Polygon","coordinates":[[[-81.53634,28.62169],[-81.53761,28.60636],[-81.53874,28.60424],[-81.53957,28.60356],[-81.54438,28.60216],[-81.54646,28.60306],[-81.55017,28.60316],[-81.55382,28.60394],[-81.55524,28.60359],[-81.55681,28.60599],[-81.55667,28.61272],[-81.55958,28.61332],[-81.5585,28.61504],[-81.55496,28.61666],[-81.55218,28.61726],[-81.54994,28.61984],[-81.54842,28.61985],[-81.54841,28.6216],[-81.53634,28.62169]]]}},{"type":"Feature","properties":{"code":"ORA","county":"Orange","precinct":"418"},"geometry":{"type":"Polygon","coordinates":[[[-81.16591,28.45181],[-81.16095,28.4517],[-81.16104,28.43449],[-81.16235,28.43211],[-81.17217,28.42237],[-81.17475,28.42164],[-81.20599,28.42154],[-81.20818,28.42081],[-81.22017,28.41397],[-81.22243,28.4146],[-81.22792,28.41463],[-81.22738,28.41971],[-81.23038,28.44346],[-81.23059,28.45151],[-81.16591,28.45181]]]}},{"type":"Feature","properties":{"code":"ORA","county":"Orange","precinct":"417"},"geometry":{"type":"Polygon","coordinates":[[[-81.23981,28.41473],[-81.22264,28.41462],[-81.21845,28.41316],[-81.21749,28.41451],[-81.2141,28.41437],[-81.20987,28.40581],[-81.20924,28.40368],[-81.20699,28.39994],[-81.19685,28.39031],[-81.19767,28.39005],[-81.19834,28.38868],[-81.1984,28.38637],[-81.19884,28.38556],[-81.19858,28.38487],[-81.20037,28.38511],[-81.20131,28.38582],[-81.20284,28.39077],[-81.20722,28.39522],[-81.21224,28.39712],[-81.2153,28.39581],[-81.21877,28.39134],[-81.22227,28.38872],[-81.22323,28.39108],[-81.22543,28.39303],[-81.22787,28.39706],[-81.22873,28.39706],[-81.23146,28.3998],[-81.24009,28.39988],[-81.2428,28.39785],[-81.24455,28.39761],[-81.24461,28.4022],[-81.24322,28.41048],[-81.24303,28.41474],[-81.23981,28.41473]]]}},{"type":"Feature","properties":{"code":"ORA","county":"Orange","precinct":"419"},"geometry":{"type":"Polygon","coordinates":[[[-81.24335,28.37822],[-81.22789,28.37818],[-81.22805,28.36348],[-81.21766,28.36327],[-81.21808,28.35346],[-81.22003,28.34809],[-81.23193,28.34816],[-81.24192,28.35809],[-81.24356,28.36085],[-81.24438,28.364],[-81.2444,28.37822],[-81.24335,28.37822]]]}}]}