{"type":"FeatureCollection","features":[{"type":"Feature","geometry":{"type":"Polygon","coordinates":[[[-87.1798,30.5448],[-87.1573,30.538],[-87.1432,30.5198],[-87.1693,30.5027],[-87.1784,30.5024],[-87.1814,30.509],[-87.1861,30.5106],[-87.19,30.5098],[-87.1901,30.5026],[-87.197,30.5052],[-87.1971,30.5026],[-87.2017,30.5027],[-87.2018,30.4978],[-87.206,30.4992],[-87.2061,30.4955],[-87.2202,30.4959],[-87.2233,30.4892],[-87.2298,30.4914],[-87.2298,30.4879],[-87.2232,30.4814],[-87.2253,30.4734],[-87.2285,30.4721],[-87.2273,30.4675],[-87.2306,30.4655],[-87.2287,30.4587],[-87.24,30.4537],[-87.2399,30.4452],[-87.258,30.4417],[-87.2644,30.437],[-87.2855,30.4316],[-87.3078,30.4312],[-87.3174,30.4351],[-87.324,30.4339],[-87.3251,30.4424],[-87.3396,30.4465],[-87.3669,30.4405],[-87.3708,30.4469],[-87.3999,30.451],[-87.4147,30.4573],[-87.4271,30.4675],[-87.4306,30.4766],[-87.4356,30.4805],[-87.4339,30.4877],[-87.4284,30.4885],[-87.4317,30.4929],[-87.4309,30.4981],[-87.4504,30.5145],[-87.4445,30.5143],[-87.4473,30.515],[-87.4473,30.522],[-87.4438,30.524],[-87.448,30.5266],[-87.4437,30.5281],[-87.4439,30.5315],[-87.439,30.5303],[-87.4416,30.5375],[-87.4353,30.5429],[-87.4351,30.5491],[-87.4276,30.5537],[-87.4254,30.5603],[-87.418,30.5621],[-87.4161,30.5662],[-87.4185,30.5701],[-87.412,30.5742],[-87.4055,30.5974],[-87.4076,30.6009],[-87.3967,30.6089],[-87.396,30.6241],[-87.3933,30.6272],[-87.3966,30.6545],[-87.4031,30.6575],[-87.4065,30.6752],[-87.419,30.6785],[-87.4301,30.6883],[-87.4404,30.6904],[-87.4496,30.699],[-87.458,30.6964],[-87.4622,30.7002],[-87.4681,30.7002],[-87.4698,30.705],[-87.4758,30.7053],[-87.4752,30.7091],[-87.4793,30.7096],[-87.478,30.7133],[-87.4813,30.717],[-87.4836,30.7153],[-87.4921,30.7204],[-87.5019,30.7213],[-87.5106,30.7329],[-87.53,30.741],[-87.5353,30.75],[-87.536,30.7612],[-87.5461,30.7721],[-87.5454,30.7794],[-87.5683,30.8001],[-87.5718,30.8002],[-87.5796,30.8109],[-87.6001,30.8205],[-87.6043,30.8314],[-87.6152,30.8342],[-87.6171,30.8403],[-87.6267,30.8473],[-87.626,30.8574],[-87.6349,30.8665],[-87.6291,30.8804],[-87.6203,30.8874],[-87.6218,30.8977],[-87.6155,30.9021],[-87.589,30.9614],[-87.5988,30.9975],[-87.163,30.9984],[-87.1691,30.9932],[-87.176,30.9966],[-87.175,30.9886],[-87.1872,30.9814],[-87.1905,30.9758],[-87.1971,30.9765],[-87.213,30.9669],[-87.2132,30.962],[-87.2184,30.9638],[-87.2276,30.9611],[-87.2314,30.9683],[-87.2413,30.9619],[-87.2383,30.9582],[-87.2415,30.9486],[-87.2474,30.9419],[-87.2518,30.9439],[-87.2506,30.9388],[-87.256,30.9312],[-87.2608,30.9355],[-87.2649,30.9307],[-87.2672,30.935],[-87.2756,30.931],[-87.2758,30.9264],[-87.2869,30.9254],[-87.2832,30.9188],[-87.289,30.9166],[-87.2835,30.9156],[-87.2822,30.9104],[-87.2905,30.9082],[-87.2855,30.9036],[-87.286,30.895],[-87.2833,30.8913],[-87.2845,30.888],[-87.2984,30.8813],[-87.2976,30.8712],[-87.3015,30.8634],[-87.3091,30.8638],[-87.3139,30.8487],[-87.3063,30.848],[-87.3071,30.8419],[-87.3014,30.8415],[-87.3036,30.8391],[-87.3,30.8356],[-87.3025,30.8339],[-87.3018,30.8284],[-87.2975,30.8259],[-87.2969,30.8151],[-87.2928,30.8113],[-87.2987,30.8021],[-87.3055,30.7986],[-87.3057,30.7926],[-87.302,30.7898],[-87.3069,30.7912],[-87.3095,30.7893],[-87.3056,30.7873],[-87.3126,30.786],[-87.3092,30.7765],[-87.3052,30.7772],[-87.3106,30.7717],[-87.3058,30.7701],[-87.3042,30.7655],[-87.2994,30.7668],[-87.2999,30.7635],[-87.3049,30.7635],[-87.3049,30.7603],[-87.3021,30.7603],[-87.3071,30.7591],[-87.3057,30.7551],[-87.3103,30.7517],[-87.308,30.7456],[-87.3112,30.7435],[-87.3096,30.7407],[-87.3123,30.7409],[-87.3124,30.7348],[-87.3085,30.7269],[-87.3017,30.7219],[-87.3027,30.7194],[-87.2815,30.7196],[-87.2771,30.7135],[-87.2726,30.7173],[-87.2694,30.7117],[-87.2706,30.7035],[-87.2678,30.7011],[-87.2728,30.7003],[-87.2734,30.6935],[-87.2655,30.6884],[-87.269,30.679],[-87.2663,30.6771],[-87.2671,30.6655],[-87.2641,30.6629],[-87.2664,30.6585],[-87.2648,30.6497],[-87.2568,30.6353],[-87.2595,30.6299],[-87.2519,30.6242],[-87.2607,30.6214],[-87.2572,30.6147],[-87.2595,30.6121],[-87.2453,30.6057],[-87.2454,30.5973],[-87.2348,30.5958],[-87.2343,30.5916],[-87.2305,30.59],[-87.2324,30.5869],[-87.2252,30.5814],[-87.2223,30.5716],[-87.2097,30.5553],[-87.1798,30.5448]]]},"properties":{"name":"HD1","district_number":1,"fips":"12-HD001"}},{"type":"Feature","geometry":{"type":"Polygon","coordinates":[[[-87.0866,30.4136],[-87.0766,30.3991],[-87.0481,30.3973],[-87.0185,30.4021],[-86.9782,30.4192],[-86.9722,30.4039],[-86.9485,30.4024],[-86.8623,30.4016],[-86.8398,30.4096],[-86.7994,30.4098],[-86.8034,30.235],[-86.9183,30.2176],[-87.1336,30.1785],[-87.251,30.1658],[-87.3028,30.1683],[-87.5184,30.1255],[-87.5184,30.2839],[-87.4524,30.3002],[-87.4501,30.3111],[-87.4949,30.305],[-87.5047,30.3089],[-87.5059,30.3194],[-87.5,30.329],[-87.4649,30.3333],[-87.4523,30.3441],[-87.4514,30.3672],[-87.4387,30.3808],[-87.4407,30.3915],[-87.4275,30.4084],[-87.4048,30.4096],[-87.3712,30.4305],[-87.3669,30.4405],[-87.3406,30.4463],[-87.3251,30.4424],[-87.324,30.4339],[-87.3174,30.4351],[-87.3078,30.4312],[-87.2852,30.4317],[-87.2399,30.4452],[-87.24,30.4537],[-87.2277,30.461],[-87.2306,30.4655],[-87.2273,30.4675],[-87.2285,30.4721],[-87.2253,30.4734],[-87.2232,30.4814],[-87.2298,30.4879],[-87.2298,30.4914],[-87.2233,30.4892],[-87.2202,30.4959],[-87.2061,30.4955],[-87.206,30.4992],[-87.2018,30.4978],[-87.2017,30.5027],[-87.1971,30.5026],[-87.197,30.5052],[-87.1901,30.5026],[-87.19,30.5098],[-87.1861,30.5106],[-87.1814,30.509],[-87.1784,30.5024],[-87.1693,30.5027],[-87.1432,30.5198],[-87.1215,30.4974],[-87.1333,30.4686],[-87.1414,30.4371],[-87.1008,30.4441],[-87.0866,30.4136]]]},"properties":{"name":"HD2","district_number":2,"fips":"12-HD002"}},{"type":"Feature","geometry":{"type":"Polygon","coordinates":[[[-86.7989,30.431],[-86.7994,30.4098],[-86.8398,30.4096],[-86.8623,30.4016],[-86.9485,30.4024],[-86.9722,30.4039],[-86.9782,30.4192],[-87.0185,30.4021],[-87.0481,30.3973],[-87.0785,30.4007],[-87.1008,30.4441],[-87.1414,30.4371],[-87.1333,30.4686],[-87.1215,30.4974],[-87.1368,30.5116],[-87.1573,30.538],[-87.2097,30.5553],[-87.2223,30.5716],[-87.2252,30.5814],[-87.2324,30.5869],[-87.2305,30.59],[-87.2343,30.5916],[-87.2348,30.5958],[-87.2454,30.5973],[-87.2453,30.6057],[-87.2592,30.6115],[-87.2572,30.6147],[-87.2609,30.621],[-87.2519,30.6242],[-87.2595,30.6299],[-87.2568,30.6353],[-87.2648,30.6497],[-87.2664,30.6585],[-87.2641,30.6629],[-87.2671,30.6655],[-87.2663,30.6771],[-87.269,30.679],[-87.2655,30.6884],[-87.2734,30.6935],[-87.2728,30.7003],[-87.2678,30.7011],[-87.2706,30.7035],[-87.2694,30.7117],[-87.2726,30.7173],[-87.2771,30.7135],[-87.2815,30.7196],[-87.3027,30.7194],[-87.3017,30.7219],[-87.3085,30.7269],[-87.3124,30.7348],[-87.3123,30.7409],[-87.3096,30.7407],[-87.3112,30.7435],[-87.308,30.7456],[-87.3103,30.7517],[-87.3057,30.7551],[-87.3071,30.7591],[-87.3021,30.7603],[-87.3049,30.7603],[-87.3049,30.7635],[-87.2999,30.7635],[-87.2994,30.7668],[-87.3042,30.7655],[-87.3058,30.7701],[-87.3106,30.7717],[-87.3052,30.7772],[-87.3092,30.7765],[-87.3126,30.786],[-87.3056,30.7873],[-87.3095,30.7893],[-87.3069,30.7912],[-87.302,30.7898],[-87.3057,30.7926],[-87.3055,30.7986],[-87.2987,30.8021],[-87.2928,30.8113],[-87.2969,30.8151],[-87.2975,30.8259],[-87.3018,30.8284],[-87.3025,30.8339],[-87.3,30.8356],[-87.3036,30.8391],[-87.3014,30.8415],[-87.3071,30.8419],[-87.3063,30.848],[-87.3139,30.8487],[-87.3091,30.8638],[-87.3015,30.8634],[-87.2976,30.8712],[-87.2984,30.8813],[-87.2845,30.888],[-87.2833,30.8913],[-87.286,30.895],[-87.2855,30.9036],[-87.2905,30.9082],[-87.2822,30.9104],[-87.2835,30.9156],[-87.289,30.9166],[-87.2832,30.9188],[-87.2869,30.9254],[-87.2758,30.9264],[-87.2756,30.931],[-87.2672,30.935],[-87.2649,30.9307],[-87.2608,30.9355],[-87.256,30.9312],[-87.2506,30.9388],[-87.2518,30.9439],[-87.2474,30.9419],[-87.2415,30.9486],[-87.2383,30.9582],[-87.2413,30.9619],[-87.2314,30.9683],[-87.2276,30.9611],[-87.2184,30.9638],[-87.2132,30.962],[-87.213,30.9669],[-87.1971,30.9765],[-87.1905,30.9758],[-87.1872,30.9814],[-87.175,30.9886],[-87.176,30.9966],[-87.1691,30.9932],[-87.1637,30.999],[-86.3887,30.9942],[-86.3916,30.7287],[-86.4418,30.7171],[-86.4803,30.721],[-86.4986,30.7264],[-86.5209,30.7269],[-86.522,30.7385],[-86.5183,30.7419],[-86.5347,30.7518],[-86.5344,30.7569],[-86.5429,30.7587],[-86.5427,30.7728],[-86.5531,30.7729],[-86.5507,30.7928],[-86.5573,30.7948],[-86.5547,30.8043],[-86.5672,30.8022],[-86.567,30.8043],[-86.5777,30.8069],[-86.5929,30.8222],[-86.6048,30.8181],[-86.604,30.8101],[-86.6295,30.7872],[-86.621,30.7664],[-86.6256,30.7617],[-86.6247,30.7573],[-86.6277,30.7564],[-86.6249,30.7485],[-86.632,30.7332],[-86.6394,30.7342],[-86.6456,30.7303],[-86.6497,30.7244],[-86.6455,30.7209],[-86.6485,30.716],[-86.7001,30.7125],[-86.7349,30.7048],[-86.7924,30.6849],[-86.7989,30.431]]]},"properties":{"name":"HD3","district_number":3,"fips":"12-HD003"}},{"type":"Feature","geometry":{"type":"Polygon","coordinates":[[[-86.5568,30.7948],[-86.5507,30.7928],[-86.5531,30.7729],[-86.5427,30.7728],[-86.5429,30.7587],[-86.5344,30.7569],[-86.5347,30.7518],[-86.5183,30.7419],[-86.522,30.7385],[-86.5209,30.7269],[-86.4986,30.7264],[-86.4803,30.721],[-86.4418,30.7171],[-86.3916,30.7287],[-86.393,30.5116],[-86.3996,30.227],[-86.4592,30.233],[-86.5281,30.2319],[-86.5913,30.2428],[-86.6384,30.2463],[-86.7135,30.2436],[-86.8034,30.235],[-86.7924,30.6849],[-86.7349,30.7048],[-86.7001,30.7125],[-86.6485,30.716],[-86.6455,30.7209],[-86.6497,30.7244],[-86.6456,30.7303],[-86.6394,30.7342],[-86.632,30.7332],[-86.6249,30.7485],[-86.6277,30.7564],[-86.6247,30.7573],[-86.6256,30.7617],[-86.621,30.7664],[-86.6295,30.7872],[-86.604,30.8101],[-86.6056,30.8159],[-86.6017,30.8204],[-86.5927,30.8222],[-86.5842,30.8116],[-86.5672,30.8022],[-86.5547,30.8043],[-86.5568,30.7948]]]},"properties":{"name":"HD4","district_number":4,"fips":"12-HD004"}},{"type":"Feature","geometry":{"type":"Polygon","coordinates":[[[-85.8311,30.9941],[-85.2436,31.0009],[-85.0019,31.0007],[-85.0057,30.9759],[-84.9811,30.9634],[-84.9795,30.9556],[-84.9831,30.9348],[-84.971,30.9282],[-84.9667,30.9173],[-84.9425,30.8885],[-84.9344,30.8836],[-84.9398,30.8726],[-84.9323,30.8643],[-84.9361,30.857],[-84.9257,30.8427],[-84.9271,30.839],[-84.9348,30.8359],[-84.9374,30.8209],[-84.9283,30.8051],[-84.9283,30.7931],[-84.918,30.7781],[-84.9201,30.766],[-84.915,30.7612],[-84.9143,30.7536],[-84.8961,30.7506],[-84.8875,30.7418],[-84.8838,30.7326],[-84.8698,30.7219],[-84.8579,30.6984],[-84.8749,30.672],[-84.8892,30.6616],[-84.893,30.6467],[-84.9037,30.6378],[-84.9063,30.6212],[-84.929,30.6116],[-84.9358,30.6003],[-84.9449,30.5955],[-84.9451,30.581],[-84.9523,30.5786],[-84.9621,30.5825],[-84.9654,30.5802],[-84.9653,30.5716],[-84.9615,30.5651],[-84.9737,30.553],[-84.9912,30.5224],[-84.9945,30.4891],[-85.0043,30.4762],[-84.9999,30.4724],[-84.9883,30.4721],[-84.9867,30.4696],[-84.9874,30.4649],[-85.0006,30.4553],[-85.0008,30.4481],[-84.9934,30.4449],[-84.9828,30.4476],[-84.9812,30.4441],[-85.0152,30.4344],[-85.0319,30.4227],[-85.0329,30.4183],[-85.0294,30.413],[-85.0141,30.4119],[-85.0143,30.409],[-85.0273,30.4056],[-85.03,30.4013],[-85.0274,30.3982],[-85.0156,30.3962],[-85.0146,30.3874],[-85.0251,30.3758],[-85.0312,30.3787],[-85.0406,30.3713],[-85.0386,30.3656],[-85.026,30.363],[-85.0404,30.3557],[-85.05,30.3382],[-85.0443,30.3288],[-85.0463,30.3202],[-85.0343,30.3125],[-85.0391,30.3099],[-85.0482,30.3127],[-85.0505,30.3101],[-85.0475,30.3031],[-85.0569,30.3035],[-85.0527,30.287],[-85.0596,30.285],[-85.058,30.2761],[-85.0641,30.2699],[-85.0591,30.2632],[-85.0677,30.2588],[-85.07,30.2494],[-85.0751,30.2513],[-85.0787,30.2488],[-85.078,30.2435],[-85.0834,30.2372],[-85.0799,30.2297],[-85.0915,30.2294],[-85.0909,30.2224],[-85.0995,30.2197],[-85.1018,30.2117],[-85.1114,30.218],[-85.1099,30.2093],[-85.1174,30.2108],[-85.1192,30.2086],[-85.1157,30.2],[-85.3897,30.201],[-85.384,30.5669],[-85.4478,30.5677],[-85.4864,30.5676],[-85.488,30.4367],[-85.8535,30.4406],[-85.8608,30.4372],[-85.8704,30.4198],[-85.884,30.4103],[-85.8986,30.4109],[-85.9076,30.4058],[-85.9239,30.4164],[-85.9403,30.4086],[-85.9513,30.4124],[-85.965,30.4107],[-85.9646,30.4074],[-85.9735,30.4021],[-85.9764,30.396],[-85.9927,30.3893],[-86.0008,30.1036],[-86.0741,30.1352],[-86.1905,30.1756],[-86.3064,30.2094],[-86.3996,30.227],[-86.3929,30.5127],[-86.3887,30.9942],[-85.8311,30.9941]]]},"properties":{"name":"HD5","district_number":5,"fips":"12-HD005"}},{"type":"Feature","geometry":{"type":"Polygon","coordinates":[[[-85.9955,30.2813],[-85.9927,30.3893],[-85.9764,30.396],[-85.9735,30.4021],[-85.9646,30.4074],[-85.9653,30.4106],[-85.9513,30.4124],[-85.9403,30.4086],[-85.9239,30.4164],[-85.9076,30.4058],[-85.8986,30.4109],[-85.884,30.4103],[-85.8704,30.4198],[-85.8608,30.4372],[-85.8535,30.4406],[-85.488,30.4367],[-85.4864,30.5676],[-85.384,30.5669],[-85.3883,30.417],[-85.3914,30.0234],[-85.3884,29.9269],[-85.394,29.9211],[-85.4343,29.9],[-85.4403,29.7881],[-85.3729,29.507],[-85.4145,29.5178],[-85.4533,29.5379],[-85.4882,29.5682],[-85.5227,29.6131],[-85.5437,29.6515],[-85.5702,29.721],[-85.5859,29.7868],[-85.5896,29.8376],[-85.6459,29.8759],[-85.7098,29.9358],[-85.7704,29.9605],[-85.8036,29.9782],[-85.8502,30.0092],[-85.8739,30.0317],[-85.8935,30.0453],[-86.0008,30.1036],[-85.9955,30.2813]]]},"properties":{"name":"HD6","district_number":6,"fips":"12-HD006"}},{"type":"Feature","geometry":{"type":"Polygon","coordinates":[[[-83.3673,30.2604],[-83.2375,30.2611],[-83.2403,30.267],[-83.2317,30.2838],[-83.233,30.292],[-83.2258,30.3013],[-83.2125,30.3073],[-83.2099,30.3119],[-83.2144,30.3198],[-83.2079,30.3311],[-83.2126,30.3459],[-83.2087,30.3505],[-83.1983,30.3483],[-83.1903,30.3519],[-83.1936,30.3576],[-83.1929,30.374],[-83.1779,30.3841],[-83.171,30.3852],[-83.1731,30.391],[-83.1783,30.3926],[-83.1745,30.3978],[-83.1803,30.4105],[-83.1949,30.417],[-83.2062,30.4121],[-83.2096,30.4211],[-83.2161,30.418],[-83.2222,30.4235],[-83.2185,30.4267],[-83.2223,30.4363],[-83.2173,30.4478],[-83.223,30.4513],[-83.2177,30.4555],[-83.2177,30.4641],[-83.2438,30.4731],[-83.2418,30.4779],[-83.245,30.4921],[-83.2406,30.4936],[-83.2428,30.502],[-83.2406,30.5059],[-83.2461,30.5126],[-83.2425,30.5165],[-83.2395,30.5151],[-83.2389,30.518],[-83.2451,30.5308],[-83.2497,30.5324],[-83.2458,30.535],[-83.2472,30.5408],[-83.2609,30.553],[-83.2558,30.5605],[-83.262,30.5691],[-83.2596,30.5741],[-83.2626,30.5826],[-83.2564,30.5866],[-83.2671,30.6086],[-83.2686,30.6215],[-83.275,30.6285],[-83.2933,30.629],[-83.2949,30.6323],[-83.3022,30.6308],[-83.3093,30.6344],[-82.6895,30.5977],[-82.6919,30.5946],[-82.6964,30.5962],[-82.6961,30.5916],[-82.7067,30.5843],[-82.7035,30.5816],[-82.7051,30.5762],[-82.717,30.5697],[-82.7175,30.5668],[-82.7149,30.5681],[-82.7168,30.5645],[-82.7247,30.5643],[-82.7228,30.5608],[-82.7268,30.5578],[-82.7209,30.554],[-82.7225,30.548],[-82.7166,30.5414],[-82.7144,30.5322],[-82.7269,30.531],[-82.7286,30.5257],[-82.7236,30.5175],[-82.7184,30.521],[-82.7158,30.5059],[-82.7062,30.5045],[-82.7084,30.4984],[-82.7062,30.4925],[-82.6968,30.4896],[-82.6968,30.4845],[-82.7024,30.4835],[-82.6996,30.4797],[-82.7016,30.4774],[-82.6888,30.4721],[-82.6774,30.472],[-82.6755,30.4653],[-82.6808,30.4646],[-82.6802,30.461],[-82.6712,30.4533],[-82.6633,30.4521],[-82.6623,30.4488],[-82.6663,30.4513],[-82.6683,30.4469],[-82.6729,30.4481],[-82.662,30.439],[-82.6591,30.4408],[-82.6525,30.4289],[-82.6538,30.4218],[-82.6492,30.4182],[-82.6515,30.4156],[-82.6499,30.41],[-82.6455,30.4072],[-82.6473,30.3946],[-82.658,30.3913],[-82.6592,30.3827],[-82.6654,30.3793],[-82.6624,30.37],[-82.6747,30.3645],[-82.6869,30.3537],[-82.6815,30.3428],[-82.6899,30.3331],[-82.7031,30.3326],[-82.717,30.3211],[-82.7248,30.3283],[-82.7225,30.3323],[-82.7246,30.3338],[-82.7366,30.3284],[-82.7454,30.3174],[-82.7608,30.3243],[-82.7596,30.3282],[-82.7632,30.3309],[-82.7774,30.3233],[-82.7884,30.324],[-82.789,30.3278],[-82.793,30.3269],[-82.7921,30.3359],[-82.7946,30.337],[-82.794,29.9862],[-82.7604,29.9862],[-82.7586,29.9757],[-82.7614,29.966],[-82.7858,29.9549],[-82.7915,29.9421],[-82.8005,29.9321],[-82.8085,29.9331],[-82.8144,29.9298],[-82.8315,29.9128],[-82.8394,29.9146],[-82.8419,29.9119],[-82.8516,29.9139],[-82.8633,29.9111],[-82.8668,29.8988],[-82.8717,29.8985],[-82.8745,29.8907],[-82.8793,29.8882],[-82.8753,29.8807],[-82.8756,29.8665],[-82.8884,29.8501],[-82.8929,29.8275],[-82.9108,29.8208],[-82.923,29.8237],[-82.9318,29.8161],[-82.9349,29.8039],[-82.9199,29.7957],[-82.936,29.7855],[-82.9412,29.7728],[-82.9476,29.7661],[-82.9497,29.7544],[-82.9404,29.7536],[-82.9384,29.7476],[-82.9499,29.7256],[-82.9433,29.7218],[-82.9438,29.7158],[-82.9464,29.715],[-82.9538,29.7225],[-82.9566,29.7187],[-82.9475,29.7122],[-82.9433,29.7049],[-82.937,29.7032],[-82.9453,29.6999],[-82.9521,29.704],[-82.9574,29.7005],[-82.9594,29.6843],[-82.9544,29.6767],[-82.9592,29.6705],[-82.9518,29.6598],[-82.9576,29.6554],[-82.9563,29.6396],[-82.9731,29.6243],[-82.9677,29.6166],[-82.9722,29.609],[-82.9624,29.6019],[-82.9555,29.5861],[-82.9488,29.5854],[-82.9418,29.5932],[-82.9379,29.5924],[-82.9371,29.5883],[-82.9445,29.5823],[-82.9479,29.5575],[-82.9594,29.5533],[-82.9774,29.5399],[-82.9786,29.5319],[-82.9694,29.5223],[-82.9727,29.5173],[-82.9795,29.5184],[-82.9829,29.5154],[-82.9843,29.4963],[-82.9819,29.4854],[-82.9868,29.4765],[-82.9845,29.4699],[-82.9899,29.4634],[-83.0005,29.4627],[-83.002,29.4565],[-83.0128,29.4459],[-83.0128,29.4398],[-83.0212,29.4312],[-83.0158,29.4214],[-83.018,29.4186],[-83.0269,29.419],[-83.0218,29.4131],[-83.0256,29.4079],[-83.0239,29.3977],[-83.033,29.398],[-83.0339,29.3906],[-83.0454,29.3807],[-83.0569,29.3783],[-83.0656,29.3727],[-83.0623,29.3642],[-83.0721,29.3539],[-83.0614,29.3527],[-83.0605,29.3495],[-83.0822,29.3399],[-83.0904,29.3328],[-83.0988,29.3369],[-83.1045,29.3254],[-83.1119,29.3247],[-83.113,29.3181],[-83.142,29.3226],[-83.148,29.3078],[-83.1581,29.3022],[-83.1648,29.2892],[-83.3462,29.2419],[-83.3572,29.2917],[-83.4025,29.3169],[-83.4357,29.3497],[-83.5049,29.3842],[-83.5413,29.4176],[-83.5564,29.4407],[-83.5674,29.4685],[-83.5821,29.5633],[-83.6144,29.5884],[-83.6714,29.6144],[-83.7058,29.6441],[-83.7417,29.6982],[-83.7514,29.7221],[-83.7575,29.7532],[-83.7831,29.7922],[-83.7953,29.8019],[-83.8303,29.8197],[-83.8788,29.8262],[-83.919,29.8419],[-83.95,29.8628],[-83.9726,29.8864],[-84.0302,29.9131],[-84.0649,29.9401],[-84.1205,29.9255],[-84.1608,29.9213],[-84.1689,29.8755],[-84.1877,29.8341],[-84.216,29.7985],[-84.2529,29.7716],[-84.2867,29.7567],[-84.3233,29.7481],[-84.3801,29.7429],[-84.42,29.747],[-84.4401,29.7181],[-84.4716,29.6897],[-84.4983,29.6745],[-84.5453,29.6545],[-84.5887,29.6407],[-84.6466,29.5904],[-84.6732,29.5717],[-84.7269,29.5449],[-84.7973,29.5221],[-84.8728,29.481],[-84.8964,29.4712],[-85.0058,29.4406],[-85.0363,29.4365],[-85.0651,29.4365],[-85.0968,29.4417],[-85.1296,29.4533],[-85.1539,29.467],[-85.1771,29.4852],[-85.2188,29.5004],[-85.2597,29.5248],[-85.3137,29.5079],[-85.3421,29.5053],[-85.3729,29.507],[-85.4403,29.7881],[-85.4343,29.9],[-85.3887,29.9244],[-85.3915,30.0004],[-85.3897,30.201],[-85.1157,30.2],[-85.1192,30.2086],[-85.1174,30.2108],[-85.1099,30.2093],[-85.1114,30.218],[-85.1018,30.2117],[-85.0995,30.2197],[-85.0909,30.2224],[-85.0915,30.2294],[-85.0806,30.229],[-85.0834,30.2372],[-85.078,30.2435],[-85.0787,30.2488],[-85.0751,30.2513],[-85.07,30.2494],[-85.0677,30.2588],[-85.0591,30.2632],[-85.0641,30.2699],[-85.058,30.2761],[-85.0596,30.285],[-85.0527,30.287],[-85.0569,30.3035],[-85.0475,30.3031],[-85.0505,30.3101],[-85.0482,30.3127],[-85.0391,30.3099],[-85.0343,30.3125],[-85.0463,30.3202],[-85.0443,30.3288],[-85.05,30.3382],[-85.0404,30.3557],[-85.026,30.363],[-85.0386,30.3656],[-85.0406,30.3713],[-85.0312,30.3787],[-85.0251,30.3758],[-85.0146,30.3874],[-85.0156,30.3962],[-85.0274,30.3982],[-85.03,30.4013],[-85.0273,30.4056],[-85.0143,30.409],[-85.0141,30.4119],[-85.0294,30.413],[-85.0329,30.4203],[-85.0152,30.4344],[-84.9812,30.4441],[-84.9828,30.4476],[-84.9954,30.4451],[-85.0015,30.4498],[-84.9999,30.4562],[-84.9867,30.4666],[-84.9883,30.4721],[-84.9999,30.4724],[-85.0043,30.4762],[-84.9945,30.4891],[-84.991,30.5043],[-84.9922,30.5196],[-84.9737,30.553],[-84.9615,30.5651],[-84.9653,30.5716],[-84.9654,30.5802],[-84.9621,30.5825],[-84.9523,30.5786],[-84.9451,30.581],[-84.9449,30.5955],[-84.9364,30.5997],[-84.9325,30.6064],[-84.8833,30.6056],[-84.8826,30.5331],[-84.8158,30.5331],[-84.8156,30.5185],[-84.7818,30.5187],[-84.7811,30.4598],[-84.7141,30.4604],[-84.7141,30.4172],[-84.6805,30.4173],[-84.6806,30.388],[-84.6464,30.3883],[-84.6479,30.3944],[-84.6429,30.3981],[-84.6397,30.3965],[-84.6253,30.4089],[-84.6127,30.4102],[-84.6069,30.4161],[-84.591,30.4117],[-84.5736,30.4225],[-84.5617,30.4378],[-84.5595,30.434],[-84.5461,30.4367],[-84.5459,30.4405],[-84.5303,30.4399],[-84.52,30.4515],[-84.5106,30.4509],[-84.5101,30.437],[-84.4848,30.4413],[-84.4717,30.4388],[-84.4119,30.4431],[-84.4148,30.4295],[-84.4126,30.4242],[-84.418,30.4188],[-84.4181,30.4136],[-84.4092,30.3964],[-84.4095,30.3896],[-84.3974,30.3887],[-84.3795,30.3933],[-84.378,30.3905],[-84.3651,30.3907],[-84.3634,30.3761],[-84.3568,30.3762],[-84.3269,30.3901],[-84.3152,30.3815],[-84.3111,30.3687],[-84.3015,30.3657],[-84.3029,30.3577],[-84.3408,30.3145],[-84.3464,30.3034],[-84.2475,30.3035],[-84.2651,30.3721],[-84.2601,30.3697],[-84.2439,30.372],[-84.2361,30.3758],[-84.2414,30.3758],[-84.2366,30.3813],[-84.2344,30.3758],[-84.227,30.3758],[-84.2271,30.3687],[-84.2104,30.3686],[-84.2104,30.3468],[-84.1432,30.3468],[-84.143,30.3688],[-84.0758,30.3698],[-84.0749,30.4129],[-84.0497,30.4021],[-83.9556,30.4114],[-83.9157,30.4118],[-83.8872,30.4033],[-83.8624,30.39],[-83.8316,30.3852],[-83.8128,30.3773],[-83.8066,30.3693],[-83.8081,30.3647],[-83.8041,30.3531],[-83.8076,30.3487],[-83.7994,30.3472],[-83.7936,30.3355],[-83.7871,30.3316],[-83.7925,30.3192],[-83.8013,30.3153],[-83.8146,30.3176],[-83.8205,30.3131],[-83.8219,30.3075],[-83.8181,30.3042],[-83.8202,30.3035],[-83.4688,30.3042],[-83.4693,30.2604],[-83.3673,30.2604]]]},"properties":{"name":"HD7","district_number":7,"fips":"12-HD007"}},{"type":"Feature","geometry":{"type":"Polygon","coordinates":[[[-84.8833,30.5832],[-84.8833,30.6056],[-84.9325,30.6065],[-84.9275,30.6125],[-84.9119,30.6172],[-84.9052,30.6226],[-84.9037,30.6378],[-84.893,30.6467],[-84.8892,30.6616],[-84.8749,30.672],[-84.8583,30.6966],[-84.8647,30.7115],[-84.2541,30.6843],[-84.2612,30.6677],[-84.2764,30.6678],[-84.2912,30.6723],[-84.305,30.6692],[-84.3,30.6652],[-84.3024,30.6628],[-84.2991,30.6621],[-84.3024,30.6595],[-84.3011,30.6563],[-84.304,30.6567],[-84.2993,30.6537],[-84.3021,30.6508],[-84.3004,30.6402],[-84.3054,30.6372],[-84.3035,30.6348],[-84.3133,30.6305],[-84.3119,30.6269],[-84.3192,30.6219],[-84.3189,30.6187],[-84.3213,30.6209],[-84.3247,30.618],[-84.3228,30.6161],[-84.3275,30.612],[-84.326,30.6083],[-84.3304,30.6086],[-84.3289,30.6066],[-84.3313,30.607],[-84.3305,30.6032],[-84.3335,30.601],[-84.3302,30.6003],[-84.332,30.5964],[-84.3392,30.597],[-84.3408,30.6001],[-84.3464,30.5916],[-84.3551,30.5912],[-84.3575,30.5861],[-84.3712,30.5813],[-84.3724,30.5753],[-84.3781,30.5735],[-84.3819,30.5611],[-84.3789,30.5595],[-84.3841,30.5537],[-84.3428,30.5115],[-84.3311,30.5051],[-84.3213,30.4891],[-84.3089,30.4825],[-84.2773,30.4932],[-84.2772,30.4676],[-84.2919,30.4637],[-84.2918,30.4578],[-84.2807,30.4564],[-84.2807,30.4418],[-84.2908,30.4407],[-84.2908,30.4447],[-84.3162,30.4489],[-84.3172,30.4421],[-84.311,30.438],[-84.3109,30.4344],[-84.2957,30.4354],[-84.2771,30.4317],[-84.2762,30.4199],[-84.264,30.421],[-84.2635,30.4168],[-84.2526,30.4168],[-84.2541,30.4303],[-84.2618,30.4344],[-84.2618,30.4418],[-84.2065,30.4406],[-84.2012,30.4341],[-84.2026,30.4291],[-84.2123,30.4272],[-84.21,30.4115],[-84.2121,30.415],[-84.2268,30.42],[-84.2298,30.4124],[-84.2351,30.4108],[-84.2366,30.3813],[-84.2414,30.3758],[-84.2366,30.3752],[-84.2601,30.3697],[-84.2651,30.3721],[-84.2475,30.3035],[-84.3464,30.3034],[-84.3408,30.3145],[-84.3029,30.3577],[-84.3015,30.3657],[-84.3111,30.3687],[-84.3152,30.3815],[-84.3269,30.3901],[-84.3568,30.3762],[-84.3634,30.3761],[-84.3651,30.3907],[-84.378,30.3905],[-84.3795,30.3933],[-84.3974,30.3887],[-84.4095,30.3896],[-84.4092,30.3964],[-84.4181,30.4136],[-84.418,30.4188],[-84.4126,30.4242],[-84.4148,30.4295],[-84.4119,30.4431],[-84.4717,30.4388],[-84.4848,30.4413],[-84.5101,30.437],[-84.5106,30.4509],[-84.52,30.4515],[-84.5303,30.4399],[-84.5459,30.4405],[-84.5461,30.4367],[-84.5595,30.434],[-84.5617,30.4378],[-84.5736,30.4225],[-84.591,30.4117],[-84.6069,30.4161],[-84.6127,30.4102],[-84.6253,30.4089],[-84.6397,30.3965],[-84.6429,30.3981],[-84.6479,30.3944],[-84.6464,30.3883],[-84.6806,30.388],[-84.6805,30.4173],[-84.7141,30.4172],[-84.7141,30.4604],[-84.7811,30.4598],[-84.7818,30.5187],[-84.8156,30.5185],[-84.8158,30.5331],[-84.8826,30.5331],[-84.8833,30.5832]]]},"properties":{"name":"HD8","district_number":8,"fips":"12-HD008"}},{"type":"Feature","geometry":{"type":"Polygon","coordinates":[[[-83.5867,30.3036],[-83.8202,30.3035],[-83.8181,30.3042],[-83.8219,30.3075],[-83.8205,30.3131],[-83.8146,30.3176],[-83.8013,30.3153],[-83.7925,30.3192],[-83.7871,30.3316],[-83.7936,30.3355],[-83.7994,30.3472],[-83.8076,30.3487],[-83.8041,30.3531],[-83.8081,30.3647],[-83.8066,30.3693],[-83.8128,30.3773],[-83.8316,30.3852],[-83.8624,30.39],[-83.8872,30.4033],[-83.9157,30.4118],[-83.9556,30.4114],[-84.0497,30.4021],[-84.0749,30.4129],[-84.0758,30.3698],[-84.143,30.3688],[-84.1432,30.3468],[-84.2104,30.3468],[-84.2104,30.3686],[-84.2271,30.3687],[-84.227,30.3758],[-84.2344,30.3758],[-84.2368,30.3814],[-84.2351,30.4108],[-84.2298,30.4124],[-84.2268,30.42],[-84.2121,30.415],[-84.21,30.4115],[-84.2123,30.4272],[-84.2026,30.4291],[-84.2027,30.4388],[-84.2618,30.4418],[-84.2618,30.4344],[-84.2541,30.4303],[-84.2526,30.4168],[-84.2639,30.4168],[-84.264,30.421],[-84.2762,30.4199],[-84.2771,30.4317],[-84.2807,30.4329],[-84.3109,30.4344],[-84.311,30.438],[-84.3172,30.4421],[-84.3162,30.4489],[-84.2908,30.4447],[-84.2908,30.4407],[-84.2807,30.4418],[-84.2807,30.4564],[-84.2918,30.4578],[-84.2919,30.4637],[-84.2772,30.4676],[-84.2773,30.4932],[-84.3089,30.4825],[-84.3217,30.4893],[-84.3311,30.5051],[-84.3428,30.5115],[-84.3832,30.5525],[-84.3789,30.5596],[-84.3819,30.5607],[-84.3816,30.5647],[-84.3779,30.5738],[-84.3724,30.5753],[-84.3699,30.5823],[-84.3609,30.584],[-84.3551,30.5912],[-84.3464,30.5916],[-84.3408,30.6001],[-84.3392,30.597],[-84.332,30.5964],[-84.3302,30.6003],[-84.3335,30.601],[-84.3305,30.6032],[-84.3313,30.607],[-84.3289,30.6066],[-84.3304,30.6086],[-84.326,30.6083],[-84.3275,30.612],[-84.3228,30.6161],[-84.3247,30.618],[-84.3213,30.6209],[-84.3189,30.6187],[-84.3192,30.6219],[-84.3119,30.6269],[-84.3133,30.6305],[-84.3035,30.6348],[-84.3054,30.6372],[-84.3004,30.6402],[-84.3021,30.6508],[-84.2993,30.6537],[-84.304,30.6567],[-84.3011,30.6563],[-84.3024,30.6595],[-84.2991,30.6621],[-84.3024,30.6628],[-84.3,30.6652],[-84.305,30.6692],[-84.2912,30.6723],[-84.2764,30.6678],[-84.2612,30.6677],[-84.2541,30.6843],[-83.4999,30.6457],[-83.3093,30.6344],[-83.3022,30.6308],[-83.2949,30.6323],[-83.2933,30.629],[-83.2746,30.6284],[-83.2686,30.6215],[-83.2671,30.6086],[-83.2565,30.5869],[-83.2626,30.5826],[-83.2596,30.5741],[-83.262,30.5691],[-83.2558,30.5605],[-83.2609,30.553],[-83.2472,30.5408],[-83.2458,30.535],[-83.2497,30.5324],[-83.2451,30.5308],[-83.2389,30.518],[-83.2395,30.5151],[-83.2425,30.5165],[-83.2461,30.5126],[-83.2406,30.5059],[-83.2428,30.502],[-83.2406,30.4936],[-83.245,30.4921],[-83.2418,30.4779],[-83.2438,30.4731],[-83.2177,30.4641],[-83.2177,30.4555],[-83.223,30.4513],[-83.2173,30.4478],[-83.2223,30.4363],[-83.2185,30.4267],[-83.2222,30.4235],[-83.2161,30.418],[-83.2096,30.4211],[-83.2062,30.4121],[-83.1949,30.417],[-83.1803,30.4105],[-83.1745,30.3978],[-83.1783,30.3926],[-83.1731,30.391],[-83.171,30.3852],[-83.1779,30.3841],[-83.1929,30.374],[-83.1936,30.3576],[-83.1903,30.3519],[-83.1983,30.3483],[-83.2087,30.3505],[-83.2126,30.3459],[-83.2079,30.3311],[-83.2144,30.3198],[-83.2099,30.3119],[-83.2125,30.3073],[-83.2258,30.3013],[-83.233,30.292],[-83.2317,30.2838],[-83.2403,30.267],[-83.237,30.2616],[-83.4693,30.2604],[-83.4688,30.3042],[-83.5867,30.3036]]]},"properties":{"name":"HD9","district_number":9,"fips":"12-HD009"}},{"type":"Feature","geometry":{"type":"Polygon","coordinates":[[[-82.7164,30.3212],[-82.7043,30.332],[-82.69,30.3331],[-82.6838,30.3383],[-82.6815,30.3434],[-82.6869,30.3537],[-82.6747,30.3645],[-82.6624,30.37],[-82.6654,30.3793],[-82.6592,30.3827],[-82.658,30.3913],[-82.6473,30.3946],[-82.6455,30.4071],[-82.6499,30.41],[-82.6515,30.4156],[-82.6492,30.4182],[-82.6538,30.4218],[-82.6525,30.4289],[-82.6591,30.4408],[-82.662,30.439],[-82.6729,30.4481],[-82.6683,30.4469],[-82.6663,30.4513],[-82.6623,30.4488],[-82.6633,30.4521],[-82.6712,30.4533],[-82.6802,30.461],[-82.6808,30.4646],[-82.6755,30.4653],[-82.6774,30.472],[-82.6888,30.4721],[-82.7016,30.4774],[-82.6996,30.4797],[-82.7024,30.4835],[-82.6968,30.4845],[-82.6968,30.4896],[-82.7062,30.4925],[-82.7084,30.4984],[-82.7062,30.5045],[-82.7158,30.5059],[-82.7184,30.521],[-82.7236,30.5175],[-82.7286,30.5257],[-82.7269,30.531],[-82.7144,30.5322],[-82.7166,30.5414],[-82.7225,30.548],[-82.7209,30.554],[-82.7268,30.5578],[-82.7228,30.5608],[-82.7247,30.5643],[-82.7185,30.5632],[-82.7149,30.5676],[-82.718,30.5672],[-82.717,30.5697],[-82.7062,30.5748],[-82.7035,30.5816],[-82.7067,30.5843],[-82.6961,30.5916],[-82.6964,30.5963],[-82.6044,30.593],[-82.2147,30.5686],[-82.2342,30.5577],[-82.2344,30.5488],[-82.2389,30.5455],[-82.2404,30.5378],[-82.2308,30.5266],[-82.2303,30.5173],[-82.2251,30.5077],[-82.2126,30.5006],[-82.2012,30.4851],[-82.2032,30.4822],[-82.201,30.4747],[-82.2064,30.4685],[-82.2077,30.4604],[-82.2038,30.445],[-82.2109,30.4254],[-82.1992,30.3898],[-82.1942,30.3892],[-82.1918,30.3847],[-82.1928,30.3791],[-82.1899,30.3762],[-82.1848,30.3789],[-82.1835,30.3733],[-82.1802,30.3726],[-82.181,30.3686],[-82.1737,30.3651],[-82.1702,30.359],[-82.1618,30.3571],[-82.14,30.3649],[-82.1339,30.3622],[-82.1264,30.3683],[-82.1182,30.3644],[-82.1158,30.3681],[-82.1103,30.3652],[-82.1051,30.3689],[-82.1011,30.3628],[-82.0811,30.3588],[-82.0727,30.3614],[-82.0662,30.3558],[-82.0624,30.3607],[-82.0581,30.3592],[-82.05,30.3625],[-82.0461,29.7471],[-82.0492,29.7187],[-82.0556,29.7182],[-82.0503,29.7155],[-82.0503,29.7097],[-82.0782,29.707],[-82.0989,29.7136],[-82.1324,29.7165],[-82.1527,29.7138],[-82.1809,29.6999],[-82.1937,29.7037],[-82.1997,29.715],[-82.212,29.7232],[-82.2447,29.7276],[-82.2492,29.7302],[-82.2471,29.732],[-82.2768,29.7342],[-82.2789,29.7608],[-82.2965,29.7572],[-82.3181,29.759],[-82.3205,29.7559],[-82.3296,29.7556],[-82.344,29.7621],[-82.3463,29.7668],[-82.3518,29.7668],[-82.3573,29.7573],[-82.3724,29.7777],[-82.4117,29.7778],[-82.4091,29.7703],[-82.4034,29.77],[-82.4032,29.7615],[-82.3811,29.7361],[-82.3888,29.7362],[-82.3888,29.7322],[-82.4055,29.7325],[-82.4055,29.7185],[-82.3987,29.7179],[-82.3971,29.7215],[-82.3954,29.7179],[-82.399,29.7033],[-82.3972,29.696],[-82.3889,29.6965],[-82.3889,29.6938],[-82.3972,29.6932],[-82.3974,29.6887],[-82.4465,29.689],[-82.4658,29.7162],[-82.472,29.7181],[-82.4938,29.7183],[-82.4965,29.6974],[-82.5564,29.6979],[-82.557,29.7133],[-82.6071,29.7128],[-82.6072,29.7274],[-82.6175,29.7272],[-82.6196,29.7419],[-82.629,29.7416],[-82.6291,29.7453],[-82.6239,29.7456],[-82.624,29.7491],[-82.6572,29.7515],[-82.6586,29.8301],[-82.6945,29.8344],[-82.7042,29.8383],[-82.7092,29.8474],[-82.7329,29.8565],[-82.7374,29.8651],[-82.7449,29.8694],[-82.7529,29.8802],[-82.7536,29.8935],[-82.759,29.8989],[-82.7693,29.8977],[-82.765,29.9078],[-82.7711,29.9085],[-82.7743,29.9124],[-82.7699,29.9278],[-82.7805,29.9258],[-82.7841,29.9329],[-82.7893,29.9326],[-82.7911,29.9355],[-82.7942,29.9314],[-82.8005,29.9321],[-82.7915,29.9421],[-82.7858,29.9549],[-82.762,29.9646],[-82.7586,29.9757],[-82.7604,29.9862],[-82.794,29.9862],[-82.7946,30.337],[-82.7921,30.3359],[-82.793,30.3269],[-82.789,30.3278],[-82.7882,30.3239],[-82.7774,30.3233],[-82.7632,30.3309],[-82.7596,30.3282],[-82.7608,30.3243],[-82.7454,30.3174],[-82.7364,30.3285],[-82.7241,30.3339],[-82.7248,30.3283],[-82.7164,30.3212]]]},"properties":{"name":"HD10","district_number":10,"fips":"12-HD010"}},{"type":"Feature","geometry":{"type":"Polygon","coordinates":[[[-81.8741,30.0627],[-81.8961,30.0404],[-81.9305,30.0406],[-81.9305,30.0562],[-82.0492,30.0559],[-82.0494,30.1869],[-81.7389,30.1893],[-81.7335,30.1935],[-81.7035,30.189],[-81.7026,30.1915],[-81.6796,30.1905],[-81.6817,30.1814],[-81.6905,30.1719],[-81.6918,30.1423],[-81.68,30.1191],[-81.6806,30.0827],[-81.6889,30.0649],[-81.6905,30.0428],[-81.7107,30.0414],[-81.7171,30.0463],[-81.72,30.0423],[-81.7165,30.0382],[-81.7422,30.0191],[-81.7803,30.0195],[-81.8014,30.024],[-81.8097,30.0301],[-81.826,30.0344],[-81.8642,30.0544],[-81.8741,30.0627]]]},"properties":{"name":"HD11","district_number":11,"fips":"12-HD011"}},{"type":"Feature","geometry":{"type":"Polygon","coordinates":[[[-81.6002,30.2059],[-81.6,30.2021],[-81.6082,30.2019],[-81.6081,30.1983],[-81.6123,30.1983],[-81.6123,30.1957],[-81.5975,30.1588],[-81.5965,30.1341],[-81.6012,30.1305],[-81.6238,30.1336],[-81.6505,30.1215],[-81.6802,30.1212],[-81.6918,30.1423],[-81.6905,30.1719],[-81.6817,30.1814],[-81.6796,30.1905],[-81.7026,30.1915],[-81.7035,30.189],[-81.7335,30.1935],[-81.7389,30.1893],[-81.8265,30.1887],[-81.8169,30.2172],[-81.8086,30.2241],[-81.7992,30.2476],[-81.7342,30.2475],[-81.7346,30.2543],[-81.7288,30.2578],[-81.7171,30.2737],[-81.706,30.2808],[-81.7102,30.2873],[-81.7064,30.2878],[-81.6955,30.3034],[-81.6772,30.3104],[-81.6749,30.3161],[-81.6675,30.3144],[-81.6597,30.3224],[-81.6271,30.3149],[-81.6016,30.2968],[-81.603,30.2774],[-81.6204,30.2649],[-81.5891,30.2207],[-81.5929,30.2207],[-81.5963,30.206],[-81.6002,30.2059]]]},"properties":{"name":"HD12","district_number":12,"fips":"12-HD012"}},{"type":"Feature","geometry":{"type":"Polygon","coordinates":[[[-81.6801,30.3098],[-81.6955,30.3034],[-81.7064,30.2878],[-81.7097,30.2883],[-81.706,30.2808],[-81.7171,30.2737],[-81.7288,30.2578],[-81.7346,30.2543],[-81.7342,30.2475],[-81.7969,30.2477],[-81.8293,30.2671],[-81.837,30.2796],[-81.8425,30.2977],[-81.8507,30.3024],[-81.8544,30.3086],[-81.8485,30.309],[-81.8487,30.3347],[-81.8409,30.3541],[-81.84,30.389],[-81.835,30.3926],[-81.8136,30.394],[-81.8098,30.4031],[-81.8001,30.4048],[-81.7984,30.4108],[-81.7845,30.4202],[-81.7751,30.4122],[-81.7752,30.4157],[-81.757,30.4159],[-81.7526,30.4083],[-81.7406,30.4161],[-81.7294,30.4179],[-81.6974,30.4151],[-81.6972,30.4004],[-81.6998,30.3984],[-81.6962,30.3951],[-81.6991,30.3824],[-81.683,30.3693],[-81.6684,30.3515],[-81.6688,30.3366],[-81.6815,30.3209],[-81.6745,30.3161],[-81.6801,30.3098]]]},"properties":{"name":"HD13","district_number":13,"fips":"12-HD013"}},{"type":"Feature","geometry":{"type":"Polygon","coordinates":[[[-81.6271,30.3149],[-81.6583,30.3223],[-81.6641,30.3207],[-81.6675,30.3144],[-81.6813,30.3194],[-81.679,30.3268],[-81.6688,30.3366],[-81.6684,30.3515],[-81.683,30.3693],[-81.6991,30.3824],[-81.6962,30.3951],[-81.6998,30.3984],[-81.6972,30.4004],[-81.6974,30.4151],[-81.729,30.418],[-81.7406,30.4161],[-81.7142,30.4515],[-81.6859,30.4603],[-81.6495,30.4602],[-81.6252,30.4556],[-81.6098,30.4464],[-81.5908,30.4418],[-81.5669,30.4208],[-81.564,30.4016],[-81.5516,30.3704],[-81.5552,30.3549],[-81.5523,30.3491],[-81.5522,30.3326],[-81.5591,30.3231],[-81.5592,30.2866],[-81.602,30.2926],[-81.6016,30.2968],[-81.6271,30.3149]]]},"properties":{"name":"HD14","district_number":14,"fips":"12-HD014"}},{"type":"Feature","geometry":{"type":"Polygon","coordinates":[[[-81.4654,30.7113],[-81.4315,30.7087],[-81.4037,30.7098],[-81.4042,30.7124],[-81.347,30.7124],[-81.3464,30.7014],[-81.3516,30.6857],[-81.3734,30.6628],[-81.3748,30.6565],[-81.382,30.6159],[-81.3803,30.5632],[-81.375,30.5328],[-81.358,30.5002],[-81.3524,30.4821],[-81.3536,30.4467],[-81.3387,30.4382],[-81.3249,30.4247],[-81.3169,30.4077],[-81.3173,30.3961],[-81.3887,30.397],[-81.4236,30.403],[-81.439,30.3865],[-81.4503,30.3809],[-81.4708,30.392],[-81.5126,30.3927],[-81.5366,30.3887],[-81.5384,30.3857],[-81.5569,30.3851],[-81.564,30.4016],[-81.5669,30.4208],[-81.5915,30.4421],[-81.6098,30.4464],[-81.6245,30.4554],[-81.6488,30.4601],[-81.6964,30.4586],[-81.7167,30.4497],[-81.7371,30.4188],[-81.7526,30.4083],[-81.757,30.4159],[-81.7752,30.4157],[-81.7751,30.4122],[-81.7845,30.4202],[-81.7984,30.4108],[-81.8001,30.4048],[-81.8098,30.4031],[-81.8136,30.394],[-81.835,30.3926],[-81.84,30.389],[-81.8409,30.3541],[-81.8487,30.3347],[-81.8485,30.309],[-81.8544,30.3086],[-81.8507,30.3024],[-81.8425,30.2977],[-81.837,30.2796],[-81.8293,30.2671],[-81.7969,30.2477],[-81.8024,30.2434],[-81.8086,30.224],[-81.8168,30.2173],[-81.8265,30.1887],[-82.0494,30.1869],[-82.05,30.3625],[-82.0421,30.3654],[-82.0445,30.3677],[-82.0372,30.372],[-82.0382,30.3822],[-82.0358,30.385],[-82.0447,30.404],[-82.0413,30.4067],[-82.0439,30.408],[-82.0409,30.4149],[-82.0438,30.4149],[-82.0341,30.42],[-82.036,30.425],[-82.0338,30.4277],[-82.04,30.4367],[-82.0281,30.4473],[-82.0283,30.4554],[-82.0223,30.4614],[-82.0236,30.4672],[-82.0169,30.4751],[-82.0192,30.483],[-82.0156,30.484],[-82.018,30.4921],[-82.0146,30.5123],[-82.0155,30.5201],[-82.0186,30.5195],[-82.0163,30.5219],[-82.0182,30.5275],[-82.0154,30.5285],[-82.0183,30.5285],[-82.0191,30.533],[-82.0134,30.5424],[-82.0132,30.55],[-82.0084,30.5545],[-82.0107,30.5607],[-82.0054,30.5636],[-82.0084,30.5637],[-82.0058,30.5651],[-82.0082,30.5697],[-82.0061,30.5771],[-82.0122,30.5863],[-82.0151,30.6006],[-82.0272,30.6067],[-82.0283,30.622],[-82.0316,30.6195],[-82.0317,30.625],[-82.035,30.6268],[-82.0332,30.6295],[-82.0367,30.63],[-82.0405,30.6361],[-82.0386,30.641],[-82.0416,30.649],[-82.0484,30.6543],[-82.0494,30.6588],[-82.046,30.6664],[-82.0503,30.6761],[-82.0412,30.691],[-82.0429,30.7009],[-82.0396,30.7007],[-82.0359,30.7062],[-82.0385,30.7226],[-82.0456,30.7273],[-82.0389,30.7362],[-82.0393,30.7494],[-82.0361,30.7548],[-82.0315,30.7503],[-82.0179,30.7548],[-82.0202,30.7578],[-82.0112,30.7631],[-82.0236,30.7831],[-82.0227,30.7879],[-82.0077,30.793],[-81.9885,30.7802],[-81.9777,30.7766],[-81.9725,30.7799],[-81.969,30.7913],[-81.9623,30.7967],[-81.965,30.8068],[-81.9612,30.814],[-81.9645,30.8171],[-81.9598,30.8212],[-81.9496,30.8279],[-81.9418,30.8256],[-81.9428,30.8285],[-81.9391,30.8272],[-81.9388,30.8299],[-81.9335,30.8234],[-81.9353,30.8211],[-81.9287,30.8175],[-81.9091,30.8157],[-81.9042,30.8186],[-81.907,30.8265],[-81.9014,30.8299],[-81.892,30.8249],[-81.8914,30.8166],[-81.8847,30.8114],[-81.8827,30.8003],[-81.8711,30.798],[-81.8685,30.7929],[-81.8527,30.7949],[-81.8459,30.7908],[-81.8403,30.7926],[-81.8419,30.7876],[-81.8395,30.7866],[-81.8075,30.7901],[-81.7972,30.7815],[-81.7971,30.785],[-81.7929,30.7872],[-81.7838,30.7733],[-81.7867,30.7698],[-81.7828,30.7666],[-81.7825,30.7614],[-81.7716,30.7641],[-81.7736,30.768],[-81.7694,30.7771],[-81.7408,30.765],[-81.7422,30.7593],[-81.7319,30.755],[-81.7321,30.7498],[-81.7201,30.7447],[-81.6939,30.7485],[-81.6892,30.7416],[-81.6725,30.7388],[-81.6688,30.7425],[-81.6708,30.7474],[-81.6799,30.7447],[-81.6831,30.7485],[-81.6627,30.7543],[-81.6597,30.7497],[-81.663,30.7435],[-81.6518,30.7422],[-81.6541,30.7331],[-81.6522,30.7289],[-81.6436,30.7282],[-81.6366,30.7339],[-81.6304,30.7281],[-81.6283,30.7354],[-81.6244,30.7363],[-81.6207,30.731],[-81.623,30.7235],[-81.6142,30.7224],[-81.6096,30.7159],[-81.6061,30.7187],[-81.6058,30.7273],[-81.6019,30.7296],[-81.5965,30.7275],[-81.5962,30.7187],[-81.5877,30.7236],[-81.5742,30.7225],[-81.5635,30.7175],[-81.5614,30.7117],[-81.5484,30.7183],[-81.5376,30.7087],[-81.5339,30.7118],[-81.5323,30.7241],[-81.5099,30.7226],[-81.4885,30.7263],[-81.4755,30.7147],[-81.4654,30.7113]]]},"properties":{"name":"HD15","district_number":15,"fips":"12-HD015"}},{"type":"Feature","geometry":{"type":"Polygon","coordinates":[[[-81.5073,30.3913],[-81.4708,30.392],[-81.4503,30.3809],[-81.439,30.3865],[-81.4236,30.403],[-81.3887,30.397],[-81.3173,30.3961],[-81.3216,30.3786],[-81.3354,30.3613],[-81.3306,30.2995],[-81.3179,30.2529],[-81.4369,30.2523],[-81.4371,30.2573],[-81.4511,30.2531],[-81.4549,30.2877],[-81.5592,30.2866],[-81.5591,30.3234],[-81.5521,30.334],[-81.5552,30.3549],[-81.5516,30.3704],[-81.5569,30.3851],[-81.5384,30.3857],[-81.5366,30.3887],[-81.5126,30.3927],[-81.5073,30.3913]]]},"properties":{"name":"HD16","district_number":16,"fips":"12-HD016"}},{"type":"Feature","geometry":{"type":"Polygon","coordinates":[[[-81.4543,30.279],[-81.4527,30.2542],[-81.4371,30.2573],[-81.4338,30.1055],[-81.5387,30.1038],[-81.539,30.1199],[-81.5678,30.1178],[-81.5809,30.1261],[-81.5905,30.1258],[-81.6012,30.1305],[-81.5957,30.1365],[-81.5957,30.1488],[-81.6123,30.1983],[-81.6081,30.1983],[-81.6082,30.2019],[-81.6,30.2021],[-81.6002,30.2059],[-81.5963,30.206],[-81.5964,30.2131],[-81.5934,30.2132],[-81.5929,30.2207],[-81.5891,30.2207],[-81.6204,30.2649],[-81.603,30.2774],[-81.602,30.2926],[-81.5595,30.2866],[-81.4549,30.2877],[-81.4543,30.279]]]},"properties":{"name":"HD17","district_number":17,"fips":"12-HD017"}},{"type":"Feature","geometry":{"type":"Polygon","coordinates":[[[-81.5438,29.9593],[-81.5656,29.9759],[-81.5731,29.9728],[-81.5801,29.9754],[-81.5838,29.9809],[-81.5814,29.9839],[-81.5833,29.9867],[-81.5901,29.985],[-81.6008,29.9903],[-81.6051,29.9868],[-81.6122,29.9885],[-81.6244,29.9813],[-81.6711,30.0072],[-81.6828,30.0167],[-81.6889,30.0286],[-81.6905,30.0432],[-81.6889,30.0649],[-81.6806,30.0827],[-81.6802,30.1212],[-81.6505,30.1215],[-81.6238,30.1336],[-81.6123,30.1329],[-81.5905,30.1258],[-81.5809,30.1261],[-81.5678,30.1178],[-81.539,30.1199],[-81.5387,30.1038],[-81.4338,30.1055],[-81.4369,30.2523],[-81.3202,30.2529],[-81.2551,30.0003],[-81.2352,29.9423],[-81.2263,29.9278],[-81.2996,29.9084],[-81.3129,29.9364],[-81.3169,29.9549],[-81.3316,29.9489],[-81.3305,29.9455],[-81.3365,29.943],[-81.335,29.9404],[-81.3438,29.9385],[-81.3428,29.9293],[-81.3608,29.9212],[-81.3608,29.9161],[-81.3932,29.9136],[-81.4315,29.922],[-81.4623,29.9093],[-81.5078,29.9064],[-81.5242,29.9131],[-81.5228,29.9216],[-81.5287,29.9418],[-81.5438,29.9593]]]},"properties":{"name":"HD18","district_number":18,"fips":"12-HD018"}},{"type":"Feature","geometry":{"type":"Polygon","coordinates":[[[-81.1508,29.6711],[-81.1198,29.5967],[-81.0802,29.5184],[-81.0419,29.4329],[-81.111,29.4269],[-81.1487,29.4168],[-81.1482,29.4119],[-81.1559,29.411],[-81.1501,29.266],[-81.4173,29.2612],[-81.4207,29.3997],[-81.4269,29.3969],[-81.4336,29.3998],[-81.455,29.3897],[-81.4681,29.3923],[-81.4788,29.3991],[-81.4809,29.4165],[-81.4862,29.4253],[-81.4876,29.4483],[-81.5205,29.4965],[-81.5237,29.6224],[-81.3241,29.6256],[-81.3243,29.6535],[-81.3281,29.656],[-81.2874,29.6589],[-81.312,29.7508],[-81.3231,29.8166],[-81.3228,29.8512],[-81.3324,29.8513],[-81.3336,29.8674],[-81.3397,29.8678],[-81.3443,29.864],[-81.3606,29.9011],[-81.3608,29.9212],[-81.3428,29.9293],[-81.344,29.9383],[-81.335,29.9404],[-81.3365,29.943],[-81.3305,29.9455],[-81.3316,29.9489],[-81.3169,29.9549],[-81.3129,29.9364],[-81.2996,29.9084],[-81.2263,29.9278],[-81.2093,29.8753],[-81.2052,29.8224],[-81.1928,29.7783],[-81.1674,29.7231],[-81.1508,29.6711]]]},"properties":{"name":"HD19","district_number":19,"fips":"12-HD019"}},{"type":"Feature","geometry":{"type":"Polygon","coordinates":[[[-82.0559,29.4712],[-82.0561,29.6569],[-82.0491,29.7134],[-82.0556,29.7182],[-82.0492,29.7187],[-82.0461,29.7471],[-82.0492,30.0559],[-81.9305,30.0562],[-81.9305,30.0406],[-81.8961,30.0404],[-81.8741,30.0627],[-81.8642,30.0544],[-81.8014,30.024],[-81.7679,30.0188],[-81.7418,30.0193],[-81.7165,30.0382],[-81.72,30.0423],[-81.7171,30.0463],[-81.7107,30.0414],[-81.6905,30.0428],[-81.6889,30.0286],[-81.6809,30.0147],[-81.6336,29.9864],[-81.6244,29.9813],[-81.6122,29.9885],[-81.6051,29.9868],[-81.6008,29.9903],[-81.5901,29.985],[-81.5833,29.9867],[-81.5831,29.9787],[-81.5785,29.9743],[-81.5731,29.9728],[-81.5656,29.9759],[-81.5533,29.9675],[-81.5287,29.9418],[-81.5228,29.9216],[-81.5242,29.9131],[-81.5105,29.9071],[-81.4946,29.9054],[-81.4625,29.9093],[-81.4315,29.922],[-81.3932,29.9136],[-81.3608,29.9161],[-81.3606,29.9011],[-81.3441,29.8637],[-81.3397,29.8678],[-81.3336,29.8674],[-81.3324,29.8513],[-81.3228,29.8512],[-81.3231,29.8166],[-81.312,29.7508],[-81.2874,29.6589],[-81.3281,29.656],[-81.3243,29.6535],[-81.3241,29.6256],[-81.5237,29.6224],[-81.5199,29.4949],[-81.4876,29.4483],[-81.486,29.4242],[-81.4809,29.4165],[-81.4775,29.3972],[-81.455,29.3897],[-81.4336,29.3982],[-81.4399,29.3914],[-81.4401,29.3855],[-81.4507,29.3785],[-81.6809,29.3244],[-81.6721,29.3053],[-81.6664,29.3006],[-81.6558,29.3],[-81.6522,29.2966],[-81.6419,29.2768],[-81.642,29.2701],[-81.7272,29.2691],[-81.7272,29.2482],[-81.7394,29.2498],[-81.7419,29.2475],[-81.7416,29.2365],[-81.7706,29.2396],[-81.7706,29.226],[-81.8056,29.2263],[-81.8052,29.2097],[-81.8274,29.2094],[-81.827,29.1831],[-81.8243,29.1764],[-81.8377,29.176],[-81.8478,29.1721],[-81.8664,29.1723],[-81.9043,29.1872],[-81.9178,29.199],[-81.9288,29.1982],[-81.9529,29.2124],[-82.0396,29.2196],[-82.0562,29.2179],[-82.0578,29.2119],[-82.0661,29.2109],[-82.0704,29.2119],[-82.0703,29.2213],[-82.0786,29.2188],[-82.0801,29.2229],[-82.091,29.223],[-82.091,29.219],[-82.1017,29.2188],[-82.1027,29.2157],[-82.1074,29.2188],[-82.1069,29.2157],[-82.1115,29.2158],[-82.1115,29.223],[-82.1239,29.2231],[-82.1137,29.2595],[-82.0937,29.2593],[-82.1082,29.2919],[-82.1135,29.292],[-82.1161,29.3097],[-82.1126,29.3328],[-82.1138,29.405],[-82.1099,29.4118],[-82.1059,29.4119],[-82.1052,29.4376],[-82.0992,29.4368],[-82.0957,29.4301],[-82.0999,29.4187],[-82.0956,29.4205],[-82.0945,29.4304],[-82.0901,29.4308],[-82.0865,29.4267],[-82.0883,29.4293],[-82.0861,29.4311],[-82.0889,29.4329],[-82.0809,29.4404],[-82.0705,29.4342],[-82.0713,29.4433],[-82.0568,29.44],[-82.0559,29.4712]]]},"properties":{"name":"HD20","district_number":20,"fips":"12-HD020"}},{"type":"Feature","geometry":{"type":"Polygon","coordinates":[[[-82.2183,29.2056],[-82.2181,29.2221],[-82.2353,29.2283],[-82.235,29.2671],[-82.2595,29.2676],[-82.2913,29.2823],[-82.3702,29.2828],[-82.4046,29.2789],[-82.4066,29.4851],[-82.4129,29.4851],[-82.4066,29.4955],[-82.406,29.5241],[-82.3909,29.5568],[-82.3925,29.5759],[-82.4228,29.5765],[-82.4238,29.5977],[-82.4202,29.5995],[-82.4227,29.6028],[-82.4224,29.6596],[-82.4089,29.6595],[-82.4087,29.6511],[-82.4021,29.6482],[-82.3983,29.6399],[-82.3726,29.6393],[-82.3725,29.6303],[-82.3418,29.6396],[-82.3354,29.64],[-82.3354,29.6366],[-82.3298,29.6364],[-82.3313,29.6472],[-82.3279,29.6519],[-82.335,29.6521],[-82.3392,29.6592],[-82.3392,29.6667],[-82.3432,29.6667],[-82.3432,29.674],[-82.3532,29.6827],[-82.3532,29.6858],[-82.3474,29.6864],[-82.3473,29.7033],[-82.3721,29.7044],[-82.3701,29.7178],[-82.3857,29.7174],[-82.3884,29.7218],[-82.4055,29.7185],[-82.4055,29.7325],[-82.3888,29.7322],[-82.3888,29.7362],[-82.3811,29.7361],[-82.4032,29.7615],[-82.4034,29.77],[-82.4091,29.7703],[-82.4117,29.7778],[-82.3724,29.7777],[-82.3573,29.7573],[-82.3518,29.7668],[-82.3463,29.7668],[-82.344,29.7621],[-82.3296,29.7556],[-82.3205,29.7559],[-82.3181,29.759],[-82.2965,29.7572],[-82.2789,29.7608],[-82.2768,29.7342],[-82.2471,29.732],[-82.2492,29.7302],[-82.2447,29.7276],[-82.212,29.7232],[-82.1997,29.715],[-82.1937,29.7037],[-82.1809,29.6999],[-82.1527,29.7138],[-82.1324,29.7165],[-82.0989,29.7136],[-82.0782,29.707],[-82.0503,29.7097],[-82.0561,29.6569],[-82.0556,29.4419],[-82.063,29.4394],[-82.0672,29.4438],[-82.0713,29.4433],[-82.0705,29.4342],[-82.0809,29.4404],[-82.0889,29.4329],[-82.0861,29.4311],[-82.0883,29.4293],[-82.0865,29.4267],[-82.0901,29.4308],[-82.0945,29.4304],[-82.0956,29.4205],[-82.0999,29.4187],[-82.0957,29.4301],[-82.0992,29.4368],[-82.1052,29.4376],[-82.1059,29.4119],[-82.1099,29.4118],[-82.1139,29.4048],[-82.1126,29.3328],[-82.1161,29.3097],[-82.1135,29.292],[-82.1082,29.2919],[-82.0937,29.2593],[-82.1137,29.2595],[-82.1239,29.2231],[-82.1115,29.223],[-82.1116,29.2152],[-82.126,29.2153],[-82.1297,29.1996],[-82.1033,29.2005],[-82.1032,29.1871],[-82.1335,29.1871],[-82.1343,29.1716],[-82.1597,29.1734],[-82.1674,29.1674],[-82.185,29.1682],[-82.1849,29.1864],[-82.2186,29.1865],[-82.2183,29.2056]]]},"properties":{"name":"HD21","district_number":21,"fips":"12-HD021"}},{"type":"Feature","geometry":{"type":"Polygon","coordinates":[[[-83.0486,29.3791],[-83.0339,29.3906],[-83.033,29.398],[-83.0233,29.3986],[-83.0259,29.4057],[-83.0218,29.4131],[-83.0269,29.419],[-83.018,29.4186],[-83.0158,29.4214],[-83.0212,29.4312],[-83.0128,29.4398],[-83.0128,29.4459],[-83.002,29.4565],[-83.0005,29.4627],[-82.9899,29.4634],[-82.9845,29.4699],[-82.9868,29.4765],[-82.9819,29.4854],[-82.9843,29.4963],[-82.9829,29.5154],[-82.9795,29.5184],[-82.9727,29.5173],[-82.9694,29.5223],[-82.9786,29.5319],[-82.9774,29.5399],[-82.9475,29.5582],[-82.9487,29.5659],[-82.9445,29.5823],[-82.9377,29.5872],[-82.9373,29.5912],[-82.9418,29.5932],[-82.9488,29.5854],[-82.9555,29.5861],[-82.9624,29.6019],[-82.9722,29.609],[-82.9677,29.6166],[-82.9731,29.6243],[-82.9563,29.6396],[-82.9576,29.6554],[-82.9518,29.6598],[-82.9592,29.6705],[-82.9544,29.6767],[-82.9594,29.6843],[-82.9574,29.7005],[-82.9521,29.704],[-82.9453,29.6999],[-82.937,29.7032],[-82.9433,29.7049],[-82.9475,29.7122],[-82.9566,29.7184],[-82.9541,29.7225],[-82.9464,29.715],[-82.9432,29.7176],[-82.9435,29.7221],[-82.9499,29.7256],[-82.9389,29.7437],[-82.9387,29.7497],[-82.9413,29.754],[-82.9492,29.7537],[-82.9497,29.7579],[-82.9368,29.7847],[-82.92,29.7952],[-82.9216,29.7985],[-82.9349,29.8039],[-82.9354,29.8095],[-82.93,29.8185],[-82.9221,29.8239],[-82.9108,29.8208],[-82.8929,29.8275],[-82.8884,29.8501],[-82.8756,29.8665],[-82.8753,29.8807],[-82.8793,29.8882],[-82.8745,29.8907],[-82.8717,29.8985],[-82.8668,29.8988],[-82.8676,29.9028],[-82.8626,29.9114],[-82.8516,29.9139],[-82.8419,29.9119],[-82.8394,29.9146],[-82.8315,29.9128],[-82.8233,29.9231],[-82.8085,29.9331],[-82.7942,29.9314],[-82.7911,29.9355],[-82.7893,29.9326],[-82.7841,29.9329],[-82.7805,29.9258],[-82.7699,29.9278],[-82.7743,29.9124],[-82.7711,29.9085],[-82.765,29.9078],[-82.7693,29.8977],[-82.759,29.8989],[-82.7536,29.8935],[-82.7529,29.8802],[-82.7449,29.8694],[-82.7374,29.8651],[-82.7329,29.8565],[-82.7092,29.8474],[-82.7042,29.8383],[-82.6945,29.8344],[-82.6586,29.8301],[-82.6572,29.7515],[-82.624,29.7491],[-82.6239,29.7456],[-82.6291,29.7453],[-82.629,29.7416],[-82.6196,29.7419],[-82.6175,29.7272],[-82.6072,29.7274],[-82.6071,29.7128],[-82.557,29.7133],[-82.5564,29.6979],[-82.4965,29.6974],[-82.4938,29.7183],[-82.472,29.7181],[-82.4658,29.7162],[-82.4465,29.689],[-82.3974,29.6887],[-82.3972,29.6932],[-82.3897,29.6926],[-82.3889,29.6965],[-82.3972,29.696],[-82.399,29.7016],[-82.3955,29.7112],[-82.3971,29.7215],[-82.3884,29.7218],[-82.3857,29.7174],[-82.3701,29.7178],[-82.3721,29.7044],[-82.3473,29.7033],[-82.3474,29.6864],[-82.3532,29.6858],[-82.3532,29.6827],[-82.3432,29.674],[-82.3432,29.6667],[-82.3392,29.6667],[-82.3392,29.6592],[-82.335,29.6521],[-82.3279,29.652],[-82.3313,29.6472],[-82.3298,29.6364],[-82.3354,29.6366],[-82.3354,29.64],[-82.3418,29.6396],[-82.3725,29.6303],[-82.3726,29.6393],[-82.3983,29.6399],[-82.4021,29.6482],[-82.4087,29.6511],[-82.4089,29.6595],[-82.4224,29.6596],[-82.4227,29.6028],[-82.4202,29.5995],[-82.4238,29.5977],[-82.4228,29.5765],[-82.3925,29.5759],[-82.3909,29.5568],[-82.406,29.5241],[-82.4066,29.4955],[-82.4129,29.4851],[-82.4066,29.4851],[-82.4032,29.2156],[-82.5349,29.2147],[-82.5356,29.0449],[-82.5458,29.0418],[-82.556,29.0339],[-82.5641,29.0358],[-82.577,29.0281],[-82.596,29.0296],[-82.6017,29.0213],[-82.6021,29.0135],[-82.6127,29.0093],[-82.6385,29.018],[-82.6405,29.0215],[-82.6752,29.0261],[-82.6771,29.0306],[-82.6898,29.034],[-82.7028,29.0328],[-82.7166,29.0282],[-82.7281,29.0148],[-82.741,29.0121],[-82.7423,29.008],[-82.7554,29.0019],[-82.7548,28.9975],[-82.7616,28.9921],[-83.1879,28.9866],[-83.2206,29.0195],[-83.2537,29.0765],[-83.2639,29.1145],[-83.2621,29.1557],[-83.292,29.1729],[-83.3152,29.1931],[-83.3331,29.2159],[-83.3462,29.2419],[-83.1648,29.2892],[-83.1581,29.3022],[-83.148,29.3078],[-83.142,29.3226],[-83.113,29.3181],[-83.1119,29.3247],[-83.1045,29.3254],[-83.0988,29.3369],[-83.0904,29.3328],[-83.0822,29.3399],[-83.0617,29.3484],[-83.0614,29.3527],[-83.0721,29.3539],[-83.0623,29.3642],[-83.0656,29.3727],[-83.0569,29.3783],[-83.0486,29.3791]]]},"properties":{"name":"HD22","district_number":22,"fips":"12-HD022"}},{"type":"Feature","geometry":{"type":"Polygon","coordinates":[[[-82.4514,28.6948],[-82.8895,28.6932],[-82.8904,28.7],[-82.917,28.7481],[-82.9254,28.7755],[-82.9272,28.8136],[-82.9158,28.8565],[-82.9317,28.8815],[-82.9418,28.9068],[-82.9469,28.9348],[-82.9456,28.9638],[-82.9726,28.9535],[-83.0016,28.9473],[-83.0822,28.9462],[-83.1353,28.9575],[-83.1603,28.9689],[-83.1879,28.9866],[-82.7616,28.9921],[-82.7548,28.9975],[-82.7554,29.0019],[-82.7423,29.008],[-82.741,29.0121],[-82.7277,29.0151],[-82.7166,29.0282],[-82.6898,29.034],[-82.6771,29.0306],[-82.6752,29.0261],[-82.6405,29.0215],[-82.6282,29.0136],[-82.6075,29.0104],[-82.6013,29.0146],[-82.6017,29.0213],[-82.596,29.0296],[-82.577,29.0281],[-82.5641,29.0358],[-82.556,29.0339],[-82.5458,29.0418],[-82.5356,29.0449],[-82.5349,29.2147],[-82.3676,29.2157],[-82.368,29.1873],[-82.3515,29.1873],[-82.3517,29.1471],[-82.3227,29.1451],[-82.3227,29.1506],[-82.3023,29.1504],[-82.3031,29.0556],[-82.2835,29.0537],[-82.3496,28.9887],[-82.3416,28.9879],[-82.3211,28.9735],[-82.3158,28.9733],[-82.3113,28.9584],[-82.2977,28.949],[-82.2959,28.9384],[-82.29,28.9356],[-82.2736,28.8972],[-82.2425,28.8768],[-82.2401,28.8668],[-82.232,28.8566],[-82.2192,28.8508],[-82.2069,28.8406],[-82.205,28.8348],[-82.1836,28.8236],[-82.1793,28.8033],[-82.1698,28.7967],[-82.1693,28.7919],[-82.1845,28.7831],[-82.1879,28.7778],[-82.1882,28.7717],[-82.1822,28.7689],[-82.1848,28.7618],[-82.2078,28.7566],[-82.2132,28.7477],[-82.2169,28.7481],[-82.2186,28.744],[-82.2314,28.7361],[-82.2327,28.7307],[-82.2491,28.7178],[-82.2512,28.7054],[-82.2485,28.7019],[-82.26,28.6827],[-82.2631,28.6676],[-82.418,28.6659],[-82.4184,28.6949],[-82.4514,28.6948]]]},"properties":{"name":"HD23","district_number":23,"fips":"12-HD023"}},{"type":"Feature","geometry":{"type":"Polygon","coordinates":[[[-82.0537,29.1395],[-82.0535,29.077],[-82.037,29.0769],[-82.037,29.0641],[-82.0391,29.064],[-82.037,29.0577],[-82.0411,29.0555],[-82.0232,29.0308],[-82.0314,29.0301],[-82.031,29.0176],[-82.0368,29.0068],[-82.04,28.9856],[-82.0402,28.9601],[-82.3117,28.9604],[-82.3158,28.9733],[-82.3211,28.9735],[-82.3416,28.9879],[-82.3496,28.9887],[-82.2835,29.0537],[-82.3031,29.0556],[-82.3023,29.1504],[-82.3227,29.1506],[-82.3227,29.1451],[-82.3517,29.1471],[-82.3515,29.1873],[-82.368,29.1873],[-82.3676,29.2157],[-82.4032,29.2156],[-82.4046,29.2789],[-82.3702,29.2828],[-82.2913,29.2823],[-82.2595,29.2676],[-82.235,29.2671],[-82.2353,29.2283],[-82.2181,29.2221],[-82.2186,29.1865],[-82.1849,29.1864],[-82.185,29.1682],[-82.1674,29.1674],[-82.1597,29.1734],[-82.1343,29.1716],[-82.1335,29.1871],[-82.1032,29.1871],[-82.1033,29.2005],[-82.1297,29.1996],[-82.126,29.2153],[-82.1069,29.2157],[-82.1074,29.2188],[-82.1022,29.2157],[-82.1017,29.2188],[-82.091,29.219],[-82.091,29.223],[-82.0801,29.2229],[-82.0786,29.2188],[-82.0703,29.2213],[-82.0704,29.2119],[-82.0578,29.2119],[-82.0538,29.2049],[-82.0537,29.1395]]]},"properties":{"name":"HD24","district_number":24,"fips":"12-HD024"}},{"type":"Feature","geometry":{"type":"Polygon","coordinates":[[[-81.8618,28.7605],[-81.8597,28.7621],[-81.8374,28.7531],[-81.8354,28.7548],[-81.8198,28.7434],[-81.8206,28.7458],[-81.8009,28.7486],[-81.7983,28.7445],[-81.7948,28.7474],[-81.7872,28.7456],[-81.7942,28.7385],[-81.7918,28.7366],[-81.7881,28.7393],[-81.7866,28.7343],[-81.7762,28.7322],[-81.7681,28.7349],[-81.7659,28.743],[-81.7579,28.7457],[-81.7454,28.7418],[-81.7445,28.7391],[-81.7084,28.7391],[-81.7084,28.7545],[-81.6935,28.7464],[-81.6586,28.7403],[-81.6572,28.5926],[-81.6481,28.5845],[-81.6519,28.5805],[-81.6527,28.5711],[-81.6572,28.5698],[-81.6573,28.3471],[-81.7907,28.3464],[-81.7909,28.3618],[-81.8576,28.3619],[-81.8575,28.346],[-81.9576,28.3452],[-81.9537,28.7553],[-81.9241,28.7552],[-81.9184,28.748],[-81.8955,28.7477],[-81.8771,28.768],[-81.8632,28.7656],[-81.86,28.7622],[-81.8618,28.7605]]]},"properties":{"name":"HD25","district_number":25,"fips":"12-HD025"}},{"type":"Feature","geometry":{"type":"Polygon","coordinates":[[[-81.6246,28.7859],[-81.6477,28.7846],[-81.6447,28.776],[-81.6465,28.7699],[-81.6512,28.7659],[-81.6564,28.7698],[-81.6586,28.7664],[-81.6586,28.7403],[-81.6935,28.7464],[-81.7084,28.7545],[-81.7084,28.7391],[-81.7445,28.7391],[-81.7454,28.7418],[-81.7579,28.7457],[-81.7659,28.743],[-81.7681,28.7349],[-81.7762,28.7322],[-81.7866,28.7343],[-81.7881,28.7393],[-81.7918,28.7366],[-81.7942,28.7385],[-81.7872,28.7456],[-81.7948,28.7474],[-81.7983,28.7445],[-81.8009,28.7486],[-81.8206,28.7458],[-81.82,28.7434],[-81.8354,28.7548],[-81.8374,28.7531],[-81.8597,28.7621],[-81.8618,28.7605],[-81.86,28.7622],[-81.8625,28.7651],[-81.8722,28.7686],[-81.8814,28.7647],[-81.8816,28.7601],[-81.8955,28.7477],[-81.9184,28.748],[-81.9241,28.7552],[-81.9537,28.7553],[-81.9542,28.9601],[-81.6587,28.9604],[-81.6587,28.9668],[-81.6521,28.9688],[-81.6454,28.9641],[-81.6333,28.9638],[-81.6262,28.9604],[-81.5939,28.962],[-81.5941,28.8916],[-81.6017,28.8832],[-81.6015,28.8516],[-81.6143,28.8518],[-81.6147,28.8429],[-81.6096,28.8365],[-81.6094,28.8261],[-81.6014,28.826],[-81.6014,28.8152],[-81.5929,28.8152],[-81.5929,28.7862],[-81.6246,28.7859]]]},"properties":{"name":"HD26","district_number":26,"fips":"12-HD026"}},{"type":"Feature","geometry":{"type":"Polygon","coordinates":[[[-81.6018,28.8827],[-81.5937,28.8943],[-81.5939,28.962],[-81.6262,28.9604],[-81.6333,28.9638],[-81.6454,28.9641],[-81.6521,28.9688],[-81.6587,28.9668],[-81.6587,28.9604],[-82.0402,28.9601],[-82.04,28.9856],[-82.0368,29.0068],[-82.031,29.0176],[-82.0314,29.0301],[-82.0232,29.0308],[-82.0411,29.0555],[-82.037,29.0577],[-82.0391,29.064],[-82.037,29.0641],[-82.037,29.0769],[-82.0535,29.077],[-82.0537,29.2043],[-82.0578,29.2167],[-82.0285,29.2192],[-81.9529,29.2124],[-81.9288,29.1982],[-81.9178,29.199],[-81.9043,29.1872],[-81.8657,29.172],[-81.8243,29.1764],[-81.827,29.1831],[-81.8274,29.2094],[-81.8052,29.2097],[-81.8056,29.2263],[-81.7706,29.226],[-81.7706,29.2396],[-81.7416,29.2365],[-81.7419,29.2475],[-81.7394,29.2498],[-81.7272,29.2482],[-81.7272,29.2691],[-81.642,29.2701],[-81.6419,29.2768],[-81.6522,29.2966],[-81.6558,29.3],[-81.6664,29.3006],[-81.6721,29.3053],[-81.6809,29.3244],[-81.4507,29.3785],[-81.4401,29.3855],[-81.4345,29.3994],[-81.4269,29.3969],[-81.4207,29.3997],[-81.4173,29.2612],[-81.3334,29.2623],[-81.3265,29.253],[-81.3241,29.2308],[-81.3161,29.2159],[-81.3133,29.1955],[-81.3048,29.1831],[-81.2935,29.1535],[-81.2763,29.129],[-81.2931,29.1106],[-81.2952,29.1017],[-81.3101,29.0996],[-81.3245,29.0889],[-81.3253,29.0719],[-81.351,29.072],[-81.3527,29.065],[-81.3528,29.036],[-81.3473,29.0349],[-81.3473,29.0038],[-81.3348,28.9838],[-81.3023,28.9844],[-81.2989,28.9741],[-81.2851,28.9722],[-81.2579,28.9552],[-81.2829,28.8762],[-81.2859,28.874],[-81.2853,28.8716],[-81.2779,28.872],[-81.278,28.8694],[-81.2864,28.8687],[-81.3205,28.8345],[-81.3416,28.8471],[-81.3587,28.8483],[-81.3545,28.8587],[-81.3511,28.8581],[-81.3521,28.8623],[-81.3647,28.8657],[-81.3602,28.8714],[-81.3669,28.8792],[-81.3663,28.8736],[-81.3739,28.8701],[-81.3749,28.8624],[-81.383,28.852],[-81.3901,28.849],[-81.3947,28.8421],[-81.3984,28.8419],[-81.4168,28.8246],[-81.4197,28.8155],[-81.4138,28.7928],[-81.4147,28.7856],[-81.593,28.786],[-81.5929,28.8152],[-81.6014,28.8152],[-81.6014,28.826],[-81.6094,28.8261],[-81.6096,28.8365],[-81.6147,28.8429],[-81.6143,28.8518],[-81.6015,28.8516],[-81.6018,28.8827]]]},"properties":{"name":"HD27","district_number":27,"fips":"12-HD027"}},{"type":"Feature","geometry":{"type":"Polygon","coordinates":[[[-80.9911,29.1504],[-81.0048,29.1485],[-81.0103,29.1542],[-81.0133,29.147],[-81.0179,29.1508],[-81.021,29.1495],[-81.0215,29.1537],[-81.024,29.1526],[-81.0269,29.1578],[-81.0323,29.1528],[-81.0449,29.1549],[-81.045,29.1417],[-81.0567,29.1399],[-81.0471,29.1307],[-81.0484,29.1201],[-81.0528,29.1175],[-81.0565,29.1209],[-81.0608,29.1176],[-81.0661,29.1248],[-81.0725,29.1248],[-81.083,29.1524],[-81.1181,29.1375],[-81.1272,29.1282],[-81.1272,29.1403],[-81.1532,29.1321],[-81.2173,29.0999],[-81.2302,29.1078],[-81.2545,29.114],[-81.2614,29.1213],[-81.2614,29.1181],[-81.2698,29.1184],[-81.2935,29.1535],[-81.3048,29.1831],[-81.3133,29.1955],[-81.3161,29.2159],[-81.3241,29.2308],[-81.3265,29.253],[-81.3334,29.2623],[-81.1501,29.266],[-81.1559,29.411],[-81.1482,29.4119],[-81.1487,29.4168],[-81.111,29.4269],[-81.0457,29.4325],[-80.9558,29.2503],[-80.921,29.1713],[-80.9644,29.1532],[-80.9588,29.1433],[-80.9627,29.1417],[-80.9609,29.1365],[-80.9706,29.1458],[-80.9679,29.147],[-80.9751,29.1566],[-80.9911,29.1504]]]},"properties":{"name":"HD28","district_number":28,"fips":"12-HD028"}},{"type":"Feature","geometry":{"type":"Polygon","coordinates":[[[-81.3528,29.0441],[-81.351,29.072],[-81.3253,29.0719],[-81.3245,29.0889],[-81.3101,29.0996],[-81.2952,29.1017],[-81.2931,29.1106],[-81.2763,29.129],[-81.2698,29.1184],[-81.2614,29.1181],[-81.2614,29.1213],[-81.2545,29.114],[-81.2302,29.1078],[-81.2173,29.0999],[-81.1532,29.1321],[-81.1272,29.1403],[-81.1272,29.1282],[-81.1181,29.1375],[-81.083,29.1524],[-81.0713,29.1214],[-81.069,29.1062],[-81.0564,29.1069],[-81.0559,29.0916],[-81.0477,29.0944],[-81.0472,29.086],[-81.052,29.0844],[-81.0431,29.0893],[-81.0367,29.0875],[-81.0376,29.0792],[-81.0324,29.0722],[-81.0329,29.0689],[-81.0447,29.0674],[-81.0418,29.0118],[-81.0688,29.0113],[-81.0731,28.9845],[-81.0788,28.9764],[-81.07,28.9745],[-81.0687,28.8464],[-81.1014,28.8462],[-81.1007,28.8268],[-81.1038,28.8266],[-81.0973,28.8215],[-81.1053,28.8285],[-81.1198,28.8262],[-81.1266,28.8209],[-81.1231,28.8141],[-81.1311,28.8063],[-81.1293,28.7995],[-81.1403,28.7962],[-81.1362,28.7922],[-81.1604,28.7909],[-81.1707,28.783],[-81.1716,28.786],[-81.1776,28.7859],[-81.1789,28.7819],[-81.1814,28.7833],[-81.181,28.7966],[-81.1974,28.7919],[-81.2137,28.8042],[-81.2159,28.8144],[-81.2246,28.8216],[-81.2229,28.8269],[-81.226,28.8326],[-81.3198,28.8345],[-81.2864,28.8687],[-81.278,28.8694],[-81.2779,28.872],[-81.2853,28.8716],[-81.2859,28.874],[-81.2829,28.8762],[-81.2579,28.9552],[-81.2851,28.9722],[-81.2989,28.9741],[-81.3023,28.9844],[-81.3348,28.9838],[-81.3471,29.003],[-81.3473,29.0349],[-81.3528,29.036],[-81.3528,29.0441]]]},"properties":{"name":"HD29","district_number":29,"fips":"12-HD029"}},{"type":"Feature","geometry":{"type":"Polygon","coordinates":[[[-81.0469,29.1259],[-81.0479,29.1323],[-81.0567,29.1399],[-81.045,29.1417],[-81.0449,29.1549],[-81.0323,29.1528],[-81.0269,29.1578],[-81.024,29.1526],[-81.0215,29.1537],[-81.021,29.1495],[-81.0179,29.1508],[-81.0133,29.147],[-81.0103,29.1542],[-81.0048,29.1485],[-80.9936,29.1494],[-80.9751,29.1566],[-80.9679,29.147],[-80.9706,29.1458],[-80.9609,29.1365],[-80.9627,29.1417],[-80.9588,29.1433],[-80.9644,29.1532],[-80.921,29.1713],[-80.9068,29.1447],[-80.8748,29.106],[-80.6356,28.7503],[-80.5242,28.6102],[-80.5922,28.6109],[-80.6177,28.6425],[-80.7664,28.6472],[-80.8075,28.6154],[-80.8077,28.6008],[-80.7992,28.5766],[-80.8188,28.5791],[-80.8227,28.5719],[-80.8471,28.5743],[-80.8469,28.5544],[-80.8545,28.5508],[-80.889,28.5508],[-80.902,28.5437],[-80.9342,28.5449],[-80.9342,28.5544],[-80.9316,28.5562],[-80.9342,28.5592],[-80.93,28.5632],[-80.9472,28.5849],[-80.9435,28.5939],[-80.953,28.6007],[-80.9521,28.6042],[-80.9571,28.6019],[-80.9613,28.6055],[-80.9683,28.6042],[-80.971,28.6112],[-80.9759,28.6078],[-80.9899,28.6139],[-80.99,28.6171],[-80.9869,28.6179],[-80.9888,28.6245],[-80.9945,28.6217],[-80.9996,28.6274],[-80.9982,28.6306],[-81.0071,28.6363],[-81.0011,28.64],[-81.0083,28.6588],[-81.0072,28.6635],[-81.0213,28.6743],[-81.0213,28.6852],[-81.0166,28.693],[-81.0214,28.7011],[-81.0347,28.7094],[-81.034,28.7186],[-81.0388,28.7216],[-81.0365,28.725],[-81.0414,28.7267],[-81.0409,28.7297],[-81.0611,28.75],[-81.0606,28.762],[-81.0531,28.7736],[-81.0577,28.7922],[-81.0678,28.8037],[-81.0674,28.813],[-81.0767,28.8195],[-81.0849,28.8158],[-81.0919,28.8247],[-81.0973,28.8215],[-81.1037,28.8259],[-81.1007,28.8268],[-81.1014,28.8462],[-81.0687,28.8464],[-81.07,28.9745],[-81.0788,28.9764],[-81.0731,28.9845],[-81.0688,29.0113],[-81.0418,29.0118],[-81.0447,29.0674],[-81.0329,29.0689],[-81.0324,29.0722],[-81.0376,29.0792],[-81.0367,29.0875],[-81.0431,29.0893],[-81.052,29.0844],[-81.0472,29.086],[-81.0477,29.0944],[-81.0559,29.0916],[-81.0564,29.1069],[-81.069,29.1062],[-81.0725,29.1248],[-81.0661,29.1248],[-81.0608,29.1176],[-81.0565,29.1209],[-81.0528,29.1175],[-81.0484,29.1201],[-81.0469,29.1259]]]},"properties":{"name":"HD30","district_number":30,"fips":"12-HD030"}},{"type":"Feature","geometry":{"type":"Polygon","coordinates":[[[-80.755,28.3493],[-80.755,28.3455],[-80.7648,28.3455],[-80.7633,28.3431],[-80.7694,28.342],[-80.7716,28.3455],[-80.7797,28.3456],[-80.7799,28.3376],[-80.785,28.3454],[-80.7964,28.3454],[-80.7956,28.3301],[-80.8245,28.3331],[-80.8474,28.3457],[-80.8628,28.3472],[-80.8667,28.3503],[-80.8739,28.3616],[-80.8731,28.3703],[-80.8819,28.3747],[-80.8796,28.3804],[-80.8886,28.3859],[-80.8896,28.393],[-80.8845,28.3961],[-80.8865,28.4041],[-80.883,28.4082],[-80.888,28.4157],[-80.8964,28.4185],[-80.8968,28.4278],[-80.9013,28.4335],[-80.8952,28.4365],[-80.8939,28.4439],[-80.8901,28.4454],[-80.8983,28.4551],[-80.8934,28.459],[-80.8945,28.467],[-80.8708,28.4714],[-80.8742,28.4764],[-80.8733,28.4821],[-80.8781,28.4867],[-80.8752,28.4895],[-80.8826,28.4915],[-80.8842,28.4955],[-80.8799,28.5],[-80.8857,28.5103],[-80.9066,28.5116],[-80.9056,28.5177],[-80.912,28.5216],[-80.9114,28.5246],[-80.9175,28.523],[-80.9234,28.5327],[-80.9322,28.5355],[-80.9341,28.5334],[-80.9363,28.5368],[-80.9392,28.5349],[-80.9392,28.5418],[-80.901,28.5438],[-80.8883,28.5508],[-80.8545,28.5508],[-80.8469,28.5544],[-80.8471,28.5743],[-80.8227,28.5719],[-80.8188,28.5791],[-80.7992,28.5766],[-80.8077,28.6008],[-80.8075,28.6154],[-80.7664,28.6472],[-80.6177,28.6425],[-80.5922,28.6109],[-80.5242,28.6102],[-80.5113,28.5752],[-80.5036,28.5404],[-80.4781,28.4925],[-80.4686,28.4631],[-80.4723,28.4434],[-80.4812,28.4255],[-80.5194,28.3911],[-80.5342,28.3357],[-80.544,28.2711],[-80.5177,28.159],[-80.599,28.1575],[-80.599,28.1611],[-80.603,28.1611],[-80.6049,28.1724],[-80.6157,28.1721],[-80.6337,28.209],[-80.6511,28.2062],[-80.7154,28.3495],[-80.755,28.3493]]]},"properties":{"name":"HD31","district_number":31,"fips":"12-HD031"}},{"type":"Feature","geometry":{"type":"Polygon","coordinates":[[[-80.7425,28.3493],[-80.7154,28.3495],[-80.6511,28.2062],[-80.6337,28.209],[-80.6157,28.1721],[-80.6049,28.1724],[-80.603,28.1611],[-80.599,28.1611],[-80.599,28.1575],[-80.5177,28.159],[-80.4999,28.078],[-80.5899,28.0783],[-80.6145,28.0745],[-80.6227,28.0685],[-80.6294,28.0786],[-80.6379,28.0787],[-80.6379,28.0853],[-80.6456,28.0854],[-80.6457,28.079],[-80.6555,28.079],[-80.6548,28.0927],[-80.6589,28.0926],[-80.659,28.0853],[-80.6643,28.0853],[-80.6643,28.0789],[-80.6686,28.0789],[-80.6712,28.0927],[-80.6673,28.0927],[-80.6672,28.0962],[-80.6713,28.0978],[-80.6716,28.1033],[-80.6828,28.1029],[-80.6828,28.0993],[-80.6988,28.099],[-80.7002,28.0947],[-80.704,28.0948],[-80.7043,28.099],[-80.7124,28.0989],[-80.7124,28.092],[-80.7206,28.0919],[-80.721,28.0788],[-80.7417,28.0796],[-80.7663,28.0922],[-80.8628,28.0921],[-80.8628,28.3472],[-80.8474,28.3457],[-80.8245,28.3331],[-80.7956,28.3301],[-80.7964,28.3454],[-80.785,28.3454],[-80.7799,28.3376],[-80.7797,28.3456],[-80.7716,28.3455],[-80.7694,28.342],[-80.7633,28.3431],[-80.7648,28.3455],[-80.755,28.3455],[-80.755,28.3493],[-80.7425,28.3493]]]},"properties":{"name":"HD32","district_number":32,"fips":"12-HD032"}},{"type":"Feature","geometry":{"type":"Polygon","coordinates":[[[-80.6877,28.0991],[-80.6828,28.0993],[-80.6828,28.1029],[-80.6716,28.1033],[-80.6713,28.0978],[-80.6672,28.0962],[-80.6673,28.0927],[-80.6712,28.0927],[-80.6686,28.0789],[-80.6643,28.0789],[-80.6643,28.0853],[-80.659,28.0853],[-80.6589,28.0926],[-80.6548,28.0927],[-80.6555,28.079],[-80.6457,28.079],[-80.6456,28.0854],[-80.6379,28.0853],[-80.6379,28.0787],[-80.6294,28.0786],[-80.6227,28.0685],[-80.6145,28.0745],[-80.5899,28.0783],[-80.4999,28.078],[-80.4462,27.9739],[-80.5364,27.9754],[-80.5348,27.9686],[-80.6226,27.9695],[-80.6219,27.9526],[-80.6196,27.952],[-80.6226,27.952],[-80.6209,27.9245],[-80.6229,27.9245],[-80.6232,27.9102],[-80.6473,27.9102],[-80.6476,27.8892],[-80.6641,27.8893],[-80.6643,27.8811],[-80.6724,27.882],[-80.6727,27.8673],[-80.7117,27.8681],[-80.7073,27.866],[-80.7074,27.8593],[-80.7121,27.852],[-80.7122,27.8433],[-80.708,27.8429],[-80.7082,27.8252],[-80.8689,27.8225],[-80.8693,28.0847],[-80.8629,28.0848],[-80.8628,28.0921],[-80.7678,28.0924],[-80.7417,28.0796],[-80.721,28.0788],[-80.7206,28.0919],[-80.7124,28.092],[-80.7124,28.0989],[-80.7043,28.099],[-80.704,28.0948],[-80.7008,28.0947],[-80.6988,28.099],[-80.6877,28.0991]]]},"properties":{"name":"HD33","district_number":33,"fips":"12-HD033"}},{"type":"Feature","geometry":{"type":"Polygon","coordinates":[[[-80.4475,27.5578],[-80.7772,27.5587],[-80.778,27.6432],[-80.8732,27.6423],[-80.8738,27.7339],[-80.8801,27.7337],[-80.8816,27.8225],[-80.7082,27.8252],[-80.708,27.8429],[-80.7122,27.8433],[-80.7121,27.852],[-80.7074,27.8593],[-80.7073,27.866],[-80.7117,27.8681],[-80.6727,27.8673],[-80.6724,27.882],[-80.6643,27.8811],[-80.6641,27.8893],[-80.6476,27.8892],[-80.6473,27.9102],[-80.6232,27.9102],[-80.6229,27.9245],[-80.6209,27.9245],[-80.6226,27.952],[-80.6196,27.952],[-80.6219,27.9526],[-80.6226,27.9695],[-80.5348,27.9686],[-80.5364,27.9754],[-80.4462,27.9739],[-80.3994,27.8915],[-80.3325,27.7612],[-80.2989,27.6621],[-80.2949,27.6393],[-80.2814,27.6212],[-80.2635,27.5568],[-80.4475,27.5578]]]},"properties":{"name":"HD34","district_number":34,"fips":"12-HD034"}},{"type":"Feature","geometry":{"type":"Polygon","coordinates":[[[-81.1929,28.5026],[-81.2443,28.5026],[-81.2502,28.5161],[-81.2512,28.5393],[-81.2299,28.5395],[-81.2222,28.5444],[-81.2234,28.5472],[-81.2116,28.5484],[-81.2118,28.5674],[-81.2077,28.5669],[-81.2077,28.5733],[-81.1954,28.5737],[-81.1913,28.5654],[-81.1824,28.5654],[-81.1784,28.5799],[-81.1533,28.5883],[-81.1177,28.5877],[-81.1125,28.594],[-81.1017,28.5986],[-81.1062,28.6126],[-80.9873,28.613],[-80.9759,28.6078],[-80.971,28.6112],[-80.9683,28.6042],[-80.9613,28.6055],[-80.9571,28.6019],[-80.952,28.6042],[-80.953,28.6007],[-80.9433,28.5937],[-80.9472,28.5849],[-80.93,28.5632],[-80.9343,28.559],[-80.9317,28.557],[-80.9342,28.5544],[-80.9321,28.5424],[-80.9392,28.5418],[-80.9394,28.5351],[-80.9363,28.5368],[-80.9341,28.5334],[-80.9322,28.5355],[-80.9234,28.5327],[-80.9175,28.523],[-80.9114,28.5246],[-80.912,28.5216],[-80.9057,28.5178],[-80.9071,28.5138],[-80.9045,28.5104],[-80.8857,28.5103],[-80.8799,28.5],[-80.8842,28.4955],[-80.8826,28.4915],[-80.8752,28.4895],[-80.8781,28.4867],[-80.8733,28.4821],[-80.8742,28.4764],[-80.8708,28.4714],[-80.8945,28.467],[-80.8934,28.459],[-80.8983,28.4551],[-80.8901,28.4454],[-80.8939,28.4439],[-80.8952,28.4365],[-80.9013,28.4335],[-80.8968,28.4278],[-80.8964,28.4185],[-80.888,28.4157],[-80.883,28.4082],[-80.8865,28.4041],[-80.8845,28.3961],[-80.8896,28.393],[-80.8885,28.3856],[-80.8796,28.3804],[-80.8819,28.3749],[-80.8731,28.3703],[-80.8736,28.3606],[-80.8628,28.3471],[-80.8629,28.0848],[-80.8693,28.0847],[-80.8701,28.0571],[-80.8689,27.8225],[-80.8816,27.8225],[-80.8801,27.7337],[-80.8738,27.7339],[-80.8732,27.6423],[-81.1422,27.6432],[-81.1401,27.6467],[-81.1373,27.647],[-81.1376,27.6442],[-81.1339,27.6491],[-81.1325,27.6475],[-81.131,27.6593],[-81.1422,27.6706],[-81.1443,27.6697],[-81.1466,27.6909],[-81.149,27.692],[-81.1473,27.6964],[-81.1502,27.6998],[-81.148,27.6992],[-81.1493,27.703],[-81.1458,27.7103],[-81.1507,27.7176],[-81.16,27.7193],[-81.1614,27.7242],[-81.1674,27.7234],[-81.1687,27.732],[-81.1655,27.7321],[-81.165,27.7423],[-81.1718,27.7432],[-81.1712,27.7465],[-81.1745,27.7456],[-81.1787,27.7521],[-81.178,27.7589],[-81.173,27.7609],[-81.1792,27.7658],[-81.1811,27.7742],[-81.1875,27.775],[-81.186,27.779],[-81.2005,27.7974],[-81.2041,27.8106],[-81.2086,27.8122],[-81.2065,27.8125],[-81.2099,27.8172],[-81.208,27.821],[-81.2311,27.8428],[-81.2465,27.8488],[-81.2504,27.8436],[-81.2505,27.8489],[-81.2591,27.846],[-81.2581,27.8482],[-81.2773,27.8508],[-81.2813,27.8575],[-81.2921,27.8576],[-81.3019,27.8621],[-81.3015,27.8652],[-81.2973,27.8627],[-81.3044,27.8704],[-81.3061,27.8862],[-81.3148,27.9006],[-81.3089,27.9221],[-81.316,27.9285],[-81.3188,27.9281],[-81.3178,27.9243],[-81.3467,27.9368],[-81.3459,27.9415],[-81.3382,27.9392],[-81.3368,27.9499],[-81.3498,27.9539],[-81.3498,27.9638],[-81.3687,27.9738],[-81.3706,27.9779],[-81.3765,27.9783],[-81.3771,27.9841],[-81.3819,27.985],[-81.3785,27.989],[-81.3869,28.0035],[-81.4037,28.0028],[-81.4159,27.9983],[-81.4211,28.0034],[-81.4278,28.0211],[-81.4286,28.0188],[-81.4325,28.0224],[-81.4386,28.0332],[-81.4486,28.0323],[-81.4588,28.0398],[-81.4602,28.0502],[-81.4575,28.0551],[-81.4411,28.0587],[-81.428,28.0394],[-81.4158,28.0372],[-81.4065,28.0291],[-81.3946,28.0284],[-81.3922,28.0198],[-81.379,28.0116],[-81.3758,28.0295],[-81.3626,28.0406],[-81.3668,28.0617],[-81.3654,28.0681],[-81.3464,28.0695],[-81.3488,28.0821],[-81.3438,28.0847],[-81.3515,28.1403],[-81.3657,28.164],[-81.3904,28.1812],[-81.3983,28.1999],[-81.3903,28.233],[-81.3699,28.2411],[-81.3546,28.2335],[-81.3494,28.2274],[-81.3395,28.2323],[-81.3233,28.2316],[-81.3079,28.2103],[-81.3021,28.1735],[-81.2926,28.1698],[-81.2926,28.1735],[-81.2953,28.1736],[-81.2884,28.1803],[-81.2783,28.1817],[-81.2784,28.1932],[-81.2743,28.196],[-81.2784,28.1969],[-81.2764,28.2042],[-81.2581,28.2023],[-81.2561,28.2095],[-81.2438,28.2095],[-81.2439,28.2024],[-81.2345,28.2014],[-81.2366,28.2095],[-81.2291,28.2101],[-81.2283,28.2184],[-81.2234,28.2184],[-81.2266,28.2253],[-81.2274,28.2464],[-81.2054,28.2467],[-81.2054,28.2507],[-81.2017,28.2508],[-81.2033,28.2609],[-81.1953,28.2682],[-81.2014,28.2682],[-81.1975,28.2826],[-81.244,28.2821],[-81.2392,28.3048],[-81.2467,28.3053],[-81.2547,28.324],[-81.246,28.3343],[-81.2382,28.3372],[-81.2411,28.3415],[-81.2395,28.3481],[-81.3096,28.3481],[-81.3098,28.3653],[-81.3096,28.3694],[-81.2605,28.3852],[-81.2493,28.3978],[-81.2203,28.4139],[-81.2237,28.4146],[-81.206,28.4215],[-81.1734,28.4219],[-81.1621,28.4324],[-81.1613,28.4685],[-81.1715,28.4814],[-81.1766,28.4814],[-81.176,28.4855],[-81.1865,28.4862],[-81.1871,28.4955],[-81.1947,28.4956],[-81.1929,28.5026]]]},"properties":{"name":"HD35","district_number":35,"fips":"12-HD035"}},{"type":"Feature","geometry":{"type":"Polygon","coordinates":[[[-81.3886,28.6907],[-81.3635,28.7561],[-81.3821,28.7572],[-81.3808,28.7762],[-81.3849,28.7792],[-81.3851,28.7918],[-81.4138,28.7926],[-81.4196,28.8164],[-81.412,28.8306],[-81.383,28.852],[-81.3749,28.8624],[-81.3739,28.8701],[-81.3663,28.8736],[-81.3669,28.8792],[-81.3602,28.8714],[-81.3647,28.8657],[-81.3521,28.8623],[-81.3511,28.8581],[-81.3548,28.8584],[-81.3596,28.8503],[-81.358,28.8478],[-81.3416,28.8471],[-81.3205,28.8345],[-81.226,28.8326],[-81.2229,28.8269],[-81.2246,28.8216],[-81.2159,28.8144],[-81.2137,28.8042],[-81.1974,28.7919],[-81.181,28.7966],[-81.1814,28.7833],[-81.1789,28.7819],[-81.1776,28.7859],[-81.1716,28.786],[-81.1707,28.783],[-81.1604,28.7909],[-81.1362,28.7922],[-81.1403,28.7962],[-81.1293,28.7995],[-81.1311,28.8063],[-81.1231,28.8141],[-81.1266,28.8209],[-81.1198,28.8262],[-81.1053,28.8285],[-81.0977,28.8215],[-81.0919,28.8247],[-81.0848,28.8157],[-81.0761,28.8193],[-81.0667,28.8117],[-81.0678,28.8037],[-81.0587,28.7942],[-81.054,28.7775],[-81.0531,28.7736],[-81.0606,28.762],[-81.0611,28.75],[-81.0409,28.7297],[-81.0414,28.7267],[-81.0365,28.725],[-81.0388,28.7216],[-81.0338,28.7177],[-81.0358,28.7137],[-81.1187,28.7143],[-81.139,28.6966],[-81.1515,28.6911],[-81.1556,28.6925],[-81.1558,28.6992],[-81.18,28.6994],[-81.2305,28.6986],[-81.228,28.6901],[-81.2525,28.6898],[-81.2749,28.7054],[-81.3002,28.7051],[-81.2982,28.7005],[-81.3013,28.6993],[-81.3269,28.6979],[-81.3254,28.6926],[-81.3303,28.6873],[-81.3342,28.6834],[-81.3418,28.6833],[-81.3438,28.6796],[-81.3461,28.6833],[-81.3886,28.6837],[-81.3886,28.6907]]]},"properties":{"name":"HD36","district_number":36,"fips":"12-HD036"}},{"type":"Feature","geometry":{"type":"Polygon","coordinates":[[[-81.1976,28.5738],[-81.2077,28.5733],[-81.2077,28.5669],[-81.2358,28.57],[-81.2902,28.5679],[-81.3107,28.5572],[-81.309,28.5861],[-81.3166,28.5863],[-81.3152,28.5972],[-81.3178,28.6031],[-81.3145,28.6107],[-81.2447,28.6115],[-81.2491,28.6194],[-81.2366,28.635],[-81.2263,28.6556],[-81.2415,28.6574],[-81.2395,28.66],[-81.2418,28.6665],[-81.2292,28.6666],[-81.2271,28.6713],[-81.2266,28.6824],[-81.2297,28.6847],[-81.2267,28.6848],[-81.2305,28.6986],[-81.1558,28.6992],[-81.1556,28.6925],[-81.1515,28.6911],[-81.139,28.6966],[-81.1187,28.7143],[-81.0479,28.7155],[-81.0353,28.7142],[-81.0344,28.7089],[-81.0208,28.7005],[-81.0164,28.6919],[-81.0213,28.6852],[-81.0213,28.6743],[-81.0072,28.6635],[-81.0083,28.6588],[-81.0012,28.6411],[-81.0071,28.6363],[-80.9982,28.6306],[-80.9996,28.6274],[-80.9945,28.6217],[-80.9888,28.6245],[-80.9869,28.6179],[-80.9905,28.6149],[-80.9873,28.613],[-81.1062,28.6126],[-81.1017,28.5986],[-81.1125,28.594],[-81.1176,28.5878],[-81.1533,28.5883],[-81.1784,28.5799],[-81.1824,28.5654],[-81.1913,28.5654],[-81.1943,28.573],[-81.1976,28.5738]]]},"properties":{"name":"HD37","district_number":37,"fips":"12-HD037"}},{"type":"Feature","geometry":{"type":"Polygon","coordinates":[[[-81.2515,28.6898],[-81.228,28.6901],[-81.2267,28.6848],[-81.2297,28.6847],[-81.2264,28.6798],[-81.2292,28.6666],[-81.2418,28.6665],[-81.241,28.6558],[-81.2263,28.6556],[-81.2366,28.635],[-81.2491,28.6194],[-81.2447,28.6115],[-81.3279,28.6105],[-81.3285,28.6396],[-81.4436,28.6402],[-81.4272,28.6545],[-81.4314,28.6583],[-81.4273,28.6582],[-81.4272,28.666],[-81.4231,28.6674],[-81.4231,28.6728],[-81.4293,28.6728],[-81.4272,28.6801],[-81.4135,28.6871],[-81.3956,28.687],[-81.3886,28.6907],[-81.3886,28.6837],[-81.3461,28.6833],[-81.3438,28.6796],[-81.3418,28.6833],[-81.3342,28.6834],[-81.3303,28.6873],[-81.3254,28.6926],[-81.3269,28.6979],[-81.3013,28.6993],[-81.2982,28.7005],[-81.3002,28.7051],[-81.2726,28.7052],[-81.258,28.6919],[-81.2515,28.6898]]]},"properties":{"name":"HD38","district_number":38,"fips":"12-HD038"}},{"type":"Feature","geometry":{"type":"Polygon","coordinates":[[[-81.443,28.6415],[-81.4527,28.6337],[-81.488,28.6331],[-81.4929,28.6257],[-81.4981,28.6257],[-81.4987,28.6219],[-81.5424,28.6217],[-81.5535,28.5989],[-81.5507,28.5736],[-81.5412,28.574],[-81.5436,28.5592],[-81.538,28.5517],[-81.5589,28.5515],[-81.558,28.5467],[-81.5918,28.5453],[-81.5918,28.551],[-81.6176,28.5511],[-81.6165,28.5646],[-81.6418,28.5609],[-81.6479,28.5647],[-81.6491,28.5598],[-81.6573,28.557],[-81.6572,28.5698],[-81.6527,28.5711],[-81.6519,28.5805],[-81.6481,28.5845],[-81.6572,28.5926],[-81.6586,28.7664],[-81.6564,28.7698],[-81.6512,28.7659],[-81.6465,28.7699],[-81.6447,28.776],[-81.6477,28.7846],[-81.4147,28.7856],[-81.4138,28.7926],[-81.3851,28.7918],[-81.3849,28.7792],[-81.3808,28.7762],[-81.3821,28.7572],[-81.3635,28.7561],[-81.381,28.7067],[-81.3889,28.6907],[-81.3945,28.6874],[-81.4095,28.688],[-81.4272,28.6801],[-81.4293,28.6728],[-81.4231,28.6728],[-81.4231,28.6674],[-81.4272,28.666],[-81.4273,28.6582],[-81.4314,28.6583],[-81.4272,28.6545],[-81.443,28.6415]]]},"properties":{"name":"HD39","district_number":39,"fips":"12-HD039"}},{"type":"Feature","geometry":{"type":"Polygon","coordinates":[[[-81.5091,28.5519],[-81.538,28.5517],[-81.5436,28.5592],[-81.5412,28.574],[-81.5507,28.5736],[-81.5534,28.6003],[-81.5424,28.6217],[-81.4987,28.6219],[-81.4981,28.6257],[-81.4929,28.6257],[-81.4873,28.6333],[-81.4535,28.6336],[-81.4436,28.6402],[-81.4152,28.6401],[-81.4088,28.6364],[-81.4066,28.6256],[-81.4108,28.6247],[-81.4108,28.622],[-81.4065,28.6208],[-81.4148,28.6164],[-81.4097,28.6151],[-81.4102,28.6108],[-81.4015,28.6095],[-81.4023,28.6],[-81.3953,28.5938],[-81.3933,28.5853],[-81.3896,28.582],[-81.3752,28.5823],[-81.376,28.5668],[-81.3825,28.553],[-81.5091,28.5519]]]},"properties":{"name":"HD40","district_number":40,"fips":"12-HD040"}},{"type":"Feature","geometry":{"type":"Polygon","coordinates":[[[-81.4732,28.4974],[-81.5266,28.5334],[-81.523,28.5446],[-81.5295,28.5445],[-81.5297,28.5517],[-81.3825,28.553],[-81.3863,28.5188],[-81.397,28.5101],[-81.3967,28.4678],[-81.4007,28.4504],[-81.4568,28.4513],[-81.4591,28.4899],[-81.4732,28.4974]]]},"properties":{"name":"HD41","district_number":41,"fips":"12-HD041"}},{"type":"Feature","geometry":{"type":"Polygon","coordinates":[[[-81.397,28.4653],[-81.397,28.5101],[-81.3863,28.5188],[-81.3826,28.5524],[-81.376,28.5668],[-81.3752,28.5823],[-81.3896,28.582],[-81.3933,28.5853],[-81.3953,28.5938],[-81.4023,28.6],[-81.4015,28.6095],[-81.4102,28.6108],[-81.4097,28.6151],[-81.4148,28.6164],[-81.4065,28.6208],[-81.4108,28.622],[-81.4108,28.6247],[-81.4066,28.6256],[-81.4088,28.6364],[-81.4152,28.6401],[-81.3285,28.6396],[-81.3279,28.6105],[-81.3145,28.6107],[-81.3178,28.6032],[-81.3152,28.5972],[-81.3166,28.5863],[-81.309,28.5861],[-81.3104,28.5394],[-81.325,28.5391],[-81.3249,28.5243],[-81.3145,28.5244],[-81.3143,28.4953],[-81.3184,28.4952],[-81.3183,28.4806],[-81.3307,28.4806],[-81.3308,28.4586],[-81.3389,28.4585],[-81.3389,28.4543],[-81.3348,28.4538],[-81.3389,28.4502],[-81.3511,28.4497],[-81.3511,28.4445],[-81.3558,28.4432],[-81.3594,28.4437],[-81.3559,28.4511],[-81.3637,28.451],[-81.3693,28.4729],[-81.3843,28.4727],[-81.3843,28.4654],[-81.397,28.4653]]]},"properties":{"name":"HD42","district_number":42,"fips":"12-HD042"}},{"type":"Feature","geometry":{"type":"Polygon","coordinates":[[[-81.3249,28.5303],[-81.325,28.5391],[-81.3104,28.5394],[-81.3107,28.5572],[-81.2943,28.567],[-81.2374,28.57],[-81.2118,28.5674],[-81.2116,28.5484],[-81.2234,28.5472],[-81.2222,28.5444],[-81.2299,28.5395],[-81.2512,28.5393],[-81.2496,28.5142],[-81.2443,28.5026],[-81.1929,28.5026],[-81.1947,28.4956],[-81.1871,28.4955],[-81.1865,28.4862],[-81.176,28.4855],[-81.1766,28.4814],[-81.1715,28.4814],[-81.1613,28.4685],[-81.1615,28.4332],[-81.1729,28.422],[-81.2068,28.4214],[-81.2237,28.4146],[-81.2203,28.4139],[-81.2446,28.4006],[-81.2435,28.4177],[-81.2561,28.4287],[-81.2576,28.4377],[-81.2643,28.4484],[-81.3015,28.4513],[-81.3389,28.4502],[-81.3348,28.4538],[-81.3389,28.4543],[-81.3389,28.4585],[-81.3308,28.4586],[-81.3307,28.4806],[-81.3183,28.4806],[-81.3184,28.4952],[-81.3143,28.4953],[-81.3145,28.5244],[-81.3249,28.5243],[-81.3249,28.5303]]]},"properties":{"name":"HD43","district_number":43,"fips":"12-HD043"}},{"type":"Feature","geometry":{"type":"Polygon","coordinates":[[[-81.4568,28.4513],[-81.4007,28.4504],[-81.397,28.4653],[-81.3843,28.4654],[-81.3843,28.4727],[-81.3693,28.4729],[-81.3637,28.451],[-81.3559,28.4511],[-81.3594,28.4461],[-81.3573,28.4432],[-81.3511,28.4445],[-81.3509,28.4498],[-81.3299,28.4511],[-81.2643,28.4484],[-81.2576,28.4377],[-81.2561,28.4287],[-81.2435,28.4177],[-81.2446,28.4006],[-81.2605,28.3852],[-81.2986,28.3716],[-81.3226,28.3672],[-81.3897,28.3683],[-81.3832,28.3479],[-81.5319,28.3473],[-81.5045,28.3778],[-81.5041,28.4396],[-81.4998,28.4463],[-81.4997,28.46],[-81.5079,28.4739],[-81.5086,28.4936],[-81.4835,28.4937],[-81.4838,28.503],[-81.4591,28.4899],[-81.4568,28.4513]]]},"properties":{"name":"HD44","district_number":44,"fips":"12-HD044"}},{"type":"Feature","geometry":{"type":"Polygon","coordinates":[[[-81.5229,28.3327],[-81.5209,28.315],[-81.525,28.3149],[-81.5247,28.2892],[-81.541,28.2889],[-81.5412,28.2767],[-81.5442,28.2745],[-81.5433,28.2696],[-81.5367,28.2642],[-81.5464,28.2598],[-81.6572,28.2592],[-81.6573,28.557],[-81.6491,28.5598],[-81.6481,28.5646],[-81.6418,28.5609],[-81.6165,28.5646],[-81.6176,28.5511],[-81.5918,28.551],[-81.5918,28.5453],[-81.558,28.5467],[-81.5589,28.5515],[-81.5297,28.5517],[-81.5295,28.5445],[-81.523,28.5446],[-81.5267,28.5336],[-81.4838,28.503],[-81.4835,28.4937],[-81.5086,28.4936],[-81.5079,28.4739],[-81.4997,28.46],[-81.4998,28.4463],[-81.5041,28.4396],[-81.5045,28.3778],[-81.5319,28.3473],[-81.5103,28.3472],[-81.5229,28.3327]]]},"properties":{"name":"HD45","district_number":45,"fips":"12-HD045"}},{"type":"Feature","geometry":{"type":"Polygon","coordinates":[[[-81.4561,28.125],[-81.4562,28.1432],[-81.5242,28.1428],[-81.5241,28.201],[-81.5583,28.2599],[-81.5464,28.2598],[-81.5367,28.2642],[-81.5443,28.272],[-81.5412,28.2767],[-81.5411,28.2887],[-81.5247,28.2892],[-81.525,28.3149],[-81.5209,28.315],[-81.5232,28.3329],[-81.5112,28.3469],[-81.3832,28.3479],[-81.3742,28.3252],[-81.3857,28.32],[-81.3859,28.3152],[-81.3908,28.3145],[-81.3946,28.3007],[-81.3995,28.3008],[-81.4006,28.2951],[-81.3954,28.2931],[-81.3947,28.2839],[-81.3921,28.2826],[-81.3965,28.2713],[-81.3901,28.2635],[-81.3968,28.2553],[-81.3903,28.233],[-81.3984,28.2004],[-81.3904,28.1812],[-81.3657,28.164],[-81.3515,28.1403],[-81.3438,28.0847],[-81.4558,28.0849],[-81.4561,28.125]]]},"properties":{"name":"HD46","district_number":46,"fips":"12-HD046"}},{"type":"Feature","geometry":{"type":"Polygon","coordinates":[[[-81.3169,28.2211],[-81.3233,28.2316],[-81.3395,28.2323],[-81.3494,28.2274],[-81.3546,28.2335],[-81.3699,28.2411],[-81.3903,28.233],[-81.3968,28.2553],[-81.3901,28.2634],[-81.3965,28.2713],[-81.3921,28.2826],[-81.3947,28.2839],[-81.3954,28.2931],[-81.4006,28.2951],[-81.3995,28.3008],[-81.3946,28.3007],[-81.3908,28.3145],[-81.3859,28.3152],[-81.3857,28.32],[-81.3742,28.3252],[-81.3897,28.3683],[-81.3096,28.3694],[-81.3096,28.3481],[-81.2395,28.3481],[-81.2411,28.3415],[-81.2382,28.3372],[-81.246,28.3343],[-81.2547,28.324],[-81.2467,28.3053],[-81.2392,28.3048],[-81.244,28.2821],[-81.1975,28.2826],[-81.2014,28.2682],[-81.1953,28.2682],[-81.2033,28.2609],[-81.2017,28.2508],[-81.2054,28.2507],[-81.2054,28.2467],[-81.2274,28.2464],[-81.2266,28.2253],[-81.2234,28.2184],[-81.2283,28.2184],[-81.2291,28.2101],[-81.2366,28.2095],[-81.2345,28.2014],[-81.2439,28.2024],[-81.2438,28.2095],[-81.2561,28.2095],[-81.2581,28.2023],[-81.2764,28.2042],[-81.2784,28.1969],[-81.2743,28.196],[-81.2784,28.1932],[-81.2783,28.1817],[-81.2884,28.1803],[-81.2953,28.1736],[-81.2926,28.1735],[-81.2926,28.1698],[-81.3021,28.1735],[-81.3077,28.2098],[-81.3169,28.2211]]]},"properties":{"name":"HD47","district_number":47,"fips":"12-HD047"}},{"type":"Feature","geometry":{"type":"Polygon","coordinates":[[[-81.7555,28.0301],[-81.7598,28.0484],[-81.7665,28.0547],[-81.7666,28.0619],[-81.7701,28.0633],[-81.7681,28.0714],[-81.7629,28.0702],[-81.7638,28.0652],[-81.7576,28.0656],[-81.7327,28.0756],[-81.7224,28.0662],[-81.7122,28.0698],[-81.7092,28.0669],[-81.7046,28.0717],[-81.7105,28.075],[-81.7105,28.0811],[-81.7024,28.0844],[-81.7023,28.0808],[-81.6941,28.0808],[-81.6942,28.0884],[-81.6901,28.0884],[-81.6901,28.092],[-81.6737,28.092],[-81.6669,28.0808],[-81.666,28.0845],[-81.6625,28.0845],[-81.6625,28.0808],[-81.6583,28.0808],[-81.6579,28.0848],[-81.655,28.0808],[-81.6497,28.0815],[-81.6382,28.0622],[-81.6199,28.0626],[-81.62,28.0681],[-81.6091,28.0692],[-81.6118,28.0772],[-81.5892,28.0784],[-81.5892,28.07],[-81.5667,28.0701],[-81.5666,28.0665],[-81.5626,28.0665],[-81.5623,28.0774],[-81.5507,28.0774],[-81.5507,28.084],[-81.5573,28.0878],[-81.5656,28.0878],[-81.5656,28.0905],[-81.5574,28.0905],[-81.5542,28.0969],[-81.5661,28.0983],[-81.5688,28.1059],[-81.5627,28.1068],[-81.5596,28.1116],[-81.5612,28.1141],[-81.5535,28.1159],[-81.5391,28.1349],[-81.5173,28.1428],[-81.4562,28.1432],[-81.4558,28.0849],[-81.3464,28.0847],[-81.3488,28.0818],[-81.3465,28.0693],[-81.3655,28.0679],[-81.3626,28.0406],[-81.3758,28.0295],[-81.3789,28.0117],[-81.3922,28.0198],[-81.3946,28.0284],[-81.4065,28.0291],[-81.4158,28.0372],[-81.428,28.0394],[-81.4411,28.0587],[-81.4575,28.0551],[-81.4602,28.0502],[-81.4588,28.0398],[-81.4486,28.0323],[-81.4386,28.0332],[-81.4325,28.0224],[-81.4286,28.0188],[-81.4278,28.0211],[-81.4211,28.0034],[-81.4159,27.9983],[-81.4037,28.0028],[-81.3869,28.0035],[-81.3785,27.989],[-81.3819,27.985],[-81.3771,27.9841],[-81.3765,27.9783],[-81.3706,27.9779],[-81.3687,27.9738],[-81.3498,27.9638],[-81.3498,27.9539],[-81.3368,27.9499],[-81.3382,27.9392],[-81.3459,27.9415],[-81.3467,27.9368],[-81.3178,27.9243],[-81.3188,27.9281],[-81.316,27.9285],[-81.3089,27.9221],[-81.3148,27.9006],[-81.3061,27.8862],[-81.3044,27.8704],[-81.2973,27.8627],[-81.3015,27.8652],[-81.3019,27.8621],[-81.2921,27.8576],[-81.2813,27.8575],[-81.2773,27.8508],[-81.2581,27.8482],[-81.2591,27.846],[-81.2505,27.8489],[-81.2504,27.8436],[-81.2465,27.8488],[-81.2311,27.8428],[-81.208,27.821],[-81.2099,27.8172],[-81.2065,27.8125],[-81.2086,27.8122],[-81.2041,27.8106],[-81.2005,27.7974],[-81.186,27.779],[-81.1875,27.775],[-81.1811,27.7742],[-81.1792,27.7658],[-81.173,27.7609],[-81.178,27.7589],[-81.1787,27.7521],[-81.1745,27.7456],[-81.1712,27.7465],[-81.1718,27.7432],[-81.165,27.7423],[-81.1655,27.7321],[-81.1687,27.732],[-81.1674,27.7234],[-81.1614,27.7242],[-81.16,27.7193],[-81.1507,27.7176],[-81.1458,27.7103],[-81.1493,27.703],[-81.148,27.6992],[-81.1502,27.6998],[-81.1473,27.6964],[-81.149,27.692],[-81.1466,27.6909],[-81.1451,27.6733],[-81.1441,27.6693],[-81.1424,27.6707],[-81.1318,27.6615],[-81.1324,27.6475],[-81.1339,27.6491],[-81.1376,27.6442],[-81.1373,27.647],[-81.1401,27.6467],[-81.1422,27.6432],[-81.5299,27.6464],[-81.5634,27.6916],[-81.5652,27.6989],[-81.5628,27.7065],[-81.5688,27.7194],[-81.5937,27.7462],[-81.6377,27.8114],[-81.6444,27.8818],[-81.6504,27.8928],[-81.659,27.903],[-81.7018,27.9139],[-81.7008,27.9024],[-81.7101,27.9007],[-81.7101,27.9051],[-81.7191,27.9051],[-81.7171,27.9425],[-81.7201,27.9413],[-81.7201,27.9457],[-81.7156,27.9531],[-81.7101,27.9532],[-81.7103,27.9621],[-81.7165,27.9639],[-81.7165,27.9676],[-81.7136,27.9676],[-81.7186,27.9748],[-81.7246,27.9777],[-81.7381,27.9947],[-81.7481,27.9873],[-81.7549,27.9913],[-81.7559,27.9999],[-81.7596,28.0034],[-81.7596,28.0171],[-81.767,28.0211],[-81.7678,28.0263],[-81.7555,28.0301]]]},"properties":{"name":"HD48","district_number":48,"fips":"12-HD048"}},{"type":"Feature","geometry":{"type":"Polygon","coordinates":[[[-82.0076,27.9529],[-82,27.9714],[-81.9914,27.9821],[-81.9571,27.9821],[-81.9602,27.9749],[-81.9305,27.9747],[-81.9239,27.9747],[-81.9239,27.9784],[-81.9198,27.9784],[-81.9239,27.9803],[-81.9239,27.9859],[-81.9149,27.9821],[-81.924,27.9905],[-81.924,27.9969],[-81.9122,27.9968],[-81.9021,28.0007],[-81.9134,28.0141],[-81.9078,28.0141],[-81.9078,28.0191],[-81.9119,28.0187],[-81.9137,28.0353],[-81.9202,28.0352],[-81.9202,28.0324],[-81.9246,28.0315],[-81.9217,28.0388],[-81.9244,28.0459],[-81.9161,28.0478],[-81.9175,28.0532],[-81.9122,28.0716],[-81.839,28.0736],[-81.838,28.0698],[-81.8442,28.0698],[-81.8441,28.0661],[-81.8421,28.0661],[-81.8434,28.0509],[-81.8384,28.0527],[-81.8384,28.0503],[-81.842,28.0497],[-81.842,28.0442],[-81.8462,28.0442],[-81.8461,28.0405],[-81.842,28.0405],[-81.842,28.0369],[-81.8332,28.0369],[-81.8315,28.0259],[-81.8213,28.0258],[-81.8224,28.0331],[-81.7814,28.0332],[-81.7722,28.0237],[-81.7596,28.0171],[-81.7596,28.0034],[-81.7541,27.9903],[-81.7481,27.9873],[-81.7381,27.9947],[-81.7246,27.9777],[-81.7186,27.9748],[-81.7136,27.9676],[-81.7165,27.9676],[-81.7165,27.9639],[-81.7103,27.9621],[-81.7101,27.9537],[-81.7156,27.9531],[-81.7201,27.9457],[-81.7201,27.9413],[-81.7171,27.9425],[-81.7191,27.9051],[-81.7101,27.9051],[-81.7101,27.9007],[-81.7008,27.9024],[-81.7018,27.9139],[-81.659,27.903],[-81.6504,27.8928],[-81.6444,27.8818],[-81.6377,27.8114],[-81.5937,27.7462],[-81.5688,27.7194],[-81.5628,27.7065],[-81.5652,27.6989],[-81.5634,27.6916],[-81.5299,27.6464],[-82.0544,27.6464],[-82.0554,27.9529],[-82.0076,27.9529]]]},"properties":{"name":"HD49","district_number":49,"fips":"12-HD049"}},{"type":"Feature","geometry":{"type":"Polygon","coordinates":[[[-81.9748,27.9821],[-81.9914,27.9821],[-82,27.9714],[-82.0076,27.9528],[-82.0554,27.9529],[-82.0563,28.1717],[-82.0192,28.1718],[-82.0192,28.1682],[-82.0116,28.1682],[-82.0104,28.1646],[-81.9747,28.1648],[-81.9738,28.1538],[-81.9464,28.1538],[-81.9441,28.1442],[-81.9384,28.1442],[-81.9291,28.1518],[-81.9145,28.1573],[-81.9056,28.1574],[-81.9058,28.172],[-81.8811,28.1717],[-81.881,28.1611],[-81.8687,28.1611],[-81.8687,28.1551],[-81.8604,28.1585],[-81.8544,28.1574],[-81.8542,28.1518],[-81.8389,28.1538],[-81.8388,28.1318],[-81.8301,28.0997],[-81.8335,28.0736],[-81.838,28.0736],[-81.8385,28.0771],[-81.8416,28.0734],[-81.9122,28.0716],[-81.9175,28.0532],[-81.9161,28.0478],[-81.9244,28.0459],[-81.9217,28.0388],[-81.9246,28.0315],[-81.9202,28.0324],[-81.9202,28.0352],[-81.9137,28.0353],[-81.9119,28.0187],[-81.9078,28.0191],[-81.9078,28.0141],[-81.9134,28.0141],[-81.9021,28.0007],[-81.9122,27.9968],[-81.924,27.9969],[-81.924,27.9905],[-81.9149,27.9821],[-81.9239,27.9859],[-81.9239,27.9803],[-81.9198,27.9784],[-81.9239,27.9784],[-81.9239,27.9747],[-81.9321,27.9747],[-81.9602,27.9749],[-81.9569,27.982],[-81.9748,27.9821]]]},"properties":{"name":"HD50","district_number":50,"fips":"12-HD050"}},{"type":"Feature","geometry":{"type":"Polygon","coordinates":[[[-81.764,28.071],[-81.7681,28.0714],[-81.7701,28.0633],[-81.7666,28.0619],[-81.7665,28.0547],[-81.7598,28.0484],[-81.7556,28.028],[-81.7669,28.0277],[-81.767,28.0211],[-81.7814,28.0332],[-81.8224,28.0331],[-81.8213,28.0258],[-81.8315,28.0259],[-81.8332,28.0369],[-81.842,28.0369],[-81.842,28.0405],[-81.8461,28.0405],[-81.8462,28.0442],[-81.842,28.0442],[-81.842,28.0497],[-81.8384,28.0503],[-81.8384,28.0527],[-81.8434,28.0509],[-81.8442,28.0698],[-81.838,28.0698],[-81.8389,28.077],[-81.838,28.0736],[-81.8335,28.0736],[-81.83,28.092],[-81.8312,28.107],[-81.8388,28.1318],[-81.8389,28.1538],[-81.8542,28.1518],[-81.8544,28.1574],[-81.8604,28.1585],[-81.8687,28.1551],[-81.8687,28.1611],[-81.881,28.1611],[-81.8811,28.1717],[-81.9058,28.172],[-81.9056,28.1574],[-81.9289,28.1519],[-81.9384,28.1442],[-81.9466,28.1468],[-81.9464,28.1538],[-81.9738,28.1538],[-81.9747,28.1648],[-82.0104,28.1646],[-82.0116,28.1682],[-82.0192,28.1682],[-82.0192,28.1718],[-82.1059,28.1717],[-82.1062,28.2592],[-82.0555,28.2589],[-82.0558,28.3128],[-82.04,28.3203],[-82.0071,28.3231],[-81.9953,28.3186],[-81.9855,28.3053],[-81.9781,28.306],[-81.9748,28.3105],[-81.9578,28.3089],[-81.9576,28.3452],[-81.8575,28.346],[-81.8576,28.3619],[-81.7909,28.3618],[-81.7907,28.3464],[-81.6573,28.3471],[-81.6572,28.2592],[-81.5575,28.2594],[-81.5241,28.201],[-81.5242,28.1428],[-81.5173,28.1425],[-81.5391,28.1349],[-81.5535,28.1159],[-81.5612,28.1141],[-81.5596,28.1116],[-81.5627,28.1068],[-81.5688,28.1059],[-81.5661,28.0983],[-81.5542,28.0969],[-81.5574,28.0905],[-81.5656,28.0905],[-81.5656,28.0878],[-81.5573,28.0878],[-81.5507,28.084],[-81.5507,28.0774],[-81.5623,28.0774],[-81.5626,28.0665],[-81.5666,28.0665],[-81.5667,28.0701],[-81.5892,28.07],[-81.5892,28.0784],[-81.6118,28.0772],[-81.6091,28.0692],[-81.62,28.0681],[-81.6199,28.0626],[-81.6382,28.0622],[-81.6497,28.0815],[-81.655,28.0808],[-81.6579,28.0848],[-81.6583,28.0808],[-81.6625,28.0808],[-81.6625,28.0845],[-81.666,28.0845],[-81.6669,28.0808],[-81.6737,28.092],[-81.6901,28.092],[-81.6901,28.0884],[-81.6942,28.0884],[-81.6961,28.0797],[-81.6961,28.0826],[-81.7023,28.0808],[-81.7023,28.0844],[-81.7105,28.0811],[-81.7105,28.075],[-81.7046,28.0717],[-81.7092,28.0669],[-81.7122,28.0698],[-81.7224,28.0662],[-81.7327,28.0756],[-81.7576,28.0656],[-81.7638,28.0652],[-81.764,28.071]]]},"properties":{"name":"HD51","district_number":51,"fips":"12-HD051"}},{"type":"Feature","geometry":{"type":"Polygon","coordinates":[[[-82.1698,28.7967],[-82.1793,28.8033],[-82.1836,28.8236],[-82.205,28.8348],[-82.2069,28.8406],[-82.2192,28.8508],[-82.232,28.8566],[-82.2401,28.8668],[-82.2425,28.8768],[-82.2736,28.8972],[-82.29,28.9356],[-82.2959,28.9384],[-82.2971,28.9484],[-82.3117,28.9604],[-81.9542,28.9601],[-81.9542,28.5561],[-81.9578,28.3089],[-81.9748,28.3105],[-81.9781,28.306],[-81.9857,28.3053],[-81.9957,28.3188],[-82.0204,28.3238],[-82.04,28.3203],[-82.0558,28.3128],[-82.0547,28.4784],[-82.2533,28.4785],[-82.2534,28.4348],[-82.4851,28.4337],[-82.4847,28.4515],[-82.4781,28.4617],[-82.4783,28.4723],[-82.4838,28.4873],[-82.4767,28.501],[-82.4801,28.5837],[-82.4928,28.6055],[-82.4931,28.6222],[-82.4892,28.63],[-82.4891,28.6411],[-82.4932,28.6499],[-82.4966,28.6774],[-82.4944,28.6844],[-82.5074,28.6947],[-82.4184,28.6949],[-82.418,28.6659],[-82.2631,28.6676],[-82.26,28.6827],[-82.2485,28.7019],[-82.2512,28.7054],[-82.2491,28.7178],[-82.2327,28.7307],[-82.2314,28.7361],[-82.2186,28.744],[-82.2169,28.7481],[-82.2132,28.7477],[-82.2078,28.7566],[-82.1848,28.7618],[-82.1822,28.7689],[-82.1882,28.7717],[-82.1879,28.7778],[-82.1845,28.7831],[-82.1695,28.7916],[-82.1698,28.7967]]]},"properties":{"name":"HD52","district_number":52,"fips":"12-HD052"}},{"type":"Feature","geometry":{"type":"Polygon","coordinates":[[[-82.5599,28.361],[-82.6582,28.3607],[-82.675,28.3564],[-82.677,28.3489],[-82.6932,28.3642],[-82.6984,28.3569],[-82.6993,28.346],[-82.7266,28.3493],[-82.7248,28.3422],[-82.7362,28.3411],[-82.9377,28.3412],[-82.8966,28.3586],[-82.8776,28.4127],[-82.8709,28.4453],[-82.8554,28.4772],[-82.8582,28.499],[-82.8565,28.5277],[-82.8496,28.5529],[-82.8391,28.5746],[-82.8576,28.5971],[-82.8709,28.6216],[-82.8895,28.6932],[-82.5074,28.6947],[-82.4944,28.6844],[-82.4966,28.6774],[-82.4932,28.6499],[-82.4891,28.6411],[-82.4892,28.63],[-82.4931,28.6222],[-82.4928,28.6055],[-82.4801,28.5837],[-82.4767,28.501],[-82.4838,28.4864],[-82.4783,28.4723],[-82.4782,28.4612],[-82.4847,28.4515],[-82.4867,28.4227],[-82.5208,28.4008],[-82.5368,28.3865],[-82.5451,28.3611],[-82.5599,28.361]]]},"properties":{"name":"HD53","district_number":53,"fips":"12-HD053"}},{"type":"Feature","geometry":{"type":"Polygon","coordinates":[[[-82.3376,28.3073],[-82.3369,28.3245],[-82.3247,28.3253],[-82.3199,28.3562],[-82.3193,28.3948],[-82.3118,28.4018],[-82.3116,28.4074],[-82.303,28.4196],[-82.3028,28.4349],[-82.2534,28.4348],[-82.2533,28.4785],[-82.0547,28.4784],[-82.0555,28.2589],[-82.1062,28.2592],[-82.1059,28.1717],[-82.4282,28.1713],[-82.4276,28.2003],[-82.3989,28.2002],[-82.3855,28.2207],[-82.3368,28.2623],[-82.333,28.2786],[-82.3376,28.3073]]]},"properties":{"name":"HD54","district_number":54,"fips":"12-HD054"}},{"type":"Feature","geometry":{"type":"Polygon","coordinates":[[[-82.3649,28.2408],[-82.3861,28.22],[-82.3989,28.2002],[-82.4276,28.2003],[-82.4282,28.1713],[-82.6721,28.1733],[-82.665,28.1776],[-82.6659,28.2316],[-82.6739,28.2402],[-82.6758,28.2931],[-82.666,28.3082],[-82.666,28.3398],[-82.677,28.3489],[-82.675,28.3564],[-82.6582,28.3607],[-82.5451,28.3611],[-82.5376,28.3855],[-82.5208,28.4008],[-82.4878,28.4215],[-82.4852,28.4337],[-82.3028,28.4349],[-82.303,28.4196],[-82.3116,28.4074],[-82.3118,28.4018],[-82.3193,28.3948],[-82.3199,28.3562],[-82.3247,28.3253],[-82.3369,28.3245],[-82.3378,28.303],[-82.333,28.2786],[-82.3356,28.2654],[-82.3649,28.2408]]]},"properties":{"name":"HD55","district_number":55,"fips":"12-HD055"}},{"type":"Feature","geometry":{"type":"Polygon","coordinates":[[[-82.7248,28.3422],[-82.7266,28.3493],[-82.6993,28.346],[-82.6981,28.3578],[-82.6915,28.3642],[-82.666,28.3398],[-82.666,28.3082],[-82.6758,28.2931],[-82.6739,28.2402],[-82.6659,28.2316],[-82.665,28.1776],[-82.6721,28.1733],[-83.0188,28.171],[-83.0222,28.2148],[-83.0186,28.2402],[-83.0099,28.2664],[-82.9838,28.3061],[-82.9468,28.3361],[-82.9377,28.3412],[-82.7248,28.3422]]]},"properties":{"name":"HD56","district_number":56,"fips":"12-HD056"}},{"type":"Feature","geometry":{"type":"Polygon","coordinates":[[[-82.8494,28.1719],[-82.6512,28.1733],[-82.6486,27.9663],[-82.68,27.9625],[-82.6807,27.9789],[-82.7088,27.979],[-82.7089,28.01],[-82.7121,28.0121],[-82.7089,28.0121],[-82.7089,28.0234],[-82.7007,28.0269],[-82.7008,28.0352],[-82.709,28.0337],[-82.7093,28.049],[-82.7472,28.0487],[-82.7468,28.0194],[-82.772,28.0195],[-82.7874,28.0119],[-82.7994,28.0134],[-82.8009,28.0006],[-82.8164,28.0004],[-82.826,28.019],[-82.85,28.0164],[-82.9994,28.0224],[-83.0082,28.0619],[-83.0125,28.1337],[-83.0188,28.171],[-82.8494,28.1719]]]},"properties":{"name":"HD57","district_number":57,"fips":"12-HD057"}},{"type":"Feature","geometry":{"type":"Polygon","coordinates":[[[-82.8007,27.9311],[-82.8005,27.9241],[-82.8089,27.9242],[-82.8095,27.9179],[-82.8157,27.918],[-82.8173,27.9132],[-82.8177,27.916],[-82.8311,27.9162],[-82.8381,27.8939],[-82.8498,27.8772],[-82.8493,27.8717],[-83.0202,27.8719],[-83.0195,27.8988],[-83.0141,27.9334],[-82.9985,27.9903],[-82.9994,28.0224],[-82.85,28.0164],[-82.826,28.019],[-82.8164,28.0004],[-82.8009,28.0006],[-82.7994,28.0134],[-82.7874,28.0119],[-82.772,28.0195],[-82.7468,28.0194],[-82.7472,28.0487],[-82.7093,28.049],[-82.709,28.0337],[-82.7008,28.0352],[-82.7007,28.0269],[-82.7089,28.0234],[-82.7089,28.0121],[-82.7121,28.0121],[-82.7089,28.01],[-82.7088,27.979],[-82.6807,27.9789],[-82.68,27.9622],[-82.7187,27.9572],[-82.7215,27.9549],[-82.7206,27.9494],[-82.7247,27.9475],[-82.7201,27.941],[-82.7255,27.9366],[-82.7408,27.9385],[-82.7458,27.9363],[-82.748,27.9403],[-82.7709,27.9388],[-82.7713,27.9433],[-82.7749,27.9351],[-82.7958,27.9352],[-82.8,27.939],[-82.8007,27.9311]]]},"properties":{"name":"HD58","district_number":58,"fips":"12-HD058"}},{"type":"Feature","geometry":{"type":"Polygon","coordinates":[[[-82.7009,27.9103],[-82.6932,27.9043],[-82.6934,27.8948],[-82.7259,27.8937],[-82.7291,27.8905],[-82.7269,27.8886],[-82.7291,27.8864],[-82.7288,27.8552],[-82.7375,27.8613],[-82.7408,27.8593],[-82.752,27.8391],[-82.8382,27.8439],[-82.8496,27.8723],[-82.8498,27.8772],[-82.8381,27.8939],[-82.8311,27.9162],[-82.8177,27.916],[-82.8173,27.9132],[-82.8157,27.918],[-82.8095,27.9179],[-82.8089,27.9242],[-82.8005,27.9241],[-82.8,27.939],[-82.7958,27.9352],[-82.7749,27.9351],[-82.7709,27.9433],[-82.7709,27.9388],[-82.748,27.9403],[-82.7458,27.9363],[-82.7408,27.9385],[-82.7206,27.9362],[-82.71,27.9271],[-82.7004,27.9271],[-82.7021,27.9238],[-82.6984,27.9218],[-82.7009,27.9103]]]},"properties":{"name":"HD59","district_number":59,"fips":"12-HD059"}},{"type":"Feature","geometry":{"type":"Polygon","coordinates":[[[-82.6999,27.8283],[-82.7288,27.8533],[-82.7291,27.8864],[-82.7269,27.8886],[-82.729,27.8907],[-82.723,27.8943],[-82.694,27.8943],[-82.693,27.8974],[-82.6932,27.9043],[-82.7009,27.9103],[-82.6984,27.9218],[-82.7021,27.9238],[-82.7004,27.9271],[-82.71,27.9271],[-82.7201,27.936],[-82.7254,27.9367],[-82.7201,27.941],[-82.7247,27.9472],[-82.7206,27.9494],[-82.7203,27.9562],[-82.7107,27.9569],[-82.7098,27.9598],[-82.6486,27.9663],[-82.6483,27.9474],[-82.6014,27.9373],[-82.5878,27.9283],[-82.5775,27.916],[-82.5687,27.8929],[-82.5661,27.8234],[-82.5788,27.8235],[-82.6018,27.7895],[-82.6176,27.7778],[-82.6196,27.7603],[-82.6242,27.7561],[-82.6369,27.7546],[-82.6448,27.7622],[-82.6446,27.7773],[-82.6559,27.7768],[-82.658,27.772],[-82.6754,27.7719],[-82.6754,27.7747],[-82.6794,27.7747],[-82.6795,27.8091],[-82.6999,27.8283]]]},"properties":{"name":"HD60","district_number":60,"fips":"12-HD060"}},{"type":"Feature","geometry":{"type":"Polygon","coordinates":[[[-82.685,27.8138],[-82.6795,27.8091],[-82.6794,27.7791],[-82.7054,27.7772],[-82.708,27.7646],[-82.6998,27.7627],[-82.6997,27.7447],[-82.6875,27.7447],[-82.6875,27.7411],[-82.6928,27.7373],[-82.692,27.7338],[-82.6793,27.7265],[-82.6759,27.6506],[-82.6437,27.6044],[-82.7649,27.5573],[-82.9242,27.5308],[-82.9329,27.562],[-82.9349,27.5995],[-82.931,27.625],[-82.9174,27.6628],[-82.9152,27.6841],[-82.9655,27.7339],[-82.9923,27.7747],[-83.0111,27.8179],[-83.0202,27.8719],[-82.8529,27.8724],[-82.8493,27.8717],[-82.8382,27.8439],[-82.7986,27.8434],[-82.7913,27.8397],[-82.752,27.8391],[-82.7497,27.8474],[-82.7375,27.8613],[-82.685,27.8138]]]},"properties":{"name":"HD61","district_number":61,"fips":"12-HD061"}},{"type":"Feature","geometry":{"type":"Polygon","coordinates":[[[-82.3475,27.8717],[-82.3267,27.8717],[-82.3267,27.8462],[-82.3349,27.792],[-82.4204,27.7934],[-82.4361,27.7767],[-82.4321,27.7672],[-82.435,27.763],[-82.4813,27.7435],[-82.4768,27.7351],[-82.4783,27.7256],[-82.4855,27.7258],[-82.4839,27.7198],[-82.4937,27.7194],[-82.5128,27.7066],[-82.5535,27.6455],[-82.6437,27.6044],[-82.6759,27.6506],[-82.6793,27.7265],[-82.692,27.7338],[-82.6928,27.7373],[-82.6875,27.7411],[-82.6875,27.7447],[-82.6997,27.7447],[-82.6998,27.7627],[-82.708,27.7646],[-82.7054,27.7772],[-82.6794,27.7791],[-82.6794,27.7747],[-82.6754,27.7747],[-82.6747,27.7718],[-82.658,27.772],[-82.6559,27.7768],[-82.6446,27.7773],[-82.6448,27.7622],[-82.6369,27.7546],[-82.6242,27.7561],[-82.6196,27.7603],[-82.6176,27.7778],[-82.6018,27.7895],[-82.5788,27.8235],[-82.5661,27.8234],[-82.5658,27.8176],[-82.4499,27.8176],[-82.449,27.8947],[-82.4371,27.9032],[-82.4483,27.9236],[-82.4425,27.9495],[-82.4456,27.9552],[-82.4309,27.9519],[-82.4169,27.9549],[-82.4018,27.95],[-82.4016,27.9677],[-82.3837,27.9815],[-82.3602,27.9815],[-82.3578,27.9955],[-82.3262,27.9962],[-82.3261,27.9642],[-82.3311,27.9287],[-82.3483,27.8936],[-82.3475,27.8717]]]},"properties":{"name":"HD62","district_number":62,"fips":"12-HD062"}},{"type":"Feature","geometry":{"type":"Polygon","coordinates":[[[-82.4677,27.9678],[-82.4677,27.9734],[-82.4594,27.9733],[-82.4595,28.0211],[-82.4552,28.0201],[-82.4512,28.0436],[-82.4474,28.0436],[-82.4493,28.0693],[-82.426,28.0692],[-82.4261,28.0545],[-82.3534,28.0542],[-82.3496,28.0384],[-82.3286,28.0139],[-82.3263,27.9972],[-82.3578,27.9955],[-82.3602,27.9815],[-82.3837,27.9815],[-82.4016,27.9677],[-82.4018,27.95],[-82.4159,27.9547],[-82.4309,27.9519],[-82.4436,27.9556],[-82.4509,27.9515],[-82.4565,27.9533],[-82.4679,27.95],[-82.4717,27.9458],[-82.483,27.9469],[-82.4849,27.9667],[-82.4677,27.9678]]]},"properties":{"name":"HD63","district_number":63,"fips":"12-HD063"}},{"type":"Feature","geometry":{"type":"Polygon","coordinates":[[[-82.4595,28.0211],[-82.4594,27.9733],[-82.4677,27.9734],[-82.4677,27.9669],[-82.4849,27.9667],[-82.485,27.956],[-82.5026,27.9562],[-82.5139,27.951],[-82.5138,27.9595],[-82.5181,27.9611],[-82.5447,27.9605],[-82.5458,27.9817],[-82.5672,27.9826],[-82.5819,27.9968],[-82.6081,28.0104],[-82.6039,28.0198],[-82.583,28.0293],[-82.5825,28.0648],[-82.5787,28.0661],[-82.5552,28.0653],[-82.5397,28.0607],[-82.5233,28.052],[-82.5058,28.0366],[-82.4548,28.0329],[-82.4552,28.0201],[-82.4595,28.0211]]]},"properties":{"name":"HD64","district_number":64,"fips":"12-HD064"}},{"type":"Feature","geometry":{"type":"Polygon","coordinates":[[[-82.6234,28.0566],[-82.5826,28.0628],[-82.583,28.0293],[-82.6039,28.0198],[-82.6081,28.0104],[-82.5819,27.9968],[-82.5672,27.9826],[-82.5458,27.9817],[-82.5447,27.9605],[-82.5181,27.9611],[-82.5138,27.9595],[-82.5139,27.951],[-82.5026,27.9562],[-82.485,27.956],[-82.483,27.9469],[-82.4768,27.9459],[-82.4565,27.9533],[-82.4509,27.9515],[-82.4456,27.9552],[-82.4427,27.9523],[-82.4483,27.9236],[-82.4371,27.9032],[-82.449,27.8947],[-82.4499,27.8176],[-82.5658,27.8176],[-82.5687,27.8929],[-82.5775,27.916],[-82.5878,27.9283],[-82.6014,27.9373],[-82.6483,27.9474],[-82.6484,28.0562],[-82.6234,28.0566]]]},"properties":{"name":"HD65","district_number":65,"fips":"12-HD065"}},{"type":"Feature","geometry":{"type":"Polygon","coordinates":[[[-82.6233,28.0568],[-82.6484,28.0562],[-82.6512,28.1733],[-82.3946,28.1713],[-82.4055,28.1552],[-82.4262,28.1106],[-82.452,28.0965],[-82.4474,28.0436],[-82.4512,28.0436],[-82.4513,28.0329],[-82.5062,28.0367],[-82.5286,28.0555],[-82.5552,28.0653],[-82.5794,28.066],[-82.5826,28.0628],[-82.6233,28.0568]]]},"properties":{"name":"HD66","district_number":66,"fips":"12-HD066"}},{"type":"Feature","geometry":{"type":"Polygon","coordinates":[[[-82.4514,28.0913],[-82.45,28.0989],[-82.4253,28.1119],[-82.4055,28.1552],[-82.3946,28.1713],[-82.212,28.1719],[-82.2221,28.1482],[-82.2494,28.1062],[-82.2491,28.0471],[-82.2675,28.0472],[-82.2595,28.037],[-82.2645,28.0329],[-82.2634,28.0253],[-82.2722,28.0252],[-82.2731,28.0217],[-82.2779,28.0216],[-82.2778,28.012],[-82.2861,28.0091],[-82.2858,27.9377],[-82.3185,27.9377],[-82.3292,27.9415],[-82.3261,27.9642],[-82.3278,28.0114],[-82.3496,28.0384],[-82.3534,28.0542],[-82.4261,28.0545],[-82.426,28.0692],[-82.4511,28.0693],[-82.4514,28.0913]]]},"properties":{"name":"HD67","district_number":67,"fips":"12-HD067"}},{"type":"Feature","geometry":{"type":"Polygon","coordinates":[[[-82.2494,28.1062],[-82.2221,28.1482],[-82.212,28.1719],[-82.0563,28.1716],[-82.0553,27.8694],[-82.0653,27.8647],[-82.0965,27.8647],[-82.1211,27.8766],[-82.1306,27.8663],[-82.1413,27.8629],[-82.146,27.87],[-82.1504,27.8685],[-82.1703,27.876],[-82.1776,27.8736],[-82.1788,27.8774],[-82.1851,27.8781],[-82.1894,27.8867],[-82.1935,27.8856],[-82.1938,27.8881],[-82.1981,27.8871],[-82.2049,27.8807],[-82.2021,27.8784],[-82.2113,27.8726],[-82.2235,27.8762],[-82.242,27.8915],[-82.2697,27.9231],[-82.2857,27.9231],[-82.2861,28.0091],[-82.2778,28.012],[-82.2779,28.0216],[-82.2731,28.0217],[-82.2722,28.0252],[-82.2634,28.0253],[-82.2645,28.0329],[-82.2595,28.037],[-82.2675,28.0472],[-82.2491,28.0471],[-82.2494,28.1062]]]},"properties":{"name":"HD68","district_number":68,"fips":"12-HD068"}},{"type":"Feature","geometry":{"type":"Polygon","coordinates":[[[-82.3144,27.9377],[-82.2858,27.9377],[-82.2857,27.9231],[-82.2697,27.9231],[-82.242,27.8915],[-82.2215,27.8753],[-82.2092,27.873],[-82.202,27.8785],[-82.2046,27.8811],[-82.1938,27.8881],[-82.1935,27.8856],[-82.1894,27.8867],[-82.1851,27.8781],[-82.1788,27.8774],[-82.1776,27.8736],[-82.1703,27.876],[-82.1504,27.8685],[-82.146,27.87],[-82.1413,27.8629],[-82.1306,27.8663],[-82.1211,27.8766],[-82.0965,27.8647],[-82.0653,27.8647],[-82.0553,27.8694],[-82.0544,27.6464],[-82.3449,27.6463],[-82.2615,27.7628],[-82.271,27.7657],[-82.2872,27.8013],[-82.297,27.8007],[-82.3048,27.7934],[-82.3156,27.7921],[-82.3172,27.7884],[-82.335,27.7866],[-82.3267,27.8462],[-82.3267,27.8717],[-82.3475,27.8717],[-82.3485,27.8922],[-82.3326,27.9237],[-82.3292,27.9415],[-82.3144,27.9377]]]},"properties":{"name":"HD69","district_number":69,"fips":"12-HD069"}},{"type":"Feature","geometry":{"type":"Polygon","coordinates":[[[-82.3087,27.7922],[-82.297,27.8007],[-82.2872,27.8013],[-82.271,27.7657],[-82.2615,27.7628],[-82.3523,27.6371],[-82.4067,27.6094],[-82.4255,27.5883],[-82.4276,27.5682],[-82.4254,27.5367],[-82.4304,27.524],[-82.4456,27.5186],[-82.4575,27.5268],[-82.4694,27.5283],[-82.4827,27.5231],[-82.4998,27.5259],[-82.5054,27.5234],[-82.5104,27.5365],[-82.5107,27.5469],[-82.5282,27.5469],[-82.5273,27.5855],[-82.5551,27.5847],[-82.5709,27.58],[-82.5866,27.5835],[-82.6125,27.5836],[-82.6299,27.5923],[-82.6437,27.6044],[-82.5535,27.6455],[-82.5128,27.7066],[-82.4937,27.7194],[-82.4839,27.7198],[-82.4855,27.7258],[-82.4783,27.7256],[-82.4768,27.7351],[-82.4813,27.7435],[-82.435,27.763],[-82.4321,27.7672],[-82.4361,27.7767],[-82.4204,27.7934],[-82.3349,27.792],[-82.335,27.7866],[-82.3087,27.7922]]]},"properties":{"name":"HD70","district_number":70,"fips":"12-HD070"}},{"type":"Feature","geometry":{"type":"Polygon","coordinates":[[[-82.5467,27.4622],[-82.5753,27.4623],[-82.5754,27.4477],[-82.5876,27.4478],[-82.5878,27.4229],[-82.5849,27.4228],[-82.5849,27.4199],[-82.5878,27.409],[-82.5962,27.4052],[-82.5965,27.3893],[-82.8507,27.3914],[-82.8616,27.4237],[-82.8918,27.4602],[-82.9242,27.5308],[-82.7649,27.5573],[-82.6437,27.6044],[-82.6299,27.5923],[-82.6125,27.5836],[-82.5866,27.5835],[-82.5709,27.58],[-82.5551,27.5847],[-82.5273,27.5855],[-82.5282,27.5469],[-82.5107,27.5469],[-82.5104,27.5365],[-82.5054,27.5234],[-82.4998,27.5259],[-82.4836,27.5231],[-82.4814,27.516],[-82.4885,27.5132],[-82.4926,27.5074],[-82.4776,27.5002],[-82.4723,27.4909],[-82.479,27.492],[-82.4795,27.4829],[-82.4956,27.48],[-82.4921,27.4718],[-82.495,27.4618],[-82.5467,27.4622]]]},"properties":{"name":"HD71","district_number":71,"fips":"12-HD071"}},{"type":"Feature","geometry":{"type":"Polygon","coordinates":[[[-82.5877,27.4367],[-82.5876,27.4478],[-82.5754,27.4477],[-82.5753,27.4623],[-82.495,27.4618],[-82.4921,27.4718],[-82.4956,27.48],[-82.4795,27.4829],[-82.479,27.492],[-82.4723,27.4909],[-82.4776,27.5002],[-82.4926,27.5074],[-82.4885,27.5132],[-82.4814,27.516],[-82.4836,27.5231],[-82.4703,27.5282],[-82.4615,27.5276],[-82.4424,27.5187],[-82.4304,27.524],[-82.4254,27.5367],[-82.4276,27.5682],[-82.4255,27.5883],[-82.4067,27.6094],[-82.3536,27.6362],[-82.3449,27.6463],[-82.0544,27.6464],[-82.0565,27.2078],[-82.2536,27.2089],[-82.2523,27.3862],[-82.5965,27.3893],[-82.5962,27.4052],[-82.5878,27.409],[-82.5849,27.4199],[-82.5849,27.4228],[-82.5878,27.4229],[-82.5877,27.4367]]]},"properties":{"name":"HD72","district_number":72,"fips":"12-HD072"}},{"type":"Feature","geometry":{"type":"Polygon","coordinates":[[[-82.4939,27.3265],[-82.5054,27.323],[-82.5045,27.3186],[-82.5142,27.3039],[-82.5142,27.2988],[-82.4873,27.2988],[-82.4803,27.2693],[-82.4488,27.2695],[-82.451,27.2272],[-82.4405,27.2033],[-82.4301,27.1651],[-82.3843,27.1114],[-82.3889,27.0791],[-82.4297,27.0789],[-82.4298,27.0607],[-82.6272,27.0607],[-82.6353,27.0877],[-82.6705,27.1544],[-82.7109,27.1949],[-82.7251,27.2188],[-82.7347,27.2468],[-82.7601,27.2742],[-82.7863,27.3107],[-82.8263,27.3478],[-82.8406,27.3688],[-82.8507,27.3914],[-82.5316,27.3888],[-82.5307,27.3671],[-82.5264,27.3523],[-82.4818,27.3519],[-82.4787,27.3465],[-82.479,27.3413],[-82.482,27.3413],[-82.481,27.3251],[-82.4939,27.3265]]]},"properties":{"name":"HD73","district_number":73,"fips":"12-HD073"}},{"type":"Feature","geometry":{"type":"Polygon","coordinates":[[[-82.5099,27.3084],[-82.5019,27.326],[-82.4811,27.325],[-82.482,27.3413],[-82.479,27.3413],[-82.4787,27.3465],[-82.4834,27.3523],[-82.5264,27.3523],[-82.5307,27.3671],[-82.5316,27.3888],[-82.2523,27.3862],[-82.2536,27.2089],[-82.0565,27.2078],[-82.0575,27.0321],[-82.2051,27.0328],[-82.2437,27.0453],[-82.2839,27.0484],[-82.2998,27.0417],[-82.3203,27.0661],[-82.3521,27.0641],[-82.3522,27.0788],[-82.3889,27.0791],[-82.3843,27.1114],[-82.4301,27.1651],[-82.4405,27.2033],[-82.451,27.2272],[-82.4488,27.2695],[-82.4803,27.2693],[-82.4873,27.2988],[-82.5142,27.2988],[-82.5142,27.3039],[-82.5099,27.3084]]]},"properties":{"name":"HD74","district_number":74,"fips":"12-HD074"}},{"type":"Feature","geometry":{"type":"Polygon","coordinates":[[[-82.4243,27.079],[-82.3522,27.0788],[-82.3521,27.0641],[-82.3203,27.0661],[-82.2998,27.0417],[-82.2839,27.0484],[-82.2437,27.0453],[-82.2051,27.0328],[-82.0575,27.0321],[-82.0577,26.9734],[-82.0852,26.9714],[-82.0817,26.9635],[-82.0823,26.9355],[-82.091,26.9326],[-82.0988,26.9168],[-82.0999,26.9084],[-82.0947,26.8927],[-82.1043,26.8436],[-82.1026,26.7707],[-82.2056,26.7705],[-82.2215,26.7818],[-82.2647,26.7894],[-82.462,26.7874],[-82.4988,26.8357],[-82.593,26.9878],[-82.6272,27.0607],[-82.4298,27.0607],[-82.4297,27.0789],[-82.4243,27.079]]]},"properties":{"name":"HD75","district_number":75,"fips":"12-HD075"}},{"type":"Feature","geometry":{"type":"Polygon","coordinates":[[[-81.829,27.3401],[-81.5641,27.3406],[-81.5623,27.0715],[-81.5665,26.7139],[-81.5785,26.7187],[-81.6015,26.713],[-81.6406,26.7204],[-81.6692,26.7188],[-81.6726,26.7152],[-81.6951,26.715],[-81.7569,26.7025],[-81.7772,26.6959],[-81.7985,26.6841],[-81.7989,26.6967],[-81.8404,26.6891],[-81.854,26.6755],[-81.8942,26.6475],[-81.9126,26.6277],[-81.9121,26.625],[-81.9237,26.625],[-81.9234,26.6601],[-81.9216,26.6692],[-81.9176,26.6692],[-81.9244,26.6762],[-81.925,26.6962],[-81.974,26.6963],[-81.9737,26.7179],[-81.9899,26.7117],[-81.9898,26.7154],[-81.998,26.7154],[-81.998,26.7191],[-82.0042,26.7191],[-82.0021,26.7117],[-82.0062,26.7117],[-82.0062,26.7265],[-82.0229,26.7265],[-82.0226,26.7413],[-82.0308,26.7411],[-82.031,26.7264],[-82.0392,26.7263],[-82.0385,26.7588],[-82.0662,26.7579],[-82.0641,26.7705],[-82.1026,26.7707],[-82.1043,26.8436],[-82.0947,26.8927],[-82.0999,26.9084],[-82.0988,26.9168],[-82.091,26.9326],[-82.0823,26.9355],[-82.0817,26.9635],[-82.0852,26.9714],[-82.0577,26.9734],[-82.0558,27.3383],[-81.8589,27.3367],[-81.8588,27.3403],[-81.829,27.3401]]]},"properties":{"name":"HD76","district_number":76,"fips":"12-HD076"}},{"type":"Feature","geometry":{"type":"Polygon","coordinates":[[[-81.7948,26.5472],[-81.7864,26.5473],[-81.7864,26.5511],[-81.7739,26.5494],[-81.774,26.5551],[-81.7582,26.555],[-81.7583,26.577],[-81.7658,26.5768],[-81.7659,26.5828],[-81.7568,26.5931],[-81.761,26.5986],[-81.7747,26.5986],[-81.7749,26.6095],[-81.779,26.6095],[-81.7791,26.6128],[-81.7591,26.611],[-81.7591,26.6209],[-81.7511,26.621],[-81.7513,26.6278],[-81.7666,26.6272],[-81.7637,26.6568],[-81.7717,26.6567],[-81.772,26.6712],[-81.7995,26.6709],[-81.7985,26.6841],[-81.7772,26.6959],[-81.7569,26.7025],[-81.6951,26.715],[-81.6726,26.7152],[-81.6692,26.7188],[-81.6406,26.7204],[-81.6015,26.713],[-81.5785,26.7187],[-81.5665,26.7139],[-81.5622,26.4226],[-81.724,26.4207],[-81.7245,26.452],[-81.7846,26.4494],[-81.7888,26.4565],[-81.789,26.4496],[-81.797,26.4494],[-81.7971,26.4564],[-81.8052,26.4563],[-81.8053,26.4636],[-81.8214,26.4638],[-81.823,26.4547],[-81.8335,26.4673],[-81.8435,26.4901],[-81.854,26.4997],[-81.8549,26.5282],[-81.8475,26.5292],[-81.8422,26.5343],[-81.8386,26.5508],[-81.8315,26.5613],[-81.8105,26.5617],[-81.8105,26.5536],[-81.8147,26.5543],[-81.8144,26.5475],[-81.7948,26.5472]]]},"properties":{"name":"HD77","district_number":77,"fips":"12-HD077"}},{"type":"Feature","geometry":{"type":"Polygon","coordinates":[[[-81.8986,26.4874],[-81.9431,26.4875],[-81.9433,26.494],[-81.9514,26.4943],[-81.9521,26.5279],[-81.9561,26.5335],[-81.9394,26.5436],[-81.9082,26.5831],[-81.9037,26.5972],[-81.9043,26.6067],[-81.9113,26.6087],[-81.9126,26.6277],[-81.8942,26.6475],[-81.854,26.6755],[-81.8404,26.6891],[-81.7989,26.6967],[-81.7995,26.6709],[-81.772,26.6712],[-81.7717,26.6567],[-81.7637,26.6568],[-81.7666,26.6272],[-81.7513,26.6278],[-81.7511,26.621],[-81.7591,26.6209],[-81.7591,26.611],[-81.7791,26.6128],[-81.779,26.6095],[-81.7749,26.6095],[-81.7747,26.5986],[-81.761,26.5986],[-81.7568,26.5931],[-81.7659,26.5828],[-81.7658,26.5768],[-81.7583,26.577],[-81.7582,26.555],[-81.774,26.5551],[-81.7739,26.5494],[-81.7776,26.5482],[-81.7785,26.5513],[-81.7865,26.551],[-81.7864,26.5473],[-81.8144,26.5475],[-81.8147,26.5543],[-81.8105,26.5536],[-81.8105,26.5617],[-81.8315,26.5613],[-81.8386,26.5508],[-81.8422,26.5343],[-81.8475,26.5292],[-81.8549,26.5282],[-81.8543,26.488],[-81.8986,26.4874]]]},"properties":{"name":"HD78","district_number":78,"fips":"12-HD078"}},{"type":"Feature","geometry":{"type":"Polygon","coordinates":[[[-81.9742,26.6964],[-81.925,26.6962],[-81.9244,26.6762],[-81.9176,26.6692],[-81.9216,26.6692],[-81.9234,26.6601],[-81.9237,26.625],[-81.9137,26.625],[-81.9113,26.6087],[-81.9043,26.6067],[-81.9037,26.5972],[-81.9082,26.5831],[-81.9394,26.5436],[-81.9569,26.5332],[-82.0048,26.5283],[-82.0052,26.5357],[-82.0184,26.5289],[-82.025,26.5304],[-82.0418,26.5253],[-82.0403,26.5306],[-82.0559,26.5422],[-82.0604,26.557],[-82.0644,26.5635],[-82.0691,26.5641],[-82.0592,26.5969],[-82.059,26.6061],[-82.0661,26.6194],[-82.0793,26.6329],[-82.0787,26.6392],[-82.0704,26.6369],[-82.0716,26.641],[-82.0858,26.6564],[-82.0917,26.6692],[-82.0821,26.7166],[-82.0727,26.7308],[-82.0631,26.7585],[-82.0385,26.7588],[-82.0392,26.7263],[-82.031,26.7264],[-82.0308,26.7411],[-82.0226,26.7413],[-82.0229,26.7265],[-82.0062,26.7265],[-82.0062,26.7117],[-82.0021,26.7117],[-82.0042,26.7191],[-81.998,26.7191],[-81.998,26.7154],[-81.9898,26.7154],[-81.9899,26.7117],[-81.9737,26.7179],[-81.9742,26.6964]]]},"properties":{"name":"HD79","district_number":79,"fips":"12-HD079"}},{"type":"Feature","geometry":{"type":"Polygon","coordinates":[[[-81.6894,26.2731],[-81.6889,26.2613],[-81.6967,26.2613],[-81.7047,26.2571],[-81.7044,26.2509],[-81.7004,26.251],[-81.7001,26.244],[-81.7233,26.2439],[-81.7366,26.244],[-81.7426,26.2729],[-81.8275,26.2723],[-81.8339,26.2878],[-81.9976,26.2656],[-82.0055,26.2844],[-82.0491,26.2736],[-82.0982,26.2725],[-82.1299,26.2768],[-82.1693,26.2885],[-82.2279,26.3167],[-82.2973,26.3685],[-82.3184,26.3936],[-82.3346,26.4199],[-82.3471,26.4495],[-82.3596,26.5027],[-82.3796,26.5369],[-82.3903,26.5753],[-82.4087,26.6012],[-82.4258,26.6381],[-82.433,26.6752],[-82.4316,26.7362],[-82.4451,26.7646],[-82.462,26.7874],[-82.2647,26.7894],[-82.2215,26.7818],[-82.2056,26.7705],[-82.0641,26.7705],[-82.0655,26.7503],[-82.0836,26.7128],[-82.0917,26.6692],[-82.0858,26.6564],[-82.0716,26.641],[-82.0704,26.6369],[-82.0787,26.6392],[-82.0793,26.6329],[-82.0597,26.6089],[-82.0592,26.5969],[-82.0696,26.5662],[-82.0604,26.557],[-82.0578,26.5447],[-82.0403,26.5306],[-82.0418,26.5253],[-82.025,26.5304],[-82.0184,26.5289],[-82.0052,26.5357],[-82.0048,26.5283],[-81.9561,26.5335],[-81.9521,26.5279],[-81.9514,26.4943],[-81.9433,26.494],[-81.9431,26.4875],[-81.8543,26.488],[-81.8538,26.4995],[-81.8435,26.4901],[-81.8335,26.4673],[-81.823,26.4547],[-81.8214,26.4638],[-81.8053,26.4636],[-81.8052,26.4563],[-81.7971,26.4564],[-81.797,26.4494],[-81.789,26.4496],[-81.7888,26.4565],[-81.7846,26.4494],[-81.7245,26.452],[-81.724,26.4207],[-81.6584,26.4211],[-81.6579,26.3176],[-81.6905,26.3173],[-81.6894,26.2731]]]},"properties":{"name":"HD80","district_number":80,"fips":"12-HD080"}},{"type":"Feature","geometry":{"type":"Polygon","coordinates":[[[-81.828,26.2724],[-81.7426,26.2729],[-81.7366,26.244],[-81.7338,26.1734],[-81.723,26.165],[-81.6866,26.1605],[-81.6874,26.0802],[-81.6991,26.0631],[-81.5924,25.9943],[-81.6255,25.9865],[-81.6482,25.9355],[-81.6524,25.933],[-81.6428,25.9251],[-81.6386,25.9121],[-81.6402,25.8754],[-81.6248,25.8754],[-81.6249,25.8025],[-81.8482,25.8008],[-81.8752,25.8365],[-81.8904,25.8715],[-81.9077,25.9004],[-81.9158,25.9274],[-81.9184,25.9527],[-81.9576,26.0348],[-81.9655,26.0577],[-81.9734,26.1268],[-81.9809,26.1575],[-81.9853,26.2132],[-81.9976,26.2656],[-81.8339,26.2878],[-81.828,26.2724]]]},"properties":{"name":"HD81","district_number":81,"fips":"12-HD081"}},{"type":"Feature","geometry":{"type":"Polygon","coordinates":[[[-81.5638,26.5133],[-81.5658,26.7696],[-81.4595,26.7689],[-81.4593,26.7835],[-81.4491,26.7835],[-81.4349,26.7835],[-81.4349,26.7688],[-80.9453,26.7691],[-80.8856,26.9589],[-80.8858,26.6092],[-80.8792,26.1727],[-80.8728,26.0004],[-80.8731,25.8054],[-81.6249,25.8025],[-81.6248,25.8754],[-81.6402,25.8754],[-81.6386,25.9121],[-81.6428,25.9251],[-81.6524,25.933],[-81.6482,25.9355],[-81.6255,25.9865],[-81.5924,25.9943],[-81.6991,26.0631],[-81.6874,26.0802],[-81.6866,26.1605],[-81.7227,26.1649],[-81.7333,26.1726],[-81.7366,26.244],[-81.7001,26.244],[-81.7004,26.251],[-81.7044,26.2509],[-81.7047,26.2571],[-81.6967,26.2613],[-81.6889,26.2613],[-81.6905,26.3173],[-81.6579,26.3176],[-81.6595,26.4211],[-81.5622,26.4226],[-81.5638,26.5133]]]},"properties":{"name":"HD82","district_number":82,"fips":"12-HD082"}},{"type":"Feature","geometry":{"type":"Polygon","coordinates":[[[-82.0545,27.5953],[-82.0544,27.6464],[-80.778,27.6432],[-80.7772,27.5587],[-80.6798,27.5585],[-80.6774,27.1216],[-80.8856,26.9589],[-80.9453,26.7691],[-81.4349,26.7688],[-81.4349,26.7835],[-81.4491,26.7835],[-81.4593,26.7835],[-81.4595,26.7689],[-81.5658,26.7696],[-81.5623,27.0715],[-81.5641,27.3406],[-81.8588,27.3403],[-81.8589,27.3367],[-82.0558,27.3383],[-82.0545,27.5953]]]},"properties":{"name":"HD83","district_number":83,"fips":"12-HD083"}},{"type":"Feature","geometry":{"type":"Polygon","coordinates":[[[-80.4811,27.2716],[-80.4814,27.2064],[-80.6779,27.206],[-80.6798,27.5585],[-80.2635,27.5568],[-80.2458,27.5102],[-80.2373,27.5014],[-80.2293,27.4856],[-80.228,27.463],[-80.2133,27.4247],[-80.1381,27.2629],[-80.224,27.263],[-80.2433,27.2974],[-80.297,27.299],[-80.2974,27.3035],[-80.3022,27.3059],[-80.327,27.3035],[-80.3413,27.2971],[-80.3666,27.297],[-80.3758,27.294],[-80.4315,27.2946],[-80.4641,27.2861],[-80.4811,27.2862],[-80.4811,27.2716]]]},"properties":{"name":"HD84","district_number":84,"fips":"12-HD084"}},{"type":"Feature","geometry":{"type":"Polygon","coordinates":[[[-80.3385,27.2977],[-80.327,27.3035],[-80.3052,27.3059],[-80.2983,27.3044],[-80.297,27.299],[-80.2433,27.2974],[-80.2153,27.2476],[-80.2343,27.2405],[-80.2253,27.2377],[-80.2242,27.2296],[-80.244,27.2208],[-80.2446,27.225],[-80.2527,27.2231],[-80.2526,27.2452],[-80.2724,27.2455],[-80.2658,27.2281],[-80.2691,27.2267],[-80.2655,27.2272],[-80.262,27.2148],[-80.2621,27.2127],[-80.2652,27.2151],[-80.2645,27.1825],[-80.2517,27.1641],[-80.2518,27.1589],[-80.2597,27.1611],[-80.4818,27.162],[-80.4811,27.2862],[-80.4641,27.2861],[-80.4315,27.2946],[-80.3758,27.294],[-80.3666,27.297],[-80.3385,27.2977]]]},"properties":{"name":"HD85","district_number":85,"fips":"12-HD085"}},{"type":"Feature","geometry":{"type":"Polygon","coordinates":[[[-80.1032,26.8984],[-80.1115,26.9013],[-80.1122,26.9111],[-80.1432,26.9108],[-80.1569,26.9419],[-80.1671,26.9566],[-80.8856,26.9589],[-80.6774,27.1216],[-80.6779,27.206],[-80.4814,27.2064],[-80.4818,27.162],[-80.2597,27.1611],[-80.2518,27.1589],[-80.2517,27.1641],[-80.2645,27.1825],[-80.2652,27.2151],[-80.2621,27.2127],[-80.262,27.2148],[-80.2655,27.2272],[-80.2691,27.2267],[-80.2658,27.2281],[-80.2724,27.2455],[-80.2526,27.2452],[-80.2527,27.2231],[-80.2446,27.225],[-80.244,27.2208],[-80.2242,27.2296],[-80.2253,27.2377],[-80.2343,27.2405],[-80.2153,27.2476],[-80.224,27.263],[-80.1381,27.2629],[-80.0954,27.1806],[-80.0941,27.1637],[-80.081,27.1253],[-80.0634,27.0916],[-80.0391,27.0299],[-79.9998,26.8928],[-80.0525,26.8933],[-80.0578,26.8964],[-80.1032,26.8984]]]},"properties":{"name":"HD86","district_number":86,"fips":"12-HD086"}},{"type":"Feature","geometry":{"type":"Polygon","coordinates":[[[-80.1032,26.8974],[-79.9998,26.8928],[-79.9743,26.7924],[-79.9756,26.765],[-79.9797,26.7503],[-79.9749,26.6975],[-79.9809,26.6636],[-79.9807,26.5955],[-79.9853,26.545],[-80.0304,26.5439],[-80.0501,26.5466],[-80.049,26.5538],[-80.0604,26.5539],[-80.0634,26.5649],[-80.0699,26.5668],[-80.0705,26.5798],[-80.0745,26.5822],[-80.0736,26.5911],[-80.0701,26.591],[-80.07,26.5947],[-80.0533,26.5941],[-80.0578,26.6026],[-80.0547,26.6757],[-80.0712,26.6761],[-80.075,26.6909],[-80.0871,26.6913],[-80.0865,26.7064],[-80.0658,26.7057],[-80.0658,26.7139],[-80.0535,26.7134],[-80.0529,26.7349],[-80.0569,26.735],[-80.0548,26.7834],[-80.0498,26.784],[-80.0548,26.7847],[-80.0542,26.7926],[-80.0473,26.7925],[-80.0434,26.8045],[-80.0853,26.8082],[-80.0918,26.7939],[-80.0928,26.7705],[-80.1073,26.7798],[-80.1072,26.787],[-80.0992,26.7868],[-80.0989,26.7942],[-80.1148,26.7945],[-80.1157,26.7853],[-80.1316,26.7958],[-80.129,26.8746],[-80.1432,26.9108],[-80.1112,26.9108],[-80.1115,26.9013],[-80.1032,26.8974]]]},"properties":{"name":"HD87","district_number":87,"fips":"12-HD087"}},{"type":"Feature","geometry":{"type":"Polygon","coordinates":[[[-80.1283,26.6705],[-80.1283,26.685],[-80.1364,26.6852],[-80.1453,26.6847],[-80.1452,26.678],[-80.2024,26.6797],[-80.2026,26.6713],[-80.21,26.6695],[-80.207,26.6807],[-80.2195,26.681],[-80.2188,26.6993],[-80.2218,26.7054],[-80.2132,26.7095],[-80.2142,26.7005],[-80.2092,26.6977],[-80.2013,26.6994],[-80.2016,26.6915],[-80.1844,26.6916],[-80.1825,26.7088],[-80.1701,26.7085],[-80.17,26.6957],[-80.1659,26.6958],[-80.1659,26.6921],[-80.1577,26.6921],[-80.1578,26.7082],[-80.1519,26.708],[-80.1507,26.724],[-80.1418,26.7291],[-80.1359,26.7199],[-80.1391,26.7105],[-80.1477,26.7018],[-80.146,26.6973],[-80.1437,26.7002],[-80.1278,26.6996],[-80.1276,26.7072],[-80.1193,26.707],[-80.1185,26.7309],[-80.1205,26.731],[-80.1182,26.7363],[-80.1349,26.7365],[-80.1316,26.7958],[-80.1157,26.7853],[-80.1148,26.7945],[-80.0989,26.7942],[-80.0992,26.7868],[-80.1072,26.787],[-80.1073,26.7798],[-80.0928,26.7705],[-80.0918,26.7939],[-80.0853,26.8082],[-80.0434,26.8045],[-80.0473,26.7925],[-80.0542,26.7926],[-80.0548,26.7847],[-80.0498,26.784],[-80.0548,26.7834],[-80.0569,26.735],[-80.0529,26.7349],[-80.0535,26.7134],[-80.0658,26.7139],[-80.0658,26.7057],[-80.0865,26.7064],[-80.0871,26.6913],[-80.075,26.6909],[-80.0712,26.6761],[-80.0825,26.6768],[-80.0873,26.6742],[-80.0879,26.6693],[-80.1041,26.6697],[-80.1038,26.677],[-80.1121,26.6773],[-80.1126,26.6679],[-80.1207,26.6665],[-80.1207,26.6554],[-80.1367,26.656],[-80.1363,26.6634],[-80.1281,26.6631],[-80.1283,26.6705]]]},"properties":{"name":"HD88","district_number":88,"fips":"12-HD088"}},{"type":"Feature","geometry":{"type":"Polygon","coordinates":[[[-80.1312,26.5892],[-80.1304,26.6079],[-80.1387,26.608],[-80.1342,26.617],[-80.1383,26.6191],[-80.1367,26.656],[-80.1207,26.6554],[-80.1207,26.6665],[-80.1126,26.6679],[-80.1121,26.6773],[-80.1038,26.677],[-80.1041,26.6697],[-80.1019,26.6697],[-80.0879,26.6693],[-80.0873,26.6742],[-80.0825,26.6768],[-80.0547,26.6757],[-80.0578,26.6026],[-80.0533,26.5941],[-80.07,26.5947],[-80.0701,26.591],[-80.0736,26.5911],[-80.0745,26.582],[-80.0705,26.5798],[-80.0704,26.5723],[-80.1296,26.5723],[-80.1312,26.5892]]]},"properties":{"name":"HD89","district_number":89,"fips":"12-HD089"}},{"type":"Feature","geometry":{"type":"Polygon","coordinates":[[[-80.1232,26.5063],[-80.1226,26.5496],[-80.1147,26.5585],[-80.1133,26.572],[-80.0696,26.5722],[-80.0693,26.5652],[-80.0634,26.5649],[-80.0604,26.5539],[-80.049,26.5538],[-80.0501,26.5466],[-80.0304,26.5439],[-79.9853,26.545],[-80.0069,26.4265],[-80.0623,26.4264],[-80.0614,26.4321],[-80.0642,26.4321],[-80.0655,26.4206],[-80.0793,26.4245],[-80.1299,26.4243],[-80.1304,26.4392],[-80.1223,26.4392],[-80.1235,26.4538],[-80.1307,26.4538],[-80.1308,26.484],[-80.1225,26.484],[-80.1232,26.5063]]]},"properties":{"name":"HD90","district_number":90,"fips":"12-HD090"}},{"type":"Feature","geometry":{"type":"Polygon","coordinates":[[[-80.1716,26.4241],[-80.0793,26.4245],[-80.0655,26.4206],[-80.0642,26.4321],[-80.0614,26.4321],[-80.0623,26.4264],[-80.0069,26.4265],[-80.0144,26.3622],[-80.0153,26.321],[-80.0879,26.3208],[-80.092,26.3264],[-80.0986,26.3227],[-80.1,26.3278],[-80.2029,26.3278],[-80.2035,26.3679],[-80.1866,26.3679],[-80.1866,26.394],[-80.171,26.3943],[-80.1716,26.4241]]]},"properties":{"name":"HD91","district_number":91,"fips":"12-HD091"}},{"type":"Feature","geometry":{"type":"Polygon","coordinates":[[[-80.1886,26.5388],[-80.1728,26.5388],[-80.1732,26.5576],[-80.1571,26.5572],[-80.1563,26.5725],[-80.1133,26.572],[-80.1147,26.5585],[-80.1227,26.5491],[-80.1225,26.484],[-80.1308,26.484],[-80.1307,26.4538],[-80.1235,26.4538],[-80.1223,26.4392],[-80.1304,26.4392],[-80.1299,26.4243],[-80.1716,26.4241],[-80.171,26.3943],[-80.1866,26.394],[-80.1866,26.3679],[-80.2035,26.3679],[-80.2038,26.3278],[-80.2513,26.3422],[-80.2517,26.365],[-80.2358,26.3853],[-80.2357,26.4089],[-80.2208,26.4683],[-80.2223,26.5127],[-80.2312,26.5361],[-80.1886,26.5388]]]},"properties":{"name":"HD92","district_number":92,"fips":"12-HD092"}},{"type":"Feature","geometry":{"type":"Polygon","coordinates":[[[-80.207,26.6805],[-80.2069,26.6762],[-80.2102,26.6763],[-80.2105,26.67],[-80.2077,26.6692],[-80.2026,26.6713],[-80.2024,26.6797],[-80.1452,26.678],[-80.1453,26.6847],[-80.1283,26.685],[-80.1281,26.6631],[-80.1363,26.6634],[-80.1383,26.6191],[-80.1342,26.617],[-80.1387,26.608],[-80.1304,26.6079],[-80.1296,26.5723],[-80.1563,26.5725],[-80.1571,26.5572],[-80.1732,26.5576],[-80.1728,26.5388],[-80.2307,26.5361],[-80.2479,26.5633],[-80.2795,26.6022],[-80.3327,26.6346],[-80.3478,26.6493],[-80.3638,26.6846],[-80.207,26.6805]]]},"properties":{"name":"HD93","district_number":93,"fips":"12-HD093"}},{"type":"Feature","geometry":{"type":"Polygon","coordinates":[[[-80.1312,26.8096],[-80.1349,26.7365],[-80.1182,26.7363],[-80.1205,26.731],[-80.1185,26.7309],[-80.1193,26.707],[-80.1276,26.7072],[-80.1278,26.6996],[-80.1437,26.7002],[-80.146,26.6973],[-80.1477,26.7018],[-80.1391,26.7105],[-80.1359,26.7199],[-80.1418,26.7291],[-80.1507,26.724],[-80.1519,26.708],[-80.1578,26.7082],[-80.1577,26.6921],[-80.1659,26.6921],[-80.1659,26.6958],[-80.17,26.6957],[-80.1701,26.7085],[-80.1825,26.7088],[-80.1844,26.6916],[-80.2016,26.6915],[-80.2013,26.6994],[-80.2134,26.6992],[-80.214,26.7095],[-80.2218,26.7054],[-80.2188,26.6993],[-80.2195,26.681],[-80.3638,26.6846],[-80.3478,26.6493],[-80.3327,26.6346],[-80.2795,26.6022],[-80.2333,26.5425],[-80.2223,26.5127],[-80.2208,26.4683],[-80.2357,26.4089],[-80.2358,26.3853],[-80.2517,26.365],[-80.2498,26.3414],[-80.2971,26.3556],[-80.297,26.3344],[-80.8818,26.3338],[-80.8858,26.6092],[-80.8856,26.9589],[-80.1671,26.9566],[-80.1562,26.9405],[-80.1294,26.8773],[-80.1312,26.8096]]]},"properties":{"name":"HD94","district_number":94,"fips":"12-HD094"}},{"type":"Feature","geometry":{"type":"Polygon","coordinates":[[[-80.2503,26.287],[-80.2505,26.3017],[-80.29,26.3021],[-80.2952,26.2992],[-80.2972,26.2933],[-80.2971,26.3556],[-80.2041,26.3278],[-80.1703,26.3278],[-80.171,26.2716],[-80.1669,26.248],[-80.1956,26.2103],[-80.1956,26.215],[-80.2029,26.2129],[-80.2044,26.2201],[-80.2206,26.2219],[-80.221,26.2282],[-80.2335,26.2283],[-80.2335,26.2794],[-80.2502,26.2797],[-80.2503,26.287]]]},"properties":{"name":"HD95","district_number":95,"fips":"12-HD095"}},{"type":"Feature","geometry":{"type":"Polygon","coordinates":[[[-80.2382,26.2795],[-80.2335,26.2794],[-80.2337,26.2301],[-80.2528,26.2299],[-80.2522,26.1939],[-80.2681,26.1939],[-80.2674,26.1643],[-80.2979,26.1644],[-80.2981,26.1604],[-80.314,26.1607],[-80.3139,26.1459],[-80.3301,26.1459],[-80.3302,26.1192],[-80.4403,26.1456],[-80.4496,26.1446],[-80.4433,26.1129],[-80.4394,25.9569],[-80.68,25.9569],[-80.68,25.9788],[-80.8729,25.9794],[-80.8813,26.3338],[-80.297,26.3344],[-80.2972,26.2933],[-80.2952,26.2992],[-80.29,26.3021],[-80.2505,26.3017],[-80.2502,26.2797],[-80.2382,26.2795]]]},"properties":{"name":"HD96","district_number":96,"fips":"12-HD096"}},{"type":"Feature","geometry":{"type":"Polygon","coordinates":[[[-80.1956,26.2099],[-80.1881,26.2092],[-80.1874,26.1841],[-80.1956,26.1863],[-80.1955,26.1723],[-80.2031,26.1687],[-80.2031,26.1614],[-80.2131,26.1613],[-80.213,26.1557],[-80.2195,26.1557],[-80.2194,26.1502],[-80.227,26.1503],[-80.2267,26.1358],[-80.2699,26.1356],[-80.2681,26.1939],[-80.2522,26.1939],[-80.2528,26.2299],[-80.221,26.2282],[-80.2206,26.2219],[-80.2044,26.2201],[-80.2029,26.2129],[-80.1956,26.215],[-80.1956,26.2099]]]},"properties":{"name":"HD97","district_number":97,"fips":"12-HD097"}},{"type":"Feature","geometry":{"type":"Polygon","coordinates":[[[-80.1219,26.2455],[-80.1259,26.2315],[-80.1363,26.2314],[-80.1382,26.209],[-80.1324,26.206],[-80.1319,26.1926],[-80.1225,26.1873],[-80.1224,26.1834],[-80.1189,26.1835],[-80.117,26.1673],[-80.1296,26.1626],[-80.1383,26.1639],[-80.1384,26.1667],[-80.159,26.1659],[-80.1672,26.1513],[-80.1868,26.1508],[-80.1873,26.1616],[-80.203,26.1616],[-80.2031,26.1687],[-80.1955,26.1723],[-80.1956,26.1863],[-80.1874,26.1841],[-80.1881,26.2092],[-80.1956,26.2103],[-80.1669,26.248],[-80.171,26.2716],[-80.1703,26.3278],[-80.0986,26.327],[-80.1219,26.2455]]]},"properties":{"name":"HD98","district_number":98,"fips":"12-HD098"}},{"type":"Feature","geometry":{"type":"Polygon","coordinates":[[[-80.227,26.1503],[-80.2194,26.1502],[-80.2195,26.1557],[-80.213,26.1557],[-80.2131,26.1613],[-80.2031,26.1616],[-80.1873,26.1616],[-80.1868,26.1508],[-80.1672,26.1513],[-80.1575,26.1662],[-80.1384,26.1667],[-80.1383,26.1639],[-80.1297,26.1626],[-80.1244,26.1652],[-80.1179,26.1599],[-80.1201,26.1548],[-80.131,26.1529],[-80.132,26.1441],[-80.1459,26.1296],[-80.1404,26.0928],[-80.1685,26.0886],[-80.1689,26.0966],[-80.1751,26.0914],[-80.1936,26.0854],[-80.2008,26.0878],[-80.2007,26.0917],[-80.2021,26.0881],[-80.2503,26.0998],[-80.2507,26.1356],[-80.2267,26.1358],[-80.227,26.1503]]]},"properties":{"name":"HD99","district_number":99,"fips":"12-HD099"}},{"type":"Feature","geometry":{"type":"Polygon","coordinates":[[[-80.1259,26.2315],[-80.0989,26.3228],[-80.092,26.3264],[-80.0879,26.3208],[-80.0153,26.321],[-80.0221,26.2888],[-80.0254,26.246],[-80.0381,26.1967],[-80.0379,26.1833],[-80.0472,26.133],[-80.0493,26.0928],[-80.1404,26.0928],[-80.1459,26.1296],[-80.132,26.1441],[-80.131,26.1529],[-80.119,26.1559],[-80.118,26.1609],[-80.122,26.1671],[-80.117,26.1673],[-80.1189,26.1835],[-80.1224,26.1834],[-80.1225,26.1873],[-80.1319,26.1926],[-80.1324,26.206],[-80.1382,26.209],[-80.1363,26.2314],[-80.1259,26.2315]]]},"properties":{"name":"HD100","district_number":100,"fips":"12-HD100"}},{"type":"Feature","geometry":{"type":"Polygon","coordinates":[[[-80.1609,26.0907],[-80.0493,26.0928],[-80.0545,26.0731],[-80.0629,25.9768],[-80.1481,25.9744],[-80.15,26.0335],[-80.2487,26.0312],[-80.2516,26.0455],[-80.2598,26.0452],[-80.2604,26.0668],[-80.2649,26.0723],[-80.2654,26.1035],[-80.2021,26.0881],[-80.2007,26.0917],[-80.2008,26.0878],[-80.1941,26.0854],[-80.1751,26.0914],[-80.1689,26.0966],[-80.1685,26.0886],[-80.1609,26.0907]]]},"properties":{"name":"HD101","district_number":101,"fips":"12-HD101"}},{"type":"Feature","geometry":{"type":"Polygon","coordinates":[[[-80.3463,26.1186],[-80.3463,26.1231],[-80.3302,26.1192],[-80.3301,26.1459],[-80.3139,26.1459],[-80.314,26.1607],[-80.2981,26.1604],[-80.2979,26.1644],[-80.2674,26.1643],[-80.2704,26.1363],[-80.2507,26.1356],[-80.2503,26.0998],[-80.2654,26.1035],[-80.2659,26.1007],[-80.2649,26.0723],[-80.2604,26.0668],[-80.2598,26.0452],[-80.2516,26.0455],[-80.2487,26.0312],[-80.2805,26.0301],[-80.2799,26.0153],[-80.3037,26.0129],[-80.312,26.015],[-80.3122,26.0223],[-80.3289,26.0229],[-80.329,26.0284],[-80.3521,26.0294],[-80.3537,26.0605],[-80.3619,26.0804],[-80.3627,26.0979],[-80.3463,26.1186]]]},"properties":{"name":"HD102","district_number":102,"fips":"12-HD102"}},{"type":"Feature","geometry":{"type":"Polygon","coordinates":[[[-80.3289,26.0229],[-80.3281,25.9933],[-80.3414,25.9932],[-80.3509,25.981],[-80.3521,25.957],[-80.4394,25.9569],[-80.4433,26.1129],[-80.4496,26.1446],[-80.4403,26.1456],[-80.3463,26.1231],[-80.3463,26.1167],[-80.3625,26.0985],[-80.3619,26.0804],[-80.3538,26.061],[-80.3521,26.0294],[-80.329,26.0284],[-80.3289,26.0229]]]},"properties":{"name":"HD103","district_number":103,"fips":"12-HD103"}},{"type":"Feature","geometry":{"type":"Polygon","coordinates":[[[-80.3243,26.0237],[-80.3122,26.0223],[-80.312,26.015],[-80.3058,26.0132],[-80.2877,26.0134],[-80.2799,26.0153],[-80.2805,26.0301],[-80.2487,26.0312],[-80.2476,25.9946],[-80.2613,25.9929],[-80.2628,25.981],[-80.2473,25.9814],[-80.2469,25.9719],[-80.2062,25.9727],[-80.2057,25.9571],[-80.2461,25.9555],[-80.2453,25.941],[-80.2774,25.9397],[-80.2782,25.9542],[-80.2878,25.9537],[-80.2941,25.9569],[-80.3521,25.957],[-80.3519,25.979],[-80.3414,25.9932],[-80.3281,25.9933],[-80.3301,26.0157],[-80.3289,26.0229],[-80.3243,26.0237]]]},"properties":{"name":"HD104","district_number":104,"fips":"12-HD104"}},{"type":"Feature","geometry":{"type":"Polygon","coordinates":[[[-80.2617,25.9908],[-80.257,25.9943],[-80.2476,25.9946],[-80.2487,26.0312],[-80.15,26.0335],[-80.1481,25.9744],[-80.2469,25.9719],[-80.2473,25.9814],[-80.2628,25.981],[-80.2617,25.9908]]]},"properties":{"name":"HD105","district_number":105,"fips":"12-HD105"}},{"type":"Feature","geometry":{"type":"Polygon","coordinates":[[[-80.1384,25.7659],[-80.1691,25.7792],[-80.1594,25.813],[-80.1614,25.8558],[-80.1635,25.8557],[-80.1617,25.8595],[-80.1478,25.8595],[-80.1455,25.8727],[-80.1558,25.8726],[-80.151,25.8809],[-80.1656,25.8838],[-80.1604,25.9005],[-80.1506,25.9008],[-80.1574,25.9025],[-80.1555,25.9074],[-80.1583,25.9073],[-80.155,25.9086],[-80.1569,25.9133],[-80.1537,25.9261],[-80.1404,25.9206],[-80.1303,25.9304],[-80.1317,25.9383],[-80.1408,25.9381],[-80.148,25.9312],[-80.1482,25.9379],[-80.1506,25.9377],[-80.1471,25.9499],[-80.1481,25.9744],[-80.0629,25.9768],[-80.0657,25.8812],[-80.0628,25.8496],[-80.067,25.8024],[-80.0726,25.7793],[-80.0693,25.7644],[-80.0706,25.7504],[-80.1099,25.7504],[-80.11,25.7533],[-80.1249,25.76],[-80.1314,25.7477],[-80.1488,25.7624],[-80.1384,25.7659]]]},"properties":{"name":"HD106","district_number":106,"fips":"12-HD106"}},{"type":"Feature","geometry":{"type":"Polygon","coordinates":[[[-80.2033,25.9149],[-80.2227,25.9163],[-80.228,25.9123],[-80.2581,25.9113],[-80.2583,25.915],[-80.2926,25.9134],[-80.2932,25.925],[-80.2767,25.9251],[-80.2774,25.9397],[-80.2453,25.941],[-80.2461,25.9555],[-80.2057,25.9571],[-80.2062,25.9727],[-80.1481,25.9744],[-80.1471,25.9499],[-80.1506,25.9377],[-80.1482,25.9379],[-80.148,25.9312],[-80.1408,25.9381],[-80.1317,25.9383],[-80.1303,25.9304],[-80.1404,25.9206],[-80.1537,25.9261],[-80.1569,25.9133],[-80.155,25.9086],[-80.1583,25.9073],[-80.1555,25.9074],[-80.1574,25.9025],[-80.1506,25.9008],[-80.1668,25.9003],[-80.1673,25.9111],[-80.1635,25.9148],[-80.1859,25.914],[-80.1968,25.9061],[-80.2033,25.9149]]]},"properties":{"name":"HD107","district_number":107,"fips":"12-HD107"}},{"type":"Feature","geometry":{"type":"Polygon","coordinates":[[[-80.2055,25.8027],[-80.2089,25.842],[-80.2131,25.8419],[-80.2133,25.8488],[-80.2175,25.8505],[-80.2175,25.8552],[-80.2211,25.8553],[-80.226,25.8651],[-80.228,25.9123],[-80.2227,25.9163],[-80.2075,25.9167],[-80.1968,25.9061],[-80.1859,25.914],[-80.1635,25.9148],[-80.1673,25.9111],[-80.1668,25.9003],[-80.1604,25.9005],[-80.1656,25.8838],[-80.151,25.8809],[-80.1558,25.8726],[-80.1455,25.8727],[-80.1478,25.8595],[-80.1617,25.8595],[-80.1635,25.8557],[-80.1614,25.8558],[-80.1595,25.8162],[-80.1617,25.8048],[-80.1894,25.8043],[-80.1891,25.7981],[-80.203,25.7972],[-80.2054,25.7971],[-80.2055,25.8027]]]},"properties":{"name":"HD108","district_number":108,"fips":"12-HD108"}},{"type":"Feature","geometry":{"type":"Polygon","coordinates":[[[-80.2602,25.8675],[-80.2594,25.8821],[-80.275,25.8816],[-80.2753,25.8896],[-80.282,25.8957],[-80.292,25.8986],[-80.2926,25.9134],[-80.2583,25.915],[-80.2581,25.9113],[-80.228,25.9123],[-80.226,25.8651],[-80.2211,25.8553],[-80.2175,25.8552],[-80.2175,25.8505],[-80.2133,25.8488],[-80.2131,25.8419],[-80.2089,25.842],[-80.2054,25.7971],[-80.1891,25.7981],[-80.1872,25.7743],[-80.2006,25.773],[-80.212,25.7816],[-80.2356,25.7903],[-80.2481,25.7995],[-80.2485,25.8123],[-80.2566,25.811],[-80.2532,25.8281],[-80.2572,25.828],[-80.2602,25.8675]]]},"properties":{"name":"HD109","district_number":109,"fips":"12-HD109"}},{"type":"Feature","geometry":{"type":"Polygon","coordinates":[[[-80.3501,25.9279],[-80.3514,25.957],[-80.2941,25.9569],[-80.2878,25.9537],[-80.2782,25.9542],[-80.2767,25.9251],[-80.2932,25.925],[-80.292,25.8986],[-80.282,25.8957],[-80.2753,25.8896],[-80.275,25.8816],[-80.2594,25.8821],[-80.2591,25.8707],[-80.3229,25.8696],[-80.3243,25.8988],[-80.3479,25.9005],[-80.3501,25.9279]]]},"properties":{"name":"HD110","district_number":110,"fips":"12-HD110"}},{"type":"Feature","geometry":{"type":"Polygon","coordinates":[[[-80.3213,25.8093],[-80.3208,25.7807],[-80.3691,25.7801],[-80.3691,25.7971],[-80.3859,25.7971],[-80.3851,25.7518],[-80.396,25.7535],[-80.4004,25.7513],[-80.4008,25.761],[-80.4814,25.7609],[-80.4842,25.8918],[-80.4321,25.9499],[-80.4314,25.9569],[-80.4358,25.9569],[-80.3514,25.957],[-80.3486,25.9018],[-80.3441,25.8985],[-80.3243,25.8988],[-80.3226,25.8538],[-80.3047,25.8406],[-80.3221,25.8407],[-80.3213,25.8093]]]},"properties":{"name":"HD111","district_number":111,"fips":"12-HD111"}},{"type":"Feature","geometry":{"type":"Polygon","coordinates":[[[-80.2743,25.7836],[-80.2984,25.7844],[-80.3142,25.7796],[-80.3208,25.7807],[-80.3221,25.8407],[-80.3047,25.8406],[-80.3226,25.8538],[-80.3229,25.8696],[-80.2603,25.8707],[-80.2572,25.828],[-80.2532,25.8281],[-80.2566,25.811],[-80.2485,25.8123],[-80.2481,25.7995],[-80.2356,25.7903],[-80.223,25.7855],[-80.2228,25.7722],[-80.2309,25.7714],[-80.2307,25.7654],[-80.2551,25.7647],[-80.2542,25.7719],[-80.2637,25.7717],[-80.2641,25.7851],[-80.2743,25.7836]]]},"properties":{"name":"HD112","district_number":112,"fips":"12-HD112"}},{"type":"Feature","geometry":{"type":"Polygon","coordinates":[[[-80.2227,25.7827],[-80.223,25.7855],[-80.212,25.7816],[-80.2006,25.773],[-80.1872,25.7743],[-80.1894,25.8043],[-80.1617,25.8048],[-80.1691,25.7792],[-80.1369,25.7652],[-80.1488,25.7624],[-80.1314,25.7477],[-80.1249,25.76],[-80.11,25.7533],[-80.1099,25.7504],[-80.0706,25.7504],[-80.0787,25.7334],[-80.0918,25.7211],[-80.0939,25.6986],[-80.0989,25.6842],[-80.1001,25.6573],[-80.2085,25.6572],[-80.1956,25.7098],[-80.2376,25.7096],[-80.2377,25.7355],[-80.2459,25.7353],[-80.2464,25.7501],[-80.2546,25.7499],[-80.2551,25.7647],[-80.2307,25.7654],[-80.2309,25.7714],[-80.2228,25.7722],[-80.2227,25.7827]]]},"properties":{"name":"HD113","district_number":113,"fips":"12-HD113"}},{"type":"Feature","geometry":{"type":"Polygon","coordinates":[[[-80.303,25.7366],[-80.3039,25.7631],[-80.3362,25.762],[-80.3367,25.7812],[-80.3149,25.7796],[-80.3024,25.7842],[-80.2641,25.7851],[-80.2637,25.7717],[-80.2542,25.7719],[-80.2546,25.7499],[-80.2464,25.7501],[-80.2459,25.7353],[-80.2377,25.7355],[-80.2376,25.7096],[-80.1956,25.7098],[-80.2193,25.61],[-80.2832,25.6225],[-80.283,25.6303],[-80.2929,25.6302],[-80.293,25.6339],[-80.3012,25.6342],[-80.3013,25.6374],[-80.2919,25.6387],[-80.2906,25.6451],[-80.2834,25.6453],[-80.2838,25.66],[-80.2881,25.66],[-80.2901,25.6641],[-80.2798,25.6662],[-80.284,25.6701],[-80.2849,25.6897],[-80.3011,25.6914],[-80.2991,25.6965],[-80.3052,25.6962],[-80.3066,25.7145],[-80.3021,25.7147],[-80.303,25.7366]]]},"properties":{"name":"HD114","district_number":114,"fips":"12-HD114"}},{"type":"Feature","geometry":{"type":"Polygon","coordinates":[[[-80.3628,25.5683],[-80.3723,25.57],[-80.3728,25.576],[-80.3553,25.5961],[-80.3435,25.6237],[-80.3492,25.6311],[-80.3755,25.6414],[-80.3769,25.6461],[-80.3831,25.646],[-80.3837,25.6642],[-80.3718,25.6648],[-80.3514,25.6875],[-80.3335,25.6881],[-80.3362,25.762],[-80.3039,25.7631],[-80.3021,25.7147],[-80.3066,25.7145],[-80.3052,25.6962],[-80.2991,25.6965],[-80.3011,25.6914],[-80.2849,25.6897],[-80.284,25.6701],[-80.2798,25.6662],[-80.2901,25.6641],[-80.2881,25.66],[-80.2838,25.66],[-80.2834,25.6453],[-80.2906,25.6451],[-80.2919,25.6387],[-80.3013,25.6374],[-80.3012,25.6342],[-80.293,25.6339],[-80.2929,25.6302],[-80.283,25.6303],[-80.2832,25.6225],[-80.2785,25.6214],[-80.2944,25.6146],[-80.2991,25.5987],[-80.29,25.5808],[-80.2963,25.5512],[-80.3153,25.5326],[-80.3252,25.5345],[-80.3315,25.5436],[-80.3404,25.5443],[-80.3589,25.5556],[-80.3591,25.5593],[-80.3627,25.5594],[-80.3628,25.5683]]]},"properties":{"name":"HD115","district_number":115,"fips":"12-HD115"}},{"type":"Feature","geometry":{"type":"Polygon","coordinates":[[[-80.3367,25.78],[-80.3335,25.6881],[-80.3514,25.6875],[-80.3718,25.6648],[-80.3837,25.6642],[-80.384,25.6719],[-80.3887,25.6717],[-80.3894,25.6893],[-80.3835,25.7068],[-80.3859,25.7971],[-80.3691,25.7971],[-80.3691,25.7801],[-80.3367,25.78]]]},"properties":{"name":"HD116","district_number":116,"fips":"12-HD116"}},{"type":"Feature","geometry":{"type":"Polygon","coordinates":[[[-80.3887,25.5662],[-80.389,25.5843],[-80.3724,25.5953],[-80.3781,25.6034],[-80.383,25.646],[-80.3769,25.6461],[-80.3755,25.6414],[-80.3489,25.631],[-80.3435,25.6237],[-80.3472,25.6139],[-80.3553,25.5961],[-80.3728,25.576],[-80.3723,25.57],[-80.3628,25.5684],[-80.3632,25.542],[-80.371,25.5327],[-80.3975,25.5258],[-80.4156,25.5073],[-80.4199,25.4916],[-80.451,25.4701],[-80.4362,25.4702],[-80.4333,25.454],[-80.4361,25.4406],[-80.4321,25.4407],[-80.4321,25.4347],[-80.4361,25.4347],[-80.436,25.426],[-80.4402,25.4259],[-80.4422,25.4186],[-80.4606,25.4187],[-80.4606,25.4333],[-80.4913,25.4332],[-80.4934,25.4478],[-80.5016,25.4477],[-80.5016,25.4587],[-80.4974,25.4588],[-80.4975,25.4624],[-80.4752,25.4625],[-80.462,25.4835],[-80.3966,25.5511],[-80.3967,25.5588],[-80.3886,25.5603],[-80.3887,25.5662]]]},"properties":{"name":"HD117","district_number":117,"fips":"12-HD117"}},{"type":"Feature","geometry":{"type":"Polygon","coordinates":[[[-80.3807,25.591],[-80.389,25.5843],[-80.3886,25.5603],[-80.3967,25.5588],[-80.3973,25.5514],[-80.4292,25.5511],[-80.4298,25.6006],[-80.4145,25.6177],[-80.4146,25.6398],[-80.4187,25.6832],[-80.4299,25.685],[-80.4329,25.7609],[-80.4008,25.761],[-80.4004,25.7513],[-80.396,25.7535],[-80.3851,25.7518],[-80.3835,25.7068],[-80.3894,25.6899],[-80.3887,25.6717],[-80.384,25.6719],[-80.3823,25.6298],[-80.3792,25.6254],[-80.378,25.6027],[-80.3724,25.5953],[-80.3807,25.591]]]},"properties":{"name":"HD118","district_number":118,"fips":"12-HD118"}},{"type":"Feature","geometry":{"type":"Polygon","coordinates":[[[-80.4784,25.6886],[-80.4814,25.7609],[-80.4329,25.7609],[-80.4299,25.685],[-80.4187,25.6832],[-80.4146,25.6398],[-80.4145,25.6177],[-80.4298,25.6006],[-80.4292,25.5511],[-80.4781,25.5505],[-80.4812,25.6741],[-80.4784,25.6886]]]},"properties":{"name":"HD119","district_number":119,"fips":"12-HD119"}},{"type":"Feature","geometry":{"type":"MultiPolygon","coordinates":[[[[-81.1704,24.9621],[-81.1738,24.9749],[-81.1886,24.9948],[-81.2143,25.0192],[-81.2391,25.0325],[-81.2623,25.0509],[-81.2811,25.073],[-81.2951,25.0979],[-81.3048,25.1324],[-81.3285,25.1764],[-81.3423,25.2248],[-81.3402,25.2641],[-81.3149,25.3516],[-81.3252,25.3906],[-81.3432,25.4076],[-81.358,25.4276],[-81.3689,25.4497],[-81.3848,25.497],[-81.407,25.5223],[-81.4254,25.5516],[-81.4598,25.5683],[-81.4876,25.5921],[-81.5087,25.6236],[-81.519,25.6569],[-81.5486,25.6696],[-81.5762,25.686],[-81.6202,25.6736],[-81.6797,25.6726],[-81.721,25.6797],[-81.7617,25.6972],[-81.7855,25.7139],[-81.8057,25.7341],[-81.8482,25.8008],[-80.8731,25.8054],[-80.8729,25.9794],[-80.68,25.9788],[-80.68,25.9569],[-80.4314,25.9569],[-80.4321,25.9499],[-80.4845,25.8905],[-80.4784,25.6886],[-80.4812,25.6741],[-80.4781,25.5505],[-80.3966,25.5511],[-80.462,25.4835],[-80.4752,25.4625],[-80.4975,25.4624],[-80.4974,25.4588],[-80.5016,25.4587],[-80.5016,25.4477],[-80.4934,25.4478],[-80.4913,25.4332],[-80.4606,25.4333],[-80.4606,25.4187],[-80.4422,25.4186],[-80.4402,25.4259],[-80.436,25.426],[-80.4361,25.4347],[-80.4321,25.4347],[-80.4321,25.4407],[-80.4361,25.4406],[-80.4335,25.4555],[-80.4362,25.4702],[-80.451,25.4701],[-80.4199,25.4916],[-80.4153,25.5078],[-80.3962,25.5268],[-80.3665,25.5362],[-80.3628,25.5434],[-80.3627,25.5594],[-80.3404,25.5443],[-80.3315,25.5436],[-80.3252,25.5345],[-80.3153,25.5326],[-80.3082,25.5385],[-80.2963,25.5512],[-80.29,25.5808],[-80.2991,25.5987],[-80.2944,25.6146],[-80.2785,25.6214],[-80.2193,25.61],[-80.2085,25.6572],[-80.1001,25.6573],[-80.1037,25.6489],[-80.1078,25.6066],[-80.104,25.5619],[-80.1156,25.5267],[-80.096,25.4969],[-80.094,25.4827],[-80.097,25.4663],[-80.1054,25.4521],[-80.1146,25.4436],[-80.1391,25.4331],[-80.1544,25.3919],[-80.1766,25.3669],[-80.1894,25.3282],[-80.225,25.2843],[-80.2389,25.2555],[-80.2597,25.2306],[-80.2948,25.1717],[-80.2953,25.1621],[-80.3013,25.1479],[-80.3152,25.1254],[-80.3527,25.0768],[-80.3748,25.063],[-80.3904,25.0572],[-80.3916,25.0394],[-80.3965,25.0282],[-80.4125,25.0102],[-80.4391,24.998],[-80.4402,24.9857],[-80.4534,24.9637],[-80.4781,24.9484],[-80.5143,24.9406],[-80.5253,24.9235],[-80.5382,24.9127],[-80.5855,24.8893],[-80.5968,24.875],[-80.6404,24.8384],[-80.6523,24.8314],[-80.6748,24.8256],[-80.7088,24.8047],[-80.7451,24.7889],[-80.7565,24.7762],[-80.7711,24.766],[-80.793,24.7597],[-80.8125,24.7612],[-80.837,24.75],[-80.8522,24.7489],[-80.887,24.7197],[-80.9056,24.7135],[-80.9189,24.7131],[-80.9339,24.7022],[-80.9571,24.6928],[-80.9998,24.6689],[-81.0226,24.6653],[-81.0386,24.6465],[-81.0597,24.6359],[-81.0872,24.6329],[-81.1206,24.6357],[-81.1409,24.6431],[-81.1477,24.6491],[-81.1694,24.6346],[-81.2043,24.6312],[-81.2207,24.6216],[-81.2399,24.6171],[-81.2498,24.6066],[-81.2646,24.5992],[-81.2935,24.5967],[-81.3558,24.5797],[-81.3748,24.5715],[-81.4206,24.5706],[-81.4372,24.5609],[-81.4651,24.5529],[-81.4834,24.5556],[-81.4947,24.5625],[-81.5146,24.5648],[-81.5279,24.5533],[-81.5194,24.5306],[-81.5199,24.5126],[-81.5257,24.5004],[-81.5286,24.5004],[-81.5399,24.486],[-81.565,24.4728],[-81.5858,24.4711],[-81.5968,24.4611],[-81.6103,24.4543],[-81.6324,24.4512],[-81.6972,24.4323],[-81.7301,24.4307],[-81.7498,24.4385],[-81.7629,24.4496],[-81.7737,24.4727],[-81.7708,24.4969],[-81.7924,24.4956],[-81.7833,24.4787],[-81.7818,24.4609],[-81.789,24.4395],[-81.8135,24.4176],[-81.8498,24.4059],[-81.8748,24.4031],[-81.8943,24.4057],[-81.9206,24.3963],[-81.9464,24.3994],[-81.9673,24.412],[-81.9798,24.4317],[-81.9809,24.457],[-81.9744,24.4712],[-82.0235,24.4779],[-82.0343,24.4825],[-82.0511,24.4968],[-82.0582,24.5144],[-82.0672,24.5237],[-82.0793,24.5116],[-82.1003,24.5],[-82.1541,24.4961],[-82.1695,24.4977],[-82.1949,24.507],[-82.2142,24.5274],[-82.2223,24.557],[-82.2209,24.5709],[-82.2155,24.5838],[-82.3265,24.5837],[-82.3168,24.6174],[-82.3006,24.6506],[-82.2661,24.6952],[-82.244,24.7156],[-82.2007,24.7382],[-82.1468,24.7476],[-82.0853,24.7439],[-82.027,24.7257],[-82.0006,24.7405],[-81.9675,24.7528],[-81.9227,24.7615],[-81.8943,24.7637],[-81.8142,24.8064],[-81.7782,24.8154],[-81.7619,24.8288],[-81.7008,24.8578],[-81.6601,24.8833],[-81.6216,24.8972],[-81.5813,24.9238],[-81.5156,24.9563],[-81.4885,24.9664],[-81.4055,24.9785],[-81.3762,24.9766],[-81.3504,24.9705],[-81.3235,24.9734],[-81.2874,24.984],[-81.2549,24.9866],[-81.212,24.9803],[-81.1704,24.9621]]],[[[-83.1087,24.6295],[-83.1035,24.658],[-83.0885,24.6921],[-83.0668,24.7198],[-83.0411,24.7409],[-83.0048,24.7645],[-82.9791,24.7761],[-82.9455,24.785],[-82.8689,24.7981],[-82.8014,24.8005],[-82.7757,24.7982],[-82.7399,24.7884],[-82.7098,24.7731],[-82.68,24.7485],[-82.6551,24.7133],[-82.6453,24.6886],[-82.6399,24.6549],[-82.6442,24.6158],[-82.6567,24.5837],[-82.8282,24.5838],[-82.8485,24.5676],[-82.8721,24.5622],[-82.8959,24.5667],[-82.9141,24.576],[-82.9433,24.5689],[-82.9603,24.5715],[-82.982,24.5838],[-82.9997,24.5839],[-82.9999,24.477],[-83.0436,24.4986],[-83.0649,24.5162],[-83.0826,24.5369],[-83.1035,24.58],[-83.1089,24.6111],[-83.1087,24.6295]]]]},"properties":{"name":"HD120","district_number":120,"fips":"12-HD120"}}],"source":"https://services6.arcgis.com/WNLWyVVqYEXv5C4T/arcgis/rest/services/H000H8013__WFL1/FeatureServer/0"}