{"type":"FeatureCollection","features":[{"type":"Feature","geometry":{"type":"Polygon","coordinates":[[[-96.499,42.5608],[-96.4955,42.5564],[-96.477,42.556],[-96.479,42.5264],[-96.4937,42.5167],[-96.4882,42.5113],[-96.479,42.5108],[-96.476,42.5078],[-96.4733,42.5035],[-96.4779,42.4947],[-96.4759,42.4898],[-96.4559,42.4926],[-96.4135,42.488],[-96.408,42.5029],[-96.3922,42.5039],[-96.3915,42.5103],[-96.3866,42.5147],[-96.396,42.5148],[-96.3964,42.5206],[-96.4008,42.5207],[-96.4009,42.5287],[-96.4108,42.5314],[-96.4153,42.5256],[-96.4413,42.5327],[-96.4569,42.5494],[-96.4608,42.5617],[-96.499,42.5608]]]},"properties":{"name":"HD1","district_number":1,"fips":"19001"}},{"type":"Feature","geometry":{"type":"Polygon","coordinates":[[[-96.4608,42.5617],[-96.4569,42.5494],[-96.4413,42.5327],[-96.4153,42.5256],[-96.4108,42.5314],[-96.4009,42.5287],[-96.4008,42.5207],[-96.3964,42.5206],[-96.396,42.5148],[-96.3866,42.5147],[-96.3915,42.5103],[-96.3922,42.5039],[-96.408,42.5029],[-96.4135,42.488],[-96.3961,42.4844],[-96.3964,42.4898],[-96.3682,42.4902],[-96.3657,42.4757],[-96.3588,42.4756],[-96.3625,42.4793],[-96.3272,42.4788],[-96.3291,42.4755],[-96.3207,42.4752],[-96.1937,42.475],[-96.1939,42.4699],[-96.1838,42.4698],[-96.1789,42.4752],[-96.0957,42.475],[-96.0959,42.5613],[-96.4608,42.5617]]]},"properties":{"name":"HD2","district_number":2,"fips":"19002"}},{"type":"Feature","geometry":{"type":"Polygon","coordinates":[[[-96.6395,42.737],[-96.6305,42.7302],[-96.6342,42.7243],[-96.6244,42.7252],[-96.628,42.7178],[-96.6244,42.714],[-96.6302,42.7054],[-96.6255,42.7042],[-96.624,42.7076],[-96.6151,42.6984],[-96.6056,42.702],[-96.6046,42.6985],[-96.6121,42.6956],[-96.6056,42.6947],[-96.5996,42.6989],[-96.5939,42.6943],[-96.5965,42.6919],[-96.5936,42.6898],[-96.5996,42.6869],[-96.5923,42.6872],[-96.5898,42.691],[-96.5863,42.6898],[-96.5862,42.6832],[-96.5752,42.6828],[-96.5788,42.6781],[-96.5726,42.6789],[-96.5721,42.6767],[-96.5785,42.6719],[-96.5716,42.6709],[-96.567,42.6764],[-96.5558,42.6642],[-96.5598,42.6629],[-96.5593,42.6578],[-96.5429,42.6612],[-96.5379,42.6559],[-96.5375,42.6489],[-96.4497,42.6494],[-96.4487,42.7357],[-96.0971,42.7353],[-96.0954,42.8223],[-95.9769,42.8228],[-95.9768,42.8301],[-95.9671,42.8301],[-95.9671,42.8231],[-95.8586,42.8225],[-95.8603,43.0837],[-96.154,43.0844],[-96.1556,43.0709],[-96.1458,43.0698],[-96.1458,43.066],[-96.1556,43.0659],[-96.1555,43.0577],[-96.1507,43.0552],[-96.1555,43.0552],[-96.1555,43.0478],[-96.1752,43.0443],[-96.1753,43.0478],[-96.1853,43.0478],[-96.1856,43.0808],[-96.1955,43.0809],[-96.1956,43.0842],[-96.3326,43.0842],[-96.3333,43.1709],[-96.4685,43.1705],[-96.4659,43.1615],[-96.4695,43.1583],[-96.4639,43.1561],[-96.4683,43.1516],[-96.4651,43.1475],[-96.4592,43.1475],[-96.4604,43.1436],[-96.4504,43.1424],[-96.4471,43.1383],[-96.4486,43.1362],[-96.4456,43.1365],[-96.4402,43.1283],[-96.4416,43.1245],[-96.4365,43.1202],[-96.4524,43.0982],[-96.4623,43.0929],[-96.4631,43.09],[-96.4555,43.0883],[-96.4541,43.0838],[-96.4607,43.0643],[-96.4767,43.0627],[-96.4909,43.0508],[-96.5105,43.0499],[-96.5148,43.0452],[-96.5125,43.0411],[-96.5213,43.0397],[-96.511,43.0397],[-96.5091,43.0368],[-96.514,43.0303],[-96.512,43.0262],[-96.499,43.0191],[-96.492,43.0102],[-96.497,42.9985],[-96.5099,42.9952],[-96.5128,42.9919],[-96.5124,42.9857],[-96.5184,42.9852],[-96.5168,42.981],[-96.5208,42.9803],[-96.5158,42.9728],[-96.5052,42.9711],[-96.499,42.9578],[-96.5089,42.9537],[-96.5093,42.9452],[-96.5199,42.94],[-96.5168,42.9323],[-96.5253,42.9356],[-96.5341,42.9282],[-96.5341,42.9237],[-96.5413,42.9239],[-96.5365,42.9056],[-96.5429,42.9038],[-96.5395,42.8999],[-96.5289,42.8979],[-96.5297,42.8942],[-96.5253,42.8919],[-96.5398,42.8898],[-96.5377,42.8867],[-96.5435,42.8838],[-96.5377,42.8785],[-96.5471,42.874],[-96.5497,42.8699],[-96.5462,42.8676],[-96.5466,42.8639],[-96.5505,42.8635],[-96.5461,42.8612],[-96.5468,42.8574],[-96.5426,42.8597],[-96.5415,42.8569],[-96.5453,42.8499],[-96.5561,42.8492],[-96.5538,42.8432],[-96.5486,42.8409],[-96.5503,42.8375],[-96.5609,42.8391],[-96.5636,42.8282],[-96.5697,42.8345],[-96.5684,42.8378],[-96.5782,42.8347],[-96.5783,42.8378],[-96.5815,42.8377],[-96.5823,42.8337],[-96.5777,42.8278],[-96.5858,42.8238],[-96.5841,42.819],[-96.5959,42.815],[-96.5956,42.8103],[-96.5905,42.8083],[-96.5941,42.7982],[-96.5997,42.7984],[-96.5952,42.7929],[-96.605,42.7917],[-96.6023,42.7881],[-96.6044,42.7831],[-96.6195,42.784],[-96.622,42.7768],[-96.627,42.7753],[-96.6264,42.7714],[-96.6364,42.7697],[-96.6315,42.7661],[-96.6361,42.764],[-96.6272,42.7544],[-96.6228,42.7584],[-96.6193,42.7546],[-96.63,42.7507],[-96.6322,42.7452],[-96.6294,42.7436],[-96.6356,42.7419],[-96.6306,42.7353],[-96.6395,42.737]]]},"properties":{"name":"HD3","district_number":3,"fips":"19003"}},{"type":"Feature","geometry":{"type":"Polygon","coordinates":[[[-96.6031,43.4508],[-96.5934,43.4332],[-96.5761,43.4319],[-96.5703,43.4285],[-96.5736,43.419],[-96.5604,43.4125],[-96.5572,43.4062],[-96.5484,43.4037],[-96.5444,43.3962],[-96.5252,43.3961],[-96.5217,43.3869],[-96.5246,43.3823],[-96.522,43.3814],[-96.5245,43.3798],[-96.5221,43.3722],[-96.531,43.3684],[-96.5251,43.3536],[-96.5277,43.3483],[-96.5243,43.3474],[-96.5284,43.3422],[-96.5328,43.3427],[-96.5317,43.3393],[-96.5351,43.3365],[-96.5288,43.3243],[-96.531,43.3207],[-96.5256,43.3186],[-96.5284,43.314],[-96.5241,43.3114],[-96.5292,43.3091],[-96.5271,43.3051],[-96.5319,43.3042],[-96.5301,43.3],[-96.5522,43.2928],[-96.5547,43.2965],[-96.5644,43.2946],[-96.5737,43.299],[-96.5893,43.2953],[-96.588,43.2924],[-96.5804,43.2958],[-96.5791,43.2938],[-96.5814,43.288],[-96.5776,43.279],[-96.5812,43.2747],[-96.5838,43.2767],[-96.5861,43.2745],[-96.5853,43.2689],[-96.5765,43.2681],[-96.5648,43.2602],[-96.5537,43.2596],[-96.5492,43.2476],[-96.5685,43.2419],[-96.5715,43.2386],[-96.5683,43.2313],[-96.5593,43.2229],[-96.5553,43.2267],[-96.5359,43.2276],[-96.5197,43.2178],[-96.5089,43.2172],[-96.5086,43.2211],[-96.5012,43.2206],[-96.4966,43.2237],[-96.4767,43.222],[-96.4765,43.213],[-96.4707,43.2073],[-96.475,43.2026],[-96.4721,43.1963],[-96.474,43.1896],[-96.4725,43.1856],[-96.465,43.1825],[-96.466,43.1707],[-96.3333,43.1709],[-96.3326,43.0842],[-96.1956,43.0842],[-96.1955,43.0809],[-96.1856,43.0808],[-96.1853,43.0478],[-96.1753,43.0478],[-96.1752,43.0443],[-96.1708,43.0443],[-96.1655,43.0443],[-96.1655,43.0478],[-96.1555,43.0478],[-96.1555,43.0552],[-96.1507,43.0552],[-96.1555,43.0577],[-96.1556,43.0659],[-96.1458,43.066],[-96.1458,43.0698],[-96.1556,43.0709],[-96.154,43.0844],[-95.8603,43.0837],[-95.8609,43.5],[-96.5992,43.5005],[-96.599,43.4953],[-96.5902,43.4941],[-96.5846,43.4891],[-96.5868,43.4838],[-96.5811,43.4815],[-96.5869,43.4779],[-96.5824,43.4667],[-96.587,43.4645],[-96.5894,43.4665],[-96.5906,43.4629],[-96.5947,43.4622],[-96.5939,43.4589],[-96.6009,43.4559],[-96.6,43.4506],[-96.6031,43.4508]]]},"properties":{"name":"HD4","district_number":4,"fips":"19004"}},{"type":"Feature","geometry":{"type":"Polygon","coordinates":[[[-95.8624,43.2296],[-95.8594,42.9091],[-95.741,42.9097],[-95.74,42.8228],[-95.6222,42.8231],[-95.6231,42.5617],[-95.2697,42.5609],[-95.2697,42.7343],[-95.1513,42.7343],[-95.1512,42.8219],[-95.3878,42.8219],[-95.3878,43.5002],[-95.8609,43.5],[-95.8624,43.2296]]]},"properties":{"name":"HD5","district_number":5,"fips":"19005"}},{"type":"Feature","geometry":{"type":"Polygon","coordinates":[[[-95.3887,43.0022],[-95.3878,42.8219],[-95.1512,42.8219],[-95.1513,42.7343],[-95.2697,42.7343],[-95.2697,42.5609],[-94.9145,42.5603],[-94.9136,43.0831],[-95.1514,43.0834],[-95.1512,43.1095],[-95.1494,43.1122],[-95.1428,43.1122],[-95.1422,43.1229],[-95.1126,43.1246],[-95.1223,43.1267],[-95.1208,43.1418],[-95.1114,43.1417],[-95.1116,43.1489],[-95.1211,43.149],[-95.1217,43.1635],[-95.1417,43.1666],[-95.1416,43.1836],[-95.1506,43.1836],[-95.1505,43.1981],[-95.1555,43.1982],[-95.1554,43.1691],[-95.3089,43.1693],[-95.309,43.1558],[-95.3137,43.1559],[-95.3138,43.1522],[-95.3188,43.1523],[-95.3188,43.1559],[-95.3316,43.156],[-95.3334,43.1619],[-95.3287,43.1623],[-95.3288,43.1693],[-95.3879,43.1698],[-95.3887,43.0022]]]},"properties":{"name":"HD6","district_number":6,"fips":"19006"}},{"type":"Feature","geometry":{"type":"Polygon","coordinates":[[[-95.3881,42.5209],[-95.3874,42.4748],[-95.3224,42.4747],[-95.3235,42.2109],[-93.9802,42.2098],[-93.9765,42.2202],[-93.9793,42.2314],[-93.9959,42.2419],[-93.9947,42.2619],[-93.9901,42.264],[-93.9898,42.2962],[-94.1644,42.2962],[-94.1645,42.3836],[-94.2806,42.3836],[-94.2808,42.473],[-94.325,42.4732],[-94.3253,42.5586],[-94.2062,42.5581],[-94.2011,42.5632],[-94.2071,42.5715],[-94.2072,42.5799],[-94.2271,42.593],[-94.2242,42.5978],[-94.2263,42.603],[-94.2139,42.6144],[-94.2164,42.6243],[-94.1925,42.6443],[-94.4431,42.6452],[-94.443,42.9081],[-94.9139,42.9097],[-94.9145,42.5603],[-95.388,42.5617],[-95.3881,42.5209]]]},"properties":{"name":"HD7","district_number":7,"fips":"19007"}},{"type":"Feature","geometry":{"type":"Polygon","coordinates":[[[-94.3253,42.496],[-94.325,42.4732],[-94.2808,42.473],[-94.2806,42.3836],[-94.1645,42.3836],[-94.1644,42.2962],[-93.9898,42.2962],[-93.9901,42.264],[-93.9947,42.2619],[-93.996,42.243],[-93.9942,42.239],[-93.979,42.2309],[-93.9765,42.2202],[-93.9798,42.2098],[-93.9316,42.2099],[-93.9317,42.472],[-93.9716,42.4721],[-93.9717,42.6447],[-94.1925,42.6443],[-94.2164,42.6243],[-94.2139,42.6144],[-94.225,42.6057],[-94.2242,42.5978],[-94.2274,42.5945],[-94.2077,42.5808],[-94.2073,42.572],[-94.2029,42.5679],[-94.2021,42.5614],[-94.2074,42.558],[-94.3253,42.5586],[-94.3253,42.496]]]},"properties":{"name":"HD8","district_number":8,"fips":"19008"}},{"type":"Feature","geometry":{"type":"Polygon","coordinates":[[[-94.9148,43.4991],[-94.9137,43.2551],[-94.3245,43.2549],[-94.3246,43.2228],[-94.3295,43.2229],[-94.3295,43.2189],[-94.3245,43.2189],[-94.3247,43.1687],[-94.2067,43.1686],[-94.2071,43.0864],[-94.2371,43.0864],[-94.2367,43.0904],[-94.2393,43.0904],[-94.2392,43.0864],[-94.2466,43.0864],[-94.2466,43.0843],[-94.2819,43.0829],[-94.2767,43.0795],[-94.2767,43.0736],[-94.2663,43.0728],[-94.2637,43.0732],[-94.2663,43.0744],[-94.2656,43.0829],[-94.2523,43.0816],[-94.2572,43.0779],[-94.2514,43.0778],[-94.2513,43.0828],[-94.2467,43.0828],[-94.2466,43.0677],[-94.255,43.0636],[-94.2311,43.0598],[-94.2271,43.0555],[-94.2228,43.0573],[-94.2253,43.0597],[-94.2124,43.0595],[-94.2123,43.0667],[-94.2075,43.0666],[-94.2077,42.9082],[-93.9712,42.9078],[-93.9704,43.2554],[-93.4976,43.2555],[-93.4974,43.4996],[-94.9148,43.4991]]]},"properties":{"name":"HD9","district_number":9,"fips":"19009"}},{"type":"Feature","geometry":{"type":"Polygon","coordinates":[[[-95.3882,43.2276],[-95.3879,43.1698],[-95.3288,43.1693],[-95.3287,43.1623],[-95.3334,43.1619],[-95.3316,43.156],[-95.3188,43.1559],[-95.3188,43.1523],[-95.309,43.1558],[-95.3089,43.1693],[-95.1554,43.1691],[-95.1555,43.1982],[-95.1505,43.1981],[-95.1506,43.1836],[-95.1416,43.1836],[-95.1417,43.1666],[-95.1217,43.1635],[-95.1211,43.149],[-95.1116,43.1489],[-95.1114,43.1417],[-95.1208,43.1418],[-95.1223,43.1267],[-95.1126,43.1246],[-95.1422,43.1229],[-95.1428,43.1122],[-95.1494,43.1122],[-95.1512,43.1095],[-95.1514,43.0834],[-94.9136,43.0831],[-94.9139,42.9097],[-94.2077,42.9082],[-94.2075,43.0666],[-94.2123,43.0667],[-94.2124,43.0595],[-94.2253,43.0597],[-94.2228,43.0573],[-94.2271,43.0555],[-94.2311,43.0598],[-94.255,43.0636],[-94.2466,43.0677],[-94.2467,43.0828],[-94.2513,43.0828],[-94.2514,43.0778],[-94.2572,43.0779],[-94.2523,43.0816],[-94.2656,43.0829],[-94.2663,43.0744],[-94.2637,43.0732],[-94.2663,43.0728],[-94.2767,43.0736],[-94.2767,43.0795],[-94.2819,43.0829],[-94.2466,43.0843],[-94.2466,43.0864],[-94.2392,43.0864],[-94.2393,43.0904],[-94.2367,43.0904],[-94.2371,43.0864],[-94.2071,43.0864],[-94.2067,43.1686],[-94.3247,43.1687],[-94.3245,43.2189],[-94.3295,43.2189],[-94.3295,43.2229],[-94.3246,43.2228],[-94.3245,43.2549],[-94.9137,43.2551],[-94.9146,43.5009],[-95.3878,43.5002],[-95.3882,43.2276]]]},"properties":{"name":"HD10","district_number":10,"fips":"19010"}},{"type":"Feature","geometry":{"type":"Polygon","coordinates":[[[-95.4981,41.561],[-95.4978,41.4185],[-95.2703,41.4185],[-95.2694,41.5057],[-94.7006,41.5041],[-94.7007,41.6022],[-94.7442,41.6022],[-94.7449,41.8624],[-94.6287,41.8628],[-94.6288,42.2094],[-95.0909,42.2104],[-95.0933,41.7769],[-95.3254,41.7778],[-95.3252,41.6675],[-95.3106,41.6675],[-95.3101,41.6386],[-95.3077,41.6386],[-95.3079,41.6312],[-95.3105,41.63],[-95.3256,41.6316],[-95.3257,41.6023],[-95.4978,41.6023],[-95.4981,41.561]]]},"properties":{"name":"HD11","district_number":11,"fips":"19011"}},{"type":"Feature","geometry":{"type":"Polygon","coordinates":[[[-95.7418,42.4754],[-95.6693,42.4746],[-95.6728,41.8631],[-95.5573,41.8634],[-95.5581,41.6024],[-95.3257,41.6023],[-95.3256,41.6316],[-95.3105,41.63],[-95.3079,41.6312],[-95.3077,41.6386],[-95.3101,41.6386],[-95.3106,41.6675],[-95.3252,41.6675],[-95.3254,41.7778],[-95.0933,41.7769],[-95.0909,42.2104],[-95.3235,42.2109],[-95.3224,42.4747],[-95.3874,42.4748],[-95.388,42.5617],[-95.7416,42.5613],[-95.7418,42.4754]]]},"properties":{"name":"HD12","district_number":12,"fips":"19012"}},{"type":"Feature","geometry":{"type":"Polygon","coordinates":[[[-96.5382,42.6479],[-96.5266,42.6415],[-96.5251,42.6347],[-96.5216,42.6349],[-96.5152,42.6284],[-96.519,42.619],[-96.5313,42.6166],[-96.5299,42.6105],[-96.5257,42.6093],[-96.5177,42.6166],[-96.51,42.6132],[-96.5002,42.5941],[-96.5011,42.5893],[-96.4913,42.5868],[-96.4957,42.5795],[-96.4858,42.575],[-96.4988,42.561],[-96.0959,42.5613],[-96.0957,42.475],[-96.1789,42.4752],[-96.1838,42.4698],[-96.1939,42.4699],[-96.1937,42.475],[-96.2523,42.475],[-96.2513,42.3009],[-96.3686,42.3011],[-96.368,42.2907],[-96.363,42.2822],[-96.3313,42.2594],[-96.3277,42.25],[-96.3299,42.2397],[-96.3229,42.2336],[-96.337,42.2175],[-96.3556,42.2155],[-96.3597,42.2112],[-96.3474,42.1931],[-96.3492,42.1693],[-96.3402,42.1581],[-96.3207,42.1479],[-96.3098,42.1321],[-96.283,42.125],[-96.2695,42.1142],[-96.2677,42.0971],[-96.2795,42.0709],[-96.2744,42.0492],[-96.2681,42.0417],[-96.2584,42.0383],[-96.2468,42.0416],[-96.2303,42.0394],[-96.227,42.0374],[-96.235,42.0401],[-96.2257,42.0352],[-96.2219,42.0296],[-96.2252,42.021],[-96.2389,42.0123],[-96.2414,42.0],[-96.2272,41.9943],[-96.2152,42.0067],[-96.1946,42.0087],[-96.184,42.0031],[-96.1843,41.9966],[-96.1921,41.9845],[-96.1872,41.9779],[-96.1772,41.9763],[-96.1521,41.9797],[-96.1412,41.9781],[-96.1295,41.9717],[-96.1333,41.9557],[-96.1446,41.9415],[-96.1366,41.9272],[-96.1367,41.9208],[-96.1423,41.9154],[-96.1578,41.9109],[-96.162,41.9056],[-96.1611,41.9006],[-96.1488,41.8882],[-96.146,41.8751],[-96.139,41.8663],[-95.6728,41.8631],[-95.6693,42.4746],[-95.7418,42.4749],[-95.7416,42.5613],[-95.6231,42.5617],[-95.6222,42.8231],[-95.74,42.8228],[-95.741,42.9097],[-95.8594,42.9091],[-95.8586,42.8225],[-95.9671,42.8231],[-95.9671,42.8301],[-95.9768,42.8301],[-95.9769,42.8228],[-96.0954,42.8223],[-96.0971,42.7353],[-96.4487,42.7357],[-96.4497,42.6494],[-96.5382,42.6479]]]},"properties":{"name":"HD13","district_number":13,"fips":"19013"}},{"type":"Feature","geometry":{"type":"Polygon","coordinates":[[[-96.4179,42.3587],[-96.4139,42.3434],[-96.3753,42.3183],[-96.37,42.3109],[-96.3686,42.3011],[-96.2513,42.3009],[-96.2523,42.475],[-96.3291,42.4755],[-96.3268,42.4787],[-96.3625,42.4793],[-96.3588,42.4756],[-96.3657,42.4757],[-96.3682,42.4902],[-96.3964,42.4898],[-96.3961,42.4844],[-96.3854,42.4731],[-96.3813,42.4617],[-96.3807,42.4464],[-96.3876,42.4325],[-96.4103,42.413],[-96.4152,42.4042],[-96.415,42.3934],[-96.4084,42.3761],[-96.4179,42.3587]]]},"properties":{"name":"HD14","district_number":14,"fips":"19014"}},{"type":"Feature","geometry":{"type":"Polygon","coordinates":[[[-96.139,41.8663],[-96.1113,41.8502],[-96.1076,41.8404],[-96.1108,41.8279],[-96.1066,41.8196],[-96.0975,41.8139],[-96.0758,41.808],[-96.0649,41.7952],[-96.0664,41.789],[-96.0775,41.7778],[-96.0812,41.7571],[-96.101,41.7476],[-96.1064,41.7378],[-96.1022,41.7276],[-96.0766,41.7157],[-96.0732,41.7041],[-96.0846,41.6977],[-96.1135,41.6976],[-96.1199,41.6926],[-96.1226,41.683],[-96.1193,41.6747],[-96.1001,41.6611],[-96.0961,41.6545],[-96.0978,41.6396],[-96.116,41.622],[-96.1182,41.6133],[-96.1095,41.5968],[-96.0872,41.5866],[-96.0823,41.5807],[-96.0825,41.5711],[-96.0922,41.5609],[-96.096,41.551],[-96.0919,41.534],[-96.055,41.5095],[-96.0406,41.5069],[-96.0344,41.5128],[-96.0344,41.5211],[-96.0311,41.523],[-96.0267,41.5404],[-96.0191,41.5451],[-96.0051,41.5433],[-96.0,41.5395],[-95.9928,41.5146],[-96.0006,41.5025],[-96.0195,41.4916],[-96.0136,41.4785],[-96.0049,41.4724],[-95.9843,41.4709],[-95.9667,41.4634],[-95.9363,41.4653],[-95.9212,41.4551],[-95.9208,41.4434],[-95.9328,41.4308],[-95.9297,41.4111],[-95.9377,41.3948],[-95.9364,41.3859],[-95.9295,41.3753],[-95.9297,41.3671],[-95.9355,41.3601],[-95.9523,41.3549],[-95.9571,41.3496],[-95.9553,41.3419],[-95.9465,41.3331],[-95.9252,41.3214],[-95.8973,41.3212],[-95.8829,41.3166],[-95.8727,41.3043],[-95.8726,41.2902],[-95.7749,41.2899],[-95.7749,41.279],[-95.7992,41.2613],[-95.7956,41.2594],[-95.7974,41.2537],[-95.8022,41.2584],[-95.8123,41.2485],[-95.8075,41.2465],[-95.8077,41.2398],[-95.8035,41.238],[-95.8177,41.2376],[-95.8181,41.2254],[-95.8154,41.2237],[-95.8181,41.2242],[-95.8181,41.2218],[-95.8133,41.2208],[-95.8182,41.2207],[-95.811,41.2203],[-95.8085,41.2151],[-95.8201,41.218],[-95.8183,41.2055],[-95.8229,41.2033],[-95.8231,41.1813],[-95.7846,41.1818],[-95.7846,41.1782],[-95.7798,41.1776],[-95.7849,41.171],[-95.7919,41.1669],[-95.8133,41.1674],[-95.8149,41.1809],[-95.8175,41.1745],[-95.8417,41.1748],[-95.847,41.1666],[-95.8706,41.1678],[-95.8805,41.1599],[-95.7275,41.16],[-95.727,41.3326],[-95.6843,41.3328],[-95.6891,41.326],[-95.6796,41.3258],[-95.6796,41.3327],[-95.6124,41.3326],[-95.6121,41.4436],[-95.6216,41.4404],[-95.6216,41.4456],[-95.6243,41.4454],[-95.6217,41.4482],[-95.6234,41.4568],[-95.6122,41.4555],[-95.6123,41.5061],[-95.498,41.5061],[-95.4978,41.6023],[-95.5581,41.6024],[-95.5573,41.8634],[-95.9913,41.8635],[-96.139,41.8663]]]},"properties":{"name":"HD15","district_number":15,"fips":"19015"}},{"type":"Feature","geometry":{"type":"Polygon","coordinates":[[[-95.8888,40.7332],[-95.8832,40.7176],[-95.8594,40.7081],[-95.8526,40.7023],[-95.8428,40.6775],[-95.8229,40.6672],[-95.7955,40.6624],[-95.7763,40.6475],[-95.7713,40.6394],[-95.7689,40.6213],[-95.7513,40.6091],[-95.7486,40.6034],[-95.7531,40.5928],[-95.7656,40.5852],[-95.3739,40.5805],[-95.3706,40.7282],[-95.3853,40.7284],[-95.3855,40.7318],[-95.3843,41.16],[-95.1559,41.1592],[-95.1547,41.5052],[-95.2694,41.5057],[-95.2703,41.4185],[-95.4978,41.4185],[-95.498,41.5061],[-95.6123,41.5061],[-95.6122,41.4555],[-95.6234,41.4568],[-95.6217,41.4482],[-95.6243,41.4454],[-95.6216,41.4456],[-95.6216,41.4404],[-95.6121,41.4436],[-95.6124,41.3326],[-95.6796,41.3327],[-95.6796,41.3258],[-95.6891,41.326],[-95.6843,41.3328],[-95.727,41.3326],[-95.7275,41.16],[-95.8738,41.1603],[-95.8805,41.1599],[-95.8825,41.1559],[-95.8815,41.1421],[-95.8672,41.1215],[-95.8625,41.0911],[-95.8648,41.0816],[-95.8794,41.0685],[-95.8825,41.0614],[-95.8816,41.0544],[-95.8597,41.0357],[-95.8599,41.0254],[-95.868,41.0136],[-95.8692,41.006],[-95.8625,40.9966],[-95.8428,40.9888],[-95.8303,40.9783],[-95.8298,40.9639],[-95.838,40.9506],[-95.8403,40.9399],[-95.8378,40.9247],[-95.8307,40.915],[-95.8143,40.9029],[-95.8094,40.8933],[-95.8159,40.8798],[-95.8425,40.8703],[-95.8486,40.8611],[-95.8372,40.8353],[-95.8453,40.8113],[-95.8345,40.7878],[-95.8352,40.7792],[-95.8466,40.7686],[-95.8769,40.7549],[-95.8836,40.7478],[-95.8888,40.7332]]]},"properties":{"name":"HD16","district_number":16,"fips":"19016"}},{"type":"Feature","geometry":{"type":"Polygon","coordinates":[[[-95.2592,40.6176],[-95.259,40.5791],[-94.5942,40.571],[-94.0155,40.5739],[-94.0148,40.897],[-94.1288,40.8975],[-94.1284,41.0703],[-94.3497,41.071],[-94.3492,41.0746],[-94.3568,41.0747],[-94.3571,41.1574],[-94.9276,41.1585],[-94.9287,40.8136],[-94.9858,40.8134],[-94.9859,40.7565],[-94.9663,40.7565],[-94.9663,40.7347],[-94.9745,40.7348],[-94.9746,40.7275],[-95.0123,40.7277],[-95.0139,40.7432],[-95.007,40.7494],[-95.0296,40.7495],[-95.0299,40.7603],[-95.0328,40.7603],[-95.0328,40.764],[-95.0388,40.764],[-95.0387,40.7605],[-95.0447,40.7604],[-95.047,40.7496],[-95.0518,40.7496],[-95.0517,40.7423],[-95.0612,40.7423],[-95.0518,40.7278],[-95.0473,40.7277],[-95.0475,40.721],[-95.038,40.7209],[-95.0382,40.7173],[-95.0668,40.7175],[-95.0663,40.7278],[-95.1426,40.728],[-95.145,40.6534],[-95.2304,40.6543],[-95.2306,40.647],[-95.2434,40.6471],[-95.2432,40.6545],[-95.2591,40.6547],[-95.2592,40.6176]]]},"properties":{"name":"HD17","district_number":17,"fips":"19017"}},{"type":"Feature","geometry":{"type":"Polygon","coordinates":[[[-95.3855,40.7318],[-95.3853,40.7284],[-95.3706,40.7282],[-95.3739,40.5805],[-95.259,40.5791],[-95.2591,40.6547],[-95.2432,40.6545],[-95.2434,40.6471],[-95.2306,40.647],[-95.2304,40.6543],[-95.145,40.6534],[-95.1426,40.728],[-95.0663,40.7278],[-95.0668,40.7175],[-95.0382,40.7173],[-95.038,40.7209],[-95.0475,40.721],[-95.0473,40.7277],[-95.0518,40.7278],[-95.0612,40.7423],[-95.0517,40.7423],[-95.0518,40.7496],[-95.047,40.7496],[-95.0447,40.7604],[-95.0387,40.7605],[-95.0388,40.764],[-95.0328,40.764],[-95.0328,40.7603],[-95.0299,40.7603],[-95.0296,40.7495],[-95.007,40.7494],[-95.0139,40.7432],[-95.0123,40.7277],[-94.9746,40.7275],[-94.9745,40.7348],[-94.9663,40.7347],[-94.9663,40.7565],[-94.9859,40.7565],[-94.9858,40.8134],[-94.9287,40.8136],[-94.9276,41.1585],[-94.7004,41.1582],[-94.7006,41.5041],[-95.1547,41.5052],[-95.1559,41.1592],[-95.3843,41.16],[-95.3855,40.7318]]]},"properties":{"name":"HD18","district_number":18,"fips":"19018"}},{"type":"Feature","geometry":{"type":"Polygon","coordinates":[[[-95.928,41.2029],[-95.9251,41.1928],[-95.9161,41.1853],[-95.8638,41.1882],[-95.8472,41.1834],[-95.8417,41.1748],[-95.8175,41.1745],[-95.8136,41.1808],[-95.8133,41.1674],[-95.787,41.1692],[-95.7798,41.1776],[-95.7846,41.1782],[-95.7846,41.1818],[-95.8231,41.1813],[-95.8229,41.2033],[-95.8183,41.2055],[-95.8201,41.218],[-95.8085,41.2151],[-95.811,41.2203],[-95.8182,41.2207],[-95.8133,41.2208],[-95.8181,41.2218],[-95.8181,41.2242],[-95.8154,41.2237],[-95.8181,41.2254],[-95.8177,41.2376],[-95.8035,41.238],[-95.8077,41.2398],[-95.8075,41.2465],[-95.8123,41.2485],[-95.8022,41.2584],[-95.7974,41.2537],[-95.7956,41.2594],[-95.7992,41.2613],[-95.7749,41.279],[-95.7749,41.2899],[-95.8346,41.2896],[-95.8366,41.2689],[-95.8456,41.2616],[-95.8433,41.2561],[-95.8478,41.2566],[-95.8485,41.2538],[-95.8467,41.2472],[-95.8424,41.2466],[-95.8456,41.2438],[-95.8548,41.2466],[-95.8549,41.2427],[-95.8634,41.2416],[-95.8634,41.2394],[-95.8648,41.2467],[-95.8692,41.2467],[-95.8692,41.2535],[-95.8796,41.2536],[-95.8795,41.2619],[-95.9217,41.2597],[-95.9119,41.241],[-95.9107,41.2322],[-95.9143,41.2239],[-95.9261,41.2116],[-95.928,41.2029]]]},"properties":{"name":"HD19","district_number":19,"fips":"19019"}},{"type":"Feature","geometry":{"type":"Polygon","coordinates":[[[-95.9297,41.2923],[-95.9286,41.2813],[-95.9141,41.2724],[-95.9215,41.2676],[-95.9217,41.2597],[-95.8795,41.2619],[-95.8796,41.2536],[-95.8692,41.2535],[-95.8692,41.2467],[-95.8648,41.2467],[-95.8649,41.2394],[-95.8549,41.2427],[-95.8548,41.2466],[-95.8456,41.2438],[-95.8424,41.2466],[-95.8467,41.2472],[-95.8485,41.2538],[-95.8478,41.2566],[-95.8433,41.2561],[-95.8456,41.2616],[-95.8366,41.2689],[-95.8346,41.2896],[-95.8726,41.2902],[-95.8814,41.2822],[-95.9028,41.2744],[-95.9126,41.2795],[-95.9061,41.2875],[-95.9059,41.301],[-95.9247,41.2996],[-95.9297,41.2923]]]},"properties":{"name":"HD20","district_number":20,"fips":"19020"}},{"type":"Feature","geometry":{"type":"Polygon","coordinates":[[[-93.6737,41.2781],[-93.6735,41.2491],[-93.5581,41.2486],[-93.5576,41.1613],[-93.3279,41.1607],[-93.3283,41.248],[-93.0233,41.2483],[-93.0238,41.2774],[-92.9853,41.2772],[-92.9858,41.3757],[-93.0031,41.3789],[-93.0031,41.382],[-92.9954,41.3852],[-92.9953,41.3902],[-93.0027,41.3917],[-93.0202,41.4047],[-93.023,41.4028],[-93.0224,41.3967],[-93.0322,41.3938],[-93.0456,41.4024],[-93.0535,41.4004],[-93.0592,41.403],[-93.0679,41.4129],[-93.0835,41.4083],[-93.0915,41.4155],[-93.1057,41.4115],[-93.1147,41.4123],[-93.1138,41.4211],[-93.1285,41.4264],[-93.1319,41.433],[-93.1377,41.4295],[-93.148,41.436],[-93.1546,41.4321],[-93.1684,41.4438],[-93.1792,41.4384],[-93.1829,41.4483],[-93.189,41.4517],[-93.1934,41.4493],[-93.1941,41.4408],[-93.1983,41.4399],[-93.2084,41.4485],[-93.2073,41.46],[-93.214,41.4667],[-93.2138,41.3351],[-93.3284,41.3349],[-93.3282,41.4217],[-93.3952,41.4218],[-93.3953,41.4069],[-93.405,41.407],[-93.405,41.3926],[-93.4292,41.3926],[-93.4289,41.3347],[-93.5493,41.3361],[-93.5494,41.3508],[-93.5204,41.3503],[-93.5203,41.3576],[-93.5227,41.3612],[-93.53,41.3614],[-93.53,41.3723],[-93.5349,41.3724],[-93.5348,41.3796],[-93.5455,41.3817],[-93.5501,41.3946],[-93.5581,41.3948],[-93.558,41.4022],[-93.5612,41.4023],[-93.5588,41.3898],[-93.5778,41.3915],[-93.5777,41.3841],[-93.5873,41.3842],[-93.5872,41.3696],[-93.5993,41.3698],[-93.5992,41.3625],[-93.6065,41.3625],[-93.6064,41.3564],[-93.6112,41.3564],[-93.6111,41.3515],[-93.6048,41.3515],[-93.6065,41.3442],[-93.5872,41.344],[-93.5872,41.3403],[-93.568,41.3401],[-93.5679,41.3366],[-93.6734,41.3374],[-93.6737,41.2781]]]},"properties":{"name":"HD21","district_number":21,"fips":"19021"}},{"type":"Feature","geometry":{"type":"Polygon","coordinates":[[[-93.7908,41.3949],[-93.7892,41.162],[-93.5576,41.1613],[-93.5581,41.2486],[-93.6735,41.2491],[-93.6734,41.3374],[-93.5679,41.3366],[-93.568,41.3401],[-93.5872,41.3403],[-93.5872,41.344],[-93.6065,41.3442],[-93.6048,41.3515],[-93.6111,41.3515],[-93.6112,41.3564],[-93.6064,41.3564],[-93.6065,41.3625],[-93.5992,41.3625],[-93.5993,41.3698],[-93.5872,41.3696],[-93.5873,41.3842],[-93.5777,41.3841],[-93.5778,41.3915],[-93.5588,41.3898],[-93.5612,41.4023],[-93.558,41.4022],[-93.5581,41.3948],[-93.5501,41.3946],[-93.5455,41.3817],[-93.5348,41.3796],[-93.5349,41.3724],[-93.53,41.3723],[-93.53,41.3614],[-93.5227,41.3612],[-93.5203,41.3576],[-93.5204,41.3503],[-93.5494,41.3508],[-93.5493,41.3361],[-93.4289,41.3347],[-93.4292,41.3926],[-93.405,41.3926],[-93.405,41.407],[-93.3953,41.4069],[-93.3952,41.4218],[-93.3282,41.4217],[-93.3284,41.4908],[-93.3399,41.4823],[-93.3454,41.4822],[-93.3525,41.4969],[-93.3562,41.4982],[-93.3591,41.4963],[-93.3587,41.4889],[-93.3626,41.4867],[-93.3724,41.4862],[-93.3748,41.4933],[-93.3838,41.4948],[-93.3953,41.487],[-93.4038,41.4865],[-93.4055,41.4898],[-93.3966,41.4963],[-93.3995,41.5018],[-93.4047,41.5015],[-93.4143,41.4924],[-93.4223,41.4942],[-93.4145,41.5015],[-93.4138,41.5074],[-93.4249,41.5075],[-93.4381,41.5021],[-93.4421,41.5046],[-93.4413,41.5076],[-93.5482,41.5113],[-93.7906,41.5119],[-93.7908,41.3949]]]},"properties":{"name":"HD22","district_number":22,"fips":"19022"}},{"type":"Feature","geometry":{"type":"Polygon","coordinates":[[[-94.7007,41.4333],[-94.7006,41.1581],[-94.3571,41.1574],[-94.3568,41.0747],[-94.3492,41.0746],[-94.3497,41.071],[-94.1284,41.0703],[-94.1288,40.8975],[-93.9005,40.8968],[-93.8988,41.1566],[-93.7892,41.162],[-93.7906,41.5119],[-93.8968,41.5031],[-94.0128,41.5032],[-94.0125,41.5248],[-94.003,41.5249],[-94.0027,41.5412],[-94.0075,41.5412],[-93.9854,41.5435],[-93.9835,41.5464],[-94.0127,41.5465],[-94.013,41.6003],[-94.032,41.5985],[-94.0525,41.6022],[-94.0525,41.6067],[-94.0477,41.6065],[-94.0476,41.6885],[-94.1641,41.6884],[-94.1641,41.6008],[-94.2414,41.601],[-94.2416,41.5037],[-94.7006,41.5041],[-94.7007,41.4333]]]},"properties":{"name":"HD23","district_number":23,"fips":"19023"}},{"type":"Feature","geometry":{"type":"Polygon","coordinates":[[[-94.0155,40.5739],[-93.0973,40.584],[-93.0973,40.6669],[-92.9824,40.6669],[-92.9824,40.6793],[-92.9868,40.6794],[-92.9873,40.6887],[-92.9825,40.6887],[-92.9823,40.6982],[-92.9834,40.8984],[-93.0976,40.8985],[-93.0992,41.1609],[-93.7787,41.1621],[-93.8988,41.1566],[-93.9005,40.8968],[-94.0148,40.897],[-94.0155,40.5739]]]},"properties":{"name":"HD24","district_number":24,"fips":"19024"}},{"type":"Feature","geometry":{"type":"Polygon","coordinates":[[[-92.5252,40.9571],[-92.5248,40.8991],[-92.1791,40.8997],[-92.18,41.1627],[-92.2959,41.1623],[-92.2957,41.0759],[-92.4099,41.0756],[-92.4099,41.0798],[-92.4203,41.0879],[-92.4243,41.0863],[-92.4243,41.0828],[-92.4195,41.0829],[-92.4194,41.0756],[-92.5038,41.0753],[-92.5025,41.0666],[-92.4931,41.0613],[-92.4813,41.0597],[-92.4796,41.0573],[-92.4823,41.051],[-92.4705,41.0453],[-92.5249,41.0452],[-92.5252,40.9571]]]},"properties":{"name":"HD25","district_number":25,"fips":"19025"}},{"type":"Feature","geometry":{"type":"Polygon","coordinates":[[[-93.0992,41.1609],[-93.0976,40.8985],[-92.9834,40.8984],[-92.9823,40.6982],[-92.9825,40.6887],[-92.9873,40.6887],[-92.9868,40.6794],[-92.9824,40.6793],[-92.9824,40.6669],[-93.0973,40.6669],[-93.0973,40.584],[-92.1798,40.6005],[-92.1791,40.8997],[-92.5248,40.8991],[-92.5249,41.0452],[-92.4705,41.0453],[-92.4823,41.051],[-92.4796,41.0573],[-92.4813,41.0597],[-92.4931,41.0613],[-92.5025,41.0666],[-92.5038,41.0753],[-92.4194,41.0756],[-92.4195,41.0829],[-92.4243,41.0828],[-92.4243,41.0863],[-92.4203,41.0879],[-92.4099,41.0798],[-92.4099,41.0756],[-92.2957,41.0759],[-92.2959,41.1623],[-93.0992,41.1609]]]},"properties":{"name":"HD26","district_number":26,"fips":"19026"}},{"type":"Feature","geometry":{"type":"Polygon","coordinates":[[[-93.9553,41.6136],[-93.9548,41.6003],[-93.9354,41.6004],[-93.9354,41.5961],[-93.9317,41.5953],[-93.9257,41.5953],[-93.9257,41.6004],[-93.8968,41.6004],[-93.897,41.5823],[-93.9017,41.5824],[-93.9049,41.5869],[-93.916,41.5877],[-93.916,41.5753],[-93.9064,41.5788],[-93.9064,41.5752],[-93.9017,41.5752],[-93.9017,41.568],[-93.8969,41.568],[-93.8969,41.5499],[-93.9065,41.55],[-93.9065,41.5427],[-93.9113,41.5427],[-93.9113,41.5464],[-93.916,41.5464],[-93.9161,41.5428],[-93.9233,41.5429],[-93.9233,41.5356],[-93.9161,41.5356],[-93.9161,41.5283],[-93.9113,41.5265],[-93.9065,41.5283],[-93.9065,41.5319],[-93.8858,41.5328],[-93.8857,41.5463],[-93.8809,41.5477],[-93.8807,41.5627],[-93.8594,41.5663],[-93.8377,41.5773],[-93.8376,41.5802],[-93.8424,41.5798],[-93.8434,41.6004],[-93.8143,41.6005],[-93.8143,41.6149],[-93.8239,41.6148],[-93.8239,41.6221],[-93.8432,41.6221],[-93.8432,41.6438],[-93.8722,41.6437],[-93.8722,41.651],[-93.8914,41.6511],[-93.8915,41.6258],[-93.8964,41.6258],[-93.8964,41.6294],[-93.931,41.6293],[-93.931,41.6257],[-93.9407,41.6257],[-93.9406,41.6146],[-93.9553,41.6136]]]},"properties":{"name":"HD27","district_number":27,"fips":"19027"}},{"type":"Feature","geometry":{"type":"Polygon","coordinates":[[[-94.0525,41.604],[-94.0477,41.6003],[-94.032,41.5985],[-94.013,41.6003],[-94.0127,41.5465],[-93.9835,41.5464],[-93.9854,41.5435],[-94.0075,41.5412],[-94.0027,41.5412],[-94.003,41.5249],[-94.0125,41.5248],[-94.0128,41.5032],[-93.8968,41.5031],[-93.7906,41.5119],[-93.7905,41.5844],[-93.8092,41.5827],[-93.8089,41.6005],[-93.8434,41.6004],[-93.8424,41.5798],[-93.8376,41.5802],[-93.8377,41.5773],[-93.8594,41.5663],[-93.8807,41.5627],[-93.8809,41.5477],[-93.8857,41.5463],[-93.8858,41.5328],[-93.9065,41.5319],[-93.9065,41.5283],[-93.9113,41.5265],[-93.9161,41.5283],[-93.9161,41.5356],[-93.9233,41.5356],[-93.9233,41.5429],[-93.9161,41.5428],[-93.916,41.5464],[-93.9113,41.5464],[-93.9113,41.5427],[-93.9065,41.5427],[-93.9065,41.55],[-93.8969,41.5499],[-93.8969,41.568],[-93.9017,41.568],[-93.9017,41.5752],[-93.9064,41.5752],[-93.9064,41.5788],[-93.916,41.5753],[-93.916,41.5877],[-93.9049,41.5869],[-93.9017,41.5824],[-93.897,41.5823],[-93.8968,41.6004],[-93.9257,41.6004],[-93.9257,41.5953],[-93.9317,41.5953],[-93.9354,41.5961],[-93.9354,41.6004],[-93.9548,41.6003],[-93.9553,41.6136],[-93.9406,41.6146],[-93.9407,41.6257],[-93.931,41.6257],[-93.9309,41.6882],[-93.9454,41.6882],[-93.9454,41.6802],[-93.9406,41.6801],[-93.9407,41.6656],[-93.9601,41.6692],[-93.96,41.676],[-93.9697,41.6759],[-93.9697,41.68],[-94.0231,41.6797],[-94.0205,41.6836],[-94.0231,41.6836],[-94.0232,41.6884],[-94.0476,41.6885],[-94.0477,41.6065],[-94.0525,41.6067],[-94.0525,41.604]]]},"properties":{"name":"HD28","district_number":28,"fips":"19028"}},{"type":"Feature","geometry":{"type":"Polygon","coordinates":[[[-93.6168,41.5861],[-93.6114,41.5797],[-93.5969,41.5754],[-93.5969,41.5626],[-93.6065,41.5627],[-93.6064,41.5264],[-93.5967,41.5263],[-93.5938,41.5171],[-93.5773,41.5116],[-93.5441,41.5112],[-93.5216,41.5148],[-93.5201,41.5356],[-93.511,41.559],[-93.5123,41.564],[-93.5152,41.5535],[-93.5255,41.551],[-93.5297,41.5535],[-93.5299,41.6006],[-93.5707,41.6005],[-93.5679,41.5904],[-93.6168,41.5861]]]},"properties":{"name":"HD29","district_number":29,"fips":"19029"}},{"type":"Feature","geometry":{"type":"Polygon","coordinates":[[[-93.7034,41.5556],[-93.7032,41.5266],[-93.6984,41.5266],[-93.6981,41.512],[-93.5773,41.5116],[-93.5938,41.5171],[-93.5967,41.5263],[-93.6064,41.5264],[-93.6065,41.5627],[-93.5969,41.5626],[-93.5969,41.5754],[-93.6054,41.5777],[-93.6066,41.5698],[-93.623,41.5677],[-93.6258,41.5482],[-93.6449,41.5482],[-93.6449,41.5554],[-93.7034,41.5556]]]},"properties":{"name":"HD30","district_number":30,"fips":"19030"}},{"type":"Feature","geometry":{"type":"Polygon","coordinates":[[[-93.8092,41.5834],[-93.7905,41.5844],[-93.7906,41.5119],[-93.6981,41.512],[-93.6984,41.5266],[-93.7032,41.5266],[-93.7033,41.5694],[-93.713,41.5697],[-93.713,41.5827],[-93.7277,41.5774],[-93.7414,41.5801],[-93.7517,41.5779],[-93.7519,41.5701],[-93.7563,41.5701],[-93.7565,41.5847],[-93.771,41.5846],[-93.7711,41.5921],[-93.7519,41.5922],[-93.752,41.6004],[-93.7543,41.6004],[-93.8089,41.6005],[-93.8092,41.5834]]]},"properties":{"name":"HD31","district_number":31,"fips":"19031"}},{"type":"Feature","geometry":{"type":"Polygon","coordinates":[[[-93.8143,41.6149],[-93.8143,41.6005],[-93.752,41.6004],[-93.7519,41.5922],[-93.7711,41.5921],[-93.771,41.5846],[-93.7565,41.5847],[-93.7563,41.5701],[-93.7519,41.5701],[-93.7517,41.5779],[-93.7414,41.5801],[-93.7277,41.5774],[-93.713,41.5827],[-93.713,41.5697],[-93.7033,41.5694],[-93.7035,41.5882],[-93.7096,41.5918],[-93.7035,41.5918],[-93.7038,41.6149],[-93.8143,41.6149]]]},"properties":{"name":"HD32","district_number":32,"fips":"19032"}},{"type":"Feature","geometry":{"type":"Polygon","coordinates":[[[-93.6236,41.6367],[-93.6235,41.6277],[-93.6199,41.6277],[-93.6199,41.6129],[-93.6109,41.6074],[-93.6187,41.5924],[-93.6168,41.5861],[-93.5679,41.5904],[-93.5707,41.6005],[-93.5515,41.6006],[-93.5515,41.6124],[-93.5612,41.6105],[-93.5613,41.6222],[-93.5888,41.6223],[-93.5888,41.6149],[-93.6006,41.615],[-93.6014,41.6485],[-93.6102,41.649],[-93.6025,41.6417],[-93.6054,41.6395],[-93.6025,41.6377],[-93.6236,41.6367]]]},"properties":{"name":"HD33","district_number":33,"fips":"19033"}},{"type":"Feature","geometry":{"type":"Polygon","coordinates":[[[-93.6744,41.594],[-93.6743,41.5912],[-93.6448,41.5958],[-93.6168,41.5955],[-93.6109,41.6074],[-93.6199,41.6129],[-93.6199,41.6277],[-93.6235,41.6277],[-93.6236,41.6367],[-93.6363,41.6368],[-93.6357,41.6395],[-93.6387,41.6399],[-93.6451,41.6277],[-93.6587,41.6283],[-93.6585,41.615],[-93.6731,41.6149],[-93.6744,41.594]]]},"properties":{"name":"HD34","district_number":34,"fips":"19034"}},{"type":"Feature","geometry":{"type":"Polygon","coordinates":[[[-93.7086,41.6175],[-93.7081,41.6149],[-93.7038,41.6149],[-93.7036,41.593],[-93.6744,41.5912],[-93.6731,41.6149],[-93.6585,41.615],[-93.6587,41.6283],[-93.6451,41.6277],[-93.6419,41.6368],[-93.6519,41.6368],[-93.6543,41.6423],[-93.6633,41.6452],[-93.6714,41.6461],[-93.6685,41.6441],[-93.6769,41.6423],[-93.6847,41.646],[-93.6959,41.6441],[-93.695,41.6488],[-93.6976,41.6489],[-93.6977,41.6367],[-93.7027,41.6367],[-93.7038,41.6221],[-93.7086,41.6221],[-93.7086,41.6175]]]},"properties":{"name":"HD35","district_number":35,"fips":"19035"}},{"type":"Feature","geometry":{"type":"Polygon","coordinates":[[[-93.7096,41.5918],[-93.7035,41.5882],[-93.7034,41.5556],[-93.6449,41.5554],[-93.6449,41.5482],[-93.6258,41.5482],[-93.623,41.5677],[-93.6066,41.5698],[-93.6052,41.5749],[-93.6054,41.5777],[-93.615,41.5818],[-93.6187,41.5919],[-93.6168,41.5955],[-93.6448,41.5958],[-93.6743,41.5912],[-93.7096,41.5918]]]},"properties":{"name":"HD36","district_number":36,"fips":"19036"}},{"type":"Feature","geometry":{"type":"Polygon","coordinates":[[[-93.329,41.5515],[-93.3284,41.3349],[-93.2138,41.3351],[-93.2131,41.4667],[-93.2073,41.46],[-93.2089,41.4494],[-93.1983,41.4399],[-93.1941,41.4408],[-93.1934,41.4493],[-93.189,41.4517],[-93.1829,41.4483],[-93.1792,41.4384],[-93.1684,41.4438],[-93.1546,41.4321],[-93.148,41.436],[-93.1377,41.4295],[-93.1319,41.433],[-93.1285,41.4264],[-93.1138,41.4211],[-93.1147,41.4123],[-93.1057,41.4115],[-93.0915,41.4155],[-93.0835,41.4083],[-93.0679,41.4129],[-93.0592,41.403],[-93.0535,41.4004],[-93.0456,41.4024],[-93.0322,41.3938],[-93.0224,41.3967],[-93.023,41.4028],[-93.0202,41.4047],[-93.0027,41.3917],[-92.9953,41.3902],[-92.996,41.3845],[-93.0041,41.3802],[-93.0002,41.3771],[-92.9858,41.3757],[-92.9853,41.2772],[-93.0238,41.2774],[-93.0233,41.2483],[-93.3283,41.248],[-93.3279,41.1607],[-92.6404,41.1614],[-92.6408,41.2744],[-92.6609,41.2744],[-92.6681,41.2816],[-92.6624,41.2849],[-92.6624,41.2934],[-92.679,41.2925],[-92.6792,41.307],[-92.6986,41.307],[-92.6988,41.3355],[-92.7556,41.3354],[-92.7565,41.5088],[-92.8714,41.5085],[-92.8719,41.6018],[-92.8834,41.6016],[-92.8836,41.6881],[-93.0,41.6883],[-92.9999,41.681],[-92.9947,41.6819],[-92.9947,41.6778],[-93.0,41.6777],[-92.9997,41.6017],[-92.9865,41.6016],[-92.9866,41.5809],[-93.0059,41.5808],[-93.0059,41.5662],[-93.0347,41.5662],[-93.0346,41.5698],[-93.0445,41.5735],[-93.0445,41.5806],[-93.0638,41.5807],[-93.0638,41.6015],[-93.077,41.6014],[-93.077,41.6159],[-93.0962,41.6158],[-93.0962,41.6304],[-93.1132,41.6302],[-93.1164,41.63],[-93.1165,41.6119],[-93.1359,41.6118],[-93.1357,41.601],[-93.227,41.601],[-93.2271,41.6046],[-93.2324,41.6046],[-93.2323,41.6083],[-93.2517,41.6084],[-93.2517,41.6011],[-93.3287,41.6011],[-93.329,41.5515]]]},"properties":{"name":"HD37","district_number":37,"fips":"19037"}},{"type":"Feature","geometry":{"type":"Polygon","coordinates":[[[-93.3487,41.6013],[-93.2517,41.6011],[-93.2517,41.6084],[-93.2323,41.6083],[-93.2324,41.6046],[-93.2271,41.6046],[-93.227,41.601],[-93.1357,41.601],[-93.1359,41.6118],[-93.1165,41.6119],[-93.1164,41.63],[-93.0962,41.6304],[-93.0962,41.6158],[-93.077,41.6159],[-93.077,41.6014],[-93.0638,41.6015],[-93.0638,41.5807],[-93.0445,41.5806],[-93.0445,41.5735],[-93.0346,41.5698],[-93.0347,41.5662],[-93.0059,41.5662],[-93.0059,41.5808],[-92.9866,41.5809],[-92.9865,41.6016],[-92.9997,41.6017],[-93.0,41.6777],[-92.9947,41.6778],[-92.9947,41.6819],[-92.9999,41.681],[-93.0,41.6883],[-92.8836,41.6881],[-92.8834,41.6016],[-92.8719,41.6018],[-92.8714,41.5085],[-92.7565,41.5088],[-92.7571,41.6014],[-92.7668,41.6014],[-92.766,41.8624],[-93.3479,41.8631],[-93.3487,41.6013]]]},"properties":{"name":"HD38","district_number":38,"fips":"19038"}},{"type":"Feature","geometry":{"type":"Polygon","coordinates":[[[-93.6006,41.6268],[-93.6006,41.615],[-93.5888,41.6149],[-93.5888,41.6223],[-93.5613,41.6222],[-93.5612,41.6105],[-93.5515,41.6124],[-93.5515,41.6006],[-93.5299,41.6006],[-93.5276,41.5512],[-93.5149,41.5537],[-93.5115,41.5641],[-93.5064,41.563],[-93.5014,41.5531],[-93.4912,41.5532],[-93.4923,41.5628],[-93.5057,41.5658],[-93.5105,41.5699],[-93.5057,41.5712],[-93.5058,41.5759],[-93.5105,41.576],[-93.5106,41.5786],[-93.5034,41.582],[-93.501,41.5748],[-93.4961,41.5746],[-93.4962,41.58],[-93.5066,41.5824],[-93.4996,41.5861],[-93.4947,41.5818],[-93.4953,41.5891],[-93.4879,41.5888],[-93.4867,41.597],[-93.4674,41.5952],[-93.4811,41.5924],[-93.4848,41.595],[-93.4807,41.5924],[-93.4801,41.589],[-93.4833,41.5886],[-93.4818,41.5848],[-93.4782,41.5846],[-93.4754,41.5799],[-93.4818,41.5813],[-93.4836,41.575],[-93.4893,41.5756],[-93.4914,41.5719],[-93.4865,41.5706],[-93.4865,41.5644],[-93.4816,41.5629],[-93.4816,41.5595],[-93.4768,41.5594],[-93.4768,41.5666],[-93.472,41.5664],[-93.472,41.57],[-93.4768,41.5702],[-93.4769,41.5737],[-93.472,41.5737],[-93.472,41.5773],[-93.4641,41.5733],[-93.4688,41.5841],[-93.4635,41.5838],[-93.4621,41.5918],[-93.461,41.5877],[-93.4574,41.5876],[-93.4575,41.584],[-93.4622,41.5841],[-93.4622,41.5805],[-93.4528,41.5803],[-93.4527,41.5875],[-93.4479,41.5874],[-93.4448,41.5955],[-93.4342,41.5948],[-93.4303,41.6004],[-93.4304,41.605],[-93.4334,41.605],[-93.4333,41.6007],[-93.4399,41.6007],[-93.4401,41.6079],[-93.4449,41.6079],[-93.444,41.6008],[-93.4495,41.6011],[-93.4497,41.6079],[-93.4743,41.6079],[-93.4742,41.635],[-93.4838,41.6368],[-93.4837,41.6427],[-93.4931,41.6296],[-93.5127,41.6332],[-93.5127,41.6366],[-93.5175,41.6366],[-93.5176,41.6338],[-93.5128,41.6296],[-93.5299,41.6296],[-93.5299,41.6369],[-93.5573,41.6368],[-93.5566,41.6405],[-93.5626,41.6368],[-93.587,41.6369],[-93.5911,41.6402],[-93.5945,41.6368],[-93.6005,41.6368],[-93.6006,41.6268]]]},"properties":{"name":"HD39","district_number":39,"fips":"19039"}},{"type":"Feature","geometry":{"type":"Polygon","coordinates":[[[-93.6205,41.6671],[-93.6199,41.6486],[-93.6103,41.6461],[-93.6078,41.6368],[-93.6025,41.6377],[-93.6054,41.6395],[-93.6025,41.6417],[-93.6102,41.649],[-93.6011,41.6482],[-93.6006,41.6368],[-93.5945,41.6368],[-93.5911,41.6402],[-93.587,41.6369],[-93.5626,41.6368],[-93.5566,41.6405],[-93.5573,41.6368],[-93.5299,41.6369],[-93.5299,41.6296],[-93.5128,41.6296],[-93.5176,41.6332],[-93.5173,41.6366],[-93.4931,41.6296],[-93.4837,41.6427],[-93.4838,41.6368],[-93.4742,41.635],[-93.4743,41.6079],[-93.4497,41.6079],[-93.4495,41.6011],[-93.444,41.6008],[-93.4449,41.6079],[-93.4401,41.6079],[-93.4399,41.6007],[-93.4333,41.6007],[-93.4334,41.605],[-93.4304,41.605],[-93.4303,41.6007],[-93.4255,41.6005],[-93.4258,41.6884],[-93.4499,41.6884],[-93.4499,41.684],[-93.4451,41.684],[-93.4451,41.6768],[-93.4548,41.6767],[-93.4548,41.6705],[-93.4677,41.6688],[-93.4788,41.6632],[-93.4788,41.6693],[-93.4836,41.6693],[-93.4848,41.6729],[-93.4839,41.6884],[-93.5614,41.6883],[-93.5611,41.6791],[-93.5568,41.6793],[-93.5562,41.673],[-93.5562,41.6694],[-93.5611,41.6693],[-93.561,41.6553],[-93.5755,41.6521],[-93.5778,41.6732],[-93.5861,41.6732],[-93.5861,41.6769],[-93.5813,41.6777],[-93.5813,41.6805],[-93.591,41.6805],[-93.591,41.6884],[-93.6074,41.6884],[-93.6019,41.6896],[-93.6019,41.6921],[-93.6046,41.691],[-93.6036,41.6947],[-93.5989,41.6939],[-93.6006,41.692],[-93.5928,41.6929],[-93.5911,41.7009],[-93.5878,41.7029],[-93.6074,41.703],[-93.6071,41.7002],[-93.6194,41.6961],[-93.6192,41.6926],[-93.6154,41.6935],[-93.6156,41.6884],[-93.6196,41.6883],[-93.6205,41.6671]]]},"properties":{"name":"HD40","district_number":40,"fips":"19040"}},{"type":"Feature","geometry":{"type":"Polygon","coordinates":[[[-93.6728,41.7404],[-93.6536,41.7353],[-93.6535,41.7463],[-93.6391,41.7463],[-93.6383,41.7354],[-93.6345,41.7366],[-93.6335,41.7463],[-93.6027,41.7464],[-93.6019,41.7387],[-93.61,41.7375],[-93.61,41.7341],[-93.6005,41.7174],[-93.5907,41.7174],[-93.5908,41.7269],[-93.5811,41.7269],[-93.5811,41.7319],[-93.5685,41.7318],[-93.5705,41.7354],[-93.577,41.7355],[-93.5734,41.75],[-93.565,41.7499],[-93.565,41.7463],[-93.5704,41.7463],[-93.5705,41.7379],[-93.5608,41.7383],[-93.5609,41.7318],[-93.5416,41.7318],[-93.5414,41.7463],[-93.5608,41.7463],[-93.5607,41.768],[-93.5714,41.7681],[-93.5712,41.7823],[-93.5811,41.7841],[-93.6005,41.784],[-93.6005,41.7768],[-93.6395,41.7768],[-93.6392,41.768],[-93.6489,41.768],[-93.6486,41.7608],[-93.663,41.7608],[-93.6631,41.7462],[-93.6727,41.7462],[-93.6728,41.7404]]]},"properties":{"name":"HD41","district_number":41,"fips":"19041"}},{"type":"Feature","geometry":{"type":"Polygon","coordinates":[[[-93.6713,41.7382],[-93.6683,41.7317],[-93.6584,41.7317],[-93.6584,41.7262],[-93.6536,41.7283],[-93.6536,41.7245],[-93.647,41.7245],[-93.647,41.7209],[-93.6392,41.7219],[-93.6386,41.7101],[-93.6461,41.71],[-93.649,41.702],[-93.6526,41.7018],[-93.649,41.6956],[-93.6394,41.6956],[-93.638,41.7028],[-93.638,41.6963],[-93.6244,41.6906],[-93.6246,41.6968],[-93.6192,41.6926],[-93.619,41.6966],[-93.6071,41.7002],[-93.6074,41.703],[-93.5878,41.7029],[-93.5911,41.7009],[-93.5928,41.6929],[-93.6006,41.692],[-93.5989,41.6939],[-93.6036,41.6947],[-93.6046,41.691],[-93.6019,41.6921],[-93.6019,41.6896],[-93.6074,41.6884],[-93.591,41.6884],[-93.591,41.6805],[-93.5813,41.6805],[-93.5813,41.6777],[-93.5861,41.6769],[-93.5861,41.6732],[-93.5778,41.6732],[-93.5755,41.6521],[-93.561,41.6553],[-93.5611,41.6693],[-93.5562,41.6694],[-93.5562,41.673],[-93.5568,41.6793],[-93.5611,41.6791],[-93.562,41.6942],[-93.5609,41.6992],[-93.5547,41.6992],[-93.5547,41.7029],[-93.5621,41.7029],[-93.5645,41.71],[-93.5609,41.71],[-93.5606,41.7065],[-93.5566,41.7095],[-93.551,41.7088],[-93.5525,41.7137],[-93.5689,41.7137],[-93.5714,41.7246],[-93.5657,41.7246],[-93.5657,41.7282],[-93.5704,41.7282],[-93.5705,41.7318],[-93.5811,41.7319],[-93.5811,41.7269],[-93.5908,41.7269],[-93.5907,41.7174],[-93.6005,41.7174],[-93.61,41.7341],[-93.61,41.7375],[-93.6019,41.7387],[-93.6027,41.7464],[-93.6335,41.7463],[-93.6337,41.7386],[-93.6381,41.7354],[-93.6391,41.7463],[-93.6535,41.7463],[-93.6536,41.7353],[-93.6713,41.7382]]]},"properties":{"name":"HD42","district_number":42,"fips":"19042"}},{"type":"Feature","geometry":{"type":"Polygon","coordinates":[[[-93.7851,41.7285],[-93.7851,41.725],[-93.7802,41.725],[-93.7802,41.7213],[-93.785,41.7198],[-93.7829,41.7175],[-93.775,41.7185],[-93.775,41.7103],[-93.7606,41.7113],[-93.7631,41.7102],[-93.763,41.7029],[-93.7655,41.7029],[-93.763,41.6883],[-93.7655,41.6883],[-93.7656,41.6657],[-93.7559,41.6657],[-93.7559,41.6584],[-93.7364,41.6565],[-93.7365,41.6438],[-93.7214,41.6438],[-93.7213,41.6366],[-93.7171,41.6366],[-93.7172,41.6583],[-93.7025,41.6584],[-93.7025,41.653],[-93.6882,41.654],[-93.689,41.6561],[-93.6871,41.6533],[-93.6672,41.6527],[-93.6648,41.6465],[-93.6406,41.6409],[-93.6419,41.6368],[-93.6381,41.64],[-93.6363,41.6368],[-93.6078,41.6368],[-93.6103,41.6461],[-93.6199,41.6486],[-93.6196,41.6883],[-93.6156,41.6884],[-93.6154,41.6935],[-93.6202,41.6926],[-93.6246,41.6968],[-93.6244,41.6906],[-93.6285,41.6906],[-93.638,41.6963],[-93.6387,41.7029],[-93.6394,41.6956],[-93.649,41.6956],[-93.649,41.6992],[-93.653,41.6992],[-93.649,41.702],[-93.6464,41.7137],[-93.6658,41.7136],[-93.67,41.7102],[-93.6681,41.6968],[-93.657,41.6886],[-93.6785,41.6885],[-93.6814,41.6931],[-93.6754,41.6953],[-93.6747,41.7029],[-93.6798,41.7136],[-93.6926,41.7121],[-93.6905,41.7233],[-93.6978,41.7239],[-93.6977,41.7029],[-93.7036,41.7029],[-93.7036,41.7065],[-93.7125,41.71],[-93.7074,41.7152],[-93.7172,41.721],[-93.7171,41.7319],[-93.7364,41.732],[-93.7363,41.7194],[-93.7197,41.7071],[-93.7363,41.719],[-93.7364,41.7029],[-93.717,41.7023],[-93.717,41.6956],[-93.7267,41.6956],[-93.7267,41.6883],[-93.7364,41.6884],[-93.7364,41.6952],[-93.7461,41.6956],[-93.7461,41.6993],[-93.7412,41.6993],[-93.7412,41.7101],[-93.7558,41.712],[-93.7559,41.743],[-93.7646,41.743],[-93.7582,41.7483],[-93.7609,41.7536],[-93.7658,41.7539],[-93.7656,41.7467],[-93.7754,41.7466],[-93.7756,41.7336],[-93.7608,41.7307],[-93.7737,41.7295],[-93.7724,41.7248],[-93.7851,41.7285]]]},"properties":{"name":"HD43","district_number":43,"fips":"19043"}},{"type":"Feature","geometry":{"type":"Polygon","coordinates":[[[-93.8145,41.6291],[-93.8143,41.6149],[-93.7081,41.6149],[-93.7086,41.6221],[-93.7038,41.6221],[-93.7027,41.6367],[-93.6977,41.6367],[-93.6976,41.6489],[-93.695,41.6488],[-93.6959,41.6441],[-93.6588,41.6441],[-93.6536,41.6416],[-93.6519,41.6368],[-93.6419,41.6368],[-93.6404,41.6405],[-93.6648,41.6465],[-93.6672,41.6527],[-93.6871,41.6533],[-93.689,41.6561],[-93.6882,41.654],[-93.7025,41.653],[-93.7025,41.6584],[-93.7169,41.6584],[-93.7171,41.6366],[-93.7213,41.6366],[-93.7214,41.6438],[-93.7365,41.6438],[-93.7364,41.6565],[-93.7626,41.6585],[-93.7626,41.6528],[-93.7992,41.6512],[-93.7992,41.6367],[-93.8089,41.6367],[-93.809,41.633],[-93.8143,41.633],[-93.8145,41.6291]]]},"properties":{"name":"HD44","district_number":44,"fips":"19044"}},{"type":"Feature","geometry":{"type":"Polygon","coordinates":[[[-93.8158,41.8533],[-93.8145,41.7102],[-93.8043,41.7073],[-93.8043,41.7102],[-93.7946,41.7102],[-93.7946,41.7139],[-93.7898,41.7139],[-93.7897,41.7105],[-93.78,41.7102],[-93.7799,41.7028],[-93.763,41.7029],[-93.7631,41.7102],[-93.7606,41.7113],[-93.775,41.7103],[-93.775,41.7185],[-93.7829,41.7175],[-93.785,41.7198],[-93.7802,41.7213],[-93.7802,41.725],[-93.7851,41.725],[-93.7851,41.7285],[-93.7724,41.7248],[-93.7737,41.7295],[-93.7608,41.7307],[-93.7756,41.7336],[-93.7754,41.7466],[-93.7656,41.7467],[-93.7658,41.7539],[-93.7618,41.7537],[-93.7582,41.7483],[-93.7646,41.743],[-93.7559,41.743],[-93.7558,41.712],[-93.7412,41.7101],[-93.7412,41.6993],[-93.7461,41.6993],[-93.7461,41.6956],[-93.7364,41.6952],[-93.7364,41.6884],[-93.7267,41.6883],[-93.7267,41.6956],[-93.717,41.6956],[-93.717,41.7023],[-93.7364,41.7029],[-93.7363,41.719],[-93.7197,41.7071],[-93.7363,41.7194],[-93.7364,41.732],[-93.7171,41.7319],[-93.7172,41.721],[-93.7074,41.7152],[-93.7125,41.71],[-93.7036,41.7065],[-93.7036,41.7029],[-93.6977,41.7029],[-93.6978,41.7239],[-93.6907,41.7234],[-93.6926,41.7121],[-93.6798,41.7136],[-93.6747,41.7029],[-93.6754,41.6953],[-93.6814,41.6931],[-93.6785,41.6885],[-93.657,41.6886],[-93.6682,41.697],[-93.67,41.7103],[-93.6658,41.7136],[-93.6464,41.7137],[-93.6487,41.708],[-93.6386,41.7101],[-93.6392,41.7219],[-93.647,41.7209],[-93.647,41.7245],[-93.6536,41.7245],[-93.6536,41.7283],[-93.6584,41.7262],[-93.6584,41.7317],[-93.6683,41.7317],[-93.6728,41.7394],[-93.6727,41.7462],[-93.6631,41.7462],[-93.663,41.7608],[-93.6486,41.7608],[-93.6489,41.768],[-93.6392,41.768],[-93.6395,41.7768],[-93.6005,41.7768],[-93.6005,41.784],[-93.5712,41.7823],[-93.5714,41.7681],[-93.5607,41.768],[-93.5608,41.7463],[-93.5414,41.7463],[-93.5416,41.7318],[-93.5609,41.7318],[-93.5608,41.7383],[-93.5705,41.7379],[-93.5704,41.7463],[-93.565,41.7463],[-93.565,41.7499],[-93.5734,41.75],[-93.5768,41.7425],[-93.577,41.7355],[-93.5705,41.7354],[-93.5684,41.7334],[-93.5704,41.7282],[-93.5657,41.7282],[-93.5657,41.7246],[-93.5714,41.7246],[-93.5689,41.7137],[-93.5525,41.7137],[-93.5511,41.7093],[-93.5606,41.7065],[-93.5609,41.71],[-93.5645,41.71],[-93.5621,41.7029],[-93.5547,41.7029],[-93.5547,41.6992],[-93.5609,41.6992],[-93.5614,41.6883],[-93.4839,41.6884],[-93.4848,41.6729],[-93.4836,41.6693],[-93.4788,41.6693],[-93.4788,41.6632],[-93.4677,41.6688],[-93.4548,41.6705],[-93.4548,41.6767],[-93.4451,41.6768],[-93.4451,41.684],[-93.4499,41.684],[-93.4499,41.6884],[-93.4258,41.6884],[-93.4255,41.6005],[-93.4317,41.6004],[-93.4342,41.5948],[-93.4448,41.5955],[-93.4479,41.5874],[-93.4527,41.5875],[-93.4528,41.5803],[-93.4622,41.5805],[-93.4622,41.5841],[-93.4575,41.584],[-93.4574,41.5876],[-93.461,41.5877],[-93.4621,41.5918],[-93.4635,41.5838],[-93.4688,41.5841],[-93.4641,41.5733],[-93.472,41.5773],[-93.472,41.5737],[-93.4769,41.5737],[-93.4768,41.5702],[-93.472,41.57],[-93.472,41.5664],[-93.4768,41.5666],[-93.4768,41.5594],[-93.4816,41.5595],[-93.4816,41.5629],[-93.4865,41.5644],[-93.4865,41.5706],[-93.4914,41.5719],[-93.4893,41.5756],[-93.4836,41.575],[-93.4818,41.5813],[-93.4754,41.5799],[-93.4782,41.5846],[-93.4818,41.5848],[-93.4833,41.5886],[-93.4801,41.589],[-93.4807,41.5924],[-93.4848,41.595],[-93.4811,41.5924],[-93.4674,41.5952],[-93.4867,41.597],[-93.4879,41.5888],[-93.4953,41.5891],[-93.4947,41.5818],[-93.5019,41.5862],[-93.5066,41.5824],[-93.4962,41.58],[-93.4961,41.5746],[-93.501,41.5748],[-93.5034,41.582],[-93.5069,41.5822],[-93.5105,41.576],[-93.5058,41.5759],[-93.5057,41.5712],[-93.5105,41.5699],[-93.5057,41.5658],[-93.4923,41.5628],[-93.4912,41.5532],[-93.5014,41.5531],[-93.5064,41.563],[-93.5121,41.5638],[-93.5113,41.5543],[-93.5201,41.5356],[-93.5214,41.5151],[-93.5248,41.5125],[-93.5441,41.5112],[-93.4413,41.5076],[-93.4421,41.5046],[-93.4381,41.5021],[-93.4249,41.5075],[-93.4138,41.5074],[-93.4145,41.5015],[-93.4223,41.4942],[-93.4143,41.4924],[-93.4047,41.5015],[-93.3995,41.5018],[-93.3973,41.4943],[-93.4059,41.4887],[-93.4019,41.4863],[-93.3937,41.4877],[-93.3838,41.4948],[-93.3748,41.4933],[-93.3724,41.4862],[-93.3621,41.4868],[-93.3586,41.489],[-93.3591,41.4963],[-93.3562,41.4982],[-93.3525,41.4969],[-93.3454,41.4822],[-93.3399,41.4823],[-93.3284,41.4908],[-93.3287,41.6011],[-93.3487,41.601],[-93.3479,41.8631],[-93.8157,41.8634],[-93.8158,41.8533]]]},"properties":{"name":"HD45","district_number":45,"fips":"19045"}},{"type":"Feature","geometry":{"type":"Polygon","coordinates":[[[-94.048,41.8131],[-94.048,41.7769],[-93.9309,41.7769],[-93.931,41.6293],[-93.8964,41.6294],[-93.8964,41.6258],[-93.8915,41.6258],[-93.8914,41.6511],[-93.8722,41.651],[-93.8722,41.6437],[-93.8432,41.6438],[-93.8432,41.6221],[-93.8239,41.6221],[-93.8239,41.6148],[-93.8143,41.6149],[-93.8143,41.633],[-93.809,41.633],[-93.8089,41.6367],[-93.7992,41.6367],[-93.7992,41.6512],[-93.7714,41.6511],[-93.7626,41.6528],[-93.7626,41.6585],[-93.7559,41.6584],[-93.7559,41.6657],[-93.7656,41.6657],[-93.7655,41.6883],[-93.763,41.6883],[-93.7655,41.7029],[-93.7799,41.7028],[-93.78,41.7102],[-93.7897,41.7105],[-93.7898,41.7139],[-93.7946,41.7139],[-93.7946,41.7102],[-93.8043,41.7102],[-93.8043,41.7073],[-93.8145,41.7102],[-93.8157,41.8634],[-94.048,41.8631],[-94.048,41.8131]]]},"properties":{"name":"HD46","district_number":46,"fips":"19046"}},{"type":"Feature","geometry":{"type":"Polygon","coordinates":[[[-94.7449,41.8624],[-94.7442,41.6022],[-94.7007,41.6022],[-94.7006,41.5041],[-94.2416,41.5037],[-94.2414,41.601],[-94.1641,41.6008],[-94.1641,41.6884],[-94.0232,41.6884],[-94.0231,41.6836],[-94.0205,41.6836],[-94.0231,41.6797],[-93.9697,41.68],[-93.9697,41.6759],[-93.96,41.676],[-93.9601,41.6692],[-93.9407,41.6656],[-93.9406,41.6801],[-93.9454,41.6802],[-93.9454,41.6882],[-93.9309,41.6882],[-93.9309,41.7769],[-94.048,41.7769],[-94.048,41.8631],[-94.1644,41.8632],[-94.1647,42.2099],[-94.6287,42.2095],[-94.6287,41.8628],[-94.7449,41.8624]]]},"properties":{"name":"HD47","district_number":47,"fips":"19047"}},{"type":"Feature","geometry":{"type":"Polygon","coordinates":[[[-94.1649,42.1516],[-94.1644,41.8632],[-93.6881,41.8634],[-93.6882,41.8706],[-93.6784,41.8681],[-93.6784,41.8707],[-93.6744,41.8707],[-93.6784,41.8708],[-93.6784,41.8773],[-93.6736,41.8778],[-93.6737,41.8854],[-93.6785,41.8849],[-93.6761,41.8864],[-93.6786,41.8888],[-93.6981,41.8888],[-93.6981,41.9505],[-93.673,41.9504],[-93.673,41.9576],[-93.6681,41.9577],[-93.6584,41.9576],[-93.6584,41.9504],[-93.5809,41.9504],[-93.5797,42.0067],[-93.6243,42.0041],[-93.6239,42.0084],[-93.6368,42.0105],[-93.6393,42.008],[-93.6393,41.9866],[-93.6462,41.9866],[-93.6489,41.9832],[-93.649,41.9866],[-93.6538,41.9866],[-93.6539,41.9938],[-93.6649,41.9939],[-93.6616,41.9956],[-93.6633,41.9985],[-93.656,41.9988],[-93.6492,42.0065],[-93.6618,42.004],[-93.6589,42.0011],[-93.6686,42.0011],[-93.6687,42.007],[-93.6987,42.0146],[-93.6984,42.2093],[-94.1647,42.2099],[-94.1649,42.1516]]]},"properties":{"name":"HD48","district_number":48,"fips":"19048"}},{"type":"Feature","geometry":{"type":"Polygon","coordinates":[[[-93.6786,42.0097],[-93.6687,42.007],[-93.6686,42.0011],[-93.6589,42.0011],[-93.6618,42.004],[-93.6492,42.0065],[-93.656,41.9988],[-93.6633,41.9985],[-93.6616,41.9956],[-93.6649,41.9939],[-93.6539,41.9938],[-93.6538,41.9866],[-93.649,41.9866],[-93.6489,41.9832],[-93.6462,41.9866],[-93.6393,41.9866],[-93.6393,42.008],[-93.6368,42.0105],[-93.6239,42.0084],[-93.6243,42.0041],[-93.5797,42.0067],[-93.5809,41.9504],[-93.4633,41.9504],[-93.4629,42.0],[-93.4725,42.007],[-93.492,42.0084],[-93.4822,42.009],[-93.4823,42.0228],[-93.5214,42.0231],[-93.5216,42.0287],[-93.5118,42.0288],[-93.5119,42.0347],[-93.5605,42.0346],[-93.5605,42.0418],[-93.5703,42.0417],[-93.5703,42.0541],[-93.5815,42.0542],[-93.5815,42.049],[-93.5851,42.0481],[-93.5815,42.0481],[-93.5815,42.0417],[-93.5864,42.0417],[-93.5891,42.0345],[-93.596,42.0345],[-93.5961,42.0391],[-93.6006,42.0391],[-93.6006,42.0454],[-93.5961,42.0457],[-93.6107,42.0494],[-93.6152,42.053],[-93.6143,42.0571],[-93.6179,42.0583],[-93.6158,42.0634],[-93.6196,42.0634],[-93.6199,42.0595],[-93.622,42.0617],[-93.6188,42.0479],[-93.6204,42.0346],[-93.6447,42.0357],[-93.6446,42.0306],[-93.6519,42.0304],[-93.6542,42.0228],[-93.6591,42.0228],[-93.6589,42.0119],[-93.6714,42.012],[-93.6703,42.0084],[-93.6786,42.0121],[-93.6786,42.0097]]]},"properties":{"name":"HD49","district_number":49,"fips":"19049"}},{"type":"Feature","geometry":{"type":"Polygon","coordinates":[[[-93.6988,42.0238],[-93.6987,42.0146],[-93.6786,42.0086],[-93.6763,42.0121],[-93.6756,42.0088],[-93.6702,42.0084],[-93.6714,42.012],[-93.6589,42.0119],[-93.6591,42.0228],[-93.6542,42.0228],[-93.6519,42.0304],[-93.6446,42.0306],[-93.6447,42.0357],[-93.6204,42.0346],[-93.6188,42.0479],[-93.624,42.0617],[-93.6222,42.0724],[-93.6269,42.0779],[-93.6496,42.0761],[-93.6494,42.0664],[-93.6431,42.0574],[-93.6477,42.0635],[-93.6593,42.0635],[-93.6642,42.0671],[-93.6641,42.0616],[-93.6686,42.0617],[-93.6668,42.0579],[-93.6563,42.0562],[-93.6592,42.0562],[-93.6591,42.0476],[-93.6689,42.0453],[-93.6715,42.0365],[-93.6971,42.0389],[-93.6988,42.0238]]]},"properties":{"name":"HD50","district_number":50,"fips":"19050"}},{"type":"Feature","geometry":{"type":"Polygon","coordinates":[[[-93.6988,42.039],[-93.6987,42.0346],[-93.696,42.0345],[-93.6971,42.0389],[-93.6715,42.0365],[-93.6689,42.0453],[-93.6591,42.0476],[-93.6592,42.0562],[-93.6563,42.0562],[-93.6668,42.0579],[-93.6686,42.0617],[-93.6641,42.0616],[-93.6642,42.0671],[-93.6593,42.0635],[-93.6477,42.0635],[-93.6431,42.0574],[-93.6494,42.0664],[-93.6496,42.0761],[-93.6269,42.0779],[-93.6222,42.0724],[-93.624,42.0617],[-93.6199,42.0595],[-93.6196,42.0634],[-93.6158,42.0634],[-93.6179,42.0583],[-93.6139,42.0565],[-93.6148,42.0526],[-93.6035,42.0492],[-93.6034,42.0458],[-93.5961,42.0457],[-93.6006,42.0454],[-93.6006,42.0391],[-93.5961,42.0391],[-93.596,42.0345],[-93.5891,42.0345],[-93.5864,42.0417],[-93.5815,42.0417],[-93.5815,42.0481],[-93.5851,42.0481],[-93.5815,42.049],[-93.5815,42.0542],[-93.5703,42.0541],[-93.5703,42.0417],[-93.5605,42.0418],[-93.5605,42.0346],[-93.5119,42.0347],[-93.5118,42.0288],[-93.5216,42.0287],[-93.5214,42.0231],[-93.4823,42.0228],[-93.4822,42.009],[-93.492,42.0084],[-93.4725,42.007],[-93.4629,42.0],[-93.4633,41.9504],[-93.6584,41.9504],[-93.6584,41.9576],[-93.6681,41.9577],[-93.673,41.9576],[-93.673,41.9504],[-93.6981,41.9505],[-93.6981,41.8888],[-93.6786,41.8888],[-93.6761,41.8864],[-93.6785,41.8849],[-93.6737,41.8854],[-93.6736,41.8778],[-93.6784,41.8773],[-93.6784,41.8708],[-93.6744,41.8707],[-93.6784,41.8707],[-93.6784,41.8681],[-93.6882,41.8706],[-93.6881,41.8634],[-92.9998,41.8625],[-92.9999,42.0343],[-92.9608,42.0344],[-92.9609,42.0381],[-92.967,42.0399],[-92.961,42.0417],[-92.9613,42.049],[-92.9564,42.049],[-92.9564,42.0526],[-92.9471,42.0527],[-92.9469,42.0563],[-92.9389,42.0599],[-92.9239,42.0564],[-92.9167,42.0643],[-92.9035,42.0673],[-92.9035,42.0709],[-92.8864,42.0709],[-92.8756,42.0659],[-92.8773,42.0637],[-92.8684,42.0618],[-92.8684,42.0566],[-92.8732,42.0565],[-92.8731,42.0493],[-92.8439,42.0494],[-92.8437,42.0422],[-92.8389,42.0422],[-92.8339,42.035],[-92.7663,42.035],[-92.7675,42.2101],[-93.463,42.2093],[-93.463,42.1232],[-93.6987,42.1231],[-93.6988,42.039]]]},"properties":{"name":"HD51","district_number":51,"fips":"19051"}},{"type":"Feature","geometry":{"type":"Polygon","coordinates":[[[-93.0,42.032],[-92.9998,41.8625],[-92.766,41.8624],[-92.7663,42.035],[-92.8339,42.035],[-92.8389,42.0422],[-92.8437,42.0422],[-92.8439,42.0494],[-92.8731,42.0493],[-92.8732,42.0565],[-92.8684,42.0566],[-92.8684,42.0618],[-92.8773,42.0637],[-92.8756,42.0659],[-92.8864,42.0709],[-92.9035,42.0709],[-92.9035,42.0673],[-92.9167,42.0643],[-92.9239,42.0564],[-92.9389,42.0599],[-92.9469,42.0563],[-92.9471,42.0527],[-92.9564,42.0526],[-92.9564,42.049],[-92.9613,42.049],[-92.961,42.0417],[-92.967,42.0399],[-92.9609,42.0381],[-92.9608,42.0344],[-92.9999,42.0343],[-93.0,42.032]]]},"properties":{"name":"HD52","district_number":52,"fips":"19052"}},{"type":"Feature","geometry":{"type":"Polygon","coordinates":[[[-92.768,42.2967],[-92.7668,41.6014],[-92.7571,41.6014],[-92.7565,41.5088],[-92.2975,41.5098],[-92.3001,41.6626],[-92.2973,41.9718],[-92.2991,42.1233],[-92.5329,42.123],[-92.5335,42.297],[-92.768,42.2967]]]},"properties":{"name":"HD53","district_number":53,"fips":"19053"}},{"type":"Feature","geometry":{"type":"Polygon","coordinates":[[[-93.4996,42.5441],[-93.4991,42.471],[-93.4626,42.4708],[-93.463,42.2093],[-92.7675,42.2101],[-92.7681,42.2967],[-92.4169,42.2973],[-92.4171,42.4212],[-92.4316,42.4229],[-92.4366,42.4138],[-92.4433,42.4129],[-92.4415,42.3993],[-92.4518,42.3993],[-92.456,42.3949],[-92.462,42.395],[-92.4659,42.4029],[-92.4755,42.4028],[-92.4756,42.4065],[-92.4707,42.4065],[-92.4708,42.4252],[-92.4709,42.4283],[-92.4757,42.4283],[-92.4757,42.4319],[-92.4709,42.4319],[-92.471,42.4429],[-92.4662,42.4429],[-92.4662,42.4502],[-92.471,42.4501],[-92.471,42.455],[-92.4661,42.455],[-92.4661,42.4575],[-92.4759,42.4574],[-92.4752,42.475],[-92.485,42.475],[-92.4851,42.4826],[-92.481,42.4826],[-92.4814,42.4913],[-92.4999,42.4913],[-92.4999,42.5204],[-92.5048,42.5204],[-92.5049,42.5277],[-92.4999,42.5277],[-92.5002,42.5594],[-92.4756,42.5594],[-92.4754,42.5739],[-92.4363,42.5739],[-92.4361,42.6423],[-92.5545,42.6423],[-92.5543,42.5559],[-93.4995,42.5577],[-93.4996,42.5441]]]},"properties":{"name":"HD54","district_number":54,"fips":"19054"}},{"type":"Feature","geometry":{"type":"Polygon","coordinates":[[[-93.9716,42.5444],[-93.9716,42.4721],[-93.9317,42.472],[-93.9316,42.2099],[-93.6984,42.2093],[-93.6987,42.1231],[-93.463,42.1232],[-93.4626,42.4708],[-93.4991,42.471],[-93.4995,42.5577],[-93.027,42.5568],[-93.0251,42.9075],[-93.4986,42.9085],[-93.4989,42.7313],[-93.7035,42.7318],[-93.7056,42.7238],[-93.7253,42.7241],[-93.7254,42.7169],[-93.7353,42.7171],[-93.7352,42.6447],[-93.8533,42.6446],[-93.8533,42.5575],[-93.9716,42.5581],[-93.9716,42.5444]]]},"properties":{"name":"HD55","district_number":55,"fips":"19055"}},{"type":"Feature","geometry":{"type":"Polygon","coordinates":[[[-94.4431,42.7411],[-94.4431,42.6452],[-93.9717,42.6447],[-93.9716,42.5581],[-93.8533,42.5575],[-93.8533,42.6446],[-93.7352,42.6447],[-93.7353,42.7171],[-93.7254,42.7169],[-93.7253,42.7241],[-93.7056,42.7238],[-93.7035,42.7318],[-93.4989,42.7313],[-93.4976,43.2555],[-93.9704,43.2554],[-93.9712,42.9078],[-94.443,42.9081],[-94.4431,42.7411]]]},"properties":{"name":"HD56","district_number":56,"fips":"19056"}},{"type":"Feature","geometry":{"type":"Polygon","coordinates":[[[-93.0269,42.5623],[-93.027,42.5568],[-92.5543,42.5559],[-92.5545,42.6423],[-92.3177,42.6422],[-92.3176,42.7299],[-92.436,42.7303],[-92.4361,42.907],[-93.0251,42.9075],[-93.0269,42.5623]]]},"properties":{"name":"HD57","district_number":57,"fips":"19057"}},{"type":"Feature","geometry":{"type":"Polygon","coordinates":[[[-93.0251,42.9083],[-92.4361,42.907],[-92.436,42.7303],[-92.3176,42.7299],[-92.3177,42.6422],[-92.0817,42.6421],[-92.081,43.2129],[-92.905,43.2128],[-92.9055,43.1554],[-92.9154,43.1553],[-92.9153,43.1481],[-92.9252,43.1481],[-92.9252,43.1407],[-92.9155,43.1408],[-92.9155,43.1119],[-92.9055,43.1118],[-92.9058,43.0087],[-93.0233,43.009],[-93.0251,42.9083]]]},"properties":{"name":"HD58","district_number":58,"fips":"19058"}},{"type":"Feature","geometry":{"type":"Polygon","coordinates":[[[-93.3797,42.9224],[-93.3797,42.908],[-93.0251,42.9075],[-93.0241,43.2555],[-93.2604,43.2552],[-93.2606,43.1696],[-93.2705,43.1697],[-93.2705,43.1555],[-93.2804,43.1555],[-93.2804,43.1489],[-93.2705,43.1489],[-93.2706,43.1265],[-93.2607,43.1265],[-93.2609,43.083],[-93.3787,43.0829],[-93.3796,42.9514],[-93.3748,42.9514],[-93.3747,42.9369],[-93.3796,42.937],[-93.3797,42.9224]]]},"properties":{"name":"HD59","district_number":59,"fips":"19059"}},{"type":"Feature","geometry":{"type":"Polygon","coordinates":[[[-93.4985,42.923],[-93.4986,42.9085],[-93.3797,42.908],[-93.3796,42.937],[-93.3747,42.9369],[-93.3748,42.9514],[-93.3796,42.9514],[-93.3787,43.0829],[-93.2609,43.083],[-93.2607,43.1265],[-93.2706,43.1265],[-93.2705,43.1489],[-93.2804,43.1489],[-93.2804,43.1555],[-93.2705,43.1555],[-93.2705,43.1697],[-93.2606,43.1696],[-93.2604,43.2552],[-93.0241,43.2555],[-93.0233,43.009],[-92.9058,43.0087],[-92.9055,43.1118],[-92.9155,43.1119],[-92.9155,43.1408],[-92.9252,43.1407],[-92.9252,43.1481],[-92.9153,43.1481],[-92.9154,43.1553],[-92.9055,43.1554],[-92.905,43.2128],[-92.5544,43.2128],[-92.5531,43.5002],[-93.4974,43.4996],[-93.4985,42.923]]]},"properties":{"name":"HD60","district_number":60,"fips":"19060"}},{"type":"Feature","geometry":{"type":"Polygon","coordinates":[[[-92.4142,42.4708],[-92.383,42.4694],[-92.3859,42.4664],[-92.3762,42.4634],[-92.3764,42.4321],[-92.3667,42.4321],[-92.3668,42.4212],[-92.3276,42.4212],[-92.3274,42.4285],[-92.3176,42.4285],[-92.3176,42.4321],[-92.2853,42.4285],[-92.2871,42.4321],[-92.2736,42.4319],[-92.2732,42.4465],[-92.288,42.4466],[-92.2879,42.4539],[-92.3022,42.4551],[-92.309,42.4588],[-92.3097,42.4642],[-92.2941,42.4736],[-92.294,42.4834],[-92.2683,42.475],[-92.2686,42.4983],[-92.3151,42.4995],[-92.3146,42.4953],[-92.3208,42.4954],[-92.3213,42.4891],[-92.329,42.4839],[-92.3277,42.4766],[-92.3424,42.4767],[-92.3419,42.4854],[-92.3477,42.4893],[-92.3572,42.4839],[-92.367,42.4839],[-92.3671,42.491],[-92.3769,42.4884],[-92.3769,42.4961],[-92.3867,42.4994],[-92.3849,42.4948],[-92.3874,42.4948],[-92.3874,42.4912],[-92.4063,42.4912],[-92.406,42.473],[-92.4142,42.4708]]]},"properties":{"name":"HD61","district_number":61,"fips":"19061"}},{"type":"Feature","geometry":{"type":"Polygon","coordinates":[[[-92.4331,42.527],[-92.4272,42.5245],[-92.4161,42.5287],[-92.4161,42.5204],[-92.4063,42.5201],[-92.4063,42.4912],[-92.3874,42.4912],[-92.3851,42.4996],[-92.3769,42.4961],[-92.3769,42.4884],[-92.3671,42.491],[-92.367,42.4839],[-92.3572,42.4839],[-92.3477,42.4893],[-92.3419,42.4854],[-92.3424,42.4767],[-92.3277,42.4766],[-92.329,42.4839],[-92.3213,42.4891],[-92.3208,42.4954],[-92.3146,42.4953],[-92.3151,42.4995],[-92.265,42.4982],[-92.2561,42.5058],[-92.2588,42.5084],[-92.2557,42.511],[-92.2584,42.5118],[-92.249,42.5108],[-92.2488,42.5172],[-92.2587,42.5182],[-92.2537,42.5222],[-92.2586,42.5226],[-92.2584,42.5273],[-92.2976,42.5276],[-92.2976,42.5312],[-92.3228,42.5311],[-92.3227,42.5631],[-92.3966,42.5632],[-92.3967,42.5705],[-92.4163,42.5705],[-92.4165,42.5381],[-92.425,42.5351],[-92.4331,42.527]]]},"properties":{"name":"HD62","district_number":62,"fips":"19062"}},{"type":"Feature","geometry":{"type":"Polygon","coordinates":[[[-92.5546,43.2603],[-92.5544,43.2128],[-92.081,43.2129],[-92.0816,42.9942],[-91.6579,42.9932],[-91.6616,42.9905],[-91.6576,42.9932],[-91.6057,42.9932],[-91.604,43.342],[-91.611,43.3421],[-91.6108,43.5007],[-92.5531,43.5002],[-92.5546,43.2603]]]},"properties":{"name":"HD63","district_number":63,"fips":"19063"}},{"type":"Feature","geometry":{"type":"Polygon","coordinates":[[[-91.611,43.3444],[-91.611,43.3421],[-91.604,43.342],[-91.6084,42.8128],[-91.6071,42.644],[-91.0149,42.6463],[-91.0158,42.559],[-90.8977,42.5578],[-90.8976,42.5854],[-90.9044,42.586],[-90.8976,42.5881],[-90.897,42.6751],[-90.9212,42.6854],[-90.9416,42.6838],[-90.9763,42.696],[-90.9955,42.7137],[-91.0268,42.7242],[-91.0354,42.7373],[-91.0537,42.7382],[-91.0563,42.7473],[-91.0658,42.7534],[-91.0603,42.7618],[-91.0695,42.7696],[-91.0781,42.8065],[-91.0787,42.8277],[-91.0941,42.8308],[-91.0914,42.8499],[-91.0977,42.8599],[-91.1006,42.8831],[-91.1174,42.8958],[-91.1435,42.9047],[-91.1456,42.908],[-91.1438,42.9229],[-91.1499,42.942],[-91.1459,42.9608],[-91.1566,42.9782],[-91.1575,42.9915],[-91.1747,43.0387],[-91.1795,43.0674],[-91.1752,43.1038],[-91.1779,43.1289],[-91.1753,43.1347],[-91.1562,43.1429],[-91.1462,43.1524],[-91.1386,43.17],[-91.1244,43.1879],[-91.1222,43.1973],[-91.0664,43.2393],[-91.0579,43.2554],[-91.0598,43.2591],[-91.0726,43.2621],[-91.0737,43.2747],[-91.0857,43.2919],[-91.1072,43.3136],[-91.1328,43.328],[-91.2066,43.3525],[-91.215,43.368],[-91.2061,43.375],[-91.199,43.3898],[-91.2004,43.4127],[-91.2071,43.425],[-91.2287,43.4455],[-91.2334,43.4552],[-91.216,43.4811],[-91.2177,43.5006],[-91.6108,43.5007],[-91.611,43.3444]]]},"properties":{"name":"HD64","district_number":64,"fips":"19064"}},{"type":"Feature","geometry":{"type":"Polygon","coordinates":[[[-91.1344,42.5587],[-91.1305,42.3826],[-91.0137,42.3825],[-91.0137,42.3077],[-91.0087,42.3047],[-91.005,42.3102],[-90.9808,42.31],[-90.9808,42.3015],[-90.9967,42.3014],[-90.9979,42.2956],[-90.6656,42.2947],[-90.665,42.3822],[-90.4738,42.3815],[-90.4872,42.3851],[-90.5068,42.3988],[-90.555,42.4161],[-90.5604,42.4329],[-90.568,42.4404],[-90.6063,42.4515],[-90.6433,42.4694],[-90.6485,42.4671],[-90.6513,42.4694],[-90.6649,42.4682],[-90.6647,42.4548],[-90.6773,42.4577],[-90.6795,42.4476],[-90.6716,42.4455],[-90.6716,42.4403],[-90.6795,42.4403],[-90.6797,42.4363],[-90.6914,42.4257],[-90.6923,42.4192],[-90.6874,42.4175],[-90.6887,42.413],[-90.6862,42.4112],[-90.6953,42.4112],[-90.6967,42.4178],[-90.7043,42.4179],[-90.6953,42.4209],[-90.6807,42.4386],[-90.6807,42.4476],[-90.6833,42.4476],[-90.6793,42.4534],[-90.6944,42.4548],[-90.6943,42.4628],[-90.6983,42.4604],[-90.7011,42.4629],[-90.7153,42.4624],[-90.7185,42.4698],[-90.7166,42.4714],[-90.7549,42.471],[-90.7516,42.4667],[-90.7532,42.463],[-90.7708,42.4618],[-90.7675,42.4677],[-90.7725,42.4675],[-90.7745,42.4585],[-90.7864,42.4581],[-90.7865,42.4545],[-90.7915,42.4545],[-90.7898,42.4653],[-90.7814,42.4653],[-90.7796,42.4711],[-90.7796,42.4783],[-90.7869,42.4783],[-90.7944,42.4715],[-90.7931,42.48],[-90.7796,42.4805],[-90.7796,42.4877],[-90.7845,42.4877],[-90.7846,42.4975],[-90.7896,42.4982],[-90.7895,42.4904],[-90.7944,42.4908],[-90.7944,42.4878],[-90.7993,42.4887],[-90.7994,42.4962],[-90.8043,42.4962],[-90.8043,42.4998],[-90.824,42.5009],[-90.824,42.5035],[-90.8191,42.5035],[-90.8191,42.5072],[-90.7995,42.507],[-90.7994,42.5008],[-90.7928,42.5],[-90.7929,42.5022],[-90.7896,42.5005],[-90.7896,42.5072],[-90.7848,42.5074],[-90.7822,42.5001],[-90.7747,42.5003],[-90.7747,42.5076],[-90.7788,42.5075],[-90.7797,42.5149],[-90.7698,42.5149],[-90.7698,42.5077],[-90.7599,42.5041],[-90.7599,42.5005],[-90.7549,42.5006],[-90.755,42.5078],[-90.7451,42.5116],[-90.7458,42.5152],[-90.7526,42.5152],[-90.7551,42.5184],[-90.7551,42.526],[-90.7601,42.526],[-90.7599,42.5223],[-90.7799,42.522],[-90.7794,42.653],[-90.8439,42.6631],[-90.897,42.6751],[-90.8976,42.5881],[-90.9044,42.586],[-90.8976,42.5854],[-90.8977,42.5578],[-91.0158,42.559],[-91.0149,42.6463],[-91.1328,42.6458],[-91.1344,42.5587]]]},"properties":{"name":"HD65","district_number":65,"fips":"19065"}},{"type":"Feature","geometry":{"type":"Polygon","coordinates":[[[-91.3659,41.9481],[-90.8985,41.9462],[-90.8982,42.1206],[-90.5488,42.1205],[-90.5487,42.0328],[-90.1542,42.0331],[-90.1643,42.0415],[-90.1669,42.0549],[-90.1684,42.0758],[-90.1626,42.091],[-90.1614,42.1102],[-90.1629,42.1167],[-90.1704,42.125],[-90.1905,42.1258],[-90.2014,42.1309],[-90.2083,42.151],[-90.2161,42.1567],[-90.2501,42.1715],[-90.2822,42.1788],[-90.3283,42.201],[-90.357,42.2054],[-90.3932,42.2272],[-90.4007,42.2393],[-90.4193,42.2545],[-90.4309,42.2782],[-90.4307,42.2842],[-90.4189,42.3083],[-90.4212,42.3153],[-90.4165,42.3251],[-90.4305,42.3369],[-90.4452,42.3564],[-90.4641,42.3686],[-90.4738,42.3815],[-90.665,42.3822],[-90.6656,42.2947],[-91.3633,42.2964],[-91.3659,41.9481]]]},"properties":{"name":"HD66","district_number":66,"fips":"19066"}},{"type":"Feature","geometry":{"type":"Polygon","coordinates":[[[-92.0648,42.3757],[-92.0648,42.2973],[-91.8311,42.2991],[-91.7144,42.2965],[-90.9979,42.2956],[-90.9967,42.3014],[-90.9808,42.3015],[-90.9808,42.31],[-91.005,42.3102],[-91.0087,42.3047],[-91.0137,42.3077],[-91.0137,42.3825],[-91.1305,42.3826],[-91.1309,42.4713],[-91.1342,42.4713],[-91.1344,42.4812],[-91.1328,42.6458],[-91.6071,42.644],[-91.609,42.5564],[-91.7275,42.5558],[-91.7271,42.4794],[-91.7368,42.4794],[-91.7368,42.4766],[-91.7405,42.4766],[-91.7404,42.4713],[-91.7574,42.4684],[-91.8662,42.4688],[-91.8697,42.4706],[-91.8697,42.4761],[-91.8746,42.4749],[-91.8746,42.4789],[-91.8697,42.4793],[-91.8722,42.4832],[-91.8796,42.4832],[-91.8796,42.4914],[-91.887,42.4885],[-91.8846,42.4833],[-91.8894,42.4857],[-91.8918,42.4815],[-91.8894,42.4796],[-91.8993,42.4832],[-91.8992,42.4759],[-91.9069,42.4775],[-91.904,42.4722],[-91.914,42.4721],[-91.9212,42.4684],[-92.0514,42.4681],[-92.0549,42.4647],[-92.0559,42.4676],[-92.0642,42.4682],[-92.0648,42.3757]]]},"properties":{"name":"HD67","district_number":67,"fips":"19067"}},{"type":"Feature","geometry":{"type":"Polygon","coordinates":[[[-92.4363,42.5741],[-92.3967,42.5705],[-92.3966,42.5632],[-92.3227,42.5631],[-92.3228,42.5311],[-92.2976,42.5312],[-92.2976,42.5276],[-92.2584,42.5273],[-92.2586,42.5226],[-92.2537,42.5222],[-92.2587,42.5182],[-92.2488,42.5172],[-92.249,42.5108],[-92.2584,42.5118],[-92.2555,42.5093],[-92.2588,42.5084],[-92.2561,42.5079],[-92.2588,42.5018],[-92.2686,42.4983],[-92.2683,42.475],[-92.2634,42.4734],[-92.2634,42.477],[-92.2585,42.4763],[-92.2585,42.4737],[-92.2512,42.4763],[-92.251,42.4697],[-92.2312,42.4641],[-92.231,42.4574],[-92.2389,42.4575],[-92.239,42.4611],[-92.2439,42.4611],[-92.2447,42.4575],[-92.2271,42.4431],[-92.1809,42.4425],[-92.1813,42.3846],[-92.0647,42.3846],[-92.0642,42.4682],[-92.0559,42.4676],[-92.0549,42.4647],[-92.0514,42.4681],[-91.9212,42.4684],[-91.914,42.4721],[-91.904,42.4722],[-91.9069,42.4775],[-91.8992,42.4759],[-91.8993,42.4832],[-91.8894,42.4796],[-91.8918,42.4815],[-91.8894,42.4857],[-91.8846,42.4833],[-91.887,42.4885],[-91.8796,42.4914],[-91.8796,42.4832],[-91.8722,42.4832],[-91.8697,42.4793],[-91.8746,42.4789],[-91.8746,42.4749],[-91.8697,42.4761],[-91.8697,42.4706],[-91.8662,42.4688],[-91.7574,42.4684],[-91.7404,42.4713],[-91.7405,42.4766],[-91.7368,42.4766],[-91.7368,42.4794],[-91.7271,42.4794],[-91.7275,42.5558],[-91.609,42.5564],[-91.6057,42.9932],[-91.6576,42.9932],[-91.6616,42.9905],[-91.6579,42.9932],[-92.0816,42.9942],[-92.0817,42.6421],[-92.4361,42.6423],[-92.4363,42.5741]]]},"properties":{"name":"HD68","district_number":68,"fips":"19068"}},{"type":"Feature","geometry":{"type":"Polygon","coordinates":[[[-90.4326,42.0303],[-90.4323,41.8447],[-90.3548,41.8449],[-90.3548,41.8084],[-90.3451,41.8084],[-90.3452,41.7939],[-90.3549,41.7939],[-90.3549,41.732],[-90.3477,41.73],[-90.3399,41.7405],[-90.3166,41.7289],[-90.31,41.7434],[-90.2786,41.7674],[-90.2633,41.7721],[-90.2222,41.7932],[-90.182,41.8071],[-90.184,41.8331],[-90.1819,41.8432],[-90.173,41.8574],[-90.17,41.8764],[-90.1536,41.9066],[-90.1516,41.931],[-90.1638,41.9449],[-90.1641,41.9562],[-90.1538,41.9741],[-90.1462,41.9813],[-90.146,41.9881],[-90.1406,41.996],[-90.1412,42.0089],[-90.1542,42.0331],[-90.4325,42.0335],[-90.4326,42.0303]]]},"properties":{"name":"HD69","district_number":69,"fips":"19069"}},{"type":"Feature","geometry":{"type":"Polygon","coordinates":[[[-90.8989,41.9185],[-90.8984,41.7714],[-90.7862,41.7714],[-90.7822,41.768],[-90.7823,41.7435],[-90.7774,41.7427],[-90.7773,41.7396],[-90.7824,41.7396],[-90.7826,41.6838],[-90.4518,41.6846],[-90.452,41.6119],[-90.4327,41.6121],[-90.4327,41.5977],[-90.4059,41.5974],[-90.4059,41.5903],[-90.4011,41.5903],[-90.4011,41.5972],[-90.3914,41.5962],[-90.3939,41.5988],[-90.3931,41.6049],[-90.3902,41.6049],[-90.3903,41.5976],[-90.3778,41.5976],[-90.3788,41.6049],[-90.3745,41.6049],[-90.3744,41.6122],[-90.3458,41.6139],[-90.3407,41.6114],[-90.3435,41.647],[-90.3345,41.6796],[-90.316,41.693],[-90.3127,41.7061],[-90.3174,41.7183],[-90.3161,41.7288],[-90.3227,41.733],[-90.3399,41.7405],[-90.3477,41.73],[-90.3549,41.732],[-90.3549,41.7939],[-90.3452,41.7939],[-90.3451,41.8084],[-90.3548,41.8084],[-90.3548,41.8449],[-90.4323,41.8447],[-90.4325,42.0335],[-90.5487,42.0328],[-90.5488,42.1205],[-90.8982,42.1206],[-90.8989,41.9185]]]},"properties":{"name":"HD70","district_number":70,"fips":"19070"}},{"type":"Feature","geometry":{"type":"Polygon","coordinates":[[[-90.7402,42.4882],[-90.7401,42.4859],[-90.7352,42.4858],[-90.7269,42.4881],[-90.7256,42.4832],[-90.7191,42.4821],[-90.7201,42.4787],[-90.7104,42.4786],[-90.7089,42.472],[-90.7055,42.4714],[-90.7176,42.4711],[-90.7153,42.4624],[-90.7011,42.4629],[-90.6983,42.4604],[-90.6943,42.4628],[-90.6944,42.4548],[-90.6793,42.4534],[-90.6833,42.4476],[-90.6807,42.4476],[-90.682,42.4358],[-90.6957,42.4206],[-90.7043,42.4194],[-90.6965,42.4176],[-90.6953,42.4112],[-90.6862,42.4112],[-90.6887,42.413],[-90.6874,42.4175],[-90.6923,42.4192],[-90.6914,42.4257],[-90.6797,42.4363],[-90.6795,42.4403],[-90.6716,42.4403],[-90.6716,42.4455],[-90.6795,42.4476],[-90.6773,42.4577],[-90.6647,42.4548],[-90.6649,42.4682],[-90.6513,42.4694],[-90.6485,42.4671],[-90.6433,42.4694],[-90.6548,42.4798],[-90.6565,42.491],[-90.636,42.5155],[-90.6489,42.5155],[-90.6693,42.5098],[-90.6728,42.516],[-90.6682,42.5176],[-90.6729,42.5247],[-90.6688,42.5297],[-90.675,42.5326],[-90.6843,42.5267],[-90.6965,42.5259],[-90.6932,42.5105],[-90.6958,42.5039],[-90.7097,42.5036],[-90.708,42.493],[-90.7402,42.4882]]]},"properties":{"name":"HD71","district_number":71,"fips":"19071"}},{"type":"Feature","geometry":{"type":"Polygon","coordinates":[[[-90.824,42.5035],[-90.824,42.5009],[-90.8043,42.4998],[-90.8043,42.4962],[-90.7994,42.4962],[-90.7993,42.4887],[-90.7944,42.4878],[-90.7944,42.4908],[-90.7895,42.4904],[-90.7896,42.4982],[-90.7846,42.4975],[-90.7845,42.4877],[-90.7796,42.4877],[-90.7796,42.4805],[-90.7852,42.4817],[-90.7895,42.4782],[-90.7895,42.4811],[-90.7944,42.4782],[-90.7944,42.4715],[-90.7869,42.4783],[-90.7796,42.4783],[-90.7814,42.4653],[-90.7898,42.4653],[-90.7914,42.4609],[-90.7915,42.4545],[-90.7865,42.4545],[-90.7864,42.4581],[-90.7745,42.4585],[-90.7725,42.4675],[-90.7675,42.4677],[-90.7708,42.4618],[-90.7577,42.4618],[-90.7524,42.4641],[-90.7549,42.471],[-90.7055,42.4714],[-90.7089,42.472],[-90.7104,42.4786],[-90.7201,42.4787],[-90.7191,42.4821],[-90.7256,42.4832],[-90.7269,42.4881],[-90.7352,42.4858],[-90.7401,42.4859],[-90.7402,42.4881],[-90.708,42.493],[-90.7097,42.5036],[-90.6958,42.5039],[-90.6932,42.5105],[-90.6965,42.5259],[-90.6843,42.5267],[-90.6735,42.5328],[-90.6688,42.5297],[-90.6729,42.5247],[-90.6682,42.5176],[-90.6728,42.516],[-90.6691,42.5098],[-90.6489,42.5155],[-90.636,42.5155],[-90.6358,42.5181],[-90.6447,42.5413],[-90.6541,42.5499],[-90.6615,42.568],[-90.6779,42.58],[-90.687,42.5918],[-90.692,42.6104],[-90.7041,42.6322],[-90.7202,42.6408],[-90.7794,42.653],[-90.7799,42.522],[-90.7599,42.5223],[-90.7601,42.526],[-90.7551,42.526],[-90.7551,42.5184],[-90.7526,42.5152],[-90.7458,42.5152],[-90.7451,42.5116],[-90.755,42.5078],[-90.7549,42.5006],[-90.7599,42.5005],[-90.7599,42.5041],[-90.7698,42.5077],[-90.7698,42.5149],[-90.7797,42.5149],[-90.7788,42.5075],[-90.7747,42.5076],[-90.7747,42.5003],[-90.7822,42.5001],[-90.7848,42.5074],[-90.7896,42.5072],[-90.7896,42.5005],[-90.7929,42.5022],[-90.7928,42.5],[-90.7994,42.5008],[-90.7995,42.507],[-90.8191,42.5072],[-90.8191,42.5035],[-90.824,42.5035]]]},"properties":{"name":"HD72","district_number":72,"fips":"19072"}},{"type":"Feature","geometry":{"type":"Polygon","coordinates":[[[-91.6292,42.0499],[-91.6239,42.0493],[-91.6287,42.0352],[-91.6113,42.0342],[-91.6054,42.0391],[-91.5909,42.0386],[-91.5917,42.0333],[-91.5792,42.033],[-91.5844,42.0315],[-91.5833,42.0278],[-91.5791,42.0277],[-91.5807,42.0146],[-91.5937,42.0135],[-91.5992,42.0097],[-91.6188,42.0095],[-91.6158,42.005],[-91.6186,42.0037],[-91.6187,41.9977],[-91.6112,41.9951],[-91.6112,41.9927],[-91.6176,41.995],[-91.6186,41.9919],[-91.6089,41.9922],[-91.611,41.9951],[-91.6041,41.9941],[-91.6007,41.9971],[-91.5954,41.9953],[-91.5955,42.006],[-91.5937,42.0025],[-91.5864,42.0013],[-91.5842,41.9957],[-91.5909,41.9957],[-91.5925,41.993],[-91.5981,41.9959],[-91.6023,41.9908],[-91.5503,41.9906],[-91.5502,42.0161],[-91.5402,42.016],[-91.5391,42.0204],[-91.5304,42.0196],[-91.5303,42.0268],[-91.5254,42.0269],[-91.5254,42.0353],[-91.5307,42.0354],[-91.5307,42.0378],[-91.5412,42.0358],[-91.5403,42.0428],[-91.5355,42.0427],[-91.5355,42.05],[-91.5499,42.0502],[-91.5504,42.0575],[-91.5549,42.0575],[-91.555,42.0502],[-91.5599,42.0503],[-91.5598,42.0648],[-91.5828,42.0655],[-91.5743,42.0711],[-91.5792,42.0723],[-91.5713,42.0729],[-91.5728,42.0757],[-91.5621,42.0764],[-91.5582,42.0706],[-91.5581,42.0747],[-91.5505,42.072],[-91.5505,42.077],[-91.5451,42.0757],[-91.5451,42.0829],[-91.5494,42.0829],[-91.5501,42.0793],[-91.5597,42.0792],[-91.5597,42.0865],[-91.5744,42.0866],[-91.5743,42.083],[-91.595,42.0836],[-91.5941,42.0804],[-91.5994,42.0801],[-91.5938,42.0799],[-91.5894,42.0758],[-91.5966,42.0742],[-91.5954,42.0718],[-91.5994,42.0692],[-91.6055,42.0692],[-91.6055,42.0728],[-91.6092,42.0728],[-91.6093,42.0801],[-91.6288,42.0802],[-91.6288,42.0693],[-91.619,42.071],[-91.6189,42.0643],[-91.614,42.0612],[-91.6288,42.0584],[-91.6262,42.0547],[-91.6288,42.0556],[-91.6292,42.0499]]]},"properties":{"name":"HD73","district_number":73,"fips":"19073"}},{"type":"Feature","geometry":{"type":"Polygon","coordinates":[[[-91.6596,42.0069],[-91.648,42.0034],[-91.648,42.0065],[-91.6348,42.0061],[-91.6372,41.9977],[-91.6333,41.9952],[-91.6112,41.9927],[-91.6187,41.9977],[-91.6186,42.0037],[-91.6158,42.005],[-91.6188,42.0095],[-91.5992,42.0097],[-91.5937,42.0135],[-91.5807,42.0146],[-91.5791,42.0277],[-91.5833,42.0278],[-91.5844,42.0315],[-91.5792,42.0331],[-91.5917,42.0333],[-91.5909,42.0386],[-91.6054,42.0391],[-91.6113,42.0342],[-91.6287,42.0352],[-91.6239,42.0493],[-91.6288,42.0493],[-91.6288,42.0556],[-91.6361,42.058],[-91.6343,42.0621],[-91.6385,42.0622],[-91.6379,42.0586],[-91.6582,42.0668],[-91.6581,42.0214],[-91.6509,42.0211],[-91.6596,42.0069]]]},"properties":{"name":"HD74","district_number":74,"fips":"19074"}},{"type":"Feature","geometry":{"type":"Polygon","coordinates":[[[-92.5049,42.5277],[-92.5048,42.5204],[-92.4999,42.5204],[-92.4999,42.4913],[-92.4648,42.5073],[-92.4557,42.5131],[-92.4557,42.516],[-92.4418,42.5158],[-92.4418,42.5131],[-92.4385,42.5131],[-92.4414,42.5069],[-92.4458,42.5067],[-92.4458,42.4986],[-92.4064,42.4988],[-92.4063,42.5201],[-92.4161,42.5204],[-92.4161,42.5287],[-92.4272,42.5245],[-92.4332,42.5267],[-92.425,42.5351],[-92.4165,42.5381],[-92.4163,42.5741],[-92.4754,42.5739],[-92.4756,42.5594],[-92.5002,42.5594],[-92.4999,42.5277],[-92.5049,42.5277]]]},"properties":{"name":"HD75","district_number":75,"fips":"19075"}},{"type":"Feature","geometry":{"type":"Polygon","coordinates":[[[-92.5335,42.297],[-92.5329,42.123],[-92.1829,42.1233],[-92.1815,42.2106],[-92.0585,42.2105],[-92.0518,42.229],[-92.0585,42.2356],[-92.0486,42.2436],[-92.0288,42.2451],[-92.0235,42.2581],[-92.0278,42.2704],[-92.0251,42.2861],[-92.0445,42.2903],[-92.0558,42.2891],[-92.0648,42.2973],[-92.0647,42.3846],[-92.1813,42.3846],[-92.1809,42.4425],[-92.2271,42.4431],[-92.2447,42.4575],[-92.2439,42.4611],[-92.239,42.4611],[-92.2389,42.4575],[-92.231,42.4574],[-92.2312,42.4641],[-92.251,42.4697],[-92.2512,42.4763],[-92.2585,42.4737],[-92.2585,42.4763],[-92.2634,42.477],[-92.2634,42.4734],[-92.294,42.4834],[-92.294,42.4738],[-92.301,42.4672],[-92.3084,42.4662],[-92.3099,42.4604],[-92.3008,42.4545],[-92.2879,42.4539],[-92.288,42.4466],[-92.2732,42.4465],[-92.2736,42.4319],[-92.2871,42.4321],[-92.2853,42.4285],[-92.3176,42.4321],[-92.3176,42.4285],[-92.3274,42.4285],[-92.3276,42.4212],[-92.3668,42.4212],[-92.3667,42.4321],[-92.3764,42.4321],[-92.3762,42.4634],[-92.3859,42.4664],[-92.383,42.4694],[-92.4135,42.4695],[-92.4126,42.4731],[-92.406,42.473],[-92.4064,42.4988],[-92.4458,42.4986],[-92.4458,42.5067],[-92.4414,42.5069],[-92.4385,42.5122],[-92.4418,42.5158],[-92.4557,42.516],[-92.4557,42.5131],[-92.4648,42.5073],[-92.4984,42.4913],[-92.4814,42.4913],[-92.481,42.4826],[-92.4851,42.4826],[-92.485,42.475],[-92.4752,42.475],[-92.4759,42.4574],[-92.4661,42.4575],[-92.4661,42.455],[-92.471,42.455],[-92.471,42.4501],[-92.4662,42.4502],[-92.4662,42.4429],[-92.471,42.4429],[-92.4709,42.4319],[-92.4757,42.4319],[-92.4757,42.4283],[-92.4709,42.4283],[-92.4708,42.4252],[-92.4707,42.4065],[-92.4756,42.4065],[-92.4755,42.4028],[-92.4659,42.4029],[-92.462,42.395],[-92.456,42.3949],[-92.4518,42.3993],[-92.4415,42.3993],[-92.4433,42.4129],[-92.4366,42.4138],[-92.4316,42.4229],[-92.4171,42.4212],[-92.4169,42.2973],[-92.5335,42.297]]]},"properties":{"name":"HD76","district_number":76,"fips":"19076"}},{"type":"Feature","geometry":{"type":"Polygon","coordinates":[[[-91.7717,41.9569],[-91.7586,41.9504],[-91.7602,41.9419],[-91.765,41.942],[-91.7649,41.9384],[-91.7577,41.9383],[-91.7578,41.9419],[-91.756,41.9392],[-91.7473,41.9428],[-91.7405,41.9419],[-91.7456,41.9466],[-91.7314,41.9427],[-91.7433,41.9383],[-91.7432,41.931],[-91.7353,41.931],[-91.7355,41.9383],[-91.7306,41.9383],[-91.7307,41.9417],[-91.7192,41.9382],[-91.7289,41.9384],[-91.7256,41.9371],[-91.7247,41.9306],[-91.7152,41.9333],[-91.7155,41.9275],[-91.7254,41.9275],[-91.7253,41.9239],[-91.7303,41.9224],[-91.7302,41.9202],[-91.7155,41.9203],[-91.7152,41.9057],[-91.7348,41.9056],[-91.7345,41.8911],[-91.7491,41.891],[-91.7491,41.8874],[-91.7589,41.8874],[-91.7588,41.8838],[-91.7441,41.8838],[-91.744,41.8801],[-91.7342,41.8801],[-91.7342,41.8766],[-91.7293,41.8766],[-91.7294,41.8802],[-91.7148,41.8803],[-91.7145,41.862],[-91.5979,41.8607],[-91.5981,41.88],[-91.6011,41.8826],[-91.5977,41.8855],[-91.6003,41.8898],[-91.5982,41.8898],[-91.5989,41.9256],[-91.584,41.9252],[-91.5841,41.9298],[-91.5889,41.9311],[-91.599,41.9266],[-91.599,41.9368],[-91.594,41.9406],[-91.594,41.9475],[-91.5992,41.9475],[-91.5992,41.9548],[-91.6116,41.9455],[-91.633,41.9442],[-91.648,41.9558],[-91.6575,41.9559],[-91.6575,41.9595],[-91.6645,41.9596],[-91.6645,41.956],[-91.6772,41.9561],[-91.6795,41.9743],[-91.6832,41.9707],[-91.6966,41.9708],[-91.6961,41.9624],[-91.7599,41.9641],[-91.7599,41.9604],[-91.7551,41.9604],[-91.7551,41.9567],[-91.7717,41.9569]]]},"properties":{"name":"HD77","district_number":77,"fips":"19077"}},{"type":"Feature","geometry":{"type":"Polygon","coordinates":[[[-91.6819,41.9749],[-91.6771,41.9706],[-91.6772,41.9561],[-91.6645,41.956],[-91.6645,41.9596],[-91.6575,41.9595],[-91.6575,41.9559],[-91.648,41.9558],[-91.633,41.9442],[-91.6099,41.9461],[-91.5862,41.962],[-91.5713,41.9606],[-91.5564,41.9491],[-91.5507,41.9519],[-91.5549,41.9588],[-91.5701,41.9616],[-91.5795,41.9676],[-91.6187,41.9482],[-91.6184,41.9659],[-91.5943,41.9659],[-91.5942,41.9686],[-91.6039,41.9696],[-91.6051,41.9732],[-91.6058,41.9696],[-91.6088,41.9696],[-91.6088,41.976],[-91.6039,41.9732],[-91.604,41.9769],[-91.6008,41.9776],[-91.6003,41.9732],[-91.5991,41.9781],[-91.5911,41.9815],[-91.5966,41.9813],[-91.5991,41.9878],[-91.6053,41.9883],[-91.6004,41.9951],[-91.5925,41.993],[-91.5909,41.9957],[-91.5842,41.9957],[-91.5864,42.0013],[-91.5937,42.0025],[-91.5936,42.0059],[-91.5954,41.9953],[-91.6007,41.9971],[-91.6158,41.9914],[-91.6186,41.9919],[-91.6176,41.995],[-91.6372,41.9977],[-91.6348,42.0061],[-91.648,42.0065],[-91.648,42.0034],[-91.6597,42.0058],[-91.6618,41.9863],[-91.6676,41.9811],[-91.6785,41.9819],[-91.6819,41.9749]]]},"properties":{"name":"HD78","district_number":78,"fips":"19078"}},{"type":"Feature","geometry":{"type":"Polygon","coordinates":[[[-91.7746,41.9658],[-91.7697,41.9642],[-91.7697,41.9715],[-91.7648,41.9714],[-91.764,41.9642],[-91.6961,41.9624],[-91.6966,41.9708],[-91.6832,41.9707],[-91.6796,41.9811],[-91.674,41.9829],[-91.6748,41.988],[-91.6927,42.0059],[-91.7061,42.0112],[-91.7161,42.0048],[-91.716,41.9947],[-91.7183,41.9945],[-91.7184,42.0021],[-91.7282,41.9969],[-91.7281,41.9935],[-91.7298,41.9966],[-91.7337,41.9951],[-91.7354,41.9927],[-91.7258,41.9897],[-91.7355,41.9915],[-91.7354,41.9844],[-91.7305,41.9817],[-91.7425,41.9848],[-91.7403,41.9785],[-91.7501,41.9758],[-91.7572,41.9833],[-91.7696,41.9823],[-91.7695,42.0006],[-91.7647,42.0006],[-91.7647,41.9969],[-91.7582,41.9979],[-91.7617,42.0042],[-91.7696,42.0043],[-91.7696,42.0079],[-91.7745,42.008],[-91.7745,41.9788],[-91.7648,41.9787],[-91.7648,41.9753],[-91.7745,41.974],[-91.7746,41.9658]]]},"properties":{"name":"HD79","district_number":79,"fips":"19079"}},{"type":"Feature","geometry":{"type":"Polygon","coordinates":[[[-91.7458,42.0087],[-91.7437,42.0039],[-91.7311,41.9979],[-91.7028,42.011],[-91.6901,42.0038],[-91.6748,41.988],[-91.674,41.9829],[-91.6676,41.9811],[-91.6626,41.9854],[-91.6595,41.992],[-91.6596,42.0074],[-91.6509,42.0211],[-91.6581,42.0214],[-91.6582,42.0668],[-91.6484,42.0644],[-91.6484,42.0695],[-91.6434,42.0731],[-91.6434,42.0785],[-91.6582,42.0804],[-91.6582,42.095],[-91.6534,42.0949],[-91.6534,42.0986],[-91.6632,42.0986],[-91.6632,42.095],[-91.668,42.095],[-91.6679,42.0841],[-91.6776,42.0841],[-91.6795,42.0939],[-91.6776,42.1023],[-91.6728,42.1023],[-91.6727,42.1095],[-91.6835,42.1073],[-91.6876,42.1095],[-91.6921,42.1076],[-91.6921,42.1043],[-91.6994,42.1036],[-91.697,42.1008],[-91.7015,42.101],[-91.7005,42.0927],[-91.7026,42.1025],[-91.7067,42.1027],[-91.7079,42.0917],[-91.7067,42.088],[-91.7021,42.0879],[-91.7019,42.0843],[-91.7067,42.0844],[-91.7066,42.0808],[-91.7165,42.081],[-91.7165,42.0764],[-91.7066,42.0761],[-91.7067,42.0716],[-91.7164,42.0736],[-91.7164,42.0664],[-91.7052,42.0662],[-91.7052,42.0589],[-91.712,42.0614],[-91.7138,42.0589],[-91.7211,42.0687],[-91.7211,42.0517],[-91.7235,42.0502],[-91.7211,42.05],[-91.7211,42.0444],[-91.7309,42.048],[-91.731,42.0439],[-91.7261,42.0439],[-91.7267,42.0409],[-91.7128,42.0353],[-91.7138,42.0292],[-91.7256,42.0283],[-91.7237,42.0216],[-91.7183,42.0257],[-91.7162,42.0147],[-91.7256,42.0148],[-91.7255,42.0219],[-91.7308,42.0215],[-91.7351,42.0187],[-91.7352,42.0148],[-91.7399,42.0148],[-91.7458,42.0087]]]},"properties":{"name":"HD80","district_number":80,"fips":"19080"}},{"type":"Feature","geometry":{"type":"Polygon","coordinates":[[[-90.6879,41.5387],[-90.6299,41.5381],[-90.6245,41.5295],[-90.6226,41.5418],[-90.6274,41.5418],[-90.6273,41.5454],[-90.6009,41.5455],[-90.6007,41.5582],[-90.5784,41.5602],[-90.5938,41.5746],[-90.5908,41.5745],[-90.5907,41.5792],[-90.5853,41.5801],[-90.5837,41.5745],[-90.5513,41.5747],[-90.5513,41.5675],[-90.5416,41.5675],[-90.5395,41.6097],[-90.5663,41.611],[-90.5642,41.6037],[-90.566,41.6088],[-90.5689,41.6088],[-90.569,41.6037],[-90.5786,41.6037],[-90.5786,41.611],[-90.5707,41.611],[-90.5678,41.6148],[-90.5706,41.6209],[-90.5807,41.6183],[-90.6126,41.619],[-90.6126,41.6145],[-90.6223,41.6183],[-90.6223,41.6146],[-90.6308,41.6146],[-90.6308,41.611],[-90.6858,41.611],[-90.6873,41.5819],[-90.677,41.5819],[-90.6788,41.5455],[-90.6879,41.5455],[-90.6879,41.5387]]]},"properties":{"name":"HD81","district_number":81,"fips":"19081"}},{"type":"Feature","geometry":{"type":"Polygon","coordinates":[[[-91.3676,41.5145],[-91.3677,41.5103],[-91.2325,41.5098],[-91.2309,41.5979],[-91.1343,41.5976],[-91.1356,41.5088],[-91.0195,41.5078],[-91.0192,41.5224],[-91.0386,41.5227],[-91.0382,41.5837],[-91.0575,41.5798],[-91.0574,41.5838],[-91.0511,41.5838],[-91.0511,41.5866],[-91.043,41.5889],[-91.043,41.5974],[-90.8999,41.5971],[-90.9016,41.4733],[-90.8922,41.4733],[-90.8924,41.4587],[-90.8777,41.4585],[-90.8714,41.446],[-90.8433,41.4555],[-90.7863,41.4529],[-90.7851,41.5093],[-90.7754,41.5092],[-90.7753,41.4947],[-90.7561,41.4945],[-90.7512,41.4945],[-90.7512,41.5092],[-90.6746,41.5095],[-90.6765,41.5345],[-90.6795,41.5382],[-90.6879,41.5382],[-90.6879,41.5455],[-90.6788,41.5455],[-90.677,41.5819],[-90.6873,41.5819],[-90.6871,41.5964],[-90.6858,41.611],[-90.6662,41.611],[-90.6657,41.6836],[-90.7826,41.6838],[-90.7824,41.7396],[-90.7773,41.7396],[-90.7774,41.7427],[-90.7823,41.7435],[-90.7822,41.768],[-90.7862,41.7714],[-90.8984,41.7714],[-90.8985,41.9462],[-91.3659,41.9474],[-91.3676,41.5145]]]},"properties":{"name":"HD82","district_number":82,"fips":"19082"}},{"type":"Feature","geometry":{"type":"Polygon","coordinates":[[[-91.8352,42.039],[-91.8353,42.037],[-91.7573,42.0377],[-91.7375,42.0264],[-91.745,42.0102],[-91.7399,42.0148],[-91.7352,42.0148],[-91.7351,42.0187],[-91.7306,42.0215],[-91.7255,42.0219],[-91.7256,42.0148],[-91.7162,42.0147],[-91.7183,42.0257],[-91.7237,42.0216],[-91.7256,42.0283],[-91.7138,42.0292],[-91.7128,42.0353],[-91.7267,42.0409],[-91.7261,42.0439],[-91.731,42.0439],[-91.7309,42.048],[-91.7211,42.0444],[-91.7211,42.05],[-91.7235,42.0502],[-91.7211,42.0517],[-91.7211,42.0687],[-91.7138,42.0589],[-91.712,42.0614],[-91.7052,42.0589],[-91.7052,42.0662],[-91.7164,42.0664],[-91.7164,42.0736],[-91.7067,42.0716],[-91.7066,42.0761],[-91.7165,42.0764],[-91.7165,42.081],[-91.7066,42.0808],[-91.7067,42.0844],[-91.7019,42.0843],[-91.7021,42.0879],[-91.7067,42.088],[-91.7079,42.0917],[-91.7067,42.1027],[-91.7026,42.1025],[-91.6999,42.0928],[-91.7015,42.101],[-91.697,42.1008],[-91.6994,42.1036],[-91.6921,42.1043],[-91.6921,42.1076],[-91.6876,42.1095],[-91.6835,42.1073],[-91.6727,42.1095],[-91.6728,42.1023],[-91.6776,42.1023],[-91.6795,42.0939],[-91.6776,42.0841],[-91.6679,42.0841],[-91.668,42.095],[-91.6632,42.095],[-91.6632,42.0986],[-91.6534,42.0986],[-91.6534,42.0949],[-91.6582,42.095],[-91.6582,42.0804],[-91.6434,42.0785],[-91.6434,42.0731],[-91.6484,42.0695],[-91.6493,42.0644],[-91.6379,42.0586],[-91.6385,42.0622],[-91.6343,42.0621],[-91.6361,42.058],[-91.6262,42.0547],[-91.6288,42.0584],[-91.619,42.0583],[-91.614,42.0617],[-91.6189,42.0643],[-91.619,42.071],[-91.6288,42.0693],[-91.6288,42.0802],[-91.6093,42.0801],[-91.6092,42.0728],[-91.6055,42.0728],[-91.6055,42.0692],[-91.5994,42.0692],[-91.5954,42.0718],[-91.5966,42.0742],[-91.5894,42.0758],[-91.5938,42.0799],[-91.5994,42.0801],[-91.5941,42.0804],[-91.595,42.0836],[-91.5743,42.083],[-91.5744,42.0866],[-91.5597,42.0865],[-91.5597,42.0792],[-91.5501,42.0793],[-91.5494,42.0829],[-91.5451,42.0829],[-91.5451,42.0757],[-91.5505,42.077],[-91.5505,42.072],[-91.5581,42.0747],[-91.5604,42.0707],[-91.5621,42.0764],[-91.5728,42.0757],[-91.5713,42.0729],[-91.5792,42.0723],[-91.5743,42.0711],[-91.5828,42.0655],[-91.5598,42.0648],[-91.5599,42.0503],[-91.555,42.0502],[-91.5549,42.0575],[-91.5504,42.0575],[-91.5499,42.0502],[-91.5355,42.05],[-91.5355,42.0427],[-91.5403,42.0428],[-91.5412,42.0358],[-91.5307,42.0378],[-91.5307,42.0354],[-91.5254,42.0353],[-91.5254,42.0269],[-91.5303,42.0268],[-91.5304,42.0196],[-91.5391,42.0204],[-91.5402,42.016],[-91.5502,42.0161],[-91.5503,41.9906],[-91.6023,41.9908],[-91.6053,41.9883],[-91.5991,41.9878],[-91.5966,41.9813],[-91.5911,41.9815],[-91.5991,41.9781],[-91.6003,41.9732],[-91.6008,41.9776],[-91.604,41.9769],[-91.6039,41.9732],[-91.6088,41.976],[-91.6088,41.9696],[-91.6058,41.9696],[-91.6051,41.9732],[-91.6039,41.9696],[-91.5942,41.9686],[-91.5943,41.9659],[-91.6184,41.9659],[-91.6187,41.9482],[-91.5795,41.9676],[-91.5701,41.9616],[-91.5549,41.9588],[-91.5507,41.9519],[-91.5564,41.9491],[-91.5713,41.9606],[-91.5798,41.9618],[-91.5862,41.962],[-91.5992,41.9548],[-91.5992,41.9475],[-91.594,41.9475],[-91.594,41.9406],[-91.599,41.9368],[-91.599,41.9266],[-91.5889,41.9311],[-91.5841,41.9298],[-91.584,41.9252],[-91.5989,41.9256],[-91.5982,41.8898],[-91.6003,41.8898],[-91.5977,41.8855],[-91.6011,41.8826],[-91.5981,41.88],[-91.5979,41.8607],[-91.3662,41.8601],[-91.3633,42.2964],[-91.597,42.2964],[-91.5974,42.2095],[-91.8326,42.212],[-91.8352,42.039]]]},"properties":{"name":"HD83","district_number":83,"fips":"19083"}},{"type":"Feature","geometry":{"type":"Polygon","coordinates":[[[-92.2993,42.0886],[-92.2982,41.8628],[-91.7145,41.862],[-91.7148,41.8803],[-91.7294,41.8802],[-91.7293,41.8766],[-91.7342,41.8766],[-91.7342,41.8801],[-91.744,41.8801],[-91.7441,41.8838],[-91.7588,41.8838],[-91.7589,41.8874],[-91.7491,41.8874],[-91.7491,41.891],[-91.7345,41.8911],[-91.7348,41.9056],[-91.7152,41.9057],[-91.7155,41.9203],[-91.7302,41.9202],[-91.7303,41.9224],[-91.7253,41.9239],[-91.7254,41.9275],[-91.7155,41.9275],[-91.7152,41.9333],[-91.7247,41.9306],[-91.7256,41.9371],[-91.7289,41.9384],[-91.7192,41.9382],[-91.7307,41.9417],[-91.7306,41.9383],[-91.7355,41.9383],[-91.7353,41.931],[-91.7432,41.931],[-91.7433,41.9383],[-91.7314,41.9427],[-91.7456,41.9466],[-91.7405,41.9419],[-91.7473,41.9428],[-91.756,41.9392],[-91.7578,41.9419],[-91.7577,41.9383],[-91.7649,41.9384],[-91.765,41.942],[-91.7602,41.9419],[-91.7586,41.9504],[-91.7717,41.9569],[-91.7551,41.9567],[-91.7551,41.9604],[-91.7648,41.9647],[-91.7648,41.9714],[-91.7697,41.9715],[-91.7697,41.9642],[-91.7746,41.9655],[-91.7745,41.974],[-91.7648,41.9753],[-91.7648,41.9787],[-91.7745,41.9788],[-91.7745,42.008],[-91.7696,42.0079],[-91.7696,42.0043],[-91.7617,42.0042],[-91.7582,41.9979],[-91.7647,41.9969],[-91.7647,42.0006],[-91.7695,42.0006],[-91.7696,41.9823],[-91.7572,41.9833],[-91.7501,41.9758],[-91.7403,41.9785],[-91.7425,41.9848],[-91.7305,41.9817],[-91.7354,41.9844],[-91.7355,41.9915],[-91.7258,41.9897],[-91.7354,41.9927],[-91.7337,41.9951],[-91.7298,41.9966],[-91.7281,41.9935],[-91.7282,41.9969],[-91.7184,42.0021],[-91.7183,41.9945],[-91.716,41.9947],[-91.7161,42.0065],[-91.7311,41.9979],[-91.7437,42.0039],[-91.7459,42.0084],[-91.7375,42.0264],[-91.7573,42.0377],[-91.8353,42.037],[-91.8326,42.212],[-91.5974,42.2095],[-91.597,42.2964],[-91.8311,42.2991],[-92.0625,42.2973],[-92.0558,42.2891],[-92.0423,42.29],[-92.0241,42.2844],[-92.0278,42.2704],[-92.0235,42.2581],[-92.0279,42.246],[-92.0486,42.2436],[-92.0558,42.2389],[-92.0586,42.234],[-92.0518,42.2278],[-92.0585,42.2105],[-92.1815,42.2106],[-92.1829,42.1233],[-92.2991,42.1233],[-92.2993,42.0886]]]},"properties":{"name":"HD84","district_number":84,"fips":"19084"}},{"type":"Feature","geometry":{"type":"Polygon","coordinates":[[[-91.6469,41.7236],[-91.6347,41.7233],[-91.6347,41.7196],[-91.6079,41.7194],[-91.6078,41.7231],[-91.59,41.7229],[-91.59,41.7176],[-91.5802,41.7162],[-91.5778,41.7264],[-91.5722,41.727],[-91.5709,41.7336],[-91.5666,41.7334],[-91.5613,41.7297],[-91.561,41.7199],[-91.5637,41.7185],[-91.5705,41.7255],[-91.5706,41.7226],[-91.5782,41.7239],[-91.5752,41.7118],[-91.5631,41.7135],[-91.5491,41.7062],[-91.5507,41.7006],[-91.5652,41.7008],[-91.5638,41.6861],[-91.5574,41.686],[-91.5566,41.6772],[-91.5354,41.681],[-91.5309,41.6725],[-91.5212,41.6753],[-91.5245,41.6874],[-91.5119,41.6871],[-91.5116,41.6959],[-91.4927,41.6966],[-91.4954,41.693],[-91.4818,41.6926],[-91.4816,41.6855],[-91.3662,41.6855],[-91.3661,41.8601],[-91.4819,41.8598],[-91.4825,41.802],[-91.4842,41.8093],[-91.4898,41.8094],[-91.4956,41.8155],[-91.4953,41.8099],[-91.5014,41.8096],[-91.5013,41.8168],[-91.511,41.8171],[-91.506,41.8116],[-91.5133,41.8098],[-91.5111,41.8052],[-91.5063,41.8051],[-91.5064,41.8003],[-91.4982,41.8022],[-91.4826,41.7919],[-91.4828,41.7731],[-91.5613,41.7741],[-91.565,41.7803],[-91.585,41.7752],[-91.589,41.7822],[-91.5751,41.788],[-91.5842,41.7941],[-91.5828,41.8054],[-91.589,41.8093],[-91.6043,41.8064],[-91.6089,41.8016],[-91.6025,41.7913],[-91.6033,41.7857],[-91.6112,41.7846],[-91.6171,41.7883],[-91.6171,41.772],[-91.6206,41.7693],[-91.6183,41.767],[-91.6271,41.7633],[-91.6271,41.7597],[-91.6414,41.7598],[-91.6411,41.7546],[-91.637,41.7523],[-91.6413,41.7497],[-91.6417,41.7306],[-91.6469,41.7306],[-91.6469,41.7236]]]},"properties":{"name":"HD85","district_number":85,"fips":"19085"}},{"type":"Feature","geometry":{"type":"Polygon","coordinates":[[[-91.6469,41.7234],[-91.6469,41.7198],[-91.6422,41.7197],[-91.6421,41.7018],[-91.6343,41.687],[-91.6277,41.687],[-91.6277,41.6914],[-91.6179,41.6905],[-91.6178,41.6826],[-91.6093,41.6825],[-91.6093,41.6752],[-91.6179,41.6731],[-91.6096,41.6665],[-91.6091,41.64],[-91.6029,41.6427],[-91.5742,41.6409],[-91.574,41.6541],[-91.5782,41.6534],[-91.5776,41.6571],[-91.5832,41.6571],[-91.5821,41.6642],[-91.5733,41.6638],[-91.5658,41.6691],[-91.5412,41.6613],[-91.5329,41.6711],[-91.5354,41.681],[-91.5566,41.6772],[-91.5574,41.686],[-91.5638,41.6861],[-91.5652,41.7008],[-91.5507,41.7006],[-91.5491,41.7062],[-91.5631,41.7135],[-91.5752,41.7118],[-91.5782,41.7239],[-91.5706,41.7226],[-91.5705,41.7255],[-91.5637,41.7185],[-91.561,41.7199],[-91.5613,41.7297],[-91.5665,41.7333],[-91.5709,41.7336],[-91.5708,41.7281],[-91.5778,41.7264],[-91.5802,41.7162],[-91.59,41.7176],[-91.59,41.7229],[-91.626,41.7196],[-91.6347,41.7196],[-91.6347,41.7233],[-91.6469,41.7234]]]},"properties":{"name":"HD86","district_number":86,"fips":"19086"}},{"type":"Feature","geometry":{"type":"Polygon","coordinates":[[[-92.1798,40.6062],[-92.1798,40.6005],[-92.0966,40.6018],[-91.7291,40.6136],[-91.7168,40.5985],[-91.7188,40.8135],[-91.6029,40.8139],[-91.6027,40.9015],[-91.4872,40.9006],[-91.4861,40.987],[-91.9418,40.9883],[-91.9488,40.9956],[-91.9431,41.0004],[-91.9488,41.0047],[-91.9434,41.0013],[-91.9386,41.0042],[-91.9386,41.0099],[-91.929,41.0102],[-91.9291,41.0151],[-91.9244,41.0161],[-91.9364,41.0167],[-91.936,41.0247],[-91.9428,41.0183],[-91.9367,41.0107],[-91.9488,41.0104],[-91.9489,41.0163],[-91.9465,41.0163],[-91.9489,41.0173],[-91.9486,41.0751],[-92.0636,41.0764],[-92.0635,40.9883],[-92.1792,40.9883],[-92.1798,40.6062]]]},"properties":{"name":"HD87","district_number":87,"fips":"19087"}},{"type":"Feature","geometry":{"type":"Polygon","coordinates":[[[-92.7566,41.5],[-92.7556,41.3354],[-92.6988,41.3355],[-92.6986,41.307],[-92.6792,41.307],[-92.679,41.2925],[-92.6624,41.2934],[-92.6624,41.2849],[-92.6681,41.2816],[-92.6609,41.2744],[-92.6408,41.2744],[-92.6404,41.1614],[-92.18,41.1627],[-92.1792,40.9883],[-92.0635,40.9883],[-92.0636,41.0764],[-91.9486,41.0751],[-91.9489,41.0173],[-91.9465,41.0163],[-91.9489,41.0163],[-91.9488,41.0104],[-91.9367,41.0107],[-91.9428,41.0183],[-91.936,41.0247],[-91.9364,41.0167],[-91.9244,41.0161],[-91.9291,41.0151],[-91.929,41.0102],[-91.9386,41.0099],[-91.9386,41.0042],[-91.9434,41.0013],[-91.9488,41.0047],[-91.9431,41.0004],[-91.9488,40.9956],[-91.9418,40.9883],[-91.7181,40.9886],[-91.716,41.1628],[-91.9458,41.1637],[-91.946,41.5107],[-92.7565,41.5088],[-92.7566,41.5]]]},"properties":{"name":"HD88","district_number":88,"fips":"19088"}},{"type":"Feature","geometry":{"type":"Polygon","coordinates":[[[-91.5832,41.6575],[-91.5776,41.6571],[-91.5782,41.6534],[-91.574,41.6541],[-91.5743,41.6388],[-91.5719,41.6368],[-91.5748,41.629],[-91.5706,41.6314],[-91.5698,41.6279],[-91.5616,41.6278],[-91.565,41.6316],[-91.5552,41.6314],[-91.5599,41.633],[-91.5598,41.6359],[-91.5519,41.6375],[-91.5492,41.6313],[-91.5423,41.6307],[-91.5462,41.6239],[-91.5425,41.6132],[-91.5379,41.6132],[-91.5411,41.6159],[-91.5409,41.6241],[-91.535,41.6202],[-91.5356,41.6145],[-91.5264,41.6184],[-91.5303,41.6097],[-91.5228,41.609],[-91.5214,41.6016],[-91.5268,41.5986],[-91.4825,41.5986],[-91.4829,41.6283],[-91.473,41.6302],[-91.473,41.6244],[-91.4675,41.6241],[-91.4668,41.6304],[-91.4633,41.6291],[-91.4633,41.6348],[-91.473,41.6332],[-91.5034,41.6453],[-91.5164,41.6578],[-91.5229,41.6578],[-91.5229,41.6541],[-91.5259,41.6541],[-91.5287,41.6589],[-91.5409,41.6579],[-91.539,41.6528],[-91.5444,41.6522],[-91.5686,41.6673],[-91.5733,41.6638],[-91.5821,41.6642],[-91.5832,41.6575]]]},"properties":{"name":"HD89","district_number":89,"fips":"19089"}},{"type":"Feature","geometry":{"type":"Polygon","coordinates":[[[-91.5685,41.6674],[-91.5444,41.6522],[-91.539,41.6528],[-91.5409,41.6579],[-91.5287,41.6589],[-91.5259,41.6541],[-91.5229,41.6541],[-91.5229,41.6578],[-91.5164,41.6578],[-91.5063,41.6508],[-91.5078,41.6474],[-91.4828,41.6371],[-91.4829,41.6468],[-91.4795,41.6468],[-91.4811,41.6511],[-91.4775,41.6549],[-91.4769,41.6497],[-91.4728,41.6487],[-91.4708,41.6539],[-91.4681,41.644],[-91.4632,41.6479],[-91.4631,41.6638],[-91.4698,41.663],[-91.4677,41.671],[-91.4739,41.6711],[-91.4726,41.6639],[-91.479,41.6635],[-91.4774,41.67],[-91.4818,41.6691],[-91.4818,41.6926],[-91.4954,41.693],[-91.4927,41.6966],[-91.5116,41.6959],[-91.5119,41.6871],[-91.5245,41.6874],[-91.5212,41.6753],[-91.5326,41.673],[-91.5412,41.6613],[-91.5658,41.6691],[-91.5685,41.6674]]]},"properties":{"name":"HD90","district_number":90,"fips":"19090"}},{"type":"Feature","geometry":{"type":"Polygon","coordinates":[[[-92.3001,41.6628],[-92.2975,41.5098],[-91.7138,41.5113],[-91.7123,41.6],[-91.7322,41.6],[-91.7311,41.6436],[-91.7166,41.6434],[-91.7164,41.6724],[-91.6168,41.6715],[-91.6179,41.6734],[-91.6093,41.6752],[-91.6093,41.6825],[-91.6178,41.6826],[-91.6179,41.6905],[-91.6277,41.6914],[-91.6277,41.687],[-91.6343,41.687],[-91.642,41.7013],[-91.6422,41.7197],[-91.6469,41.7198],[-91.6469,41.7306],[-91.6417,41.7306],[-91.6416,41.7488],[-91.637,41.7523],[-91.6411,41.7546],[-91.6414,41.7598],[-91.6271,41.7597],[-91.6271,41.7633],[-91.6183,41.767],[-91.6206,41.7693],[-91.6171,41.772],[-91.6171,41.7883],[-91.6101,41.7844],[-91.6026,41.7867],[-91.6089,41.8016],[-91.6043,41.8064],[-91.589,41.8093],[-91.5828,41.8054],[-91.5842,41.7941],[-91.5751,41.788],[-91.589,41.7822],[-91.585,41.7752],[-91.565,41.7803],[-91.5613,41.7741],[-91.4828,41.7731],[-91.4826,41.7919],[-91.4982,41.8022],[-91.5064,41.8003],[-91.5063,41.8051],[-91.5111,41.8052],[-91.5133,41.8098],[-91.506,41.8116],[-91.511,41.8171],[-91.5013,41.8168],[-91.5014,41.8096],[-91.4953,41.8099],[-91.4956,41.8155],[-91.4898,41.8094],[-91.4842,41.8093],[-91.4825,41.802],[-91.4819,41.8598],[-92.2982,41.8628],[-92.3001,41.6628]]]},"properties":{"name":"HD91","district_number":91,"fips":"19091"}},{"type":"Feature","geometry":{"type":"Polygon","coordinates":[[[-91.9469,41.3376],[-91.9456,41.1636],[-91.4857,41.1624],[-91.484,41.4238],[-91.3685,41.4232],[-91.3661,41.6856],[-91.4816,41.6855],[-91.4818,41.6691],[-91.4774,41.67],[-91.479,41.6635],[-91.4726,41.6639],[-91.475,41.671],[-91.4677,41.671],[-91.4707,41.6639],[-91.4631,41.6638],[-91.463,41.657],[-91.4654,41.644],[-91.4708,41.6481],[-91.4708,41.6539],[-91.4728,41.6487],[-91.4769,41.6497],[-91.4768,41.6549],[-91.4811,41.6511],[-91.4795,41.6468],[-91.4829,41.6468],[-91.4828,41.6372],[-91.473,41.6332],[-91.4633,41.6348],[-91.4633,41.6291],[-91.4668,41.6304],[-91.4675,41.6241],[-91.473,41.6244],[-91.473,41.6302],[-91.4829,41.6283],[-91.4825,41.5986],[-91.5268,41.5986],[-91.5214,41.6016],[-91.5228,41.609],[-91.5303,41.6097],[-91.5259,41.6179],[-91.5356,41.6145],[-91.535,41.6202],[-91.5409,41.6241],[-91.5411,41.6159],[-91.5379,41.6132],[-91.5425,41.6132],[-91.5462,41.6239],[-91.5423,41.6307],[-91.5492,41.6313],[-91.5519,41.6375],[-91.5598,41.6359],[-91.5599,41.633],[-91.5552,41.6314],[-91.565,41.6316],[-91.5616,41.6278],[-91.5698,41.6279],[-91.5706,41.6314],[-91.5748,41.629],[-91.5719,41.6368],[-91.5764,41.6424],[-91.6029,41.6427],[-91.6091,41.64],[-91.6096,41.6665],[-91.6168,41.6715],[-91.7164,41.6724],[-91.7166,41.6434],[-91.7311,41.6436],[-91.7322,41.6],[-91.7123,41.6],[-91.7138,41.5113],[-91.946,41.5107],[-91.9469,41.3376]]]},"properties":{"name":"HD92","district_number":92,"fips":"19092"}},{"type":"Feature","geometry":{"type":"Polygon","coordinates":[[[-90.5068,41.5445],[-90.4984,41.547],[-90.5002,41.5315],[-90.4936,41.5316],[-90.4936,41.5262],[-90.4895,41.5269],[-90.4895,41.5183],[-90.4614,41.5235],[-90.4327,41.5495],[-90.4222,41.5542],[-90.4128,41.5653],[-90.3432,41.5878],[-90.3395,41.5986],[-90.3407,41.6114],[-90.3458,41.6139],[-90.3744,41.6122],[-90.3745,41.6049],[-90.3788,41.6049],[-90.3778,41.5976],[-90.3903,41.5976],[-90.3902,41.6049],[-90.3931,41.6049],[-90.3939,41.5988],[-90.3914,41.5962],[-90.4011,41.5972],[-90.4011,41.5903],[-90.4059,41.5903],[-90.4059,41.5974],[-90.4327,41.5977],[-90.4327,41.6121],[-90.4939,41.6116],[-90.4939,41.6015],[-90.4908,41.6015],[-90.4908,41.597],[-90.4931,41.597],[-90.4932,41.5898],[-90.5029,41.5897],[-90.5033,41.5635],[-90.4987,41.5567],[-90.5068,41.5445]]]},"properties":{"name":"HD93","district_number":93,"fips":"19093"}},{"type":"Feature","geometry":{"type":"Polygon","coordinates":[[[-90.6663,41.6329],[-90.6662,41.611],[-90.6308,41.611],[-90.6308,41.6146],[-90.6223,41.6146],[-90.6223,41.6183],[-90.6126,41.6145],[-90.6126,41.619],[-90.5807,41.6183],[-90.5706,41.6209],[-90.5678,41.6148],[-90.5707,41.611],[-90.5786,41.611],[-90.5786,41.6037],[-90.569,41.6037],[-90.5689,41.6088],[-90.566,41.6088],[-90.5642,41.6037],[-90.5663,41.611],[-90.5395,41.6097],[-90.5416,41.5675],[-90.5513,41.5675],[-90.5514,41.5568],[-90.5477,41.5568],[-90.5478,41.5498],[-90.5349,41.5513],[-90.5281,41.5446],[-90.5224,41.5469],[-90.5226,41.5348],[-90.5324,41.5348],[-90.533,41.5249],[-90.5131,41.5195],[-90.4895,41.5183],[-90.4895,41.5269],[-90.4936,41.5262],[-90.4936,41.5316],[-90.5002,41.5315],[-90.4984,41.547],[-90.5069,41.5443],[-90.4987,41.5567],[-90.5033,41.5635],[-90.5029,41.5897],[-90.4932,41.5898],[-90.4908,41.6015],[-90.4939,41.6015],[-90.4939,41.6116],[-90.452,41.6119],[-90.4518,41.6846],[-90.6657,41.6836],[-90.6663,41.6329]]]},"properties":{"name":"HD94","district_number":94,"fips":"19094"}},{"type":"Feature","geometry":{"type":"Polygon","coordinates":[[[-91.7181,40.9992],[-91.7181,40.9886],[-91.4861,40.987],[-91.4872,40.9006],[-91.6027,40.9015],[-91.6029,40.8139],[-91.3721,40.8126],[-91.3718,40.8997],[-91.2678,40.8999],[-91.2565,40.8996],[-91.2566,40.8345],[-91.2664,40.8345],[-91.2664,40.8271],[-91.272,40.8271],[-91.2703,40.8221],[-91.2567,40.8236],[-91.2568,40.8126],[-91.1771,40.8117],[-91.1955,40.8214],[-91.2111,40.824],[-91.2133,40.8341],[-91.1751,40.8335],[-91.1703,40.8408],[-91.1607,40.8407],[-91.1607,40.8335],[-91.1511,40.8355],[-91.1448,40.8332],[-91.1467,40.8367],[-91.1414,40.8405],[-91.1355,40.8404],[-91.1316,40.845],[-91.1321,40.8404],[-91.1248,40.8411],[-91.1225,40.8476],[-91.1178,40.8476],[-91.12,40.8404],[-91.1147,40.8403],[-91.1128,40.8331],[-91.1082,40.833],[-91.1096,40.8365],[-91.1048,40.837],[-91.1048,40.8406],[-91.1112,40.8404],[-91.1129,40.8443],[-91.1045,40.8447],[-91.1045,40.8421],[-91.0991,40.8415],[-91.0986,40.833],[-91.0783,40.8328],[-91.0564,40.8484],[-91.0447,40.8684],[-91.0216,40.884],[-91.005,40.9041],[-90.9653,40.9216],[-90.9522,40.954],[-90.9581,40.9798],[-90.9459,41.0065],[-90.9423,41.0347],[-90.9494,41.0728],[-90.9466,41.0966],[-90.995,41.1606],[-91.0076,41.1662],[-91.0272,41.1634],[-91.0416,41.1662],[-91.073,41.2072],[-91.1137,41.2414],[-91.1142,41.25],[-91.1011,41.2672],[-91.092,41.2869],[-91.0748,41.3056],[-91.0662,41.3664],[-91.0524,41.3839],[-91.0661,41.3848],[-91.0659,41.3894],[-91.0745,41.3886],[-91.0712,41.3922],[-91.0794,41.3919],[-91.0857,41.3903],[-91.1231,41.3598],[-91.1573,41.3585],[-91.1613,41.3621],[-91.1576,41.3638],[-91.1575,41.3716],[-91.1606,41.3733],[-91.1585,41.3755],[-91.1375,41.384],[-91.1399,41.3873],[-91.1373,41.4218],[-91.1085,41.4216],[-91.1078,41.4945],[-91.1272,41.4945],[-91.1269,41.5088],[-91.1356,41.5088],[-91.1343,41.5976],[-91.2309,41.5979],[-91.2325,41.5098],[-91.3677,41.5103],[-91.3685,41.4232],[-91.484,41.4238],[-91.4857,41.1624],[-91.716,41.1629],[-91.7181,40.9992]]]},"properties":{"name":"HD95","district_number":95,"fips":"19095"}},{"type":"Feature","geometry":{"type":"Polygon","coordinates":[[[-91.1613,41.3639],[-91.1573,41.3585],[-91.1231,41.3598],[-91.0857,41.3903],[-91.0794,41.3919],[-91.0712,41.3922],[-91.0745,41.3886],[-91.0659,41.3894],[-91.0661,41.3848],[-91.0524,41.3839],[-91.047,41.4123],[-91.0278,41.4236],[-91.0058,41.4261],[-90.9798,41.4343],[-90.9498,41.4242],[-90.93,41.4214],[-90.9005,41.4312],[-90.8714,41.446],[-90.8777,41.4585],[-90.8924,41.4587],[-90.8922,41.4733],[-90.9016,41.4733],[-90.8999,41.5971],[-91.043,41.5974],[-91.043,41.5889],[-91.0511,41.5866],[-91.0511,41.5838],[-91.0574,41.5838],[-91.0575,41.5798],[-91.0382,41.5837],[-91.0386,41.5227],[-91.0192,41.5224],[-91.0195,41.5078],[-91.1269,41.5088],[-91.1272,41.4945],[-91.1078,41.4945],[-91.1085,41.4216],[-91.1373,41.4218],[-91.1399,41.3873],[-91.1375,41.384],[-91.1585,41.3755],[-91.1606,41.3733],[-91.1575,41.3716],[-91.1576,41.3638],[-91.1613,41.3639]]]},"properties":{"name":"HD96","district_number":96,"fips":"19096"}},{"type":"Feature","geometry":{"type":"Polygon","coordinates":[[[-90.6008,41.5491],[-90.5912,41.5486],[-90.5912,41.5455],[-90.577,41.5455],[-90.5771,41.5431],[-90.5859,41.5442],[-90.5858,41.5351],[-90.5963,41.5348],[-90.5963,41.5317],[-90.5829,41.531],[-90.583,41.5257],[-90.5697,41.5257],[-90.5662,41.518],[-90.5562,41.5242],[-90.533,41.5249],[-90.5324,41.5348],[-90.5226,41.5348],[-90.5224,41.5469],[-90.5281,41.5446],[-90.5349,41.5513],[-90.5478,41.5498],[-90.5477,41.5568],[-90.5514,41.5568],[-90.5513,41.5747],[-90.5837,41.5745],[-90.5853,41.5801],[-90.5907,41.5792],[-90.5908,41.5745],[-90.5938,41.5746],[-90.5784,41.5602],[-90.6007,41.5582],[-90.6008,41.5491]]]},"properties":{"name":"HD97","district_number":97,"fips":"19097"}},{"type":"Feature","geometry":{"type":"Polygon","coordinates":[[[-90.7862,41.4559],[-90.7863,41.4529],[-90.7776,41.4513],[-90.7375,41.4501],[-90.6558,41.4621],[-90.6059,41.4942],[-90.6021,41.506],[-90.5952,41.511],[-90.5662,41.518],[-90.5682,41.5247],[-90.583,41.5257],[-90.5829,41.531],[-90.5963,41.5317],[-90.5963,41.5348],[-90.5858,41.5351],[-90.5859,41.5442],[-90.5771,41.5431],[-90.577,41.5455],[-90.6001,41.5487],[-90.6009,41.5455],[-90.6273,41.5454],[-90.6274,41.5418],[-90.6226,41.5418],[-90.6245,41.5295],[-90.6299,41.5381],[-90.6795,41.5382],[-90.6749,41.5281],[-90.6749,41.5093],[-90.7512,41.5092],[-90.7512,41.4945],[-90.7561,41.4945],[-90.7753,41.4947],[-90.7754,41.5092],[-90.7851,41.5093],[-90.7862,41.4559]]]},"properties":{"name":"HD98","district_number":98,"fips":"19098"}},{"type":"Feature","geometry":{"type":"Polygon","coordinates":[[[-91.4879,40.8018],[-91.4877,40.7259],[-91.2579,40.7251],[-91.2588,40.6373],[-91.1926,40.6365],[-91.1381,40.6609],[-91.1208,40.6728],[-91.1109,40.7033],[-91.1157,40.7252],[-91.1104,40.7455],[-91.0981,40.7632],[-91.0917,40.7797],[-91.0969,40.8114],[-91.0901,40.8246],[-91.0783,40.8328],[-91.0986,40.833],[-91.0991,40.8415],[-91.1045,40.8421],[-91.1045,40.8447],[-91.1129,40.8443],[-91.1112,40.8404],[-91.1048,40.8406],[-91.1048,40.837],[-91.1096,40.8365],[-91.1082,40.833],[-91.1128,40.8331],[-91.1147,40.8403],[-91.12,40.8404],[-91.1178,40.8476],[-91.1225,40.8476],[-91.1248,40.8411],[-91.1321,40.8404],[-91.1316,40.845],[-91.1355,40.8404],[-91.1467,40.8367],[-91.1448,40.8332],[-91.1511,40.8355],[-91.1607,40.8335],[-91.1607,40.8407],[-91.1703,40.8408],[-91.1751,40.8335],[-91.2133,40.8341],[-91.2111,40.824],[-91.1955,40.8214],[-91.1771,40.8117],[-91.2568,40.8126],[-91.2567,40.8236],[-91.2703,40.8221],[-91.272,40.8268],[-91.2664,40.8271],[-91.2664,40.8345],[-91.2566,40.8345],[-91.2565,40.8996],[-91.3718,40.8997],[-91.3721,40.8126],[-91.4876,40.8132],[-91.4879,40.8018]]]},"properties":{"name":"HD99","district_number":99,"fips":"19099"}},{"type":"Feature","geometry":{"type":"Polygon","coordinates":[[[-91.7188,40.8109],[-91.7168,40.5985],[-91.6864,40.5809],[-91.6908,40.5599],[-91.6817,40.553],[-91.6201,40.5408],[-91.618,40.534],[-91.6224,40.5144],[-91.6195,40.5071],[-91.5908,40.4923],[-91.5815,40.4729],[-91.5747,40.4657],[-91.5527,40.4588],[-91.5251,40.4578],[-91.5241,40.4484],[-91.5336,40.4406],[-91.5291,40.4343],[-91.5191,40.4328],[-91.5266,40.4199],[-91.5264,40.4134],[-91.5053,40.4035],[-91.4878,40.4039],[-91.4909,40.393],[-91.4832,40.3825],[-91.4636,40.3855],[-91.465,40.3762],[-91.4545,40.3754],[-91.4466,40.3779],[-91.4412,40.3863],[-91.4194,40.3783],[-91.413,40.3823],[-91.3884,40.3849],[-91.3769,40.3908],[-91.3729,40.3991],[-91.3724,40.4115],[-91.381,40.4354],[-91.3815,40.446],[-91.3665,40.4789],[-91.3642,40.5],[-91.3691,40.5125],[-91.3845,40.5309],[-91.4041,40.5391],[-91.4064,40.5518],[-91.4015,40.5595],[-91.3798,40.5745],[-91.3599,40.6018],[-91.3487,40.6097],[-91.3079,40.6258],[-91.2561,40.6373],[-91.2588,40.6373],[-91.2579,40.7251],[-91.4877,40.7259],[-91.4876,40.8132],[-91.7188,40.8135],[-91.7188,40.8109]]]},"properties":{"name":"HD100","district_number":100,"fips":"19100"}}],"source":"U.S. Census Bureau TIGERweb, 2026 State Legislative Districts (lower)"}