{"type":"FeatureCollection","features":[{"type":"Feature","id":"24001","properties":{"name":"Allegany","fips":"24001"},"geometry":{"type":"Polygon","coordinates":[[[-78.4686,39.5168],[-78.5659,39.5194],[-78.656,39.5347],[-78.6573,39.5351],[-78.6762,39.5406],[-78.6895,39.5458],[-78.7602,39.5822],[-78.7675,39.5875],[-78.772,39.5938],[-78.769,39.5999],[-78.7605,39.61],[-78.7875,39.6275],[-78.8248,39.5902],[-78.8747,39.5226],[-78.969,39.4415],[-79.0257,39.4655],[-79.0424,39.4793],[-79.0671,39.4747],[-79.0679,39.4792],[-78.9312,39.7228],[-78.8084,39.7227],[-78.3806,39.7226],[-78.3428,39.7225],[-78.334,39.6358],[-78.3552,39.6406],[-78.4303,39.6233],[-78.4572,39.5874],[-78.4585,39.5812],[-78.4544,39.5743],[-78.4502,39.5709],[-78.432,39.5611],[-78.4369,39.539],[-78.4686,39.5168]]]}},{"type":"Feature","id":"24003","properties":{"name":"Anne Arundel","fips":"24003"},"geometry":{"type":"Polygon","coordinates":[[[-76.4388,39.0529],[-76.4389,39.0528],[-76.437,39.0517],[-76.4229,39.0435],[-76.4074,39.0346],[-76.4072,39.0344],[-76.4072,39.0344],[-76.4053,39.0334],[-76.4051,39.0332],[-76.405,39.0331],[-76.4026,39.0296],[-76.3978,39.0226],[-76.3977,39.0225],[-76.3964,39.0184],[-76.3964,39.0184],[-76.3956,39.0161],[-76.3953,39.0152],[-76.3947,39.0132],[-76.3944,39.0122],[-76.3941,39.0113],[-76.4123,38.9968],[-76.4146,38.995],[-76.4215,38.9895],[-76.4222,38.989],[-76.4273,38.9878],[-76.4489,38.9828],[-76.449,38.9828],[-76.4492,38.9821],[-76.4502,38.9788],[-76.4505,38.9776],[-76.4516,38.9768],[-76.4546,38.9745],[-76.4742,38.9726],[-76.4742,38.9726],[-76.4745,38.9707],[-76.4749,38.9673],[-76.4747,38.9669],[-76.4732,38.9624],[-76.4713,38.9565],[-76.4631,38.9486],[-76.4602,38.9485],[-76.4578,38.9484],[-76.4572,38.9479],[-76.4517,38.9425],[-76.4503,38.9411],[-76.4508,38.9404],[-76.4619,38.924],[-76.4617,38.9237],[-76.4603,38.9199],[-76.459,38.9166],[-76.4588,38.916],[-76.4581,38.9143],[-76.4595,38.9071],[-76.4603,38.9072],[-76.4607,38.9072],[-76.4623,38.9073],[-76.4653,38.9074],[-76.4694,38.9076],[-76.4695,38.9115],[-76.4758,38.9145],[-76.4937,38.91],[-76.4938,38.9042],[-76.4938,38.9039],[-76.4938,38.9034],[-76.4939,38.9008],[-76.4939,38.8996],[-76.4928,38.8956],[-76.4909,38.8945],[-76.4904,38.8923],[-76.4903,38.892],[-76.4899,38.89],[-76.4897,38.889],[-76.4897,38.8888],[-76.4897,38.8888],[-76.4894,38.8874],[-76.4907,38.8848],[-76.4911,38.8845],[-76.4914,38.8842],[-76.4944,38.882],[-76.4946,38.8819],[-76.4949,38.8817],[-76.4985,38.8789],[-76.5079,38.8719],[-76.5111,38.8694],[-76.5194,38.8631],[-76.5169,38.8512],[-76.5166,38.851],[-76.5093,38.8484],[-76.5092,38.8484],[-76.4992,38.8522],[-76.4976,38.8527],[-76.4966,38.8531],[-76.4965,38.853],[-76.4936,38.8486],[-76.4928,38.8472],[-76.492,38.8461],[-76.4916,38.8454],[-76.4915,38.8453],[-76.4899,38.8429],[-76.4899,38.8428],[-76.4899,38.8387],[-76.4901,38.8382],[-76.4914,38.8352],[-76.4916,38.8346],[-76.4917,38.8345],[-76.4918,38.8341],[-76.497,38.822],[-76.4977,38.8203],[-76.4989,38.8175],[-76.4991,38.8173],[-76.5029,38.8116],[-76.5065,38.8064],[-76.5069,38.8059],[-76.5093,38.8023],[-76.5101,38.8012],[-76.5111,38.8008],[-76.5143,38.7994],[-76.5158,38.7988],[-76.5234,38.7956],[-76.5247,38.795],[-76.5248,38.7949],[-76.525,38.7946],[-76.525,38.7946],[-76.5252,38.7944],[-76.5255,38.794],[-76.5275,38.7918],[-76.5275,38.7918],[-76.5275,38.7917],[-76.5274,38.7908],[-76.5274,38.7908],[-76.5271,38.7882],[-76.527,38.7876],[-76.527,38.787],[-76.5273,38.7867],[-76.5281,38.7858],[-76.5325,38.7812],[-76.534,38.7796],[-76.5352,38.7783],[-76.5354,38.7781],[-76.5354,38.7781],[-76.5354,38.7781],[-76.5356,38.778],[-76.5363,38.7777],[-76.5368,38.7775],[-76.5368,38.7775],[-76.5372,38.7773],[-76.5391,38.7765],[-76.543,38.7748],[-76.5444,38.7742],[-76.5444,38.7742],[-76.5544,38.7697],[-76.5547,38.7696],[-76.5597,38.7674],[-76.5599,38.7674],[-76.5598,38.7663],[-76.5589,38.7582],[-76.5575,38.7447],[-76.5573,38.7442],[-76.5571,38.7438],[-76.557,38.7436],[-76.554,38.7378],[-76.5527,38.7353],[-76.552,38.7346],[-76.5446,38.7278],[-76.5445,38.7277],[-76.5439,38.7277],[-76.5436,38.7278],[-76.5434,38.7278],[-76.5421,38.7278],[-76.5398,38.7279],[-76.5299,38.7284],[-76.5293,38.7281],[-76.5272,38.7271],[-76.5267,38.7244],[-76.5292,38.7136],[-76.6159,38.7208],[-76.6231,38.7673],[-76.6862,38.7486],[-76.6864,38.7485],[-76.7106,38.8157],[-76.6933,38.9514],[-76.8404,39.1031],[-76.8246,39.1172],[-76.787,39.1288],[-76.777,39.1509],[-76.7637,39.1662],[-76.7406,39.1792],[-76.7226,39.1829],[-76.7192,39.1915],[-76.6971,39.2141],[-76.6967,39.2174],[-76.6877,39.2213],[-76.6802,39.2202],[-76.6687,39.229],[-76.6617,39.2311],[-76.6472,39.229],[-76.6394,39.224],[-76.6307,39.2242],[-76.6186,39.2374],[-76.6117,39.2344],[-76.5824,39.2072],[-76.5501,39.1972],[-76.5331,39.2076],[-76.5331,39.2076],[-76.5333,39.2072],[-76.5348,39.2048],[-76.5354,39.2038],[-76.5342,39.1906],[-76.5258,39.1779],[-76.5255,39.1777],[-76.525,39.1775],[-76.5242,39.1771],[-76.5203,39.1752],[-76.5193,39.1747],[-76.5118,39.1711],[-76.5084,39.1694],[-76.5009,39.1613],[-76.5005,39.1614],[-76.484,39.1644],[-76.4838,39.1643],[-76.476,39.1611],[-76.4748,39.1594],[-76.4738,39.158],[-76.4715,39.1547],[-76.4689,39.1532],[-76.4591,39.1473],[-76.4589,39.1472],[-76.4586,39.147],[-76.4583,39.1468],[-76.4582,39.1467],[-76.4528,39.1435],[-76.4401,39.1373],[-76.4309,39.1328],[-76.4301,39.1324],[-76.4287,39.1317],[-76.4325,39.1267],[-76.4327,39.1208],[-76.433,39.1132],[-76.4329,39.1131],[-76.4272,39.0967],[-76.4271,39.0963],[-76.4265,39.0946],[-76.4263,39.0941],[-76.4263,39.0941],[-76.4236,39.0864],[-76.4233,39.0856],[-76.4233,39.0855],[-76.4227,39.0839],[-76.4222,39.0824],[-76.4221,39.0821],[-76.4219,39.0814],[-76.4231,39.0742],[-76.4324,39.0616],[-76.4388,39.0529]]]}},{"type":"Feature","id":"24005","properties":{"name":"Baltimore","fips":"24005"},"geometry":{"type":"Polygon","coordinates":[[[-76.7119,39.7211],[-76.5695,39.7212],[-76.5406,39.5722],[-76.5361,39.5618],[-76.5324,39.5616],[-76.5311,39.5554],[-76.5341,39.5546],[-76.531,39.5438],[-76.437,39.502],[-76.3776,39.4243],[-76.376,39.4238],[-76.374,39.4223],[-76.3735,39.4214],[-76.3702,39.4134],[-76.3722,39.4056],[-76.3611,39.4003],[-76.3593,39.394],[-76.3588,39.3903],[-76.3578,39.3898],[-76.3237,39.3744],[-76.33,39.3561],[-76.3414,39.3542],[-76.3399,39.3502],[-76.3354,39.3379],[-76.3344,39.3352],[-76.334,39.3342],[-76.3339,39.3339],[-76.3389,39.3258],[-76.3396,39.3247],[-76.3338,39.3196],[-76.3276,39.3141],[-76.3379,39.3058],[-76.3398,39.3042],[-76.3414,39.3029],[-76.3532,39.3107],[-76.3548,39.3117],[-76.3555,39.3122],[-76.3644,39.3118],[-76.3655,39.3109],[-76.3807,39.2992],[-76.3807,39.2988],[-76.383,39.2862],[-76.3833,39.2845],[-76.3839,39.2815],[-76.3849,39.2759],[-76.3852,39.2758],[-76.3951,39.2693],[-76.3953,39.269],[-76.4001,39.2618],[-76.4002,39.2616],[-76.4011,39.2602],[-76.402,39.2588],[-76.4024,39.2583],[-76.4019,39.2581],[-76.3869,39.2492],[-76.3814,39.2495],[-76.3824,39.2473],[-76.3844,39.2427],[-76.3847,39.2422],[-76.3894,39.2354],[-76.3896,39.2353],[-76.3936,39.232],[-76.3944,39.2314],[-76.3983,39.2294],[-76.3991,39.229],[-76.4176,39.2198],[-76.4177,39.2198],[-76.4183,39.2187],[-76.4192,39.217],[-76.4253,39.2057],[-76.4254,39.2056],[-76.4414,39.196],[-76.4425,39.1954],[-76.4476,39.198],[-76.4616,39.2049],[-76.4627,39.2055],[-76.4635,39.2059],[-76.4711,39.2055],[-76.4801,39.2051],[-76.4822,39.2044],[-76.4855,39.2033],[-76.4864,39.203],[-76.4889,39.2022],[-76.4895,39.2024],[-76.4898,39.2025],[-76.4908,39.2027],[-76.498,39.2047],[-76.4984,39.2048],[-76.5001,39.2078],[-76.5008,39.2091],[-76.501,39.2094],[-76.5198,39.2229],[-76.5206,39.2235],[-76.5209,39.2232],[-76.5286,39.2175],[-76.5295,39.2184],[-76.5296,39.2723],[-76.5298,39.2731],[-76.5298,39.2819],[-76.5299,39.2831],[-76.5297,39.2842],[-76.5296,39.2849],[-76.5297,39.2882],[-76.5296,39.2893],[-76.5295,39.2902],[-76.5297,39.291],[-76.5297,39.2919],[-76.5298,39.2928],[-76.5295,39.2972],[-76.5296,39.2982],[-76.5298,39.2987],[-76.5296,39.3029],[-76.5297,39.3047],[-76.5297,39.3055],[-76.5297,39.306],[-76.5297,39.3065],[-76.5297,39.3077],[-76.5298,39.3085],[-76.5298,39.3104],[-76.5298,39.3566],[-76.5298,39.3721],[-76.6098,39.3722],[-76.7113,39.3719],[-76.7112,39.3628],[-76.7113,39.3612],[-76.7112,39.3544],[-76.7111,39.2779],[-76.6887,39.2682],[-76.686,39.2669],[-76.6852,39.2667],[-76.6816,39.265],[-76.6788,39.264],[-76.6734,39.2613],[-76.6673,39.2589],[-76.6656,39.258],[-76.6534,39.2527],[-76.6515,39.252],[-76.6473,39.2501],[-76.6442,39.2489],[-76.6394,39.2466],[-76.6373,39.2456],[-76.6326,39.2434],[-76.6311,39.2429],[-76.6186,39.2374],[-76.6307,39.2242],[-76.6394,39.224],[-76.6472,39.229],[-76.6617,39.2311],[-76.6687,39.229],[-76.6802,39.2202],[-76.6877,39.2213],[-76.6967,39.2174],[-76.6971,39.2141],[-76.7052,39.2155],[-76.7238,39.2282],[-76.7395,39.2322],[-76.7638,39.2513],[-76.8823,39.3502],[-76.8797,39.3568],[-76.8734,39.3571],[-76.8807,39.3605],[-76.8798,39.3659],[-76.8684,39.4941],[-76.8667,39.5009],[-76.7871,39.7208],[-76.7156,39.7211],[-76.7119,39.7211]]]}},{"type":"Feature","id":"24510","properties":{"name":"Baltimore City","fips":"24510"},"geometry":{"type":"Polygon","coordinates":[[[-76.6186,39.2374],[-76.6311,39.2429],[-76.6326,39.2434],[-76.6373,39.2456],[-76.6394,39.2466],[-76.6442,39.2489],[-76.6473,39.2501],[-76.6515,39.252],[-76.6534,39.2527],[-76.6656,39.258],[-76.6673,39.2589],[-76.6734,39.2613],[-76.6788,39.264],[-76.6816,39.265],[-76.6852,39.2667],[-76.686,39.2669],[-76.6887,39.2682],[-76.7111,39.2779],[-76.7112,39.3544],[-76.7113,39.3612],[-76.7112,39.3628],[-76.7113,39.3719],[-76.6098,39.3722],[-76.5298,39.3721],[-76.5298,39.3566],[-76.5298,39.3104],[-76.5298,39.3085],[-76.5297,39.3077],[-76.5297,39.3065],[-76.5297,39.306],[-76.5297,39.3055],[-76.5297,39.3047],[-76.5296,39.3029],[-76.5298,39.2987],[-76.5296,39.2982],[-76.5295,39.2972],[-76.5298,39.2928],[-76.5297,39.2919],[-76.5297,39.291],[-76.5295,39.2902],[-76.5296,39.2893],[-76.5297,39.2882],[-76.5296,39.2849],[-76.5297,39.2842],[-76.5299,39.2831],[-76.5298,39.2819],[-76.5298,39.2731],[-76.5296,39.2723],[-76.5295,39.2184],[-76.5286,39.2175],[-76.5296,39.2167],[-76.5343,39.2132],[-76.535,39.2123],[-76.5359,39.211],[-76.5331,39.2076],[-76.5501,39.1972],[-76.5824,39.2072],[-76.6117,39.2344],[-76.6186,39.2374]]]}},{"type":"Feature","id":"24009","properties":{"name":"Calvert","fips":"24009"},"geometry":{"type":"Polygon","coordinates":[[[-76.4031,38.3432],[-76.4049,38.3411],[-76.4093,38.3259],[-76.4057,38.3178],[-76.4066,38.3175],[-76.4133,38.3154],[-76.4158,38.3146],[-76.4188,38.3136],[-76.4218,38.3127],[-76.4218,38.3127],[-76.4234,38.3122],[-76.425,38.3116],[-76.425,38.3116],[-76.4341,38.3088],[-76.4449,38.3054],[-76.4453,38.3052],[-76.4456,38.3052],[-76.4471,38.3052],[-76.4473,38.3052],[-76.4479,38.3052],[-76.448,38.3052],[-76.4481,38.3052],[-76.4481,38.3052],[-76.4481,38.3052],[-76.4481,38.3052],[-76.4481,38.3052],[-76.4481,38.3052],[-76.4481,38.3052],[-76.4481,38.3052],[-76.4481,38.3052],[-76.4484,38.3052],[-76.4488,38.3051],[-76.449,38.3051],[-76.4535,38.3051],[-76.4543,38.3053],[-76.4583,38.3066],[-76.4616,38.3085],[-76.464,38.3109],[-76.4644,38.3113],[-76.4645,38.3114],[-76.4656,38.3132],[-76.466,38.3137],[-76.4664,38.3148],[-76.4669,38.3159],[-76.4671,38.3165],[-76.4671,38.3165],[-76.4671,38.3165],[-76.4671,38.3165],[-76.4672,38.3166],[-76.4672,38.3167],[-76.4672,38.3167],[-76.4673,38.3171],[-76.4676,38.3177],[-76.4679,38.3184],[-76.468,38.3186],[-76.468,38.3188],[-76.4685,38.3199],[-76.4696,38.3224],[-76.4699,38.3229],[-76.4717,38.3249],[-76.4725,38.3253],[-76.4726,38.3253],[-76.4726,38.3253],[-76.473,38.3255],[-76.4736,38.3258],[-76.475,38.3265],[-76.4762,38.3267],[-76.478,38.3271],[-76.4832,38.3267],[-76.4876,38.3263],[-76.4884,38.3267],[-76.4885,38.3268],[-76.489,38.3272],[-76.4892,38.3274],[-76.4892,38.3275],[-76.4894,38.328],[-76.489,38.3289],[-76.4869,38.3324],[-76.4864,38.3333],[-76.4861,38.334],[-76.4857,38.3346],[-76.4857,38.3347],[-76.4856,38.3348],[-76.485,38.3359],[-76.4843,38.3372],[-76.4835,38.3401],[-76.4834,38.3404],[-76.4834,38.3408],[-76.4831,38.3424],[-76.4832,38.3427],[-76.4832,38.3433],[-76.4834,38.3453],[-76.4836,38.3459],[-76.4841,38.3481],[-76.4852,38.3511],[-76.4858,38.3523],[-76.4861,38.3529],[-76.4864,38.3535],[-76.4866,38.354],[-76.4892,38.3584],[-76.4912,38.3612],[-76.4935,38.364],[-76.4957,38.3666],[-76.4973,38.3683],[-76.4985,38.3696],[-76.4997,38.3709],[-76.4997,38.3709],[-76.5004,38.3716],[-76.5015,38.3725],[-76.5024,38.3729],[-76.5038,38.3734],[-76.505,38.3739],[-76.5056,38.3744],[-76.506,38.3748],[-76.5063,38.3751],[-76.5065,38.3757],[-76.507,38.3766],[-76.5074,38.377],[-76.5078,38.3775],[-76.5101,38.3789],[-76.511,38.3792],[-76.5113,38.3793],[-76.5116,38.3794],[-76.5126,38.3797],[-76.5136,38.3804],[-76.5149,38.3808],[-76.5167,38.3817],[-76.5189,38.3834],[-76.52,38.3843],[-76.5201,38.3844],[-76.5212,38.3857],[-76.5226,38.388],[-76.5236,38.3892],[-76.5241,38.3898],[-76.5246,38.3903],[-76.5258,38.3911],[-76.5269,38.392],[-76.528,38.3931],[-76.5283,38.3934],[-76.5299,38.395],[-76.5313,38.3959],[-76.5331,38.3972],[-76.5341,38.3978],[-76.5357,38.3977],[-76.536,38.3977],[-76.5367,38.3975],[-76.5373,38.3974],[-76.5377,38.3974],[-76.5403,38.3966],[-76.5423,38.3961],[-76.5456,38.3957],[-76.5488,38.3954],[-76.5507,38.3952],[-76.5511,38.3952],[-76.5534,38.395],[-76.5549,38.395],[-76.5567,38.3953],[-76.5584,38.3959],[-76.5592,38.3964],[-76.56,38.3973],[-76.5606,38.3987],[-76.5614,38.4004],[-76.562,38.4023],[-76.5621,38.4024],[-76.5622,38.4027],[-76.5622,38.4027],[-76.5622,38.4027],[-76.5624,38.4031],[-76.5627,38.4039],[-76.5639,38.406],[-76.5656,38.4071],[-76.5673,38.4075],[-76.5681,38.4077],[-76.5718,38.4088],[-76.5733,38.4094],[-76.574,38.4096],[-76.5744,38.4098],[-76.5755,38.4102],[-76.5786,38.4113],[-76.5846,38.4147],[-76.5867,38.416],[-76.5889,38.4172],[-76.5917,38.4189],[-76.5939,38.421],[-76.5952,38.4222],[-76.5975,38.4234],[-76.5994,38.4239],[-76.6007,38.424],[-76.6011,38.4241],[-76.6016,38.4241],[-76.6022,38.4242],[-76.6053,38.4238],[-76.6063,38.424],[-76.6079,38.4242],[-76.6084,38.4244],[-76.6089,38.425],[-76.6101,38.4265],[-76.6106,38.427],[-76.6108,38.4272],[-76.6115,38.428],[-76.613,38.4288],[-76.614,38.4299],[-76.6148,38.4314],[-76.6158,38.4336],[-76.6164,38.4346],[-76.6172,38.4353],[-76.6178,38.4356],[-76.6184,38.4361],[-76.6188,38.4364],[-76.62,38.4376],[-76.6215,38.4389],[-76.6221,38.4402],[-76.6225,38.4414],[-76.6236,38.4429],[-76.6242,38.4435],[-76.6247,38.4437],[-76.6263,38.4446],[-76.6279,38.4456],[-76.628,38.4457],[-76.629,38.4463],[-76.63,38.4473],[-76.6322,38.4493],[-76.6323,38.4494],[-76.6324,38.4495],[-76.6324,38.4495],[-76.6324,38.4495],[-76.6324,38.4495],[-76.6324,38.4495],[-76.6324,38.4495],[-76.6324,38.4495],[-76.6324,38.4495],[-76.6324,38.4495],[-76.6325,38.4495],[-76.6325,38.4496],[-76.6326,38.4497],[-76.6345,38.4515],[-76.6355,38.4522],[-76.6364,38.4529],[-76.6392,38.455],[-76.6393,38.455],[-76.6398,38.4555],[-76.6443,38.4583],[-76.6465,38.4596],[-76.6491,38.4608],[-76.6513,38.4618],[-76.6526,38.4624],[-76.6538,38.4633],[-76.6539,38.4634],[-76.6541,38.4639],[-76.6543,38.4652],[-76.6537,38.467],[-76.653,38.4681],[-76.653,38.4681],[-76.6521,38.4695],[-76.652,38.4713],[-76.6521,38.4738],[-76.6526,38.4746],[-76.6529,38.475],[-76.6534,38.4758],[-76.6534,38.4759],[-76.6539,38.4766],[-76.6539,38.4766],[-76.654,38.4767],[-76.6566,38.4812],[-76.6593,38.4857],[-76.6603,38.4874],[-76.6611,38.4884],[-76.6612,38.4885],[-76.6613,38.4886],[-76.6633,38.4912],[-76.6654,38.4937],[-76.6659,38.4944],[-76.6664,38.4948],[-76.6671,38.4952],[-76.6727,38.4982],[-76.6731,38.4985],[-76.6736,38.4991],[-76.6741,38.4996],[-76.663,38.5266],[-76.6755,38.5359],[-76.6726,38.5468],[-76.6723,38.5528],[-76.6755,38.5588],[-76.6789,38.568],[-76.6778,38.5724],[-76.6807,38.5805],[-76.6795,38.5852],[-76.6752,38.5921],[-76.6726,38.5993],[-76.6735,38.6072],[-76.6723,38.6175],[-76.6776,38.6262],[-76.6794,38.6279],[-76.6861,38.6302],[-76.692,38.6349],[-76.6929,38.6364],[-76.6916,38.6485],[-76.6851,38.6548],[-76.6832,38.6588],[-76.6833,38.6612],[-76.6874,38.6638],[-76.6942,38.6638],[-76.7004,38.667],[-76.7007,38.6701],[-76.6905,38.6737],[-76.6874,38.6787],[-76.6871,38.6814],[-76.6955,38.6858],[-76.6984,38.6904],[-76.6979,38.6948],[-76.695,38.7003],[-76.6949,38.7025],[-76.6977,38.707],[-76.702,38.7109],[-76.6936,38.7248],[-76.6956,38.7315],[-76.695,38.7351],[-76.687,38.7359],[-76.684,38.7383],[-76.6864,38.7485],[-76.6862,38.7486],[-76.6231,38.7673],[-76.6159,38.7208],[-76.5292,38.7136],[-76.5295,38.7123],[-76.5297,38.7115],[-76.5306,38.7079],[-76.5308,38.707],[-76.5308,38.7069],[-76.5325,38.7],[-76.5325,38.6997],[-76.5325,38.6982],[-76.5324,38.6836],[-76.5324,38.6801],[-76.5324,38.6784],[-76.5321,38.6769],[-76.5305,38.6703],[-76.5279,38.6594],[-76.5274,38.6577],[-76.525,38.6476],[-76.5246,38.646],[-76.5241,38.645],[-76.5179,38.6336],[-76.517,38.632],[-76.5156,38.6294],[-76.5113,38.6157],[-76.5125,38.6098],[-76.5126,38.6092],[-76.5148,38.5979],[-76.5157,38.5932],[-76.5158,38.5932],[-76.5158,38.5931],[-76.5163,38.5902],[-76.5151,38.5558],[-76.5154,38.5539],[-76.5154,38.5537],[-76.5154,38.5536],[-76.5155,38.5529],[-76.5175,38.5391],[-76.5158,38.5293],[-76.5157,38.529],[-76.5153,38.5281],[-76.5075,38.5083],[-76.5069,38.5067],[-76.506,38.5046],[-76.4993,38.4936],[-76.4988,38.4928],[-76.4982,38.4919],[-76.4927,38.4828],[-76.4916,38.4819],[-76.4734,38.4663],[-76.4713,38.4645],[-76.4673,38.4611],[-76.4672,38.461],[-76.4672,38.461],[-76.464,38.4583],[-76.4611,38.4558],[-76.4558,38.4512],[-76.456,38.4479],[-76.4541,38.4459],[-76.4509,38.4424],[-76.4454,38.439],[-76.4424,38.4372],[-76.4424,38.4372],[-76.4412,38.4364],[-76.4389,38.4351],[-76.4363,38.4334],[-76.4357,38.4329],[-76.4154,38.4147],[-76.4027,38.396],[-76.3934,38.3895],[-76.3883,38.3878],[-76.3883,38.3877],[-76.3862,38.382],[-76.3862,38.3816],[-76.3869,38.3632],[-76.387,38.3625],[-76.387,38.3613],[-76.3874,38.3608],[-76.3888,38.3592],[-76.3889,38.3591],[-76.3983,38.3486],[-76.4009,38.3457],[-76.4015,38.3449],[-76.402,38.3443],[-76.4031,38.3432]]]}},{"type":"Feature","id":"24011","properties":{"name":"Caroline","fips":"24011"},"geometry":{"type":"Polygon","coordinates":[[[-75.9487,38.912],[-75.9482,38.9145],[-75.944,38.9143],[-75.9443,38.9165],[-75.9493,38.9183],[-75.9297,38.9907],[-75.8349,39.1084],[-75.7477,39.1433],[-75.7477,39.1433],[-75.7461,39.1203],[-75.7458,39.1149],[-75.7258,38.8693],[-75.7256,38.8682],[-75.7241,38.8478],[-75.724,38.8467],[-75.7229,38.8332],[-75.7226,38.83],[-75.7226,38.8299],[-75.722,38.8221],[-75.7074,38.6354],[-75.7627,38.6862],[-75.9452,38.6741],[-76.015,38.7287],[-76.0132,38.7333],[-76.01,38.736],[-76.0074,38.7368],[-75.9997,38.7348],[-75.9954,38.7367],[-75.9946,38.7419],[-75.9993,38.7521],[-75.9989,38.7556],[-75.9969,38.7575],[-75.9938,38.7593],[-75.98,38.7637],[-75.9764,38.7655],[-75.9677,38.7744],[-75.9682,38.7777],[-75.9664,38.7798],[-75.9546,38.7775],[-75.9495,38.7784],[-75.9373,38.7872],[-75.9325,38.7961],[-75.928,38.7992],[-75.9208,38.8026],[-75.9114,38.8063],[-75.9038,38.8069],[-75.8968,38.8151],[-75.9033,38.8168],[-75.9065,38.8197],[-75.9055,38.8216],[-75.9017,38.8229],[-75.9013,38.8247],[-75.9043,38.8264],[-75.9129,38.8295],[-75.9137,38.833],[-75.9152,38.8348],[-75.9194,38.8352],[-75.9278,38.8389],[-75.9281,38.8411],[-75.9193,38.845],[-75.919,38.8461],[-75.9195,38.8469],[-75.9268,38.847],[-75.9293,38.849],[-75.9304,38.8509],[-75.9283,38.8524],[-75.9228,38.8548],[-75.9224,38.8564],[-75.9222,38.8573],[-75.9243,38.8604],[-75.9302,38.8613],[-75.9329,38.866],[-75.9347,38.8675],[-75.9393,38.8666],[-75.9416,38.868],[-75.9431,38.8705],[-75.9444,38.8751],[-75.9436,38.8764],[-75.9389,38.8764],[-75.9376,38.878],[-75.9376,38.8798],[-75.9392,38.8813],[-75.9415,38.8812],[-75.9438,38.8793],[-75.9488,38.8784],[-75.9515,38.8802],[-75.9509,38.8841],[-75.9496,38.8848],[-75.9455,38.884],[-75.9415,38.8841],[-75.9404,38.8851],[-75.9446,38.8901],[-75.9483,38.8913],[-75.9486,38.8922],[-75.9459,38.8939],[-75.9444,38.8975],[-75.9449,38.9003],[-75.9487,38.9024],[-75.9481,38.9046],[-75.9439,38.9062],[-75.9431,38.9073],[-75.9487,38.912]]]}},{"type":"Feature","id":"24013","properties":{"name":"Carroll","fips":"24013"},"geometry":{"type":"Polygon","coordinates":[[[-77.217,39.72],[-77.2168,39.72],[-77.0589,39.7201],[-77.0582,39.7202],[-77.0471,39.72],[-76.9995,39.7201],[-76.8976,39.7204],[-76.8901,39.7204],[-76.8092,39.7207],[-76.8064,39.7206],[-76.7871,39.7208],[-76.7871,39.7208],[-76.8667,39.5009],[-76.8684,39.4941],[-76.8798,39.3659],[-76.8807,39.3605],[-76.8734,39.3571],[-76.8797,39.3568],[-76.8823,39.3502],[-77.1681,39.354],[-77.1068,39.4917],[-77.2001,39.5786],[-77.2877,39.6045],[-77.217,39.72]]]}},{"type":"Feature","id":"24015","properties":{"name":"Cecil","fips":"24015"},"geometry":{"type":"Polygon","coordinates":[[[-76.2333,39.7213],[-76.2242,39.7213],[-76.1356,39.7216],[-76.0276,39.7218],[-76.0131,39.7219],[-75.8101,39.7219],[-75.7996,39.7219],[-75.7884,39.7218],[-75.7884,39.7003],[-75.7884,39.7],[-75.7887,39.6819],[-75.7886,39.6807],[-75.7875,39.6375],[-75.7869,39.6306],[-75.7794,39.5365],[-75.7792,39.5347],[-75.7667,39.3775],[-75.7667,39.3775],[-75.7667,39.3775],[-75.7668,39.3776],[-75.767,39.3777],[-75.7671,39.3778],[-75.7673,39.3778],[-75.7674,39.3779],[-75.7674,39.3779],[-75.7675,39.3779],[-75.7677,39.3779],[-75.7678,39.3779],[-75.7678,39.3779],[-75.768,39.3781],[-75.7681,39.3781],[-75.7681,39.3781],[-75.7682,39.378],[-75.7683,39.378],[-75.7684,39.378],[-75.7684,39.378],[-75.7685,39.3781],[-75.7685,39.3781],[-75.7686,39.3781],[-75.7686,39.3781],[-75.7687,39.378],[-75.7688,39.378],[-75.7689,39.3781],[-75.769,39.3781],[-75.7691,39.3782],[-75.7692,39.3782],[-75.7692,39.3782],[-75.7693,39.3782],[-75.7693,39.3782],[-75.7694,39.3782],[-75.7694,39.3783],[-75.7695,39.3784],[-75.7695,39.3785],[-75.7694,39.3785],[-75.7694,39.3785],[-75.7695,39.3786],[-75.7695,39.3786],[-75.7696,39.3785],[-75.7697,39.3786],[-75.7698,39.3786],[-75.7699,39.3786],[-75.77,39.3786],[-75.7704,39.3787],[-75.7705,39.3787],[-75.7705,39.3787],[-75.7708,39.3786],[-75.771,39.3787],[-75.7711,39.3787],[-75.7713,39.3787],[-75.7715,39.3787],[-75.7716,39.3788],[-75.7717,39.3789],[-75.7718,39.3789],[-75.7719,39.379],[-75.7719,39.3791],[-75.772,39.3791],[-75.772,39.3792],[-75.7725,39.3794],[-75.7727,39.3795],[-75.7731,39.3795],[-75.7732,39.3795],[-75.7733,39.3794],[-75.7735,39.3795],[-75.7735,39.3795],[-75.7737,39.3795],[-75.7739,39.3794],[-75.774,39.3793],[-75.7741,39.379],[-75.7743,39.3789],[-75.7744,39.3789],[-75.7746,39.379],[-75.775,39.3791],[-75.7751,39.3791],[-75.7754,39.379],[-75.7757,39.379],[-75.7759,39.379],[-75.7761,39.379],[-75.7763,39.379],[-75.7764,39.3791],[-75.7762,39.38],[-75.7762,39.3802],[-75.7763,39.3803],[-75.7764,39.3803],[-75.7765,39.3803],[-75.7768,39.3803],[-75.777,39.3804],[-75.7777,39.3802],[-75.7779,39.3802],[-75.7781,39.3803],[-75.7792,39.3809],[-75.7795,39.3812],[-75.7801,39.3815],[-75.7803,39.3817],[-75.7804,39.3819],[-75.7805,39.3819],[-75.7811,39.3821],[-75.7811,39.3821],[-75.7815,39.382],[-75.7818,39.382],[-75.7818,39.382],[-75.782,39.3819],[-75.7822,39.3819],[-75.783,39.3822],[-75.7836,39.3824],[-75.7839,39.3825],[-75.7842,39.3825],[-75.7844,39.3825],[-75.7844,39.3825],[-75.7845,39.3823],[-75.7845,39.3821],[-75.7843,39.3814],[-75.7843,39.3809],[-75.7843,39.3807],[-75.7844,39.3804],[-75.7847,39.3802],[-75.785,39.3801],[-75.7854,39.3801],[-75.7857,39.3801],[-75.786,39.3801],[-75.7864,39.3801],[-75.7866,39.3802],[-75.7866,39.3802],[-75.7872,39.3803],[-75.7873,39.3803],[-75.7874,39.3803],[-75.788,39.3804],[-75.7882,39.3804],[-75.7884,39.3805],[-75.7884,39.3806],[-75.7885,39.3809],[-75.7886,39.3811],[-75.7888,39.3811],[-75.7894,39.3811],[-75.7895,39.3811],[-75.7897,39.381],[-75.7899,39.3809],[-75.79,39.3808],[-75.7905,39.3803],[-75.791,39.38],[-75.7912,39.3799],[-75.7918,39.3798],[-75.792,39.3798],[-75.7923,39.3798],[-75.7924,39.3798],[-75.7925,39.3798],[-75.7925,39.3798],[-75.7929,39.3801],[-75.793,39.3801],[-75.793,39.3801],[-75.7938,39.38],[-75.7939,39.3799],[-75.7942,39.3797],[-75.7943,39.3796],[-75.7944,39.3795],[-75.7944,39.3791],[-75.7945,39.379],[-75.7947,39.3788],[-75.7948,39.378],[-75.795,39.3778],[-75.7952,39.3777],[-75.7954,39.3776],[-75.7956,39.3773],[-75.7957,39.3772],[-75.7958,39.3772],[-75.796,39.3773],[-75.7963,39.3772],[-75.7964,39.3772],[-75.7964,39.3775],[-75.7965,39.3776],[-75.7965,39.3776],[-75.7967,39.3776],[-75.797,39.3773],[-75.7973,39.3773],[-75.7976,39.3773],[-75.7978,39.3771],[-75.798,39.3773],[-75.7982,39.3773],[-75.7986,39.3772],[-75.7987,39.3771],[-75.7988,39.3771],[-75.7992,39.3772],[-75.7996,39.3774],[-75.7997,39.3774],[-75.7999,39.3774],[-75.8003,39.3772],[-75.8005,39.3772],[-75.8006,39.3772],[-75.8006,39.3773],[-75.8006,39.3776],[-75.8007,39.3777],[-75.8009,39.3777],[-75.8011,39.3779],[-75.8017,39.3779],[-75.8018,39.3779],[-75.8022,39.3777],[-75.8026,39.3776],[-75.8028,39.3775],[-75.8028,39.3775],[-75.8029,39.3773],[-75.8029,39.3773],[-75.8034,39.3772],[-75.8038,39.377],[-75.8042,39.3766],[-75.8043,39.3763],[-75.8043,39.3759],[-75.8044,39.3758],[-75.8045,39.3756],[-75.8047,39.3754],[-75.8048,39.3754],[-75.805,39.3755],[-75.8051,39.3755],[-75.8055,39.3755],[-75.8057,39.3755],[-75.8057,39.3755],[-75.8059,39.3755],[-75.8059,39.3754],[-75.8061,39.3753],[-75.8062,39.3752],[-75.8064,39.3753],[-75.8065,39.3754],[-75.8065,39.3755],[-75.8065,39.3755],[-75.8063,39.3756],[-75.8062,39.3759],[-75.8063,39.3762],[-75.8062,39.3767],[-75.8062,39.3768],[-75.8064,39.3771],[-75.8066,39.3771],[-75.807,39.3773],[-75.807,39.3773],[-75.8071,39.3773],[-75.8071,39.3774],[-75.8073,39.3775],[-75.8074,39.3776],[-75.8074,39.3776],[-75.8076,39.3777],[-75.8076,39.3777],[-75.8077,39.3778],[-75.8079,39.378],[-75.808,39.378],[-75.8081,39.378],[-75.8086,39.3781],[-75.8087,39.3781],[-75.8089,39.378],[-75.8092,39.3781],[-75.8094,39.3784],[-75.8094,39.3788],[-75.8094,39.3789],[-75.8092,39.3795],[-75.8093,39.3795],[-75.8095,39.3797],[-75.8096,39.3798],[-75.8098,39.3798],[-75.81,39.3798],[-75.8101,39.3798],[-75.8115,39.38],[-75.813,39.38],[-75.8146,39.3803],[-75.8163,39.3807],[-75.8164,39.3807],[-75.817,39.3811],[-75.8174,39.3814],[-75.8176,39.3816],[-75.8179,39.3819],[-75.818,39.3819],[-75.8183,39.3821],[-75.8187,39.3822],[-75.8188,39.3823],[-75.8196,39.3821],[-75.82,39.3821],[-75.8213,39.3818],[-75.8223,39.3816],[-75.8237,39.3814],[-75.8238,39.3814],[-75.8244,39.381],[-75.8245,39.381],[-75.8254,39.3798],[-75.8274,39.3782],[-75.828,39.3779],[-75.8282,39.3778],[-75.8294,39.3766],[-75.8295,39.3765],[-75.8297,39.3762],[-75.83,39.3757],[-75.8301,39.3757],[-75.8302,39.3753],[-75.83,39.3751],[-75.8305,39.3747],[-75.8307,39.3746],[-75.8308,39.3745],[-75.8312,39.3742],[-75.8315,39.3741],[-75.8323,39.374],[-75.8334,39.3738],[-75.834,39.3738],[-75.8355,39.3732],[-75.8357,39.3731],[-75.8366,39.3728],[-75.8366,39.3728],[-75.8396,39.372],[-75.8403,39.3717],[-75.8417,39.3712],[-75.8417,39.3712],[-75.8424,39.371],[-75.8438,39.37],[-75.8443,39.3696],[-75.8443,39.3695],[-75.8455,39.3677],[-75.846,39.3676],[-75.8466,39.3676],[-75.8467,39.3676],[-75.8468,39.3675],[-75.8469,39.3675],[-75.847,39.3676],[-75.8485,39.3682],[-75.8487,39.3681],[-75.8488,39.368],[-75.849,39.3679],[-75.8494,39.3676],[-75.8515,39.3669],[-75.8524,39.3665],[-75.8531,39.3659],[-75.8537,39.3653],[-75.8554,39.3646],[-75.8566,39.3649],[-75.8572,39.3651],[-75.8586,39.3659],[-75.8592,39.3663],[-75.8608,39.3675],[-75.861,39.3676],[-75.8614,39.3675],[-75.8625,39.3674],[-75.8638,39.3664],[-75.865,39.3665],[-75.8657,39.3665],[-75.8662,39.3669],[-75.8668,39.3673],[-75.8674,39.3676],[-75.8676,39.3678],[-75.8681,39.3678],[-75.8684,39.3677],[-75.8721,39.3663],[-75.8726,39.3662],[-75.8733,39.366],[-75.8744,39.3658],[-75.875,39.3658],[-75.8758,39.3658],[-75.8766,39.3657],[-75.8778,39.3656],[-75.878,39.3656],[-75.878,39.3656],[-75.8795,39.3655],[-75.8798,39.3653],[-75.8809,39.3649],[-75.8821,39.3643],[-75.8821,39.3643],[-75.8828,39.3635],[-75.8836,39.3623],[-75.8844,39.3614],[-75.8851,39.3608],[-75.8859,39.3608],[-75.8885,39.3619],[-75.8885,39.3619],[-75.8889,39.3621],[-75.8902,39.363],[-75.8912,39.3638],[-75.8923,39.3646],[-75.8945,39.3656],[-75.8949,39.3657],[-75.8949,39.3657],[-75.896,39.3659],[-75.8974,39.3656],[-75.8978,39.3655],[-75.8982,39.3654],[-75.8983,39.3654],[-75.8998,39.3649],[-75.9004,39.3648],[-75.9027,39.3645],[-75.9038,39.3643],[-75.908,39.3645],[-75.9085,39.3646],[-75.9093,39.3648],[-75.9102,39.365],[-75.9118,39.3654],[-75.912,39.3654],[-75.9136,39.3661],[-75.915,39.3666],[-75.915,39.3666],[-75.9166,39.3668],[-75.9167,39.3668],[-75.9176,39.3668],[-75.9185,39.3669],[-75.9189,39.3669],[-75.9198,39.3669],[-75.9199,39.367],[-75.9211,39.3671],[-75.9228,39.3672],[-75.9239,39.368],[-75.924,39.368],[-75.9253,39.3698],[-75.9266,39.371],[-75.9272,39.3712],[-75.9279,39.3715],[-75.93,39.3717],[-75.9306,39.3716],[-75.932,39.3715],[-75.9341,39.3709],[-75.9364,39.3695],[-75.9377,39.3687],[-75.9378,39.3687],[-75.9398,39.3678],[-75.941,39.3677],[-75.9423,39.3678],[-75.9437,39.3681],[-75.9439,39.3681],[-75.9444,39.3683],[-75.9454,39.3686],[-75.9462,39.3693],[-75.9464,39.3695],[-75.9468,39.3698],[-75.9478,39.371],[-75.9492,39.3724],[-75.9493,39.3725],[-75.9504,39.3732],[-75.9512,39.3734],[-75.9518,39.3736],[-75.9543,39.3741],[-75.957,39.3746],[-75.9585,39.3746],[-75.9601,39.3747],[-75.9601,39.3747],[-75.9614,39.3747],[-75.9641,39.3747],[-75.9644,39.3747],[-75.966,39.3745],[-75.9683,39.374],[-75.9694,39.3734],[-75.9706,39.3729],[-75.972,39.3716],[-75.9728,39.3709],[-75.9736,39.3696],[-75.9744,39.3686],[-75.9762,39.3675],[-75.9777,39.3669],[-75.979,39.3666],[-75.9805,39.3666],[-75.9811,39.3666],[-75.9815,39.3668],[-75.9827,39.3675],[-75.984,39.3692],[-75.9841,39.3693],[-75.9853,39.3708],[-75.9871,39.3726],[-75.989,39.3738],[-75.991,39.3747],[-75.992,39.3751],[-75.9922,39.3753],[-75.9923,39.3753],[-75.9931,39.3757],[-75.9939,39.3758],[-75.9942,39.3759],[-75.9951,39.3761],[-75.9961,39.3762],[-75.9985,39.3765],[-75.9994,39.3766],[-76.0002,39.3767],[-76.0011,39.3766],[-76.0015,39.3765],[-76.0017,39.3765],[-76.0022,39.3765],[-76.0024,39.3764],[-76.0025,39.3764],[-76.0025,39.3848],[-76.0025,39.385],[-76.0068,39.3852],[-76.0223,39.3857],[-76.0355,39.3862],[-76.0356,39.3862],[-76.0356,39.3862],[-76.0393,39.3878],[-76.0399,39.3881],[-76.04,39.3883],[-76.0409,39.3936],[-76.041,39.3942],[-76.0406,39.3947],[-76.0353,39.4016],[-76.035,39.402],[-76.0347,39.4021],[-76.0187,39.4077],[-76.0181,39.4079],[-76.0165,39.4085],[-76.0158,39.4089],[-76.0126,39.411],[-76.0097,39.4128],[-76.0069,39.4145],[-76.0029,39.4212],[-75.9986,39.4283],[-75.9974,39.4303],[-75.9967,39.4305],[-75.9927,39.4319],[-75.9924,39.432],[-75.9888,39.4332],[-75.9826,39.4353],[-75.9778,39.443],[-75.9767,39.4446],[-75.9767,39.4457],[-75.9766,39.4478],[-75.99,39.4586],[-75.9901,39.4586],[-75.9918,39.4583],[-75.9944,39.4579],[-75.9983,39.4572],[-76.0025,39.4502],[-76.0025,39.4502],[-76.0026,39.4502],[-76.0091,39.4493],[-76.0095,39.4492],[-76.0095,39.4493],[-76.0119,39.4525],[-76.0123,39.4531],[-76.0117,39.4542],[-76.01,39.4572],[-76.0029,39.4696],[-75.9966,39.4767],[-75.9953,39.483],[-75.9941,39.4887],[-75.9935,39.4906],[-75.9863,39.5104],[-75.9854,39.5121],[-75.9852,39.5124],[-75.9803,39.5219],[-75.9761,39.5299],[-75.9761,39.53],[-75.9753,39.5307],[-75.9737,39.5322],[-75.967,39.5386],[-75.967,39.5388],[-75.9671,39.5446],[-75.9672,39.548],[-75.9672,39.5486],[-75.9672,39.5501],[-75.9703,39.5576],[-75.9926,39.5631],[-75.9997,39.5605],[-76.0002,39.5597],[-76.0012,39.5581],[-76.0028,39.5557],[-76.0034,39.5548],[-76.0042,39.5536],[-76.0062,39.5505],[-76.0063,39.5505],[-76.0063,39.5504],[-76.0304,39.5488],[-76.0469,39.5477],[-76.0634,39.5466],[-76.0638,39.5466],[-76.0757,39.543],[-76.086,39.559],[-76.1062,39.5806],[-76.1357,39.6131],[-76.1441,39.6177],[-76.2333,39.7213]]]}},{"type":"Feature","id":"24017","properties":{"name":"Charles","fips":"24017"},"geometry":{"type":"Polygon","coordinates":[[[-77.1252,38.6191],[-77.1246,38.6198],[-77.1302,38.635],[-77.1359,38.6498],[-77.1325,38.6738],[-77.1211,38.6866],[-77.1059,38.6968],[-77.0861,38.7058],[-77.0786,38.6941],[-77.077,38.6902],[-77.011,38.652],[-76.863,38.6586],[-76.7473,38.6167],[-76.6755,38.5359],[-76.663,38.5266],[-76.6741,38.4996],[-76.6838,38.4953],[-76.6993,38.4971],[-76.7001,38.4976],[-76.7003,38.4979],[-76.7,38.4991],[-76.701,38.4996],[-76.7015,38.5002],[-76.7022,38.5017],[-76.7033,38.5024],[-76.7037,38.5023],[-76.7044,38.5018],[-76.7054,38.502],[-76.7055,38.503],[-76.7065,38.5042],[-76.7084,38.5048],[-76.7084,38.5055],[-76.7092,38.5074],[-76.71,38.5081],[-76.7104,38.5075],[-76.7105,38.5092],[-76.7118,38.5099],[-76.7135,38.5095],[-76.7138,38.5105],[-76.7153,38.5095],[-76.7159,38.5095],[-76.7164,38.5101],[-76.7178,38.5104],[-76.7185,38.5098],[-76.7191,38.5098],[-76.7204,38.5107],[-76.7227,38.5107],[-76.7266,38.5118],[-76.7301,38.5118],[-76.7337,38.5125],[-76.7349,38.5122],[-76.7387,38.5123],[-76.74,38.5126],[-76.7422,38.5125],[-76.7441,38.5122],[-76.7459,38.5126],[-76.7481,38.5125],[-76.7521,38.5137],[-76.7539,38.5135],[-76.7565,38.5135],[-76.758,38.5131],[-76.7598,38.513],[-76.7602,38.5133],[-76.7626,38.5132],[-76.7648,38.5134],[-76.7669,38.5133],[-76.7687,38.5126],[-76.7702,38.5105],[-76.771,38.5099],[-76.7749,38.5089],[-76.8718,38.389],[-76.8499,38.3658],[-76.8536,38.3401],[-76.834,38.2997],[-76.8458,38.2978],[-76.8461,38.2977],[-76.8463,38.2977],[-76.8462,38.292],[-76.8462,38.2918],[-76.8417,38.2898],[-76.8412,38.2896],[-76.8404,38.2892],[-76.8385,38.2842],[-76.8349,38.2743],[-76.8348,38.274],[-76.8351,38.2726],[-76.8377,38.262],[-76.8378,38.2616],[-76.842,38.2547],[-76.8421,38.2545],[-76.8434,38.2549],[-76.8442,38.2552],[-76.8449,38.2554],[-76.846,38.2558],[-76.8471,38.2562],[-76.8643,38.2689],[-76.8663,38.2697],[-76.8664,38.2697],[-76.8865,38.277],[-76.9085,38.2884],[-76.9208,38.2915],[-76.9209,38.2916],[-76.9222,38.3111],[-76.9222,38.3113],[-76.9236,38.3149],[-76.9247,38.316],[-76.927,38.3185],[-76.9296,38.3211],[-76.9421,38.3296],[-76.9539,38.3333],[-76.9663,38.3414],[-76.9751,38.3471],[-76.9755,38.3473],[-76.9836,38.363],[-76.9865,38.3826],[-76.9867,38.3842],[-76.987,38.3862],[-76.9878,38.392],[-76.9883,38.395],[-76.9893,38.3964],[-76.9893,38.3964],[-76.9903,38.3978],[-76.9938,38.4027],[-76.9967,38.4066],[-76.9967,38.4067],[-76.9986,38.4093],[-76.9988,38.4104],[-77.001,38.4193],[-77.0015,38.4215],[-77.0016,38.422],[-77.0019,38.4224],[-77.0026,38.4234],[-77.0065,38.4297],[-77.0068,38.4302],[-77.0164,38.4456],[-77.0167,38.4456],[-77.0406,38.4446],[-77.042,38.444],[-77.0429,38.4436],[-77.0442,38.443],[-77.0532,38.4378],[-77.0533,38.4377],[-77.0534,38.4376],[-77.0537,38.4375],[-77.054,38.4373],[-77.055,38.4367],[-77.0552,38.4366],[-77.0553,38.4365],[-77.0569,38.4356],[-77.0573,38.4354],[-77.0575,38.4353],[-77.0577,38.4351],[-77.0626,38.4322],[-77.0742,38.4255],[-77.0743,38.4254],[-77.0747,38.4252],[-77.0755,38.4247],[-77.0813,38.4194],[-77.0814,38.4193],[-77.0864,38.4148],[-77.0911,38.4075],[-77.1066,38.4062],[-77.107,38.4065],[-77.1076,38.407],[-77.1079,38.4072],[-77.1091,38.4081],[-77.1092,38.4082],[-77.1106,38.4092],[-77.1106,38.4092],[-77.1233,38.4106],[-77.1259,38.4048],[-77.1274,38.4016],[-77.1277,38.4008],[-77.1284,38.4002],[-77.1286,38.3999],[-77.1288,38.3997],[-77.1289,38.3997],[-77.1291,38.3995],[-77.1303,38.3983],[-77.1352,38.3933],[-77.1364,38.3921],[-77.1367,38.3918],[-77.1369,38.3917],[-77.14,38.3901],[-77.1432,38.3884],[-77.1475,38.3861],[-77.1635,38.3778],[-77.1687,38.3751],[-77.177,38.3707],[-77.1798,38.3692],[-77.1826,38.3678],[-77.1833,38.3674],[-77.1849,38.3666],[-77.1867,38.3656],[-77.1894,38.3649],[-77.205,38.3605],[-77.2072,38.3599],[-77.2073,38.3599],[-77.2074,38.3599],[-77.2083,38.3602],[-77.2122,38.3616],[-77.2167,38.3632],[-77.2168,38.3632],[-77.2362,38.3746],[-77.2502,38.3828],[-77.2509,38.3843],[-77.2512,38.3851],[-77.2532,38.3896],[-77.2564,38.3968],[-77.2572,38.3985],[-77.2619,38.4091],[-77.2642,38.4143],[-77.2613,38.4237],[-77.26,38.4279],[-77.26,38.4358],[-77.2608,38.4384],[-77.2637,38.4478],[-77.2668,38.458],[-77.2695,38.4665],[-77.274,38.4811],[-77.2742,38.4816],[-77.2742,38.4818],[-77.2741,38.482],[-77.2711,38.4908],[-77.2636,38.5123],[-77.2574,38.5218],[-77.2549,38.5257],[-77.2461,38.5391],[-77.2427,38.5442],[-77.2377,38.5519],[-77.2367,38.5521],[-77.2265,38.5541],[-77.2211,38.5552],[-77.2099,38.5689],[-77.2053,38.5745],[-77.1838,38.6007],[-77.176,38.6041],[-77.17,38.6067],[-77.1697,38.6069],[-77.1675,38.6067],[-77.1639,38.6065],[-77.1634,38.6065],[-77.1632,38.6065],[-77.1626,38.6064],[-77.1616,38.6064],[-77.1487,38.6056],[-77.1461,38.6067],[-77.1355,38.6115],[-77.1292,38.6143],[-77.1291,38.6144],[-77.1288,38.6147],[-77.1263,38.6177],[-77.1252,38.6191]]]}},{"type":"Feature","id":"24019","properties":{"name":"Dorchester","fips":"24019"},"geometry":{"type":"MultiPolygon","coordinates":[[[[-76.0484,38.1206],[-76.0568,38.1251],[-76.061,38.127],[-76.0611,38.127],[-76.0615,38.1268],[-76.0637,38.1261],[-76.0647,38.1257],[-76.0811,38.12],[-76.0816,38.1199],[-76.0852,38.1186],[-76.0853,38.1186],[-76.0855,38.1179],[-76.0859,38.1168],[-76.0859,38.1167],[-76.0862,38.1165],[-76.089,38.1153],[-76.0892,38.1152],[-76.0909,38.1145],[-76.0955,38.1251],[-76.0906,38.1312],[-76.0906,38.1312],[-76.0905,38.1319],[-76.089,38.141],[-76.0899,38.1438],[-76.0902,38.1448],[-76.0923,38.1514],[-76.0886,38.1926],[-76.0715,38.2035],[-76.0678,38.2035],[-76.0671,38.2035],[-76.067,38.2035],[-76.0619,38.2036],[-76.0597,38.2036],[-76.0596,38.2036],[-76.0592,38.2036],[-76.0592,38.2036],[-76.059,38.2036],[-76.0589,38.2036],[-76.0538,38.2037],[-76.0522,38.2037],[-76.0505,38.2037],[-76.0489,38.2037],[-76.0488,38.2037],[-76.0465,38.2015],[-76.0463,38.2013],[-76.0427,38.1978],[-76.0426,38.1977],[-76.0424,38.1975],[-76.0423,38.1974],[-76.042,38.1971],[-76.0407,38.1959],[-76.0389,38.1942],[-76.0368,38.192],[-76.0286,38.1841],[-76.0284,38.1839],[-76.0269,38.1825],[-76.0259,38.1815],[-76.0222,38.1779],[-76.0219,38.172],[-76.0259,38.1709],[-76.0328,38.1692],[-76.0328,38.1691],[-76.034,38.1579],[-76.034,38.1576],[-76.0319,38.1486],[-76.0319,38.1483],[-76.0314,38.1476],[-76.0484,38.1206]]],[[[-75.9255,38.2667],[-75.9386,38.2723],[-75.9403,38.2716],[-75.9425,38.2707],[-75.9427,38.2706],[-75.9483,38.2683],[-75.9514,38.267],[-75.9515,38.2669],[-75.9515,38.2669],[-75.9516,38.2669],[-75.9516,38.2668],[-75.9545,38.2644],[-75.9546,38.2643],[-75.9547,38.2642],[-75.9547,38.2641],[-75.9548,38.2641],[-75.9549,38.264],[-75.9549,38.264],[-75.9548,38.261],[-75.9546,38.2541],[-75.9546,38.2535],[-75.9545,38.2529],[-75.9501,38.2497],[-75.9495,38.2493],[-75.9488,38.2488],[-75.9479,38.2489],[-75.9457,38.2491],[-75.9445,38.2491],[-75.943,38.2483],[-75.9425,38.2479],[-75.9423,38.2478],[-75.9407,38.2469],[-75.9412,38.2462],[-75.9428,38.2439],[-75.9464,38.2389],[-75.9482,38.2385],[-75.9512,38.2379],[-75.9552,38.237],[-75.9558,38.2368],[-75.9583,38.2363],[-75.9588,38.2362],[-75.962,38.2355],[-75.9621,38.2355],[-75.9627,38.2354],[-75.9629,38.2353],[-75.9705,38.2337],[-75.9715,38.2335],[-75.9722,38.2333],[-75.9704,38.235],[-75.9701,38.2353],[-75.9694,38.236],[-75.9693,38.2361],[-75.9645,38.2407],[-75.9641,38.2411],[-75.964,38.2416],[-75.9622,38.2475],[-75.9635,38.2518],[-75.9843,38.2652],[-75.9858,38.2765],[-75.9878,38.2793],[-75.9887,38.2806],[-75.9904,38.2829],[-75.9912,38.2839],[-75.9917,38.2846],[-75.9927,38.2858],[-75.9928,38.286],[-75.9934,38.2867],[-76.0002,38.2953],[-76.004,38.3001],[-76.0071,38.304],[-76.0073,38.3042],[-76.0074,38.3043],[-76.0075,38.3044],[-76.0112,38.3056],[-76.0115,38.3056],[-76.0163,38.3072],[-76.0163,38.3072],[-76.0165,38.3076],[-76.0173,38.309],[-76.0174,38.3091],[-76.0094,38.312],[-76.0086,38.3123],[-75.9912,38.3141],[-75.9905,38.3142],[-75.986,38.3147],[-75.9848,38.3148],[-75.9844,38.3148],[-75.9832,38.315],[-75.9832,38.315],[-75.9825,38.315],[-75.9813,38.3151],[-75.9696,38.32],[-75.9693,38.3202],[-75.9689,38.3205],[-75.9642,38.3243],[-75.9619,38.3326],[-75.9619,38.3358],[-75.9619,38.336],[-75.9619,38.3414],[-75.9654,38.3484],[-75.9664,38.3505],[-75.9689,38.3556],[-75.9692,38.3562],[-75.9708,38.3596],[-75.971,38.36],[-75.9715,38.3611],[-75.9719,38.3618],[-75.9722,38.3624],[-75.9723,38.3626],[-75.9739,38.3659],[-75.9797,38.3676],[-75.9802,38.3678],[-75.9808,38.368],[-75.9957,38.3725],[-76.0018,38.3743],[-76.0022,38.3744],[-76.0023,38.3745],[-76.0049,38.372],[-76.0069,38.3702],[-76.0119,38.3606],[-76.0121,38.3571],[-76.011,38.3548],[-76.0107,38.3543],[-76.0103,38.3533],[-76.0102,38.3532],[-76.0104,38.3527],[-76.0104,38.3525],[-76.0167,38.3324],[-76.0339,38.3232],[-76.0414,38.3222],[-76.0416,38.3221],[-76.0417,38.3221],[-76.0432,38.3206],[-76.0439,38.3199],[-76.0446,38.3192],[-76.0451,38.3188],[-76.0456,38.3182],[-76.046,38.3175],[-76.0464,38.3166],[-76.0474,38.3143],[-76.048,38.313],[-76.0486,38.3116],[-76.049,38.3109],[-76.0492,38.3104],[-76.0495,38.3097],[-76.0496,38.3096],[-76.0496,38.3093],[-76.0496,38.309],[-76.0502,38.3041],[-76.0471,38.3016],[-76.04,38.2957],[-76.0305,38.288],[-76.0282,38.282],[-76.0276,38.2803],[-76.0275,38.2801],[-76.0326,38.2689],[-76.0327,38.2687],[-76.0328,38.2685],[-76.033,38.268],[-76.0336,38.2666],[-76.0337,38.2664],[-76.0389,38.2549],[-76.0397,38.2541],[-76.0439,38.2497],[-76.0443,38.2494],[-76.0441,38.2434],[-76.0441,38.2417],[-76.0438,38.2413],[-76.038,38.2336],[-76.0371,38.2324],[-76.0371,38.2324],[-76.0361,38.2311],[-76.0357,38.2306],[-76.0335,38.222],[-76.0333,38.2216],[-76.032,38.2167],[-76.058,38.2271],[-76.0695,38.2385],[-76.0708,38.2418],[-76.0712,38.2427],[-76.0735,38.2486],[-76.0737,38.2492],[-76.0745,38.2511],[-76.0745,38.2512],[-76.0746,38.2513],[-76.0746,38.2514],[-76.0747,38.2517],[-76.0748,38.2518],[-76.0749,38.2522],[-76.0823,38.2526],[-76.0825,38.2526],[-76.0898,38.2531],[-76.0924,38.2532],[-76.0927,38.2532],[-76.0947,38.2533],[-76.0997,38.2536],[-76.1076,38.2625],[-76.1025,38.2772],[-76.1113,38.2869],[-76.1269,38.2838],[-76.1311,38.2829],[-76.1372,38.2816],[-76.1374,38.2816],[-76.1385,38.2814],[-76.1385,38.2814],[-76.1386,38.2814],[-76.1407,38.282],[-76.1409,38.2821],[-76.1431,38.2827],[-76.1494,38.2845],[-76.1499,38.2847],[-76.1605,38.291],[-76.1608,38.2909],[-76.1613,38.2909],[-76.1662,38.2904],[-76.1734,38.2853],[-76.1736,38.2852],[-76.1738,38.2849],[-76.174,38.2847],[-76.1741,38.2845],[-76.1742,38.2845],[-76.1745,38.2841],[-76.1746,38.2839],[-76.1747,38.2838],[-76.1801,38.277],[-76.1802,38.277],[-76.1801,38.2767],[-76.1791,38.2733],[-76.1783,38.2703],[-76.1758,38.2616],[-76.1713,38.257],[-76.1644,38.2501],[-76.1632,38.2489],[-76.1463,38.2497],[-76.1352,38.2459],[-76.135,38.2458],[-76.1325,38.245],[-76.131,38.2444],[-76.1266,38.2429],[-76.1265,38.242],[-76.1259,38.2389],[-76.1258,38.2383],[-76.1285,38.2357],[-76.1289,38.2353],[-76.1313,38.2329],[-76.1401,38.2313],[-76.151,38.2342],[-76.1733,38.247],[-76.1886,38.2674],[-76.1896,38.2725],[-76.1897,38.2726],[-76.1905,38.2771],[-76.1972,38.2852],[-76.1977,38.2859],[-76.1979,38.2861],[-76.2016,38.2906],[-76.2016,38.2906],[-76.2023,38.2915],[-76.2026,38.2919],[-76.2029,38.2922],[-76.2034,38.2929],[-76.2039,38.2935],[-76.2114,38.3027],[-76.2163,38.305],[-76.2176,38.3057],[-76.2181,38.3059],[-76.2264,38.31],[-76.2264,38.31],[-76.2439,38.3103],[-76.2545,38.3151],[-76.2582,38.3184],[-76.2666,38.3395],[-76.2642,38.3464],[-76.2593,38.3416],[-76.2593,38.3416],[-76.2592,38.3416],[-76.2584,38.3419],[-76.2579,38.342],[-76.2385,38.348],[-76.2385,38.3484],[-76.2385,38.3492],[-76.2386,38.3502],[-76.239,38.3507],[-76.2391,38.3508],[-76.2396,38.3515],[-76.2399,38.3519],[-76.2402,38.3522],[-76.2404,38.3525],[-76.2473,38.3613],[-76.2488,38.3631],[-76.2497,38.3642],[-76.2568,38.3667],[-76.2575,38.3667],[-76.258,38.3667],[-76.273,38.3665],[-76.2787,38.3829],[-76.2788,38.3832],[-76.2807,38.3887],[-76.2812,38.3901],[-76.2813,38.3904],[-76.2814,38.3906],[-76.2817,38.3915],[-76.2821,38.3928],[-76.2823,38.3931],[-76.2806,38.4031],[-76.283,38.4135],[-76.2907,38.4244],[-76.3002,38.4379],[-76.3015,38.4398],[-76.3116,38.4503],[-76.3118,38.4504],[-76.3208,38.4599],[-76.3314,38.4733],[-76.3315,38.4734],[-76.3316,38.4735],[-76.3318,38.4743],[-76.332,38.4752],[-76.3364,38.4922],[-76.3273,38.5001],[-76.3181,38.4982],[-76.2895,38.5039],[-76.2836,38.5042],[-76.2818,38.5022],[-76.264,38.5035],[-76.2621,38.5049],[-76.2604,38.5063],[-76.2479,38.523],[-76.2473,38.5238],[-76.2444,38.537],[-76.2489,38.539],[-76.2503,38.5391],[-76.251,38.5392],[-76.2536,38.5394],[-76.2741,38.5312],[-76.2781,38.5325],[-76.281,38.5361],[-76.2775,38.5419],[-76.2759,38.5488],[-76.2796,38.5572],[-76.2832,38.5613],[-76.2836,38.5618],[-76.289,38.568],[-76.29,38.5692],[-76.2907,38.5692],[-76.2965,38.5701],[-76.2993,38.5705],[-76.3083,38.5718],[-76.3052,38.5753],[-76.292,38.582],[-76.2909,38.5825],[-76.2735,38.5914],[-76.2686,38.5978],[-76.2726,38.602],[-76.2746,38.6042],[-76.2749,38.6045],[-76.2752,38.6049],[-76.2753,38.6049],[-76.2757,38.6053],[-76.2796,38.6095],[-76.2781,38.6107],[-76.2767,38.6118],[-76.2718,38.6157],[-76.2642,38.6151],[-76.2636,38.6155],[-76.2628,38.616],[-76.2611,38.617],[-76.2603,38.6175],[-76.2539,38.6216],[-76.2479,38.6254],[-76.2465,38.6263],[-76.2366,38.6286],[-76.236,38.6268],[-76.2349,38.624],[-76.2312,38.614],[-76.2294,38.6133],[-76.2292,38.6132],[-76.2288,38.6131],[-76.223,38.6108],[-76.2207,38.6099],[-76.2124,38.6067],[-76.2124,38.6067],[-76.2031,38.6107],[-76.2026,38.613],[-76.1909,38.6211],[-76.175,38.6288],[-76.1701,38.6292],[-76.1601,38.6255],[-76.1529,38.6318],[-76.0234,38.5739],[-75.9911,38.5925],[-75.9452,38.6741],[-75.7627,38.6862],[-75.7074,38.6354],[-75.7073,38.6353],[-75.7066,38.6261],[-75.7062,38.6213],[-75.7059,38.6163],[-75.7058,38.6147],[-75.704,38.5921],[-75.7034,38.5851],[-75.7016,38.5607],[-75.7073,38.5595],[-75.7119,38.5509],[-75.7188,38.5462],[-75.7245,38.5412],[-75.7298,38.5387],[-75.7378,38.5376],[-75.7406,38.5384],[-75.7465,38.5368],[-75.7497,38.5317],[-75.7536,38.5281],[-75.756,38.5153],[-75.7598,38.5101],[-75.765,38.5065],[-75.7821,38.5016],[-75.785,38.5001],[-75.7947,38.4924],[-75.8005,38.491],[-75.8152,38.4888],[-75.8237,38.481],[-75.8248,38.4791],[-75.8229,38.476],[-75.8187,38.4723],[-75.8158,38.4694],[-75.8149,38.4665],[-75.8167,38.4633],[-75.822,38.461],[-75.8285,38.4596],[-75.8332,38.4576],[-75.8357,38.4533],[-75.8367,38.4481],[-75.836,38.4452],[-75.8331,38.4434],[-75.8266,38.4422],[-75.8213,38.4393],[-75.8198,38.4359],[-75.8213,38.4301],[-75.825,38.4254],[-75.8289,38.4234],[-75.8433,38.4227],[-75.8456,38.4219],[-75.8473,38.4173],[-75.851,38.4045],[-75.8513,38.4003],[-75.8467,38.3971],[-75.8424,38.3931],[-75.8384,38.3875],[-75.8383,38.3859],[-75.8403,38.3848],[-75.8462,38.3844],[-75.8553,38.3853],[-75.8609,38.3836],[-75.8654,38.3791],[-75.8673,38.3751],[-75.866,38.3731],[-75.8595,38.3668],[-75.8577,38.3635],[-75.8572,38.3599],[-75.8577,38.357],[-75.8603,38.3539],[-75.8642,38.3508],[-75.9286,38.2973],[-75.9255,38.2667]]]]}},{"type":"Feature","id":"24021","properties":{"name":"Frederick","fips":"24021"},"geometry":{"type":"Polygon","coordinates":[[[-77.4588,39.2203],[-77.4577,39.225],[-77.4602,39.2284],[-77.4846,39.2459],[-77.5112,39.2535],[-77.5345,39.2624],[-77.5432,39.2669],[-77.5458,39.2715],[-77.5609,39.2862],[-77.5927,39.3013],[-77.6677,39.3181],[-77.6775,39.3187],[-77.5702,39.62],[-77.4691,39.72],[-77.4594,39.72],[-77.2433,39.72],[-77.2398,39.72],[-77.217,39.72],[-77.2877,39.6045],[-77.2001,39.5786],[-77.1068,39.4917],[-77.1681,39.354],[-77.1686,39.3537],[-77.1688,39.3535],[-77.1715,39.3525],[-77.3138,39.2865],[-77.337,39.2757],[-77.4549,39.2216],[-77.4588,39.2203]]]}},{"type":"Feature","id":"24023","properties":{"name":"Garrett","fips":"24023"},"geometry":{"type":"Polygon","coordinates":[[[-79.0671,39.4747],[-79.0845,39.4714],[-79.2017,39.3797],[-79.2132,39.3679],[-79.2569,39.3561],[-79.28,39.3401],[-79.3787,39.2719],[-79.4029,39.2501],[-79.4869,39.206],[-79.4859,39.2649],[-79.4862,39.265],[-79.4867,39.2781],[-79.4877,39.2799],[-79.4826,39.5214],[-79.4824,39.5247],[-79.4789,39.5317],[-79.4767,39.7211],[-79.3925,39.7213],[-78.9312,39.7228],[-78.9312,39.7228],[-79.0679,39.4792],[-79.0671,39.4747]]]}},{"type":"Feature","id":"24025","properties":{"name":"Harford","fips":"24025"},"geometry":{"type":"Polygon","coordinates":[[[-76.5695,39.7212],[-76.5694,39.7212],[-76.5171,39.7213],[-76.4919,39.7213],[-76.4188,39.7212],[-76.4187,39.7213],[-76.3956,39.7212],[-76.3806,39.7213],[-76.3801,39.7213],[-76.2398,39.7213],[-76.2333,39.7213],[-76.2333,39.7213],[-76.1441,39.6177],[-76.1357,39.6131],[-76.1062,39.5806],[-76.086,39.559],[-76.0757,39.543],[-76.0961,39.5369],[-76.103,39.5236],[-76.1056,39.5186],[-76.1057,39.5184],[-76.1062,39.5174],[-76.1071,39.5156],[-76.1116,39.507],[-76.1168,39.4969],[-76.1173,39.4961],[-76.1146,39.4886],[-76.1139,39.4867],[-76.1088,39.4823],[-76.1047,39.4788],[-76.1002,39.4769],[-76.0995,39.4766],[-76.0983,39.4761],[-76.0833,39.4779],[-76.0831,39.4778],[-76.0816,39.4774],[-76.0731,39.4753],[-76.0723,39.4751],[-76.072,39.475],[-76.0718,39.4748],[-76.0698,39.4706],[-76.0639,39.4583],[-76.0623,39.455],[-76.0609,39.4522],[-76.0609,39.4512],[-76.061,39.4478],[-76.061,39.4477],[-76.0812,39.4367],[-76.0814,39.4369],[-76.0833,39.4383],[-76.0834,39.4383],[-76.0936,39.4369],[-76.1022,39.4357],[-76.1128,39.4299],[-76.1151,39.4286],[-76.1168,39.4276],[-76.1172,39.4272],[-76.121,39.4224],[-76.1218,39.4214],[-76.1219,39.4212],[-76.1321,39.4146],[-76.1422,39.408],[-76.1464,39.4053],[-76.147,39.4054],[-76.1502,39.4056],[-76.1505,39.4056],[-76.1509,39.4057],[-76.1519,39.4058],[-76.1521,39.4058],[-76.1524,39.4058],[-76.1571,39.4062],[-76.1586,39.4063],[-76.1588,39.4063],[-76.1594,39.4057],[-76.1711,39.3926],[-76.1715,39.3922],[-76.1717,39.3917],[-76.1751,39.386],[-76.1756,39.3852],[-76.1759,39.3846],[-76.1801,39.3776],[-76.1801,39.3776],[-76.1994,39.3662],[-76.2023,39.3645],[-76.227,39.3499],[-76.2276,39.3501],[-76.2296,39.3507],[-76.2338,39.352],[-76.2347,39.3535],[-76.2348,39.3535],[-76.2358,39.3551],[-76.2365,39.3562],[-76.2379,39.3584],[-76.2399,39.3614],[-76.2413,39.3616],[-76.2434,39.3618],[-76.2444,39.3617],[-76.245,39.3617],[-76.2453,39.3617],[-76.2501,39.3613],[-76.2505,39.3611],[-76.2664,39.3534],[-76.2653,39.35],[-76.263,39.3486],[-76.2584,39.3458],[-76.2583,39.3457],[-76.2539,39.3368],[-76.262,39.3347],[-76.2625,39.3346],[-76.2631,39.3344],[-76.2636,39.3343],[-76.2636,39.3343],[-76.2656,39.3325],[-76.2658,39.3323],[-76.2661,39.332],[-76.2663,39.3319],[-76.2664,39.3317],[-76.2727,39.326],[-76.2761,39.3229],[-76.2778,39.3187],[-76.2779,39.3186],[-76.2782,39.3177],[-76.2784,39.3174],[-76.2785,39.3171],[-76.2806,39.312],[-76.2808,39.3116],[-76.2811,39.3079],[-76.2814,39.3045],[-76.2814,39.3039],[-76.2816,39.3024],[-76.2816,39.3021],[-76.2817,39.3021],[-76.2965,39.3024],[-76.2979,39.3024],[-76.2911,39.3181],[-76.2988,39.3292],[-76.2988,39.334],[-76.2988,39.3393],[-76.2988,39.3402],[-76.2976,39.3422],[-76.2956,39.3456],[-76.295,39.3466],[-76.2957,39.35],[-76.3018,39.3522],[-76.3106,39.3554],[-76.3108,39.3555],[-76.3114,39.3557],[-76.3117,39.3558],[-76.3126,39.3559],[-76.3129,39.3559],[-76.3144,39.3561],[-76.3227,39.3571],[-76.3237,39.3572],[-76.33,39.3561],[-76.3237,39.3744],[-76.3578,39.3898],[-76.3588,39.3903],[-76.3593,39.394],[-76.3611,39.4003],[-76.3722,39.4056],[-76.3702,39.4134],[-76.3735,39.4214],[-76.374,39.4223],[-76.376,39.4238],[-76.3776,39.4243],[-76.437,39.502],[-76.531,39.5438],[-76.5341,39.5546],[-76.5311,39.5554],[-76.5324,39.5616],[-76.5361,39.5618],[-76.5406,39.5722],[-76.5695,39.7212]]]}},{"type":"Feature","id":"24027","properties":{"name":"Howard","fips":"24027"},"geometry":{"type":"Polygon","coordinates":[[[-77.1447,39.2947],[-77.1868,39.3382],[-77.1688,39.3535],[-77.1686,39.3537],[-77.1681,39.354],[-76.8823,39.3502],[-76.7638,39.2513],[-76.7395,39.2322],[-76.7238,39.2282],[-76.7052,39.2155],[-76.6971,39.2141],[-76.7192,39.1915],[-76.7226,39.1829],[-76.7406,39.1792],[-76.7637,39.1662],[-76.777,39.1509],[-76.787,39.1288],[-76.8246,39.1172],[-76.8404,39.1031],[-76.8491,39.1091],[-76.869,39.1122],[-76.8885,39.131],[-77.1447,39.2947]]]}},{"type":"Feature","id":"24029","properties":{"name":"Kent","fips":"24029"},"geometry":{"type":"Polygon","coordinates":[[[-75.8677,39.2595],[-75.8741,39.2498],[-75.925,39.2441],[-75.9307,39.239],[-75.9379,39.2355],[-75.9534,39.2353],[-75.9672,39.2393],[-75.9767,39.2405],[-75.9898,39.2384],[-75.9984,39.2348],[-76.0128,39.2345],[-76.0148,39.2342],[-76.0205,39.2274],[-76.0272,39.2267],[-76.0566,39.2103],[-76.0688,39.1923],[-76.0652,39.1852],[-76.0467,39.1808],[-76.0397,39.1741],[-76.0476,39.1627],[-76.0816,39.1477],[-76.0724,39.1382],[-76.1171,39.1071],[-76.1581,39.094],[-76.1673,39.0948],[-76.1691,39.095],[-76.1694,39.095],[-76.1699,39.0951],[-76.1839,39.0963],[-76.1899,39.093],[-76.1947,39.0904],[-76.2033,39.0857],[-76.2034,39.0856],[-76.2035,39.0851],[-76.2051,39.0801],[-76.2076,39.0722],[-76.21,39.0644],[-76.2103,39.0625],[-76.2109,39.0569],[-76.2118,39.0482],[-76.2126,39.0416],[-76.2126,39.0413],[-76.2126,39.0412],[-76.212,39.0389],[-76.2116,39.0371],[-76.2105,39.0327],[-76.2098,39.0301],[-76.2095,39.0288],[-76.2085,39.0248],[-76.2083,39.0246],[-76.2069,39.0226],[-76.2068,39.0226],[-76.206,39.0215],[-76.2007,39.0145],[-76.201,39.0143],[-76.2022,39.0137],[-76.2091,39.01],[-76.2093,39.0101],[-76.2168,39.0129],[-76.2211,39.0145],[-76.2237,39.0155],[-76.2318,39.0185],[-76.2402,39.0266],[-76.2419,39.0282],[-76.2427,39.0289],[-76.2409,39.0398],[-76.2394,39.042],[-76.2375,39.0449],[-76.2371,39.0455],[-76.2312,39.0608],[-76.2311,39.061],[-76.2314,39.0717],[-76.2317,39.0828],[-76.2335,39.0914],[-76.2406,39.1069],[-76.2451,39.1165],[-76.2529,39.1336],[-76.253,39.1336],[-76.2603,39.1427],[-76.2609,39.1434],[-76.2644,39.1439],[-76.2665,39.1442],[-76.2681,39.1444],[-76.2749,39.1453],[-76.2767,39.1455],[-76.2785,39.1458],[-76.2768,39.1545],[-76.2757,39.1603],[-76.2747,39.165],[-76.2746,39.1655],[-76.2743,39.1661],[-76.2695,39.1752],[-76.2686,39.1767],[-76.267,39.1798],[-76.2666,39.1805],[-76.2558,39.1916],[-76.251,39.1992],[-76.2487,39.2033],[-76.2326,39.2323],[-76.2321,39.2333],[-76.2262,39.2465],[-76.2205,39.2594],[-76.2193,39.262],[-76.2193,39.262],[-76.2183,39.263],[-76.2175,39.2638],[-76.2113,39.2698],[-76.2113,39.2698],[-76.2112,39.2698],[-76.2107,39.2698],[-76.203,39.2699],[-76.2026,39.2703],[-76.193,39.2788],[-76.1913,39.2804],[-76.1899,39.2816],[-76.1859,39.2852],[-76.1857,39.2854],[-76.1815,39.2918],[-76.1815,39.2918],[-76.1777,39.2987],[-76.1777,39.2987],[-76.1772,39.3031],[-76.1768,39.3062],[-76.1768,39.3064],[-76.1769,39.3066],[-76.179,39.3099],[-76.1791,39.3101],[-76.186,39.3125],[-76.1866,39.3154],[-76.1866,39.3155],[-76.186,39.3178],[-76.1856,39.3193],[-76.1855,39.3194],[-76.1706,39.332],[-76.1705,39.332],[-76.1704,39.3321],[-76.1694,39.3325],[-76.1684,39.3328],[-76.1597,39.3359],[-76.1572,39.3356],[-76.1527,39.3352],[-76.1455,39.3344],[-76.1332,39.3405],[-76.1351,39.3425],[-76.137,39.3444],[-76.135,39.3511],[-76.13,39.3537],[-76.1167,39.3607],[-76.1164,39.3609],[-76.1159,39.3617],[-76.1132,39.367],[-76.1106,39.3721],[-76.1105,39.3723],[-76.1089,39.3722],[-76.1084,39.3722],[-76.075,39.3713],[-76.0659,39.3711],[-76.0657,39.3711],[-76.0615,39.371],[-76.0593,39.3709],[-76.0587,39.3709],[-76.0579,39.3709],[-76.0542,39.3708],[-76.0498,39.3706],[-76.0329,39.3674],[-76.0318,39.3668],[-76.0301,39.3658],[-76.023,39.3619],[-76.0191,39.363],[-76.0065,39.3664],[-76.0024,39.3675],[-76.0025,39.3764],[-76.0024,39.3764],[-76.0022,39.3765],[-76.0017,39.3765],[-76.0015,39.3765],[-76.0011,39.3766],[-76.0002,39.3767],[-75.9994,39.3766],[-75.9985,39.3765],[-75.9961,39.3762],[-75.9951,39.3761],[-75.9942,39.3759],[-75.9939,39.3758],[-75.9931,39.3757],[-75.9923,39.3753],[-75.9922,39.3753],[-75.992,39.3751],[-75.991,39.3747],[-75.989,39.3738],[-75.9871,39.3726],[-75.9853,39.3708],[-75.9841,39.3693],[-75.984,39.3692],[-75.9827,39.3675],[-75.9815,39.3668],[-75.9811,39.3666],[-75.9805,39.3666],[-75.979,39.3666],[-75.9777,39.3669],[-75.9762,39.3675],[-75.9744,39.3686],[-75.9736,39.3696],[-75.9728,39.3709],[-75.972,39.3716],[-75.9706,39.3729],[-75.9694,39.3734],[-75.9683,39.374],[-75.966,39.3745],[-75.9644,39.3747],[-75.9641,39.3747],[-75.9614,39.3747],[-75.9601,39.3747],[-75.9601,39.3747],[-75.9585,39.3746],[-75.957,39.3746],[-75.9543,39.3741],[-75.9518,39.3736],[-75.9512,39.3734],[-75.9504,39.3732],[-75.9493,39.3725],[-75.9492,39.3724],[-75.9478,39.371],[-75.9468,39.3698],[-75.9464,39.3695],[-75.9462,39.3693],[-75.9454,39.3686],[-75.9444,39.3683],[-75.9439,39.3681],[-75.9437,39.3681],[-75.9423,39.3678],[-75.941,39.3677],[-75.9398,39.3678],[-75.9378,39.3687],[-75.9377,39.3687],[-75.9364,39.3695],[-75.9341,39.3709],[-75.932,39.3715],[-75.9306,39.3716],[-75.93,39.3717],[-75.9279,39.3715],[-75.9272,39.3712],[-75.9266,39.371],[-75.9253,39.3698],[-75.924,39.368],[-75.9239,39.368],[-75.9228,39.3672],[-75.9211,39.3671],[-75.9199,39.367],[-75.9198,39.3669],[-75.9189,39.3669],[-75.9185,39.3669],[-75.9176,39.3668],[-75.9167,39.3668],[-75.9166,39.3668],[-75.915,39.3666],[-75.915,39.3666],[-75.9136,39.3661],[-75.912,39.3654],[-75.9118,39.3654],[-75.9102,39.365],[-75.9093,39.3648],[-75.9085,39.3646],[-75.908,39.3645],[-75.9038,39.3643],[-75.9027,39.3645],[-75.9004,39.3648],[-75.8998,39.3649],[-75.8983,39.3654],[-75.8982,39.3654],[-75.8978,39.3655],[-75.8974,39.3656],[-75.896,39.3659],[-75.8949,39.3657],[-75.8949,39.3657],[-75.8945,39.3656],[-75.8923,39.3646],[-75.8912,39.3638],[-75.8902,39.363],[-75.8889,39.3621],[-75.8885,39.3619],[-75.8885,39.3619],[-75.8859,39.3608],[-75.8851,39.3608],[-75.8844,39.3614],[-75.8836,39.3623],[-75.8828,39.3635],[-75.8821,39.3643],[-75.8821,39.3643],[-75.8809,39.3649],[-75.8798,39.3653],[-75.8795,39.3655],[-75.878,39.3656],[-75.878,39.3656],[-75.8778,39.3656],[-75.8766,39.3657],[-75.8758,39.3658],[-75.875,39.3658],[-75.8744,39.3658],[-75.8733,39.366],[-75.8726,39.3662],[-75.8721,39.3663],[-75.8684,39.3677],[-75.8681,39.3678],[-75.8676,39.3678],[-75.8674,39.3676],[-75.8668,39.3673],[-75.8662,39.3669],[-75.8657,39.3665],[-75.865,39.3665],[-75.8638,39.3664],[-75.8625,39.3674],[-75.8614,39.3675],[-75.861,39.3676],[-75.8608,39.3675],[-75.8592,39.3663],[-75.8586,39.3659],[-75.8572,39.3651],[-75.8566,39.3649],[-75.8554,39.3646],[-75.8537,39.3653],[-75.8531,39.3659],[-75.8524,39.3665],[-75.8515,39.3669],[-75.8494,39.3676],[-75.849,39.3679],[-75.8488,39.368],[-75.8487,39.3681],[-75.8485,39.3682],[-75.847,39.3676],[-75.8469,39.3675],[-75.8468,39.3675],[-75.8467,39.3676],[-75.8466,39.3676],[-75.846,39.3676],[-75.8455,39.3677],[-75.8443,39.3695],[-75.8443,39.3696],[-75.8438,39.37],[-75.8424,39.371],[-75.8417,39.3712],[-75.8417,39.3712],[-75.8403,39.3717],[-75.8396,39.372],[-75.8366,39.3728],[-75.8366,39.3728],[-75.8357,39.3731],[-75.8355,39.3732],[-75.834,39.3738],[-75.8334,39.3738],[-75.8323,39.374],[-75.8315,39.3741],[-75.8312,39.3742],[-75.8308,39.3745],[-75.8307,39.3746],[-75.8305,39.3747],[-75.83,39.3751],[-75.8302,39.3753],[-75.8301,39.3757],[-75.83,39.3757],[-75.8297,39.3762],[-75.8295,39.3765],[-75.8294,39.3766],[-75.8282,39.3778],[-75.828,39.3779],[-75.8274,39.3782],[-75.8254,39.3798],[-75.8245,39.381],[-75.8244,39.381],[-75.8238,39.3814],[-75.8237,39.3814],[-75.8223,39.3816],[-75.8213,39.3818],[-75.82,39.3821],[-75.8196,39.3821],[-75.8188,39.3823],[-75.8187,39.3822],[-75.8183,39.3821],[-75.818,39.3819],[-75.8179,39.3819],[-75.8176,39.3816],[-75.8174,39.3814],[-75.817,39.3811],[-75.8164,39.3807],[-75.8163,39.3807],[-75.8146,39.3803],[-75.813,39.38],[-75.8115,39.38],[-75.8101,39.3798],[-75.81,39.3798],[-75.8098,39.3798],[-75.8096,39.3798],[-75.8095,39.3797],[-75.8093,39.3795],[-75.8092,39.3795],[-75.8094,39.3789],[-75.8094,39.3788],[-75.8094,39.3784],[-75.8092,39.3781],[-75.8089,39.378],[-75.8087,39.3781],[-75.8086,39.3781],[-75.8081,39.378],[-75.808,39.378],[-75.8079,39.378],[-75.8077,39.3778],[-75.8076,39.3777],[-75.8076,39.3777],[-75.8074,39.3776],[-75.8074,39.3776],[-75.8073,39.3775],[-75.8071,39.3774],[-75.8071,39.3773],[-75.807,39.3773],[-75.807,39.3773],[-75.8066,39.3771],[-75.8064,39.3771],[-75.8062,39.3768],[-75.8062,39.3767],[-75.8063,39.3762],[-75.8062,39.3759],[-75.8063,39.3756],[-75.8065,39.3755],[-75.8065,39.3755],[-75.8065,39.3754],[-75.8064,39.3753],[-75.8062,39.3752],[-75.8061,39.3753],[-75.8059,39.3754],[-75.8059,39.3755],[-75.8057,39.3755],[-75.8057,39.3755],[-75.8055,39.3755],[-75.8051,39.3755],[-75.805,39.3755],[-75.8048,39.3754],[-75.8047,39.3754],[-75.8045,39.3756],[-75.8044,39.3758],[-75.8043,39.3759],[-75.8043,39.3763],[-75.8042,39.3766],[-75.8038,39.377],[-75.8034,39.3772],[-75.8029,39.3773],[-75.8029,39.3773],[-75.8028,39.3775],[-75.8028,39.3775],[-75.8026,39.3776],[-75.8022,39.3777],[-75.8018,39.3779],[-75.8017,39.3779],[-75.8011,39.3779],[-75.8009,39.3777],[-75.8007,39.3777],[-75.8006,39.3776],[-75.8006,39.3773],[-75.8006,39.3772],[-75.8005,39.3772],[-75.8003,39.3772],[-75.7999,39.3774],[-75.7997,39.3774],[-75.7996,39.3774],[-75.7992,39.3772],[-75.7988,39.3771],[-75.7987,39.3771],[-75.7986,39.3772],[-75.7982,39.3773],[-75.798,39.3773],[-75.7978,39.3771],[-75.7976,39.3773],[-75.7973,39.3773],[-75.797,39.3773],[-75.7967,39.3776],[-75.7965,39.3776],[-75.7965,39.3776],[-75.7964,39.3775],[-75.7964,39.3772],[-75.7963,39.3772],[-75.796,39.3773],[-75.7958,39.3772],[-75.7957,39.3772],[-75.7956,39.3773],[-75.7954,39.3776],[-75.7952,39.3777],[-75.795,39.3778],[-75.7948,39.378],[-75.7947,39.3788],[-75.7945,39.379],[-75.7944,39.3791],[-75.7944,39.3795],[-75.7943,39.3796],[-75.7942,39.3797],[-75.7939,39.3799],[-75.7938,39.38],[-75.793,39.3801],[-75.793,39.3801],[-75.7929,39.3801],[-75.7925,39.3798],[-75.7925,39.3798],[-75.7924,39.3798],[-75.7923,39.3798],[-75.792,39.3798],[-75.7918,39.3798],[-75.7912,39.3799],[-75.791,39.38],[-75.7905,39.3803],[-75.79,39.3808],[-75.7899,39.3809],[-75.7897,39.381],[-75.7895,39.3811],[-75.7894,39.3811],[-75.7888,39.3811],[-75.7886,39.3811],[-75.7885,39.3809],[-75.7884,39.3806],[-75.7884,39.3805],[-75.7882,39.3804],[-75.788,39.3804],[-75.7874,39.3803],[-75.7873,39.3803],[-75.7872,39.3803],[-75.7866,39.3802],[-75.7866,39.3802],[-75.7864,39.3801],[-75.786,39.3801],[-75.7857,39.3801],[-75.7854,39.3801],[-75.785,39.3801],[-75.7847,39.3802],[-75.7844,39.3804],[-75.7843,39.3807],[-75.7843,39.3809],[-75.7843,39.3814],[-75.7845,39.3821],[-75.7845,39.3823],[-75.7844,39.3825],[-75.7844,39.3825],[-75.7842,39.3825],[-75.7839,39.3825],[-75.7836,39.3824],[-75.783,39.3822],[-75.7822,39.3819],[-75.782,39.3819],[-75.7818,39.382],[-75.7818,39.382],[-75.7815,39.382],[-75.7811,39.3821],[-75.7811,39.3821],[-75.7805,39.3819],[-75.7804,39.3819],[-75.7803,39.3817],[-75.7801,39.3815],[-75.7795,39.3812],[-75.7792,39.3809],[-75.7781,39.3803],[-75.7779,39.3802],[-75.7777,39.3802],[-75.777,39.3804],[-75.7768,39.3803],[-75.7765,39.3803],[-75.7764,39.3803],[-75.7763,39.3803],[-75.7762,39.3802],[-75.7762,39.38],[-75.7764,39.3791],[-75.7763,39.379],[-75.7761,39.379],[-75.7759,39.379],[-75.7757,39.379],[-75.7754,39.379],[-75.7751,39.3791],[-75.775,39.3791],[-75.7746,39.379],[-75.7744,39.3789],[-75.7743,39.3789],[-75.7741,39.379],[-75.774,39.3793],[-75.7739,39.3794],[-75.7737,39.3795],[-75.7735,39.3795],[-75.7735,39.3795],[-75.7733,39.3794],[-75.7732,39.3795],[-75.7731,39.3795],[-75.7727,39.3795],[-75.7725,39.3794],[-75.772,39.3792],[-75.772,39.3791],[-75.7719,39.3791],[-75.7719,39.379],[-75.7718,39.3789],[-75.7717,39.3789],[-75.7716,39.3788],[-75.7715,39.3787],[-75.7713,39.3787],[-75.7711,39.3787],[-75.771,39.3787],[-75.7708,39.3786],[-75.7705,39.3787],[-75.7705,39.3787],[-75.7704,39.3787],[-75.77,39.3786],[-75.7699,39.3786],[-75.7698,39.3786],[-75.7697,39.3786],[-75.7696,39.3785],[-75.7695,39.3786],[-75.7695,39.3786],[-75.7694,39.3785],[-75.7694,39.3785],[-75.7695,39.3785],[-75.7695,39.3784],[-75.7694,39.3783],[-75.7694,39.3782],[-75.7693,39.3782],[-75.7693,39.3782],[-75.7692,39.3782],[-75.7692,39.3782],[-75.7691,39.3782],[-75.769,39.3781],[-75.7689,39.3781],[-75.7688,39.378],[-75.7687,39.378],[-75.7686,39.3781],[-75.7686,39.3781],[-75.7685,39.3781],[-75.7685,39.3781],[-75.7684,39.378],[-75.7684,39.378],[-75.7683,39.378],[-75.7682,39.378],[-75.7681,39.3781],[-75.7681,39.3781],[-75.768,39.3781],[-75.7678,39.3779],[-75.7678,39.3779],[-75.7677,39.3779],[-75.7675,39.3779],[-75.7674,39.3779],[-75.7674,39.3779],[-75.7673,39.3778],[-75.7671,39.3778],[-75.767,39.3777],[-75.7668,39.3776],[-75.7667,39.3775],[-75.7667,39.3775],[-75.7667,39.3775],[-75.7667,39.3772],[-75.7601,39.2968],[-75.756,39.2461],[-75.8677,39.2595]]]}},{"type":"Feature","id":"24031","properties":{"name":"Montgomery","fips":"24031"},"geometry":{"type":"Polygon","coordinates":[[[-77.1199,38.9343],[-77.1377,38.9553],[-77.1482,38.965],[-77.1669,38.9681],[-77.1975,38.9668],[-77.2215,38.9713],[-77.2354,38.9766],[-77.2498,38.9859],[-77.2557,39.0024],[-77.2518,39.0114],[-77.2614,39.031],[-77.2916,39.0454],[-77.328,39.0586],[-77.3403,39.063],[-77.3751,39.0613],[-77.4232,39.0669],[-77.4582,39.0737],[-77.5199,39.1209],[-77.5246,39.1278],[-77.5273,39.1462],[-77.5164,39.1709],[-77.5106,39.1785],[-77.5052,39.182],[-77.486,39.1857],[-77.4786,39.1892],[-77.4589,39.2198],[-77.4588,39.2203],[-77.4549,39.2216],[-77.337,39.2757],[-77.3138,39.2865],[-77.1715,39.3525],[-77.1688,39.3535],[-77.1868,39.3382],[-77.1447,39.2947],[-76.8885,39.131],[-76.9697,39.0213],[-76.9711,39.0193],[-76.9721,39.0181],[-76.9738,39.0157],[-76.9746,39.0147],[-76.9773,39.0109],[-76.9796,39.0082],[-76.9841,39.0014],[-76.9857,39.0],[-76.9883,38.9963],[-76.9891,38.9956],[-76.9911,38.9923],[-76.9857,38.9773],[-77.0026,38.9655],[-77.0083,38.9701],[-77.0138,38.9744],[-77.0156,38.9759],[-77.0363,38.9917],[-77.041,38.9951],[-77.0543,38.9851],[-77.1007,38.9489],[-77.1199,38.9343]]]}},{"type":"Feature","id":"24033","properties":{"name":"Prince George's","fips":"24033"},"geometry":{"type":"Polygon","coordinates":[[[-77.0599,38.7344],[-77.0414,38.7639],[-77.0392,38.7852],[-77.0386,38.7915],[-77.0244,38.803],[-77.0014,38.8215],[-76.9537,38.8585],[-76.9497,38.8613],[-76.9202,38.8844],[-76.9193,38.8851],[-76.9108,38.8917],[-76.9094,38.8928],[-76.9417,38.918],[-77.0025,38.9654],[-77.0026,38.9655],[-76.9857,38.9773],[-76.9911,38.9923],[-76.9891,38.9956],[-76.9883,38.9963],[-76.9857,39.0],[-76.9841,39.0014],[-76.9796,39.0082],[-76.9773,39.0109],[-76.9746,39.0147],[-76.9738,39.0157],[-76.9721,39.0181],[-76.9711,39.0193],[-76.9697,39.0213],[-76.8885,39.131],[-76.869,39.1122],[-76.8491,39.1091],[-76.8404,39.1031],[-76.6933,38.9514],[-76.7106,38.8157],[-76.6864,38.7485],[-76.684,38.7383],[-76.687,38.7359],[-76.695,38.7351],[-76.6956,38.7315],[-76.6936,38.7248],[-76.702,38.7109],[-76.6977,38.707],[-76.6949,38.7025],[-76.695,38.7003],[-76.6979,38.6948],[-76.6984,38.6904],[-76.6955,38.6858],[-76.6871,38.6814],[-76.6874,38.6787],[-76.6905,38.6737],[-76.7007,38.6701],[-76.7004,38.667],[-76.6942,38.6638],[-76.6874,38.6638],[-76.6833,38.6612],[-76.6832,38.6588],[-76.6851,38.6548],[-76.6916,38.6485],[-76.6929,38.6364],[-76.692,38.6349],[-76.6861,38.6302],[-76.6794,38.6279],[-76.6776,38.6262],[-76.6723,38.6175],[-76.6735,38.6072],[-76.6726,38.5993],[-76.6752,38.5921],[-76.6795,38.5852],[-76.6807,38.5805],[-76.6778,38.5724],[-76.6789,38.568],[-76.6755,38.5588],[-76.6723,38.5528],[-76.6726,38.5468],[-76.6755,38.5359],[-76.7473,38.6167],[-76.863,38.6586],[-77.011,38.652],[-77.077,38.6902],[-77.0786,38.6941],[-77.0861,38.7058],[-77.0746,38.711],[-77.0599,38.7344]]]}},{"type":"Feature","id":"24035","properties":{"name":"Queen Anne's","fips":"24035"},"geometry":{"type":"Polygon","coordinates":[[[-76.1581,39.094],[-76.1171,39.1071],[-76.0724,39.1382],[-76.0816,39.1477],[-76.0476,39.1627],[-76.0397,39.1741],[-76.0467,39.1808],[-76.0652,39.1852],[-76.0688,39.1923],[-76.0566,39.2103],[-76.0272,39.2267],[-76.0205,39.2274],[-76.0148,39.2342],[-76.0128,39.2345],[-75.9984,39.2348],[-75.9898,39.2384],[-75.9767,39.2405],[-75.9672,39.2393],[-75.9534,39.2353],[-75.9379,39.2355],[-75.9307,39.239],[-75.925,39.2441],[-75.8741,39.2498],[-75.8677,39.2595],[-75.756,39.2461],[-75.756,39.246],[-75.7477,39.1433],[-75.8349,39.1084],[-75.9297,38.9907],[-75.9493,38.9183],[-76.097,38.9443],[-76.1035,38.8823],[-76.1995,38.8508],[-76.2007,38.8554],[-76.2026,38.8626],[-76.2023,38.8649],[-76.2001,38.8829],[-76.2051,38.8927],[-76.2045,38.9057],[-76.2041,38.9161],[-76.2041,38.9163],[-76.2041,38.9171],[-76.2036,38.9284],[-76.2077,38.932],[-76.2137,38.9373],[-76.2138,38.9374],[-76.2281,38.9414],[-76.2284,38.9415],[-76.232,38.9425],[-76.2339,38.9421],[-76.2347,38.942],[-76.2502,38.9387],[-76.2509,38.9282],[-76.2508,38.9282],[-76.2496,38.9263],[-76.2492,38.9257],[-76.2489,38.9252],[-76.2488,38.9251],[-76.2487,38.9249],[-76.2486,38.9247],[-76.2485,38.9245],[-76.248,38.9238],[-76.2492,38.9218],[-76.2493,38.9216],[-76.2494,38.9215],[-76.2497,38.9209],[-76.2499,38.9208],[-76.2558,38.919],[-76.2562,38.9189],[-76.2564,38.9188],[-76.2581,38.9192],[-76.2582,38.9192],[-76.2622,38.92],[-76.2647,38.9246],[-76.2647,38.9248],[-76.2649,38.9303],[-76.2658,38.9315],[-76.2663,38.9322],[-76.2692,38.9363],[-76.271,38.9389],[-76.2716,38.9398],[-76.273,38.9418],[-76.2731,38.9419],[-76.2733,38.9418],[-76.276,38.9402],[-76.2842,38.9355],[-76.2888,38.9328],[-76.2912,38.9314],[-76.2956,38.9289],[-76.2959,38.9287],[-76.2982,38.9221],[-76.2994,38.9185],[-76.2994,38.9185],[-76.2985,38.9171],[-76.294,38.9103],[-76.2939,38.9101],[-76.2938,38.9098],[-76.2938,38.9096],[-76.2938,38.9092],[-76.2935,38.9055],[-76.2934,38.9039],[-76.2933,38.9036],[-76.2933,38.9035],[-76.2933,38.9032],[-76.2933,38.9026],[-76.2933,38.9026],[-76.3084,38.8984],[-76.3179,38.9113],[-76.318,38.9113],[-76.3185,38.9113],[-76.3193,38.9113],[-76.3227,38.9112],[-76.3233,38.9112],[-76.3241,38.9112],[-76.3241,38.9112],[-76.3361,38.906],[-76.3361,38.9059],[-76.3368,38.9019],[-76.337,38.9011],[-76.3371,38.9004],[-76.3372,38.8997],[-76.3374,38.8989],[-76.338,38.895],[-76.3381,38.8946],[-76.3384,38.893],[-76.3385,38.8925],[-76.3379,38.8913],[-76.337,38.8894],[-76.3366,38.8885],[-76.3363,38.888],[-76.3357,38.8867],[-76.3354,38.886],[-76.3353,38.8859],[-76.3338,38.8782],[-76.3333,38.8755],[-76.3332,38.8752],[-76.3327,38.8724],[-76.3311,38.8647],[-76.331,38.8643],[-76.334,38.8602],[-76.3379,38.8576],[-76.3381,38.8574],[-76.3397,38.8564],[-76.3406,38.8557],[-76.3488,38.8571],[-76.3504,38.8574],[-76.3564,38.8544],[-76.36,38.8526],[-76.3601,38.8525],[-76.3611,38.852],[-76.3613,38.8516],[-76.3665,38.8399],[-76.3682,38.8362],[-76.3682,38.8361],[-76.3684,38.8362],[-76.3727,38.8383],[-76.3731,38.8385],[-76.3751,38.8395],[-76.3751,38.84],[-76.3753,38.8416],[-76.3754,38.843],[-76.376,38.8488],[-76.3762,38.8505],[-76.3762,38.8505],[-76.3759,38.8511],[-76.3726,38.8579],[-76.3675,38.868],[-76.3673,38.8684],[-76.3647,38.8738],[-76.3652,38.8926],[-76.3654,38.8982],[-76.3657,38.9075],[-76.3651,38.9117],[-76.3648,38.9146],[-76.3645,38.9166],[-76.362,38.9366],[-76.3617,38.9392],[-76.3597,38.9439],[-76.3579,38.9478],[-76.3578,38.9483],[-76.3549,38.9547],[-76.3538,38.9572],[-76.3516,38.9602],[-76.3437,38.971],[-76.3337,38.9846],[-76.3313,38.9879],[-76.3233,38.9988],[-76.3227,38.9996],[-76.3223,39.0055],[-76.3223,39.0064],[-76.3236,39.009],[-76.3226,39.0131],[-76.3203,39.023],[-76.3203,39.023],[-76.3203,39.023],[-76.3118,39.0353],[-76.302,39.0396],[-76.3018,39.0397],[-76.3016,39.0377],[-76.3015,39.0363],[-76.3011,39.0319],[-76.301,39.0317],[-76.301,39.0316],[-76.3028,39.0258],[-76.3026,39.0253],[-76.2941,39.0043],[-76.294,39.0039],[-76.2919,39.0013],[-76.2893,38.9979],[-76.2865,38.9942],[-76.2849,38.9921],[-76.2833,38.99],[-76.2804,38.9862],[-76.2781,38.9832],[-76.2775,38.9825],[-76.2775,38.9825],[-76.276,38.9826],[-76.2588,38.9837],[-76.2587,38.9836],[-76.246,38.981],[-76.2436,38.9805],[-76.23,38.9777],[-76.2293,38.9776],[-76.2287,38.9772],[-76.2189,38.9705],[-76.2188,38.9706],[-76.2024,38.9731],[-76.2021,38.9733],[-76.1872,38.9836],[-76.1825,38.9868],[-76.1807,38.988],[-76.1683,38.9965],[-76.164,38.9995],[-76.164,38.9995],[-76.164,38.9995],[-76.164,39.0004],[-76.1639,39.0021],[-76.1636,39.0101],[-76.1676,39.0183],[-76.1734,39.0256],[-76.1746,39.0271],[-76.1778,39.0311],[-76.1781,39.0315],[-76.1783,39.0317],[-76.1842,39.0463],[-76.1795,39.0529],[-76.177,39.0563],[-76.1753,39.0588],[-76.1691,39.0628],[-76.159,39.0655],[-76.1566,39.0694],[-76.1535,39.0746],[-76.1505,39.0794],[-76.1452,39.0928],[-76.1581,39.094]]]}},{"type":"Feature","id":"24039","properties":{"name":"Somerset","fips":"24039"},"geometry":{"type":"MultiPolygon","coordinates":[[[[-76.0314,38.1476],[-76.0225,38.1335],[-76.021,38.1328],[-76.0205,38.1326],[-76.0196,38.1322],[-76.0186,38.1317],[-76.0178,38.1314],[-76.0152,38.1315],[-76.0139,38.1316],[-76.0125,38.1317],[-76.0119,38.1222],[-76.0134,38.1213],[-76.0147,38.1205],[-76.0157,38.1199],[-76.0205,38.117],[-76.0213,38.1086],[-76.0214,38.1081],[-76.0214,38.1079],[-76.021,38.1076],[-76.0174,38.1042],[-76.0155,38.1023],[-76.0082,38.0954],[-76.0059,38.0772],[-76.0115,38.0723],[-76.0127,38.0722],[-76.0152,38.0718],[-76.0233,38.0708],[-76.0367,38.0765],[-76.0522,38.0897],[-76.0583,38.0949],[-76.0593,38.0958],[-76.0502,38.1078],[-76.0473,38.1085],[-76.0465,38.1087],[-76.0453,38.109],[-76.0445,38.1092],[-76.0421,38.1099],[-76.0411,38.1107],[-76.0409,38.1109],[-76.0396,38.112],[-76.0397,38.1121],[-76.0407,38.1136],[-76.0434,38.1179],[-76.0484,38.1206],[-76.0314,38.1476]]],[[[-75.6243,37.9942],[-75.6261,37.9925],[-75.6302,37.9886],[-75.6355,37.9835],[-75.6398,37.9794],[-75.6445,37.9749],[-75.6446,37.9748],[-75.6447,37.9748],[-75.6451,37.9744],[-75.6453,37.9742],[-75.6463,37.9732],[-75.6465,37.973],[-75.661,37.9592],[-75.6697,37.9508],[-75.6651,37.9563],[-75.6631,37.9612],[-75.665,37.9624],[-75.6694,37.9651],[-75.6717,37.9666],[-75.686,37.9676],[-75.6865,37.9678],[-75.7082,37.975],[-75.7131,37.9766],[-75.7221,37.9734],[-75.7227,37.9713],[-75.7247,37.9698],[-75.7253,37.9693],[-75.728,37.9673],[-75.7351,37.9646],[-75.7375,37.9637],[-75.738,37.9635],[-75.7502,37.9689],[-75.7591,37.9707],[-75.7768,37.972],[-75.779,37.9722],[-75.7834,37.9726],[-75.7838,37.9726],[-75.785,37.9717],[-75.7852,37.9716],[-75.7853,37.9715],[-75.7855,37.9714],[-75.7884,37.9692],[-75.7899,37.9681],[-75.8061,37.9561],[-75.8069,37.9555],[-75.8078,37.9549],[-75.8191,37.9465],[-75.8208,37.9453],[-75.8229,37.9437],[-75.8242,37.9427],[-75.8244,37.9426],[-75.8299,37.9386],[-75.8302,37.938],[-75.8317,37.9348],[-75.8318,37.9345],[-75.8324,37.9333],[-75.8328,37.9331],[-75.8438,37.9273],[-75.846,37.9261],[-75.8466,37.9258],[-75.8472,37.9255],[-75.8475,37.9253],[-75.8478,37.9252],[-75.8479,37.9251],[-75.8481,37.925],[-75.8491,37.9245],[-75.8607,37.9183],[-75.8819,37.9126],[-75.8837,37.9121],[-75.885,37.9117],[-75.8927,37.9168],[-75.8958,37.9214],[-75.8959,37.9216],[-75.8983,37.9251],[-75.8941,37.9308],[-75.8937,37.9339],[-75.8928,37.9402],[-75.8909,37.9548],[-75.899,37.9745],[-75.8828,38.003],[-75.8753,38.012],[-75.8754,38.0282],[-75.8732,38.0344],[-75.8695,38.0354],[-75.8659,38.0364],[-75.8646,38.0368],[-75.8589,38.0384],[-75.8575,38.0388],[-75.8569,38.0386],[-75.8555,38.0382],[-75.8547,38.0379],[-75.8527,38.0373],[-75.8505,38.0367],[-75.8503,38.0359],[-75.85,38.0343],[-75.8479,38.0344],[-75.8477,38.0345],[-75.836,38.04],[-75.8346,38.0407],[-75.8337,38.0411],[-75.8334,38.0412],[-75.83,38.0428],[-75.8294,38.0432],[-75.8293,38.0432],[-75.8265,38.0459],[-75.826,38.0464],[-75.8129,38.0589],[-75.8134,38.0595],[-75.8135,38.0596],[-75.8194,38.0666],[-75.8195,38.0667],[-75.8196,38.0668],[-75.83,38.0691],[-75.8311,38.0694],[-75.8327,38.0697],[-75.8399,38.0713],[-75.8411,38.0716],[-75.8412,38.0716],[-75.8443,38.0723],[-75.8472,38.0713],[-75.8523,38.0696],[-75.8589,38.0673],[-75.859,38.0672],[-75.8596,38.0664],[-75.8601,38.0657],[-75.8597,38.0641],[-75.8594,38.0628],[-75.8593,38.062],[-75.859,38.0607],[-75.8589,38.0601],[-75.8606,38.06],[-75.8609,38.0599],[-75.861,38.0599],[-75.8615,38.0599],[-75.8662,38.0594],[-75.8673,38.0593],[-75.8675,38.0593],[-75.8689,38.0591],[-75.8715,38.0589],[-75.8742,38.0603],[-75.8805,38.075],[-75.8714,38.0892],[-75.8703,38.0909],[-75.8657,38.098],[-75.8651,38.0989],[-75.8638,38.101],[-75.8426,38.1131],[-75.8376,38.1138],[-75.8372,38.1145],[-75.8372,38.1145],[-75.837,38.1148],[-75.828,38.1328],[-75.8279,38.133],[-75.8277,38.1334],[-75.8277,38.1335],[-75.8439,38.1446],[-75.8499,38.1444],[-75.8545,38.1426],[-75.8587,38.1409],[-75.8595,38.1405],[-75.866,38.1349],[-75.8686,38.1344],[-75.8701,38.1347],[-75.871,38.1349],[-75.8807,38.137],[-75.881,38.137],[-75.9004,38.1412],[-75.9011,38.1408],[-75.902,38.1404],[-75.9034,38.1397],[-75.9056,38.1387],[-75.9065,38.1383],[-75.9073,38.138],[-75.9238,38.1303],[-75.9327,38.1262],[-75.9368,38.1244],[-75.9371,38.1242],[-75.9371,38.1231],[-75.937,38.1217],[-75.9369,38.1167],[-75.9367,38.11],[-75.9385,38.11],[-75.9453,38.1131],[-75.9496,38.1181],[-75.9564,38.1311],[-75.9564,38.1311],[-75.9588,38.1356],[-75.9595,38.1369],[-75.9596,38.1371],[-75.9524,38.1585],[-75.9514,38.1614],[-75.9513,38.1619],[-75.9498,38.1645],[-75.9475,38.1683],[-75.9475,38.1687],[-75.9474,38.1694],[-75.9473,38.1708],[-75.9481,38.1718],[-75.9482,38.1719],[-75.9486,38.1723],[-75.9487,38.1725],[-75.9518,38.1761],[-75.952,38.1762],[-75.9518,38.1768],[-75.9516,38.178],[-75.9516,38.1781],[-75.9496,38.18],[-75.9494,38.1802],[-75.9489,38.1807],[-75.9487,38.1809],[-75.9466,38.183],[-75.9454,38.1841],[-75.9424,38.1871],[-75.9414,38.1874],[-75.9339,38.1897],[-75.8881,38.2038],[-75.8862,38.2033],[-75.8849,38.2005],[-75.8846,38.1998],[-75.8845,38.1997],[-75.8783,38.1984],[-75.8778,38.1983],[-75.8773,38.1984],[-75.871,38.1996],[-75.8685,38.2],[-75.8641,38.2009],[-75.8624,38.2018],[-75.857,38.2047],[-75.8544,38.2061],[-75.8523,38.2073],[-75.8485,38.2093],[-75.8473,38.21],[-75.847,38.2101],[-75.8467,38.2103],[-75.8464,38.2105],[-75.8514,38.2264],[-75.8515,38.2266],[-75.8592,38.2334],[-75.8646,38.2383],[-75.7687,38.2852],[-75.6128,38.2786],[-75.5459,38.1787],[-75.5409,38.0895],[-75.6618,38.0419],[-75.6243,37.9942]]],[[[-75.9939,37.9535],[-75.9947,37.9535],[-76.0059,37.9537],[-76.0177,37.9538],[-76.0208,37.9539],[-76.0209,37.9539],[-76.0217,37.9539],[-76.0223,37.9539],[-76.0294,37.9538],[-76.0295,37.9538],[-76.0301,37.9537],[-76.038,37.9539],[-76.0414,37.954],[-76.0417,37.954],[-76.0456,37.9537],[-76.0465,37.9536],[-76.0496,37.9836],[-76.0496,37.9851],[-76.0495,37.9855],[-76.0495,37.9862],[-76.0494,37.9903],[-76.0486,38.0148],[-76.0462,38.0255],[-76.0417,38.0321],[-76.0208,38.0391],[-76.0131,38.0398],[-76.0088,38.0383],[-76.0087,38.0382],[-76.0046,38.0368],[-75.9918,38.0255],[-75.9812,38.0225],[-75.9772,38.0213],[-75.9755,38.0208],[-75.9755,38.0208],[-75.9734,38.0188],[-75.9723,38.0177],[-75.9702,38.0157],[-75.9702,38.0157],[-75.9702,38.0157],[-75.9702,38.0153],[-75.9703,38.0082],[-75.9704,38.0063],[-75.9709,38.0062],[-75.9799,38.0047],[-75.9807,38.0046],[-75.9829,38.0042],[-75.9843,38.004],[-75.9845,38.0034],[-75.9847,38.0028],[-75.985,38.0019],[-75.9857,37.9999],[-75.9862,37.9984],[-75.9866,37.9975],[-75.9885,37.992],[-75.9887,37.9915],[-75.9891,37.9904],[-75.9925,37.981],[-75.9947,37.9747],[-75.9947,37.9747],[-75.9928,37.9699],[-75.9915,37.9669],[-75.9889,37.9603],[-75.9939,37.9535]]]]}},{"type":"Feature","id":"24037","properties":{"name":"St. Mary's","fips":"24037"},"geometry":{"type":"Polygon","coordinates":[[[-76.4698,38.1191],[-76.4698,38.1186],[-76.4698,38.1184],[-76.4698,38.1169],[-76.4697,38.1157],[-76.4697,38.1155],[-76.4673,38.1125],[-76.467,38.1121],[-76.4666,38.1116],[-76.4664,38.1114],[-76.4664,38.1113],[-76.4664,38.1112],[-76.4659,38.1087],[-76.4655,38.1066],[-76.4653,38.1058],[-76.4679,38.1049],[-76.4733,38.103],[-76.4754,38.1043],[-76.4762,38.1047],[-76.4782,38.1092],[-76.4786,38.1102],[-76.4788,38.1107],[-76.4788,38.1107],[-76.4791,38.1113],[-76.4798,38.113],[-76.481,38.1158],[-76.481,38.1159],[-76.481,38.1159],[-76.4811,38.1159],[-76.482,38.117],[-76.484,38.1193],[-76.4851,38.1205],[-76.486,38.1215],[-76.4863,38.1218],[-76.4863,38.1219],[-76.492,38.1283],[-76.495,38.1317],[-76.4971,38.1341],[-76.4979,38.135],[-76.499,38.1363],[-76.4998,38.1372],[-76.4999,38.1372],[-76.5003,38.1374],[-76.5013,38.1377],[-76.5023,38.1382],[-76.5088,38.1407],[-76.5148,38.1412],[-76.5224,38.1394],[-76.529,38.1347],[-76.5294,38.1344],[-76.5299,38.1341],[-76.5404,38.153],[-76.5453,38.1654],[-76.5473,38.1757],[-76.5475,38.1759],[-76.5479,38.1768],[-76.5483,38.1776],[-76.5489,38.179],[-76.553,38.1872],[-76.5663,38.1985],[-76.5744,38.2038],[-76.5887,38.2129],[-76.5906,38.2142],[-76.6244,38.2234],[-76.6257,38.2238],[-76.6281,38.2244],[-76.6297,38.2249],[-76.6299,38.2249],[-76.632,38.2255],[-76.632,38.2255],[-76.6325,38.2256],[-76.6325,38.2257],[-76.6439,38.2251],[-76.644,38.2251],[-76.645,38.2254],[-76.6452,38.2255],[-76.6592,38.2299],[-76.6735,38.2344],[-76.6787,38.2343],[-76.6871,38.234],[-76.7126,38.2333],[-76.7161,38.2332],[-76.7164,38.2332],[-76.7175,38.2333],[-76.7196,38.2335],[-76.7401,38.2352],[-76.7443,38.2307],[-76.7494,38.2252],[-76.752,38.2224],[-76.7521,38.2223],[-76.7523,38.2221],[-76.77,38.2264],[-76.7786,38.2285],[-76.7799,38.229],[-76.7919,38.2344],[-76.7966,38.2365],[-76.7975,38.2369],[-76.8116,38.2501],[-76.8118,38.2513],[-76.8119,38.2521],[-76.809,38.2522],[-76.8089,38.2522],[-76.8084,38.2522],[-76.8059,38.2523],[-76.8058,38.2526],[-76.8052,38.2536],[-76.8029,38.2751],[-76.8023,38.2807],[-76.8049,38.2833],[-76.805,38.2834],[-76.8054,38.2837],[-76.8055,38.2838],[-76.8066,38.285],[-76.8106,38.2889],[-76.8112,38.2895],[-76.8151,38.2934],[-76.8163,38.2946],[-76.8208,38.2991],[-76.8216,38.2998],[-76.8217,38.2999],[-76.8248,38.3011],[-76.8249,38.3012],[-76.834,38.2997],[-76.8536,38.3401],[-76.8499,38.3658],[-76.8718,38.389],[-76.7749,38.5089],[-76.771,38.5099],[-76.7702,38.5105],[-76.7687,38.5126],[-76.7669,38.5133],[-76.7648,38.5134],[-76.7626,38.5132],[-76.7602,38.5133],[-76.7598,38.513],[-76.758,38.5131],[-76.7565,38.5135],[-76.7539,38.5135],[-76.7521,38.5137],[-76.7481,38.5125],[-76.7459,38.5126],[-76.7441,38.5122],[-76.7422,38.5125],[-76.74,38.5126],[-76.7387,38.5123],[-76.7349,38.5122],[-76.7337,38.5125],[-76.7301,38.5118],[-76.7266,38.5118],[-76.7227,38.5107],[-76.7204,38.5107],[-76.7191,38.5098],[-76.7185,38.5098],[-76.7178,38.5104],[-76.7164,38.5101],[-76.7159,38.5095],[-76.7153,38.5095],[-76.7138,38.5105],[-76.7135,38.5095],[-76.7118,38.5099],[-76.7105,38.5092],[-76.7104,38.5075],[-76.71,38.5081],[-76.7092,38.5074],[-76.7084,38.5055],[-76.7084,38.5048],[-76.7065,38.5042],[-76.7055,38.503],[-76.7054,38.502],[-76.7044,38.5018],[-76.7037,38.5023],[-76.7033,38.5024],[-76.7022,38.5017],[-76.7015,38.5002],[-76.701,38.4996],[-76.7,38.4991],[-76.7003,38.4979],[-76.7001,38.4976],[-76.6993,38.4971],[-76.6838,38.4953],[-76.6741,38.4996],[-76.6736,38.4991],[-76.6731,38.4985],[-76.6727,38.4982],[-76.6671,38.4952],[-76.6664,38.4948],[-76.6659,38.4944],[-76.6654,38.4937],[-76.6633,38.4912],[-76.6613,38.4886],[-76.6612,38.4885],[-76.6611,38.4884],[-76.6603,38.4874],[-76.6593,38.4857],[-76.6566,38.4812],[-76.654,38.4767],[-76.6539,38.4766],[-76.6539,38.4766],[-76.6534,38.4759],[-76.6534,38.4758],[-76.6529,38.475],[-76.6526,38.4746],[-76.6521,38.4738],[-76.652,38.4713],[-76.6521,38.4695],[-76.653,38.4681],[-76.653,38.4681],[-76.6537,38.467],[-76.6543,38.4652],[-76.6541,38.4639],[-76.6539,38.4634],[-76.6538,38.4633],[-76.6526,38.4624],[-76.6513,38.4618],[-76.6491,38.4608],[-76.6465,38.4596],[-76.6443,38.4583],[-76.6398,38.4555],[-76.6393,38.455],[-76.6392,38.455],[-76.6364,38.4529],[-76.6355,38.4522],[-76.6345,38.4515],[-76.6326,38.4497],[-76.6325,38.4496],[-76.6325,38.4495],[-76.6324,38.4495],[-76.6324,38.4495],[-76.6324,38.4495],[-76.6324,38.4495],[-76.6324,38.4495],[-76.6324,38.4495],[-76.6324,38.4495],[-76.6324,38.4495],[-76.6324,38.4495],[-76.6323,38.4494],[-76.6322,38.4493],[-76.63,38.4473],[-76.629,38.4463],[-76.628,38.4457],[-76.6279,38.4456],[-76.6263,38.4446],[-76.6247,38.4437],[-76.6242,38.4435],[-76.6236,38.4429],[-76.6225,38.4414],[-76.6221,38.4402],[-76.6215,38.4389],[-76.62,38.4376],[-76.6188,38.4364],[-76.6184,38.4361],[-76.6178,38.4356],[-76.6172,38.4353],[-76.6164,38.4346],[-76.6158,38.4336],[-76.6148,38.4314],[-76.614,38.4299],[-76.613,38.4288],[-76.6115,38.428],[-76.6108,38.4272],[-76.6106,38.427],[-76.6101,38.4265],[-76.6089,38.425],[-76.6084,38.4244],[-76.6079,38.4242],[-76.6063,38.424],[-76.6053,38.4238],[-76.6022,38.4242],[-76.6016,38.4241],[-76.6011,38.4241],[-76.6007,38.424],[-76.5994,38.4239],[-76.5975,38.4234],[-76.5952,38.4222],[-76.5939,38.421],[-76.5917,38.4189],[-76.5889,38.4172],[-76.5867,38.416],[-76.5846,38.4147],[-76.5786,38.4113],[-76.5755,38.4102],[-76.5744,38.4098],[-76.574,38.4096],[-76.5733,38.4094],[-76.5718,38.4088],[-76.5681,38.4077],[-76.5673,38.4075],[-76.5656,38.4071],[-76.5639,38.406],[-76.5627,38.4039],[-76.5624,38.4031],[-76.5622,38.4027],[-76.5622,38.4027],[-76.5622,38.4027],[-76.5621,38.4024],[-76.562,38.4023],[-76.5614,38.4004],[-76.5606,38.3987],[-76.56,38.3973],[-76.5592,38.3964],[-76.5584,38.3959],[-76.5567,38.3953],[-76.5549,38.395],[-76.5534,38.395],[-76.5511,38.3952],[-76.5507,38.3952],[-76.5488,38.3954],[-76.5456,38.3957],[-76.5423,38.3961],[-76.5403,38.3966],[-76.5377,38.3974],[-76.5373,38.3974],[-76.5367,38.3975],[-76.536,38.3977],[-76.5357,38.3977],[-76.5341,38.3978],[-76.5331,38.3972],[-76.5313,38.3959],[-76.5299,38.395],[-76.5283,38.3934],[-76.528,38.3931],[-76.5269,38.392],[-76.5258,38.3911],[-76.5246,38.3903],[-76.5241,38.3898],[-76.5236,38.3892],[-76.5226,38.388],[-76.5212,38.3857],[-76.5201,38.3844],[-76.52,38.3843],[-76.5189,38.3834],[-76.5167,38.3817],[-76.5149,38.3808],[-76.5136,38.3804],[-76.5126,38.3797],[-76.5116,38.3794],[-76.5113,38.3793],[-76.511,38.3792],[-76.5101,38.3789],[-76.5078,38.3775],[-76.5074,38.377],[-76.507,38.3766],[-76.5065,38.3757],[-76.5063,38.3751],[-76.506,38.3748],[-76.5056,38.3744],[-76.505,38.3739],[-76.5038,38.3734],[-76.5024,38.3729],[-76.5015,38.3725],[-76.5004,38.3716],[-76.4997,38.3709],[-76.4997,38.3709],[-76.4985,38.3696],[-76.4973,38.3683],[-76.4957,38.3666],[-76.4935,38.364],[-76.4912,38.3612],[-76.4892,38.3584],[-76.4866,38.354],[-76.4864,38.3535],[-76.4861,38.3529],[-76.4858,38.3523],[-76.4852,38.3511],[-76.4841,38.3481],[-76.4836,38.3459],[-76.4834,38.3453],[-76.4832,38.3433],[-76.4832,38.3427],[-76.4831,38.3424],[-76.4834,38.3408],[-76.4834,38.3404],[-76.4835,38.3401],[-76.4843,38.3372],[-76.485,38.3359],[-76.4856,38.3348],[-76.4857,38.3347],[-76.4857,38.3346],[-76.4861,38.334],[-76.4864,38.3333],[-76.4869,38.3324],[-76.489,38.3289],[-76.4894,38.328],[-76.4892,38.3275],[-76.4892,38.3274],[-76.489,38.3272],[-76.4885,38.3268],[-76.4884,38.3267],[-76.4876,38.3263],[-76.4832,38.3267],[-76.478,38.3271],[-76.4762,38.3267],[-76.475,38.3265],[-76.4736,38.3258],[-76.473,38.3255],[-76.4726,38.3253],[-76.4726,38.3253],[-76.4725,38.3253],[-76.4717,38.3249],[-76.4699,38.3229],[-76.4696,38.3224],[-76.4685,38.3199],[-76.468,38.3188],[-76.468,38.3186],[-76.4679,38.3184],[-76.4676,38.3177],[-76.4673,38.3171],[-76.4672,38.3167],[-76.4672,38.3167],[-76.4672,38.3166],[-76.4671,38.3165],[-76.4671,38.3165],[-76.4671,38.3165],[-76.4671,38.3165],[-76.4669,38.3159],[-76.4664,38.3148],[-76.466,38.3137],[-76.4656,38.3132],[-76.4645,38.3114],[-76.4644,38.3113],[-76.464,38.3109],[-76.4616,38.3085],[-76.4583,38.3066],[-76.4543,38.3053],[-76.4535,38.3051],[-76.449,38.3051],[-76.4488,38.3051],[-76.4484,38.3052],[-76.4481,38.3052],[-76.4481,38.3052],[-76.4481,38.3052],[-76.4481,38.3052],[-76.4481,38.3052],[-76.4481,38.3052],[-76.4481,38.3052],[-76.4481,38.3052],[-76.4481,38.3052],[-76.448,38.3052],[-76.4479,38.3052],[-76.4473,38.3052],[-76.4471,38.3052],[-76.4456,38.3052],[-76.4453,38.3052],[-76.4449,38.3054],[-76.4341,38.3088],[-76.425,38.3116],[-76.425,38.3116],[-76.4234,38.3122],[-76.4218,38.3127],[-76.4218,38.3127],[-76.4188,38.3136],[-76.4158,38.3146],[-76.4133,38.3154],[-76.4066,38.3175],[-76.4057,38.3178],[-76.4029,38.3114],[-76.3822,38.3034],[-76.3815,38.3031],[-76.3801,38.3023],[-76.3753,38.2996],[-76.375,38.2994],[-76.3745,38.2966],[-76.3745,38.2963],[-76.3766,38.2944],[-76.3821,38.2894],[-76.3942,38.2782],[-76.3969,38.2717],[-76.3989,38.267],[-76.399,38.2643],[-76.399,38.2638],[-76.3991,38.2633],[-76.3993,38.2594],[-76.3993,38.2593],[-76.3991,38.2586],[-76.3925,38.2391],[-76.3923,38.2385],[-76.3917,38.2367],[-76.3916,38.2366],[-76.3852,38.2178],[-76.3781,38.2099],[-76.3777,38.2094],[-76.3725,38.2038],[-76.3641,38.1945],[-76.3619,38.192],[-76.3599,38.1887],[-76.3538,38.1786],[-76.3535,38.1781],[-76.3526,38.1772],[-76.3524,38.1771],[-76.348,38.1728],[-76.3435,38.1685],[-76.3376,38.1628],[-76.3361,38.1614],[-76.3297,38.1552],[-76.3297,38.1552],[-76.3297,38.1552],[-76.3289,38.1537],[-76.3288,38.1536],[-76.3288,38.1536],[-76.3284,38.1529],[-76.3271,38.1506],[-76.3205,38.139],[-76.3201,38.1383],[-76.3241,38.1343],[-76.331,38.1272],[-76.3318,38.1264],[-76.3352,38.1228],[-76.3356,38.1224],[-76.3373,38.1207],[-76.3382,38.1199],[-76.3385,38.1195],[-76.3374,38.1109],[-76.3374,38.1108],[-76.3318,38.1011],[-76.3315,38.1005],[-76.3312,38.1001],[-76.3308,38.0994],[-76.3308,38.0993],[-76.3308,38.0992],[-76.3294,38.074],[-76.3293,38.0717],[-76.3292,38.0712],[-76.325,38.0594],[-76.3206,38.0465],[-76.3195,38.0433],[-76.3215,38.038],[-76.322,38.0369],[-76.3221,38.0365],[-76.327,38.0451],[-76.3328,38.0499],[-76.3412,38.0536],[-76.3414,38.0537],[-76.3443,38.0536],[-76.3457,38.0535],[-76.3507,38.0533],[-76.3528,38.0532],[-76.3612,38.0595],[-76.3615,38.0601],[-76.3617,38.0604],[-76.3618,38.0606],[-76.3693,38.0749],[-76.3702,38.0766],[-76.3708,38.0778],[-76.3718,38.0796],[-76.3783,38.0869],[-76.381,38.09],[-76.3813,38.0904],[-76.3818,38.0909],[-76.3818,38.091],[-76.3839,38.0933],[-76.3849,38.0944],[-76.3909,38.1013],[-76.3918,38.1023],[-76.3921,38.1026],[-76.3923,38.1029],[-76.3931,38.1031],[-76.394,38.1034],[-76.3965,38.1042],[-76.3977,38.1046],[-76.3981,38.1047],[-76.4054,38.107],[-76.406,38.107],[-76.4132,38.1069],[-76.4145,38.1059],[-76.415,38.1056],[-76.4166,38.1045],[-76.4211,38.106],[-76.4212,38.106],[-76.4219,38.107],[-76.4294,38.1179],[-76.4295,38.118],[-76.4304,38.1194],[-76.4304,38.1195],[-76.4301,38.1218],[-76.4297,38.1249],[-76.4296,38.1262],[-76.4372,38.1357],[-76.4398,38.1389],[-76.4592,38.1395],[-76.4597,38.1395],[-76.4601,38.1387],[-76.4607,38.1375],[-76.4657,38.1274],[-76.4698,38.1193],[-76.4698,38.1191]]]}},{"type":"Feature","id":"24041","properties":{"name":"Talbot","fips":"24041"},"geometry":{"type":"Polygon","coordinates":[[[-76.1476,38.6379],[-76.1482,38.6395],[-76.1486,38.6404],[-76.149,38.6414],[-76.1494,38.6424],[-76.1526,38.6504],[-76.1526,38.6505],[-76.1526,38.6506],[-76.153,38.6515],[-76.1534,38.6526],[-76.1538,38.6535],[-76.1541,38.6543],[-76.1546,38.6555],[-76.1546,38.6556],[-76.1549,38.6563],[-76.1549,38.6564],[-76.1556,38.6581],[-76.1605,38.6619],[-76.1645,38.6649],[-76.1688,38.6683],[-76.1746,38.6728],[-76.1752,38.6732],[-76.1967,38.6729],[-76.1997,38.6711],[-76.1999,38.671],[-76.2003,38.6708],[-76.2128,38.6819],[-76.2263,38.6981],[-76.2292,38.7015],[-76.2314,38.7041],[-76.2318,38.7045],[-76.2321,38.705],[-76.2324,38.7052],[-76.2325,38.7055],[-76.2328,38.7058],[-76.2328,38.7058],[-76.2329,38.7059],[-76.2329,38.7059],[-76.2342,38.7075],[-76.2344,38.7077],[-76.2344,38.7077],[-76.2348,38.7082],[-76.2378,38.7118],[-76.2379,38.7119],[-76.2381,38.7121],[-76.2382,38.7122],[-76.2383,38.7123],[-76.2387,38.7128],[-76.2394,38.7169],[-76.2394,38.7172],[-76.2398,38.7198],[-76.237,38.7245],[-76.2387,38.7354],[-76.2551,38.7365],[-76.2553,38.7363],[-76.2573,38.7347],[-76.2574,38.7346],[-76.2574,38.7346],[-76.2579,38.7343],[-76.2587,38.7336],[-76.2592,38.7332],[-76.2597,38.7328],[-76.2597,38.7328],[-76.2599,38.7327],[-76.2599,38.7327],[-76.26,38.7326],[-76.261,38.7318],[-76.2619,38.7311],[-76.2683,38.726],[-76.2687,38.7256],[-76.2694,38.7251],[-76.2695,38.725],[-76.2703,38.7244],[-76.2712,38.7162],[-76.2714,38.7145],[-76.2716,38.7136],[-76.2716,38.7132],[-76.275,38.7127],[-76.275,38.7127],[-76.2985,38.718],[-76.2992,38.7193],[-76.2966,38.7232],[-76.2965,38.7233],[-76.296,38.7242],[-76.2982,38.7263],[-76.2994,38.7273],[-76.2994,38.7274],[-76.3128,38.7307],[-76.3161,38.7296],[-76.3218,38.7236],[-76.3219,38.7235],[-76.322,38.7233],[-76.322,38.7233],[-76.3227,38.7227],[-76.3227,38.7226],[-76.3227,38.7226],[-76.3227,38.7226],[-76.3228,38.7225],[-76.3229,38.7224],[-76.323,38.7223],[-76.3232,38.7221],[-76.3235,38.7217],[-76.3261,38.719],[-76.3272,38.7179],[-76.328,38.7169],[-76.3283,38.7166],[-76.3301,38.7147],[-76.3315,38.7133],[-76.3325,38.7091],[-76.3331,38.7069],[-76.3335,38.7051],[-76.3338,38.7041],[-76.334,38.7031],[-76.3339,38.703],[-76.3321,38.701],[-76.3219,38.6895],[-76.3219,38.6892],[-76.3219,38.6889],[-76.3219,38.6888],[-76.3219,38.6886],[-76.3224,38.6793],[-76.3386,38.672],[-76.3401,38.6714],[-76.3403,38.6712],[-76.3432,38.6769],[-76.3433,38.677],[-76.3438,38.678],[-76.3442,38.6788],[-76.348,38.6862],[-76.3451,38.7035],[-76.3446,38.7064],[-76.3405,38.7303],[-76.3406,38.731],[-76.3406,38.7322],[-76.3406,38.7325],[-76.3406,38.7328],[-76.3406,38.7329],[-76.3406,38.733],[-76.3406,38.733],[-76.3406,38.7331],[-76.3406,38.7332],[-76.3407,38.7341],[-76.3407,38.7352],[-76.3407,38.7357],[-76.3407,38.7359],[-76.3407,38.7359],[-76.3411,38.746],[-76.3411,38.7461],[-76.3411,38.7461],[-76.3413,38.7515],[-76.3413,38.7517],[-76.3413,38.7518],[-76.3413,38.7519],[-76.3346,38.7729],[-76.3338,38.7734],[-76.3297,38.7758],[-76.3238,38.7793],[-76.3227,38.7807],[-76.3129,38.7932],[-76.3107,38.796],[-76.3107,38.7961],[-76.3106,38.7961],[-76.3106,38.7962],[-76.3101,38.7968],[-76.3089,38.8133],[-76.3083,38.8143],[-76.3083,38.8143],[-76.3081,38.8146],[-76.3073,38.816],[-76.3019,38.8246],[-76.3009,38.8262],[-76.3009,38.8262],[-76.299,38.8275],[-76.2978,38.8283],[-76.2966,38.8282],[-76.2965,38.8282],[-76.2964,38.8282],[-76.2964,38.8282],[-76.2963,38.8282],[-76.2963,38.8282],[-76.2963,38.8282],[-76.296,38.8281],[-76.2956,38.8281],[-76.2955,38.8281],[-76.2954,38.8281],[-76.2936,38.8279],[-76.2921,38.8277],[-76.2885,38.8273],[-76.2848,38.8287],[-76.2779,38.8313],[-76.2777,38.8313],[-76.2774,38.8314],[-76.2774,38.8315],[-76.2782,38.8355],[-76.278,38.8358],[-76.2744,38.8448],[-76.2716,38.8518],[-76.2672,38.8517],[-76.266,38.8516],[-76.2642,38.8516],[-76.2658,38.8476],[-76.2658,38.8475],[-76.2657,38.8473],[-76.2622,38.8423],[-76.2619,38.8419],[-76.2616,38.8415],[-76.2574,38.8354],[-76.2558,38.8332],[-76.2553,38.8326],[-76.2553,38.8325],[-76.2504,38.8254],[-76.2503,38.8254],[-76.2459,38.8222],[-76.2388,38.8196],[-76.2292,38.816],[-76.2281,38.8156],[-76.2212,38.8131],[-76.2193,38.8124],[-76.1981,38.8144],[-76.1974,38.8155],[-76.1965,38.817],[-76.1964,38.8171],[-76.1954,38.8188],[-76.1934,38.8218],[-76.1933,38.8223],[-76.1931,38.823],[-76.193,38.8232],[-76.1929,38.8235],[-76.1929,38.8237],[-76.1928,38.824],[-76.1925,38.8248],[-76.1911,38.8297],[-76.1912,38.8298],[-76.1929,38.8334],[-76.1929,38.8336],[-76.193,38.8337],[-76.1977,38.8437],[-76.1977,38.8438],[-76.1995,38.8508],[-76.1035,38.8823],[-76.097,38.9443],[-75.9493,38.9183],[-75.9443,38.9165],[-75.944,38.9143],[-75.9482,38.9145],[-75.9487,38.912],[-75.9431,38.9073],[-75.9439,38.9062],[-75.9481,38.9046],[-75.9487,38.9024],[-75.9449,38.9003],[-75.9444,38.8975],[-75.9459,38.8939],[-75.9486,38.8922],[-75.9483,38.8913],[-75.9446,38.8901],[-75.9404,38.8851],[-75.9415,38.8841],[-75.9455,38.884],[-75.9496,38.8848],[-75.9509,38.8841],[-75.9515,38.8802],[-75.9488,38.8784],[-75.9438,38.8793],[-75.9415,38.8812],[-75.9392,38.8813],[-75.9376,38.8798],[-75.9376,38.878],[-75.9389,38.8764],[-75.9436,38.8764],[-75.9444,38.8751],[-75.9431,38.8705],[-75.9416,38.868],[-75.9393,38.8666],[-75.9347,38.8675],[-75.9329,38.866],[-75.9302,38.8613],[-75.9243,38.8604],[-75.9222,38.8573],[-75.9224,38.8564],[-75.9228,38.8548],[-75.9283,38.8524],[-75.9304,38.8509],[-75.9293,38.849],[-75.9268,38.847],[-75.9195,38.8469],[-75.919,38.8461],[-75.9193,38.845],[-75.9281,38.8411],[-75.9278,38.8389],[-75.9194,38.8352],[-75.9152,38.8348],[-75.9137,38.833],[-75.9129,38.8295],[-75.9043,38.8264],[-75.9013,38.8247],[-75.9017,38.8229],[-75.9055,38.8216],[-75.9065,38.8197],[-75.9033,38.8168],[-75.8968,38.8151],[-75.9038,38.8069],[-75.9114,38.8063],[-75.9208,38.8026],[-75.928,38.7992],[-75.9325,38.7961],[-75.9373,38.7872],[-75.9495,38.7784],[-75.9546,38.7775],[-75.9664,38.7798],[-75.9682,38.7777],[-75.9677,38.7744],[-75.9764,38.7655],[-75.98,38.7637],[-75.9938,38.7593],[-75.9969,38.7575],[-75.9989,38.7556],[-75.9993,38.7521],[-75.9946,38.7419],[-75.9954,38.7367],[-75.9997,38.7348],[-76.0074,38.7368],[-76.01,38.736],[-76.0132,38.7333],[-76.015,38.7287],[-75.9452,38.6741],[-75.9911,38.5925],[-76.0234,38.5739],[-76.1529,38.6318],[-76.1472,38.6368],[-76.1476,38.6379]]]}},{"type":"Feature","id":"24043","properties":{"name":"Washington","fips":"24043"},"geometry":{"type":"Polygon","coordinates":[[[-77.8254,39.494],[-77.8451,39.4983],[-77.8654,39.5165],[-77.8889,39.556],[-77.8861,39.5604],[-77.8845,39.5682],[-77.9026,39.5878],[-77.9464,39.5849],[-78.01,39.6029],[-78.0234,39.6199],[-78.036,39.6357],[-78.0746,39.6667],[-78.1078,39.6821],[-78.1435,39.6904],[-78.1766,39.696],[-78.1828,39.6951],[-78.1911,39.6903],[-78.2243,39.6633],[-78.2711,39.6196],[-78.283,39.6205],[-78.313,39.631],[-78.334,39.6358],[-78.3428,39.7225],[-78.3425,39.7225],[-78.3405,39.7225],[-78.3395,39.7226],[-78.3371,39.7225],[-78.3307,39.7227],[-78.269,39.7226],[-78.2689,39.7226],[-78.2431,39.7225],[-78.2403,39.7225],[-78.2044,39.7225],[-78.2029,39.7224],[-78.0991,39.7223],[-78.0758,39.7223],[-78.0737,39.7223],[-77.7685,39.7214],[-77.7432,39.7212],[-77.7326,39.7211],[-77.7241,39.7209],[-77.6745,39.7208],[-77.6722,39.7208],[-77.5348,39.7201],[-77.5334,39.7202],[-77.4691,39.72],[-77.5702,39.62],[-77.6775,39.3187],[-77.719,39.3211],[-77.7274,39.3217],[-77.7558,39.3339],[-77.7606,39.3389],[-77.7604,39.3442],[-77.7392,39.3857],[-77.7654,39.4286],[-77.8078,39.4902],[-77.8254,39.494]]]}},{"type":"Feature","id":"24045","properties":{"name":"Wicomico","fips":"24045"},"geometry":{"type":"Polygon","coordinates":[[[-75.9203,38.2644],[-75.9255,38.2667],[-75.9286,38.2973],[-75.8642,38.3508],[-75.8603,38.3539],[-75.8577,38.357],[-75.8572,38.3599],[-75.8577,38.3635],[-75.8595,38.3668],[-75.866,38.3731],[-75.8673,38.3751],[-75.8654,38.3791],[-75.8609,38.3836],[-75.8553,38.3853],[-75.8462,38.3844],[-75.8403,38.3848],[-75.8383,38.3859],[-75.8384,38.3875],[-75.8424,38.3931],[-75.8467,38.3971],[-75.8513,38.4003],[-75.851,38.4045],[-75.8473,38.4173],[-75.8456,38.4219],[-75.8433,38.4227],[-75.8289,38.4234],[-75.825,38.4254],[-75.8213,38.4301],[-75.8198,38.4359],[-75.8213,38.4393],[-75.8266,38.4422],[-75.8331,38.4434],[-75.836,38.4452],[-75.8367,38.4481],[-75.8357,38.4533],[-75.8332,38.4576],[-75.8285,38.4596],[-75.822,38.461],[-75.8167,38.4633],[-75.8149,38.4665],[-75.8158,38.4694],[-75.8187,38.4723],[-75.8229,38.476],[-75.8248,38.4791],[-75.8237,38.481],[-75.8152,38.4888],[-75.8005,38.491],[-75.7947,38.4924],[-75.785,38.5001],[-75.7821,38.5016],[-75.765,38.5065],[-75.7598,38.5101],[-75.756,38.5153],[-75.7536,38.5281],[-75.7497,38.5317],[-75.7465,38.5368],[-75.7406,38.5384],[-75.7378,38.5376],[-75.7298,38.5387],[-75.7245,38.5412],[-75.7188,38.5462],[-75.7119,38.5509],[-75.7073,38.5595],[-75.7016,38.5607],[-75.7015,38.5594],[-75.7002,38.5427],[-75.6988,38.522],[-75.6967,38.4965],[-75.6964,38.4924],[-75.6935,38.4601],[-75.6656,38.4589],[-75.6628,38.4588],[-75.6305,38.4579],[-75.5981,38.4569],[-75.5931,38.4564],[-75.5893,38.4563],[-75.5836,38.4564],[-75.5741,38.456],[-75.5599,38.4556],[-75.5592,38.4556],[-75.5338,38.455],[-75.5227,38.4547],[-75.5213,38.4547],[-75.503,38.4542],[-75.5001,38.4541],[-75.4792,38.4537],[-75.4287,38.4527],[-75.4248,38.4526],[-75.4109,38.4524],[-75.3948,38.4522],[-75.3936,38.4521],[-75.3711,38.4521],[-75.3558,38.452],[-75.3413,38.452],[-75.3412,38.452],[-75.307,38.3548],[-75.3646,38.2904],[-75.6128,38.2786],[-75.7687,38.2852],[-75.8646,38.2383],[-75.8703,38.2434],[-75.8703,38.2434],[-75.8725,38.244],[-75.8747,38.2445],[-75.8829,38.2444],[-75.8834,38.2444],[-75.8852,38.2434],[-75.8868,38.2424],[-75.8874,38.2421],[-75.8885,38.2414],[-75.8894,38.2395],[-75.8857,38.231],[-75.8859,38.2309],[-75.8907,38.228],[-75.8946,38.2284],[-75.8957,38.2286],[-75.8959,38.2287],[-75.8998,38.2319],[-75.9,38.2321],[-75.9007,38.2332],[-75.9014,38.2344],[-75.9059,38.2422],[-75.906,38.2424],[-75.9085,38.2466],[-75.9083,38.252],[-75.9111,38.258],[-75.9173,38.2631],[-75.9194,38.2641],[-75.9203,38.2644]]]}},{"type":"Feature","id":"24047","properties":{"name":"Worcester","fips":"24047"},"geometry":{"type":"Polygon","coordinates":[[[-75.2423,38.0272],[-75.2423,38.0272],[-75.2504,38.0265],[-75.2561,38.026],[-75.2606,38.0256],[-75.2621,38.0254],[-75.2638,38.0253],[-75.3779,38.0151],[-75.3988,38.0133],[-75.4288,38.0109],[-75.436,38.0103],[-75.6243,37.9942],[-75.6618,38.0419],[-75.5409,38.0895],[-75.5459,38.1787],[-75.6128,38.2786],[-75.3646,38.2904],[-75.307,38.3548],[-75.3412,38.452],[-75.2604,38.4515],[-75.2527,38.4514],[-75.1854,38.451],[-75.1419,38.4512],[-75.0896,38.4513],[-75.0883,38.4513],[-75.0858,38.4513],[-75.0704,38.4513],[-75.0699,38.4513],[-75.0663,38.4513],[-75.0535,38.4513],[-75.0525,38.4513],[-75.0493,38.4513],[-75.0489,38.4513],[-75.0494,38.4485],[-75.0494,38.448],[-75.0496,38.4471],[-75.052,38.4315],[-75.052,38.4315],[-75.0522,38.4305],[-75.0522,38.4302],[-75.0522,38.4301],[-75.0524,38.4292],[-75.0524,38.4288],[-75.0525,38.4285],[-75.0525,38.4285],[-75.0525,38.4283],[-75.0527,38.4267],[-75.0528,38.4263],[-75.0528,38.4262],[-75.0531,38.4244],[-75.0531,38.4242],[-75.0533,38.4233],[-75.0533,38.4231],[-75.0546,38.4148],[-75.0558,38.4102],[-75.056,38.4096],[-75.0562,38.4089],[-75.0573,38.4047],[-75.0614,38.3895],[-75.0681,38.3687],[-75.0682,38.3686],[-75.0684,38.3678],[-75.0685,38.3674],[-75.0686,38.3673],[-75.0698,38.3635],[-75.0698,38.3634],[-75.0713,38.3588],[-75.0716,38.3579],[-75.0717,38.3577],[-75.0717,38.3577],[-75.0721,38.3564],[-75.0725,38.3553],[-75.0739,38.352],[-75.0745,38.3504],[-75.0841,38.3275],[-75.0852,38.3251],[-75.0853,38.3247],[-75.0855,38.3244],[-75.0855,38.3243],[-75.0875,38.3228],[-75.0921,38.3233],[-75.0939,38.3234],[-75.1029,38.3115],[-75.1038,38.3093],[-75.1168,38.2742],[-75.1432,38.2205],[-75.1554,38.1926],[-75.159,38.1842],[-75.1616,38.1764],[-75.1774,38.13],[-75.1789,38.1268],[-75.1929,38.0978],[-75.1938,38.096],[-75.1954,38.0936],[-75.2047,38.0793],[-75.2049,38.079],[-75.2065,38.0765],[-75.2161,38.0618],[-75.2243,38.0509],[-75.2276,38.0466],[-75.2359,38.0357],[-75.2361,38.0354],[-75.2375,38.0335],[-75.2418,38.0278],[-75.2423,38.0272]]]}}]}