{"type":"FeatureCollection","features":[{"type":"Feature","properties":{"name":"CD1","district_number":1,"fips":"51-01","lean":0.062066,"lean_desc":"Leans Republican"},"geometry":{"type":"Polygon","coordinates":[[[-76.641474,37.153787],[-76.642902,37.188856],[-76.646233,37.193667],[-76.660513,37.204218],[-76.670746,37.208873],[-76.679789,37.210891],[-76.691689,37.210891],[-76.70573,37.206391],[-76.717153,37.196615],[-76.726911,37.176287],[-76.731908,37.172718],[-76.74357,37.171167],[-76.753089,37.172718],[-76.760229,37.176753],[-76.773556,37.188856],[-76.801638,37.217873],[-76.809016,37.222373],[-76.818535,37.224546],[-76.834957,37.224856],[-76.883268,37.222994],[-76.886362,37.243787],[-76.883982,37.250149],[-76.873272,37.258373],[-76.882078,37.271408],[-76.88303,37.275908],[-76.881602,37.285529],[-76.871606,37.295615],[-76.879936,37.309891],[-76.875176,37.317649],[-76.876604,37.333167],[-76.873748,37.342632],[-76.880174,37.348684],[-76.87827,37.355356],[-76.87351,37.363425],[-76.87708,37.369167],[-76.884696,37.368546],[-76.891121,37.362029],[-76.896357,37.360787],[-76.9054,37.350701],[-76.909684,37.348684],[-76.915872,37.352563],[-76.910398,37.364046],[-76.901117,37.369942],[-76.898737,37.375529],[-76.918014,37.384218],[-76.9173,37.389184],[-76.906352,37.392598],[-76.904211,37.40377],[-76.918014,37.395391],[-76.925867,37.399425],[-76.931103,37.396322],[-76.933245,37.387942],[-76.941098,37.383753],[-76.944906,37.383908],[-76.945382,37.394149],[-76.938005,37.39958],[-76.938481,37.407339],[-76.943002,37.410442],[-76.951808,37.403925],[-76.968705,37.406563],[-76.972751,37.410132],[-76.969419,37.415253],[-76.971561,37.418356],[-76.983222,37.420218],[-76.988934,37.414942],[-76.998215,37.418201],[-77.007735,37.413701],[-77.0213,37.416029],[-77.026297,37.428908],[-77.036293,37.427667],[-77.05081,37.432167],[-77.060092,37.429218],[-77.061757,37.436511],[-77.070087,37.439925],[-77.086508,37.441322],[-77.095789,37.440236],[-77.109593,37.452805],[-77.119112,37.455753],[-77.118636,37.460253],[-77.123396,37.463667],[-77.126966,37.47158],[-77.141721,37.468322],[-77.141959,37.476391],[-77.150288,37.477322],[-77.157904,37.474529],[-77.161712,37.476546],[-77.157428,37.485546],[-77.164567,37.48477],[-77.179323,37.491753],[-77.191936,37.501218],[-77.192888,37.506649],[-77.205739,37.513011],[-77.214783,37.525425],[-77.220256,37.527287],[-77.221208,37.533184],[-77.226444,37.533805],[-77.231442,37.539391],[-77.240009,37.537994],[-77.246911,37.539236],[-77.266188,37.55196],[-77.275707,37.552891],[-77.286892,37.556305],[-77.290938,37.560494],[-77.305931,37.56096],[-77.316641,37.567477],[-77.321162,37.567787],[-77.338059,37.577253],[-77.353053,37.581132],[-77.362572,37.588736],[-77.372567,37.59308],[-77.381849,37.594477],[-77.393748,37.601615],[-77.404696,37.609839],[-77.408741,37.614649],[-77.404696,37.622563],[-77.405172,37.625822],[-77.418261,37.633115],[-77.421355,37.641649],[-77.432778,37.645218],[-77.451817,37.636218],[-77.45967,37.637925],[-77.466572,37.647546],[-77.474902,37.644598],[-77.481803,37.652667],[-77.489657,37.659494],[-77.495368,37.652356],[-77.497748,37.658408],[-77.504174,37.659184],[-77.507268,37.647856],[-77.512027,37.643977],[-77.522975,37.645994],[-77.531542,37.649253],[-77.533684,37.641184],[-77.540824,37.632805],[-77.537016,37.631253],[-77.524165,37.61977],[-77.511551,37.595408],[-77.519167,37.594632],[-77.518215,37.58858],[-77.509885,37.58377],[-77.516549,37.581598],[-77.531542,37.591839],[-77.53416,37.584236],[-77.538682,37.582839],[-77.546535,37.575856],[-77.547487,37.572598],[-77.536064,37.568718],[-77.525831,37.568098],[-77.529638,37.559253],[-77.545821,37.560494],[-77.559387,37.555684],[-77.576998,37.558942],[-77.585089,37.558477],[-77.595561,37.555684],[-77.595799,37.545908],[-77.601272,37.545132],[-77.596275,37.535977],[-77.592705,37.533649],[-77.57795,37.532253],[-77.567716,37.534891],[-77.552485,37.541874],[-77.545107,37.528063],[-77.528686,37.531942],[-77.528448,37.525425],[-77.53297,37.521546],[-77.537254,37.513167],[-77.544869,37.507425],[-77.556055,37.502615],[-77.56367,37.492063],[-77.572476,37.482598],[-77.583899,37.467856],[-77.589135,37.465994],[-77.621977,37.46258],[-77.618407,37.457925],[-77.608412,37.457925],[-77.60032,37.452339],[-77.600796,37.445511],[-77.596275,37.445046],[-77.593895,37.439615],[-77.622691,37.428908],[-77.630307,37.423787],[-77.617455,37.412149],[-77.60984,37.409822],[-77.591277,37.411373],[-77.595561,37.396632],[-77.582947,37.392753],[-77.57676,37.392442],[-77.574856,37.387011],[-77.583185,37.384684],[-77.589611,37.385149],[-77.593181,37.375839],[-77.603652,37.376305],[-77.608412,37.381115],[-77.613172,37.377546],[-77.616741,37.370098],[-77.613647,37.365908],[-77.618645,37.35008],[-77.624119,37.35008],[-77.631734,37.339529],[-77.622215,37.335805],[-77.610316,37.335805],[-77.601748,37.333167],[-77.594609,37.328046],[-77.588421,37.320753],[-77.576046,37.316408],[-77.571048,37.316563],[-77.558435,37.321373],[-77.556531,37.317184],[-77.563194,37.306322],[-77.565812,37.290494],[-77.568906,37.280873],[-77.565336,37.27296],[-77.562956,37.25977],[-77.557007,37.250149],[-77.559863,37.246736],[-77.565812,37.248598],[-77.571524,37.245804],[-77.572238,37.237115],[-77.579615,37.238822],[-77.583899,37.246115],[-77.600558,37.253718],[-77.603176,37.26396],[-77.612458,37.270632],[-77.620311,37.266753],[-77.632686,37.269701],[-77.642444,37.26396],[-77.650535,37.265046],[-77.654343,37.267218],[-77.662435,37.278701],[-77.664815,37.287701],[-77.669098,37.292822],[-77.682426,37.291736],[-77.683853,37.285994],[-77.693135,37.281494],[-77.698133,37.287701],[-77.701464,37.29608],[-77.708842,37.300115],[-77.71622,37.296856],[-77.717409,37.284908],[-77.721217,37.283201],[-77.727881,37.285839],[-77.73502,37.284598],[-77.738114,37.270322],[-77.74454,37.266908],[-77.758581,37.26877],[-77.768101,37.275132],[-77.769528,37.284908],[-77.78476,37.296546],[-77.797135,37.299339],[-77.806654,37.30446],[-77.808796,37.315942],[-77.801181,37.31858],[-77.796183,37.324011],[-77.798801,37.32758],[-77.796421,37.332236],[-77.802371,37.335339],[-77.817602,37.338132],[-77.837355,37.338442],[-77.850444,37.345115],[-77.85211,37.355667],[-77.860915,37.362184],[-77.873766,37.362339],[-77.877574,37.366218],[-77.87686,37.378011],[-77.878288,37.383442],[-77.873052,37.391822],[-77.867817,37.39446],[-77.871863,37.399425],[-77.875432,37.416029],[-77.872577,37.418511],[-77.858773,37.414477],[-77.8533,37.418511],[-77.849254,37.414942],[-77.840448,37.418201],[-77.833071,37.422856],[-77.826645,37.422391],[-77.809272,37.426115],[-77.804988,37.437598],[-77.798801,37.444891],[-77.797849,37.459011],[-77.690755,37.536132],[-77.656247,37.560805],[-77.655295,37.564063],[-77.647204,37.566391],[-77.638636,37.566701],[-77.630545,37.576787],[-77.623881,37.575701],[-77.616503,37.577408],[-77.618169,37.588425],[-77.626499,37.591374],[-77.628403,37.599908],[-77.640302,37.602856],[-77.643158,37.613874],[-77.651963,37.616822],[-77.650535,37.62427],[-77.654343,37.640718],[-77.650535,37.648632],[-77.648631,37.656856],[-77.640778,37.678115],[-77.641968,37.687891],[-77.637684,37.686649],[-77.630783,37.705736],[-77.636256,37.706512],[-77.639826,37.715822],[-77.641254,37.731339],[-77.645538,37.739098],[-77.651963,37.744374],[-77.649345,37.755856],[-77.637922,37.747477],[-77.633638,37.752132],[-77.633638,37.757098],[-77.624119,37.760977],[-77.61222,37.760046],[-77.603652,37.769201],[-77.598178,37.767649],[-77.59675,37.773856],[-77.588659,37.778667],[-77.584613,37.785029],[-77.57438,37.794649],[-77.57557,37.803649],[-77.569858,37.802718],[-77.566526,37.797132],[-77.559149,37.793098],[-77.551533,37.793874],[-77.549153,37.796822],[-77.539634,37.791701],[-77.552485,37.778201],[-77.535588,37.774787],[-77.519881,37.778667],[-77.516549,37.776649],[-77.503222,37.774943],[-77.499652,37.772149],[-77.491323,37.775563],[-77.476567,37.777115],[-77.473236,37.788753],[-77.460384,37.791856],[-77.461098,37.798994],[-77.453007,37.794649],[-77.447295,37.794029],[-77.446105,37.803339],[-77.437062,37.802253],[-77.43016,37.798374],[-77.412549,37.79977],[-77.407789,37.803339],[-77.402078,37.805667],[-77.395176,37.802408],[-77.39827,37.79077],[-77.393034,37.784563],[-77.403744,37.78596],[-77.405172,37.780218],[-77.396366,37.77727],[-77.387561,37.778822],[-77.378279,37.776339],[-77.37114,37.780994],[-77.371378,37.786736],[-77.36162,37.797443],[-77.353053,37.795115],[-77.350197,37.789374],[-77.333062,37.801477],[-77.330206,37.805667],[-77.306407,37.822425],[-77.2907,37.836236],[-77.28832,37.843374],[-77.279277,37.844305],[-77.271899,37.851753],[-77.262142,37.864012],[-77.251194,37.87146],[-77.247625,37.876115],[-77.248577,37.886201],[-77.242865,37.899856],[-77.245483,37.904356],[-77.241675,37.909477],[-77.233345,37.909167],[-77.227872,37.901718],[-77.218114,37.903891],[-77.211213,37.900632],[-77.212165,37.894425],[-77.215972,37.892408],[-77.210261,37.886201],[-77.204549,37.886822],[-77.192174,37.891787],[-77.181464,37.891632],[-77.179561,37.897063],[-77.1867,37.901253],[-77.182178,37.904512],[-77.186462,37.911184],[-77.181227,37.919098],[-77.178847,37.929029],[-77.183844,37.941753],[-77.178847,37.946718],[-77.18194,37.949512],[-77.166947,37.964098],[-77.153858,37.967667],[-77.148622,37.972012],[-77.122206,37.97046],[-77.105785,37.971391],[-77.099597,37.964408],[-77.08984,37.963787],[-77.080558,37.968753],[-77.071991,37.967977],[-77.068659,37.971546],[-77.076989,37.991098],[-77.072705,37.994667],[-77.076513,38.000718],[-77.082462,38.002891],[-77.088888,38.013598],[-77.103405,38.01127],[-77.114114,38.016236],[-77.120064,38.013132],[-77.128156,38.015615],[-77.130773,38.020581],[-77.127204,38.027718],[-77.12173,38.033615],[-77.129346,38.044943],[-77.135771,38.047736],[-77.145529,38.046339],[-77.15005,38.050063],[-77.146718,38.054718],[-77.14886,38.061391],[-77.159094,38.064029],[-77.163616,38.068374],[-77.170041,38.079546],[-77.160522,38.087305],[-77.15362,38.08777],[-77.152192,38.093201],[-77.145291,38.094287],[-77.141959,38.101891],[-77.145529,38.108408],[-77.141959,38.115081],[-77.144339,38.120822],[-77.130773,38.12346],[-77.116732,38.120667],[-77.105309,38.127805],[-77.107927,38.131839],[-77.113876,38.134477],[-77.116018,38.149994],[-77.101501,38.158684],[-77.094837,38.161632],[-77.084604,38.160236],[-77.0827,38.146891],[-77.075561,38.14115],[-77.069373,38.143787],[-77.066993,38.147667],[-77.069373,38.157753],[-77.063423,38.162098],[-77.064137,38.171874],[-77.050096,38.177925],[-77.048192,38.185994],[-77.044622,38.260477],[-77.034627,38.25877],[-77.028915,38.26777],[-77.013922,38.269788],[-76.997739,38.278012],[-76.990838,38.273667],[-76.981556,38.274598],[-76.962041,38.256908],[-76.957043,38.24015],[-76.957995,38.234098],[-76.962279,38.229908],[-76.948952,38.208494],[-76.937291,38.202598],[-76.915872,38.19965],[-76.891121,38.183667],[-76.882554,38.176374],[-76.872796,38.171719],[-76.858041,38.170632],[-76.854233,38.167374],[-76.839478,38.16365],[-76.822343,38.16396],[-76.800211,38.168925],[-76.789977,38.169081],[-76.774508,38.167219],[-76.764037,38.167839],[-76.749757,38.164736],[-76.70097,38.161322],[-76.636714,38.152632],[-76.63124,38.153563],[-76.610298,38.148443],[-76.603396,38.130132],[-76.599826,38.11446],[-76.596018,38.106856],[-76.579597,38.095374],[-76.563652,38.08777],[-76.556275,38.085598],[-76.535332,38.07365],[-76.534142,38.063563],[-76.526288,38.053167],[-76.516055,38.044943],[-76.516531,38.026787],[-76.49654,38.018874],[-76.479881,38.015305],[-76.473455,38.016236],[-76.465126,38.013287],[-76.442279,37.989546],[-76.43395,37.981787],[-76.425382,37.976822],[-76.413007,37.96627],[-76.38897,37.958356],[-76.359222,37.952305],[-76.338517,37.945322],[-76.284494,37.919098],[-76.267835,37.912115],[-76.257602,37.905753],[-76.247844,37.894891],[-76.237373,37.88977],[-76.236421,37.886667],[-76.233803,37.875184],[-76.205245,37.775098],[-76.175735,37.671598],[-76.162645,37.625201],[-76.161455,37.625201],[-76.140751,37.542649],[-76.139799,37.500132],[-76.137181,37.375063],[-76.136467,37.287856],[-76.135039,37.117632],[-76.249748,37.11608],[-76.275451,37.11608],[-76.275213,37.121201],[-76.288302,37.117011],[-76.293776,37.113598],[-76.301629,37.103201],[-76.311863,37.10196],[-76.317336,37.103046],[-76.344705,37.096839],[-76.350893,37.10677],[-76.367552,37.112977],[-76.376119,37.108322],[-76.381831,37.112201],[-76.39373,37.108322],[-76.399204,37.103201],[-76.400632,37.095598],[-76.406819,37.093115],[-76.423716,37.091718],[-76.429666,37.095908],[-76.437282,37.093891],[-76.444897,37.094667],[-76.453941,37.098235],[-76.460842,37.103046],[-76.506298,37.154253],[-76.504394,37.158442],[-76.515103,37.173184],[-76.517007,37.17877],[-76.526288,37.176598],[-76.56508,37.220511],[-76.570078,37.215236],[-76.575076,37.213063],[-76.591259,37.213218],[-76.591259,37.207167],[-76.585547,37.200804],[-76.583167,37.192891],[-76.577931,37.190408],[-76.578407,37.186529],[-76.585309,37.180322],[-76.590307,37.181563],[-76.597922,37.178304],[-76.604824,37.170701],[-76.616961,37.163718],[-76.641474,37.153787]]]}},{"type":"Feature","properties":{"name":"CD2","district_number":2,"fips":"51-02","lean":0.012066,"lean_desc":"Competitive"},"geometry":{"type":"Polygon","coordinates":[[[-76.135039,37.117632],[-76.136467,37.287856],[-76.137181,37.375063],[-76.139799,37.500132],[-76.140751,37.542649],[-76.161455,37.625201],[-76.162645,37.625201],[-76.175735,37.671598],[-76.205245,37.775098],[-76.233803,37.875184],[-76.236421,37.886667],[-76.124568,37.928718],[-76.051982,37.953546],[-75.993437,37.953546],[-75.943698,37.946098],[-75.952742,37.906839],[-75.883012,37.911339],[-75.801144,37.912115],[-75.761639,37.941443],[-75.704522,37.954632],[-75.691433,37.955563],[-75.665254,37.949512],[-75.655735,37.945477],[-75.647643,37.947029],[-75.648119,37.966736],[-75.64098,37.977287],[-75.635744,37.97946],[-75.63265,37.986753],[-75.62551,37.989856],[-75.624559,37.994201],[-75.469867,38.007546],[-75.397044,38.013443],[-75.249492,38.026787],[-75.22379,38.027408],[-75.166435,38.027874],[-75.238069,37.935391],[-75.241877,37.931512],[-75.25925,37.904356],[-75.270435,37.882632],[-75.278765,37.869598],[-75.2959,37.845701],[-75.312321,37.830649],[-75.338023,37.815287],[-75.349446,37.812029],[-75.366819,37.809856],[-75.380147,37.810477],[-75.393712,37.81358],[-75.409181,37.820874],[-75.417035,37.821029],[-75.460824,37.771374],[-75.46487,37.759736],[-75.469153,37.752753],[-75.472961,37.741736],[-75.478435,37.733201],[-75.48724,37.724822],[-75.492,37.71427],[-75.496998,37.706977],[-75.503186,37.694253],[-75.507707,37.688667],[-75.516037,37.671598],[-75.516275,37.657011],[-75.518417,37.649408],[-75.525318,37.63746],[-75.533172,37.629856],[-75.541739,37.606115],[-75.53103,37.591839],[-75.526984,37.575701],[-75.528412,37.56127],[-75.535314,37.546218],[-75.541977,37.537529],[-75.555067,37.526667],[-75.574581,37.500132],[-75.579579,37.494701],[-75.583149,37.486477],[-75.595524,37.465529],[-75.596,37.453115],[-75.603854,37.432632],[-75.604092,37.42208],[-75.618371,37.402218],[-75.624559,37.396942],[-75.643359,37.372891],[-75.640266,37.363891],[-75.644311,37.342322],[-75.656687,37.323856],[-75.679057,37.312529],[-75.691909,37.300115],[-75.715469,37.275753],[-75.715469,37.270011],[-75.727845,37.250149],[-75.732366,37.245649],[-75.728321,37.235563],[-75.729272,37.216942],[-75.742838,37.192891],[-75.744742,37.182339],[-75.749739,37.175046],[-75.76616,37.154873],[-75.781629,37.137184],[-75.797099,37.12508],[-75.805904,37.11608],[-75.824229,37.110184],[-75.835652,37.094977],[-75.854453,37.079304],[-75.869446,37.074029],[-75.874682,37.067511],[-75.889675,37.054477],[-75.905858,37.000166],[-75.909428,36.990701],[-75.928229,36.938253],[-75.926801,36.936391],[-75.901099,36.841425],[-75.874682,36.744287],[-75.862069,36.714028],[-75.843982,36.679735],[-75.829703,36.644666],[-75.819707,36.625115],[-75.80043,36.562735],[-75.797575,36.550942],[-75.854453,36.550322],[-75.927991,36.550632],[-76.007716,36.550477],[-76.071735,36.550632],[-76.246417,36.550477],[-76.408247,36.550632],[-76.541995,36.550632],[-76.749043,36.550787],[-76.817108,36.551097],[-76.915872,36.552184],[-76.915872,36.543959],[-77.102929,36.54458],[-77.102691,36.550166],[-77.098407,36.558235],[-77.106975,36.564597],[-77.099121,36.572201],[-77.088888,36.56708],[-77.083414,36.557925],[-77.082224,36.549546],[-77.071991,36.545822],[-77.05795,36.557149],[-77.047002,36.559942],[-77.039625,36.569253],[-77.042481,36.572201],[-77.054142,36.568011],[-77.065089,36.568942],[-77.076513,36.58089],[-77.081034,36.58989],[-77.086508,36.590201],[-77.09222,36.594235],[-77.091506,36.597339],[-77.099835,36.602304],[-77.0946,36.608046],[-77.076989,36.595322],[-77.076513,36.603856],[-77.078654,36.612701],[-77.070325,36.611615],[-77.070087,36.615184],[-77.045812,36.61658],[-77.046764,36.626511],[-77.052952,36.641408],[-77.05676,36.641097],[-77.0827,36.635046],[-77.076989,36.649166],[-77.070801,36.657235],[-77.076751,36.659408],[-77.0827,36.672442],[-77.080082,36.680822],[-77.091268,36.691839],[-77.093172,36.699287],[-77.078892,36.694632],[-77.069373,36.696184],[-77.077227,36.700839],[-77.076513,36.706891],[-77.068897,36.707356],[-77.067945,36.713408],[-77.081034,36.722873],[-77.074609,36.725046],[-77.063899,36.733735],[-77.065565,36.739322],[-77.062471,36.749253],[-77.051762,36.761511],[-77.045812,36.774391],[-77.020586,36.774391],[-77.015112,36.780908],[-77.008211,36.781528],[-77.012256,36.789287],[-77.011542,36.795184],[-76.998215,36.790994],[-76.985126,36.789442],[-76.969657,36.784632],[-76.963469,36.786494],[-76.963707,36.803718],[-76.954902,36.803253],[-76.950618,36.811477],[-76.950142,36.81846],[-76.94562,36.831339],[-76.958947,36.834753],[-76.963469,36.840339],[-76.971323,36.833046],[-76.978462,36.843597],[-76.98346,36.846391],[-76.97751,36.857563],[-76.986078,36.860046],[-76.997739,36.857563],[-77.003927,36.854615],[-77.01178,36.855546],[-77.01654,36.866563],[-77.013208,36.873235],[-77.009638,36.885649],[-77.002499,36.887666],[-76.994407,36.885804],[-76.976082,36.884563],[-76.970133,36.888908],[-76.981794,36.903804],[-76.985364,36.906132],[-76.989172,36.914511],[-76.999405,36.916063],[-77.002023,36.920718],[-76.982508,36.929563],[-76.837574,37.002184],[-76.77546,37.029339],[-76.71168,37.055408],[-76.699304,37.058356],[-76.701208,37.06627],[-76.696211,37.072632],[-76.693831,37.08458],[-76.684549,37.088149],[-76.684073,37.103822],[-76.677172,37.113908],[-76.680027,37.117632],[-76.680265,37.126322],[-76.67265,37.133925],[-76.675506,37.139046],[-76.671698,37.141994],[-76.641474,37.153787],[-76.645757,37.12508],[-76.628146,37.092804],[-76.624577,37.08908],[-76.59697,37.066735],[-76.536046,37.023753],[-76.501776,37.000166],[-76.46822,36.975029],[-76.460128,36.965718],[-76.449895,36.948339],[-76.444659,36.941046],[-76.434902,36.935304],[-76.407295,36.930804],[-76.39968,36.93096],[-76.403487,36.900856],[-76.407771,36.896666],[-76.403963,36.894029],[-76.406343,36.889684],[-76.404915,36.881615],[-76.413483,36.874166],[-76.441089,36.842511],[-76.45751,36.814891],[-76.461794,36.782615],[-76.458462,36.781839],[-76.445135,36.787425],[-76.438233,36.778891],[-76.427762,36.78308],[-76.422288,36.78758],[-76.413721,36.78758],[-76.406819,36.785253],[-76.399918,36.787425],[-76.386828,36.778891],[-76.371359,36.775942],[-76.364458,36.772063],[-76.343991,36.770511],[-76.344943,36.758563],[-76.325666,36.759494],[-76.291158,36.757632],[-76.280211,36.75096],[-76.271643,36.754373],[-76.267597,36.748322],[-76.25308,36.743356],[-76.245941,36.749253],[-76.249272,36.757632],[-76.242133,36.75996],[-76.22595,36.745218],[-76.224046,36.757477],[-76.225236,36.762908],[-76.21524,36.765546],[-76.219524,36.76896],[-76.21405,36.778891],[-76.206435,36.777028],[-76.228092,36.832891],[-76.223094,36.837701],[-76.21405,36.83227],[-76.206911,36.83258],[-76.200247,36.827925],[-76.194774,36.829942],[-76.191442,36.839408],[-76.179542,36.849649],[-76.176925,36.856942],[-76.189776,36.862373],[-76.193346,36.865322],[-76.189776,36.873701],[-76.198343,36.88658],[-76.19406,36.893873],[-76.18216,36.906597],[-76.190252,36.91327],[-76.192632,36.918235],[-76.187396,36.922891],[-76.176211,36.92196],[-76.177163,36.931735],[-76.181446,36.931735],[-76.177163,36.94958],[-76.153602,37.000166],[-76.133849,37.041132],[-76.135039,37.117632]]]}},{"type":"Feature","properties":{"name":"CD3","district_number":3,"fips":"51-03","lean":-0.3529,"lean_desc":"Strong Democratic"},"geometry":{"type":"Polygon","coordinates":[[[-76.641474,37.153787],[-76.616961,37.163718],[-76.604824,37.170701],[-76.597922,37.178304],[-76.590307,37.181563],[-76.585309,37.180322],[-76.578407,37.186529],[-76.577931,37.190408],[-76.583167,37.192891],[-76.585547,37.200804],[-76.591259,37.207167],[-76.591259,37.213218],[-76.575076,37.213063],[-76.570078,37.215236],[-76.56508,37.220511],[-76.526288,37.176598],[-76.517007,37.17877],[-76.515103,37.173184],[-76.504394,37.158442],[-76.506298,37.154253],[-76.460842,37.103046],[-76.453941,37.098235],[-76.444897,37.094667],[-76.437282,37.093891],[-76.429666,37.095908],[-76.423716,37.091718],[-76.406819,37.093115],[-76.400632,37.095598],[-76.399204,37.103201],[-76.39373,37.108322],[-76.381831,37.112201],[-76.376119,37.108322],[-76.367552,37.112977],[-76.350893,37.10677],[-76.344705,37.096839],[-76.317336,37.103046],[-76.311863,37.10196],[-76.301629,37.103201],[-76.293776,37.113598],[-76.288302,37.117011],[-76.275213,37.121201],[-76.275451,37.11608],[-76.249748,37.11608],[-76.135039,37.117632],[-76.133849,37.041132],[-76.153602,37.000166],[-76.177163,36.94958],[-76.181446,36.931735],[-76.177163,36.931735],[-76.176211,36.92196],[-76.187396,36.922891],[-76.192632,36.918235],[-76.190252,36.91327],[-76.18216,36.906597],[-76.19406,36.893873],[-76.198343,36.88658],[-76.189776,36.873701],[-76.193346,36.865322],[-76.189776,36.862373],[-76.176925,36.856942],[-76.179542,36.849649],[-76.191442,36.839408],[-76.194774,36.829942],[-76.200247,36.827925],[-76.206911,36.83258],[-76.21405,36.83227],[-76.223094,36.837701],[-76.228092,36.832891],[-76.206435,36.777028],[-76.21405,36.778891],[-76.219524,36.76896],[-76.21524,36.765546],[-76.225236,36.762908],[-76.224046,36.757477],[-76.22595,36.745218],[-76.242133,36.75996],[-76.249272,36.757632],[-76.245941,36.749253],[-76.25308,36.743356],[-76.267597,36.748322],[-76.271643,36.754373],[-76.280211,36.75096],[-76.291158,36.757632],[-76.325666,36.759494],[-76.344943,36.758563],[-76.343991,36.770511],[-76.364458,36.772063],[-76.371359,36.775942],[-76.386828,36.778891],[-76.399918,36.787425],[-76.406819,36.785253],[-76.413721,36.78758],[-76.422288,36.78758],[-76.427762,36.78308],[-76.438233,36.778891],[-76.445135,36.787425],[-76.458462,36.781839],[-76.461794,36.782615],[-76.45751,36.814891],[-76.441089,36.842511],[-76.413483,36.874166],[-76.404915,36.881615],[-76.406343,36.889684],[-76.403963,36.894029],[-76.407771,36.896666],[-76.403487,36.900856],[-76.39968,36.93096],[-76.407295,36.930804],[-76.434902,36.935304],[-76.444659,36.941046],[-76.449895,36.948339],[-76.460128,36.965718],[-76.46822,36.975029],[-76.501776,37.000166],[-76.536046,37.023753],[-76.59697,37.066735],[-76.624577,37.08908],[-76.628146,37.092804],[-76.645757,37.12508],[-76.641474,37.153787]]]}},{"type":"Feature","properties":{"name":"CD4","district_number":4,"fips":"51-04","lean":-0.327166,"lean_desc":"Strong Democratic"},"geometry":{"type":"Polygon","coordinates":[[[-77.650535,37.265046],[-77.642444,37.26396],[-77.632686,37.269701],[-77.620311,37.266753],[-77.612458,37.270632],[-77.603176,37.26396],[-77.600558,37.253718],[-77.583899,37.246115],[-77.579615,37.238822],[-77.572238,37.237115],[-77.571524,37.245804],[-77.565812,37.248598],[-77.559863,37.246736],[-77.557007,37.250149],[-77.562956,37.25977],[-77.565336,37.27296],[-77.568906,37.280873],[-77.565812,37.290494],[-77.563194,37.306322],[-77.556531,37.317184],[-77.558435,37.321373],[-77.571048,37.316563],[-77.576046,37.316408],[-77.588421,37.320753],[-77.594609,37.328046],[-77.601748,37.333167],[-77.610316,37.335805],[-77.622215,37.335805],[-77.631734,37.339529],[-77.624119,37.35008],[-77.618645,37.35008],[-77.613647,37.365908],[-77.616741,37.370098],[-77.613172,37.377546],[-77.608412,37.381115],[-77.603652,37.376305],[-77.593181,37.375839],[-77.589611,37.385149],[-77.583185,37.384684],[-77.574856,37.387011],[-77.57676,37.392442],[-77.582947,37.392753],[-77.595561,37.396632],[-77.591277,37.411373],[-77.60984,37.409822],[-77.617455,37.412149],[-77.630307,37.423787],[-77.622691,37.428908],[-77.593895,37.439615],[-77.596275,37.445046],[-77.600796,37.445511],[-77.60032,37.452339],[-77.608412,37.457925],[-77.618407,37.457925],[-77.621977,37.46258],[-77.589135,37.465994],[-77.583899,37.467856],[-77.572476,37.482598],[-77.56367,37.492063],[-77.556055,37.502615],[-77.544869,37.507425],[-77.537254,37.513167],[-77.53297,37.521546],[-77.528448,37.525425],[-77.528686,37.531942],[-77.545107,37.528063],[-77.552485,37.541874],[-77.567716,37.534891],[-77.57795,37.532253],[-77.592705,37.533649],[-77.596275,37.535977],[-77.601272,37.545132],[-77.595799,37.545908],[-77.595561,37.555684],[-77.585089,37.558477],[-77.576998,37.558942],[-77.559387,37.555684],[-77.545821,37.560494],[-77.529638,37.559253],[-77.525831,37.568098],[-77.536064,37.568718],[-77.547487,37.572598],[-77.546535,37.575856],[-77.538682,37.582839],[-77.53416,37.584236],[-77.531542,37.591839],[-77.516549,37.581598],[-77.509885,37.58377],[-77.518215,37.58858],[-77.519167,37.594632],[-77.511551,37.595408],[-77.524165,37.61977],[-77.537016,37.631253],[-77.540824,37.632805],[-77.533684,37.641184],[-77.531542,37.649253],[-77.522975,37.645994],[-77.512027,37.643977],[-77.507268,37.647856],[-77.504174,37.659184],[-77.497748,37.658408],[-77.495368,37.652356],[-77.489657,37.659494],[-77.481803,37.652667],[-77.474902,37.644598],[-77.466572,37.647546],[-77.45967,37.637925],[-77.451817,37.636218],[-77.432778,37.645218],[-77.421355,37.641649],[-77.418261,37.633115],[-77.405172,37.625822],[-77.404696,37.622563],[-77.408741,37.614649],[-77.404696,37.609839],[-77.393748,37.601615],[-77.381849,37.594477],[-77.372567,37.59308],[-77.362572,37.588736],[-77.353053,37.581132],[-77.338059,37.577253],[-77.321162,37.567787],[-77.316641,37.567477],[-77.305931,37.56096],[-77.290938,37.560494],[-77.286892,37.556305],[-77.275707,37.552891],[-77.266188,37.55196],[-77.246911,37.539236],[-77.240009,37.537994],[-77.231442,37.539391],[-77.226444,37.533805],[-77.221208,37.533184],[-77.220256,37.527287],[-77.214783,37.525425],[-77.205739,37.513011],[-77.192888,37.506649],[-77.191936,37.501218],[-77.179323,37.491753],[-77.164567,37.48477],[-77.157428,37.485546],[-77.161712,37.476546],[-77.157904,37.474529],[-77.150288,37.477322],[-77.141959,37.476391],[-77.141721,37.468322],[-77.126966,37.47158],[-77.123396,37.463667],[-77.118636,37.460253],[-77.119112,37.455753],[-77.109593,37.452805],[-77.095789,37.440236],[-77.086508,37.441322],[-77.070087,37.439925],[-77.061757,37.436511],[-77.060092,37.429218],[-77.05081,37.432167],[-77.036293,37.427667],[-77.026297,37.428908],[-77.0213,37.416029],[-77.007735,37.413701],[-76.998215,37.418201],[-76.988934,37.414942],[-76.983222,37.420218],[-76.971561,37.418356],[-76.969419,37.415253],[-76.972751,37.410132],[-76.968705,37.406563],[-76.951808,37.403925],[-76.943002,37.410442],[-76.938481,37.407339],[-76.938005,37.39958],[-76.945382,37.394149],[-76.944906,37.383908],[-76.941098,37.383753],[-76.933245,37.387942],[-76.931103,37.396322],[-76.925867,37.399425],[-76.918014,37.395391],[-76.904211,37.40377],[-76.906352,37.392598],[-76.9173,37.389184],[-76.918014,37.384218],[-76.898737,37.375529],[-76.901117,37.369942],[-76.910398,37.364046],[-76.915872,37.352563],[-76.909684,37.348684],[-76.9054,37.350701],[-76.896357,37.360787],[-76.891121,37.362029],[-76.884696,37.368546],[-76.87708,37.369167],[-76.87351,37.363425],[-76.87827,37.355356],[-76.880174,37.348684],[-76.873748,37.342632],[-76.876604,37.333167],[-76.875176,37.317649],[-76.879936,37.309891],[-76.871606,37.295615],[-76.881602,37.285529],[-76.88303,37.275908],[-76.882078,37.271408],[-76.873272,37.258373],[-76.883982,37.250149],[-76.886362,37.243787],[-76.883268,37.222994],[-76.834957,37.224856],[-76.818535,37.224546],[-76.809016,37.222373],[-76.801638,37.217873],[-76.773556,37.188856],[-76.760229,37.176753],[-76.753089,37.172718],[-76.74357,37.171167],[-76.731908,37.172718],[-76.726911,37.176287],[-76.717153,37.196615],[-76.70573,37.206391],[-76.691689,37.210891],[-76.679789,37.210891],[-76.670746,37.208873],[-76.660513,37.204218],[-76.646233,37.193667],[-76.642902,37.188856],[-76.641474,37.153787],[-76.671698,37.141994],[-76.675506,37.139046],[-76.67265,37.133925],[-76.680265,37.126322],[-76.680027,37.117632],[-76.677172,37.113908],[-76.684073,37.103822],[-76.684549,37.088149],[-76.693831,37.08458],[-76.696211,37.072632],[-76.701208,37.06627],[-76.699304,37.058356],[-76.71168,37.055408],[-76.77546,37.029339],[-76.837574,37.002184],[-76.982508,36.929563],[-77.002023,36.920718],[-76.999405,36.916063],[-76.989172,36.914511],[-76.985364,36.906132],[-76.981794,36.903804],[-76.970133,36.888908],[-76.976082,36.884563],[-76.994407,36.885804],[-77.002499,36.887666],[-77.009638,36.885649],[-77.013208,36.873235],[-77.01654,36.866563],[-77.01178,36.855546],[-77.003927,36.854615],[-76.997739,36.857563],[-76.986078,36.860046],[-76.97751,36.857563],[-76.98346,36.846391],[-76.978462,36.843597],[-76.971323,36.833046],[-76.963469,36.840339],[-76.958947,36.834753],[-76.94562,36.831339],[-76.950142,36.81846],[-76.950618,36.811477],[-76.954902,36.803253],[-76.963707,36.803718],[-76.963469,36.786494],[-76.969657,36.784632],[-76.985126,36.789442],[-76.998215,36.790994],[-77.011542,36.795184],[-77.012256,36.789287],[-77.008211,36.781528],[-77.015112,36.780908],[-77.020586,36.774391],[-77.045812,36.774391],[-77.051762,36.761511],[-77.062471,36.749253],[-77.065565,36.739322],[-77.063899,36.733735],[-77.074609,36.725046],[-77.081034,36.722873],[-77.067945,36.713408],[-77.068897,36.707356],[-77.076513,36.706891],[-77.077227,36.700839],[-77.069373,36.696184],[-77.078892,36.694632],[-77.093172,36.699287],[-77.091268,36.691839],[-77.080082,36.680822],[-77.0827,36.672442],[-77.076751,36.659408],[-77.070801,36.657235],[-77.076989,36.649166],[-77.0827,36.635046],[-77.05676,36.641097],[-77.052952,36.641408],[-77.046764,36.626511],[-77.045812,36.61658],[-77.070087,36.615184],[-77.070325,36.611615],[-77.078654,36.612701],[-77.076513,36.603856],[-77.076989,36.595322],[-77.0946,36.608046],[-77.099835,36.602304],[-77.091506,36.597339],[-77.09222,36.594235],[-77.086508,36.590201],[-77.081034,36.58989],[-77.076513,36.58089],[-77.065089,36.568942],[-77.054142,36.568011],[-77.042481,36.572201],[-77.039625,36.569253],[-77.047002,36.559942],[-77.05795,36.557149],[-77.071991,36.545822],[-77.082224,36.549546],[-77.083414,36.557925],[-77.088888,36.56708],[-77.099121,36.572201],[-77.106975,36.564597],[-77.098407,36.558235],[-77.102691,36.550166],[-77.102929,36.54458],[-77.124586,36.543959],[-77.152906,36.544115],[-77.170517,36.547218],[-77.190032,36.546442],[-77.206453,36.544425],[-77.312595,36.54489],[-77.374709,36.544735],[-77.485611,36.54489],[-77.513455,36.545201],[-77.623881,36.545201],[-77.749776,36.545511],[-77.883762,36.544735],[-77.999661,36.544425],[-78.046306,36.543494],[-78.038215,36.636442],[-78.035835,36.676942],[-78.029409,36.755304],[-78.021556,36.839563],[-78.013226,36.924287],[-78.003707,37.022822],[-77.996091,37.022511],[-77.997281,37.015839],[-77.980622,37.00296],[-77.974673,36.993339],[-77.966581,36.987287],[-77.963725,36.98977],[-77.954206,36.991322],[-77.9454,36.986666],[-77.936119,36.988218],[-77.932787,36.984184],[-77.917556,36.983718],[-77.909464,36.98527],[-77.901373,36.989304],[-77.889712,36.988839],[-77.891377,37.000166],[-77.894947,37.053391],[-77.896375,37.072477],[-77.900421,37.143856],[-77.892567,37.146184],[-77.888046,37.144632],[-77.870435,37.150373],[-77.857583,37.16046],[-77.855442,37.164184],[-77.845208,37.165425],[-77.839258,37.168994],[-77.831881,37.170235],[-77.824979,37.167132],[-77.813794,37.169615],[-77.80594,37.175977],[-77.804274,37.184046],[-77.799515,37.185287],[-77.795231,37.195063],[-77.784522,37.19708],[-77.765721,37.195063],[-77.757153,37.19227],[-77.747634,37.192735],[-77.736448,37.200649],[-77.728833,37.202667],[-77.723121,37.210891],[-77.702654,37.220822],[-77.700274,37.222994],[-77.689803,37.221442],[-77.686709,37.222839],[-77.688851,37.229511],[-77.686709,37.235408],[-77.678142,37.235253],[-77.671716,37.24208],[-77.661245,37.240684],[-77.661245,37.24596],[-77.653391,37.25496],[-77.650535,37.265046]]]}},{"type":"Feature","properties":{"name":"CD5","district_number":5,"fips":"51-05","lean":0.133466,"lean_desc":"Leans Republican"},"geometry":{"type":"Polygon","coordinates":[[[-77.407789,37.803339],[-77.412549,37.79977],[-77.43016,37.798374],[-77.437062,37.802253],[-77.446105,37.803339],[-77.447295,37.794029],[-77.453007,37.794649],[-77.461098,37.798994],[-77.460384,37.791856],[-77.473236,37.788753],[-77.476567,37.777115],[-77.491323,37.775563],[-77.499652,37.772149],[-77.503222,37.774943],[-77.516549,37.776649],[-77.519881,37.778667],[-77.535588,37.774787],[-77.552485,37.778201],[-77.539634,37.791701],[-77.549153,37.796822],[-77.551533,37.793874],[-77.559149,37.793098],[-77.566526,37.797132],[-77.569858,37.802718],[-77.57557,37.803649],[-77.57438,37.794649],[-77.584613,37.785029],[-77.588659,37.778667],[-77.59675,37.773856],[-77.598178,37.767649],[-77.603652,37.769201],[-77.61222,37.760046],[-77.624119,37.760977],[-77.633638,37.757098],[-77.633638,37.752132],[-77.637922,37.747477],[-77.649345,37.755856],[-77.651963,37.744374],[-77.645538,37.739098],[-77.641254,37.731339],[-77.639826,37.715822],[-77.636256,37.706512],[-77.630783,37.705736],[-77.637684,37.686649],[-77.641968,37.687891],[-77.640778,37.678115],[-77.648631,37.656856],[-77.650535,37.648632],[-77.654343,37.640718],[-77.650535,37.62427],[-77.651963,37.616822],[-77.643158,37.613874],[-77.640302,37.602856],[-77.628403,37.599908],[-77.626499,37.591374],[-77.618169,37.588425],[-77.616503,37.577408],[-77.623881,37.575701],[-77.630545,37.576787],[-77.638636,37.566701],[-77.647204,37.566391],[-77.655295,37.564063],[-77.656247,37.560805],[-77.690755,37.536132],[-77.797849,37.459011],[-77.798801,37.444891],[-77.804988,37.437598],[-77.809272,37.426115],[-77.826645,37.422391],[-77.833071,37.422856],[-77.840448,37.418201],[-77.849254,37.414942],[-77.8533,37.418511],[-77.858773,37.414477],[-77.872577,37.418511],[-77.875432,37.416029],[-77.871863,37.399425],[-77.867817,37.39446],[-77.873052,37.391822],[-77.878288,37.383442],[-77.87686,37.378011],[-77.877574,37.366218],[-77.873766,37.362339],[-77.860915,37.362184],[-77.85211,37.355667],[-77.850444,37.345115],[-77.837355,37.338442],[-77.817602,37.338132],[-77.802371,37.335339],[-77.796421,37.332236],[-77.798801,37.32758],[-77.796183,37.324011],[-77.801181,37.31858],[-77.808796,37.315942],[-77.806654,37.30446],[-77.797135,37.299339],[-77.78476,37.296546],[-77.769528,37.284908],[-77.768101,37.275132],[-77.758581,37.26877],[-77.74454,37.266908],[-77.738114,37.270322],[-77.73502,37.284598],[-77.727881,37.285839],[-77.721217,37.283201],[-77.717409,37.284908],[-77.71622,37.296856],[-77.708842,37.300115],[-77.701464,37.29608],[-77.698133,37.287701],[-77.693135,37.281494],[-77.683853,37.285994],[-77.682426,37.291736],[-77.669098,37.292822],[-77.664815,37.287701],[-77.662435,37.278701],[-77.654343,37.267218],[-77.650535,37.265046],[-77.653391,37.25496],[-77.661245,37.24596],[-77.661245,37.240684],[-77.671716,37.24208],[-77.678142,37.235253],[-77.686709,37.235408],[-77.688851,37.229511],[-77.686709,37.222839],[-77.689803,37.221442],[-77.700274,37.222994],[-77.702654,37.220822],[-77.723121,37.210891],[-77.728833,37.202667],[-77.736448,37.200649],[-77.747634,37.192735],[-77.757153,37.19227],[-77.765721,37.195063],[-77.784522,37.19708],[-77.795231,37.195063],[-77.799515,37.185287],[-77.804274,37.184046],[-77.80594,37.175977],[-77.813794,37.169615],[-77.824979,37.167132],[-77.831881,37.170235],[-77.839258,37.168994],[-77.845208,37.165425],[-77.855442,37.164184],[-77.857583,37.16046],[-77.870435,37.150373],[-77.888046,37.144632],[-77.892567,37.146184],[-77.900421,37.143856],[-77.896375,37.072477],[-77.894947,37.053391],[-77.891377,37.000166],[-77.889712,36.988839],[-77.901373,36.989304],[-77.909464,36.98527],[-77.917556,36.983718],[-77.932787,36.984184],[-77.936119,36.988218],[-77.9454,36.986666],[-77.954206,36.991322],[-77.963725,36.98977],[-77.966581,36.987287],[-77.974673,36.993339],[-77.980622,37.00296],[-77.997281,37.015839],[-77.996091,37.022511],[-78.003707,37.022822],[-78.013226,36.924287],[-78.021556,36.839563],[-78.029409,36.755304],[-78.035835,36.676942],[-78.038215,36.636442],[-78.046306,36.543494],[-78.108897,36.543649],[-78.158636,36.54427],[-78.249785,36.544425],[-78.464686,36.542408],[-78.510856,36.541011],[-78.622947,36.541322],[-78.671734,36.542097],[-78.769785,36.541787],[-78.933519,36.542253],[-79.076311,36.542097],[-79.124622,36.541632],[-79.138425,36.541942],[-79.206965,36.541787],[-79.250755,36.541166],[-79.276933,36.541477],[-79.347377,36.541632],[-79.362846,36.541322],[-79.400686,36.541632],[-79.458041,36.541011],[-79.543478,36.540856],[-79.60464,36.541477],[-79.714828,36.541942],[-79.687698,36.657391],[-79.677464,36.700373],[-79.645812,36.834908],[-79.628677,36.906132],[-79.606068,37.000632],[-79.594169,37.042218],[-79.579414,37.036632],[-79.564421,37.03477],[-79.560851,37.036166],[-79.559423,37.043925],[-79.54919,37.042063],[-79.542288,37.045942],[-79.527295,37.036166],[-79.511826,37.032442],[-79.495167,37.021891],[-79.484457,37.00746],[-79.478032,37.007304],[-79.47232,37.013666],[-79.463039,37.014753],[-79.458755,37.018011],[-79.461135,37.02158],[-79.483267,37.035235],[-79.480174,37.04346],[-79.481601,37.047649],[-79.491359,37.058356],[-79.486123,37.064098],[-79.477794,37.064253],[-79.451139,37.055563],[-79.44281,37.055873],[-79.381885,37.154718],[-79.36713,37.177994],[-79.33048,37.238356],[-79.343093,37.244253],[-79.354279,37.24658],[-79.359515,37.246115],[-79.373556,37.252942],[-79.389739,37.262408],[-79.404256,37.273891],[-79.408064,37.278856],[-79.400448,37.285218],[-79.392119,37.288787],[-79.399972,37.293287],[-79.398306,37.297787],[-79.400686,37.302598],[-79.396164,37.30446],[-79.391643,37.310511],[-79.399258,37.318115],[-79.39902,37.322925],[-79.394737,37.329753],[-79.381409,37.336115],[-79.370224,37.333632],[-79.367606,37.335029],[-79.366654,37.342632],[-79.357135,37.342787],[-79.353565,37.34046],[-79.344283,37.347287],[-79.337858,37.34977],[-79.326434,37.358615],[-79.320723,37.366373],[-79.318819,37.373977],[-79.324531,37.379873],[-79.335002,37.379718],[-79.34238,37.38608],[-79.348805,37.38546],[-79.349043,37.392908],[-79.356183,37.39446],[-79.360229,37.406563],[-79.352851,37.417425],[-79.362846,37.416805],[-79.370938,37.43077],[-79.372604,37.440701],[-79.378553,37.450167],[-79.384741,37.447839],[-79.391405,37.448149],[-79.394261,37.453115],[-79.39902,37.453736],[-79.398544,37.460098],[-79.392833,37.462891],[-79.393071,37.470029],[-79.375222,37.477167],[-79.36475,37.482753],[-79.355945,37.484149],[-79.351185,37.480115],[-79.344759,37.480891],[-79.33643,37.475149],[-79.327386,37.482132],[-79.314297,37.487098],[-79.305254,37.493615],[-79.30692,37.498115],[-79.30097,37.501529],[-79.30573,37.506029],[-79.316439,37.510218],[-79.327386,37.511615],[-79.341666,37.517356],[-79.349995,37.525891],[-79.353327,37.532563],[-79.36237,37.542339],[-79.367368,37.551184],[-79.366892,37.55677],[-79.370224,37.568874],[-79.380457,37.581443],[-79.380457,37.590598],[-79.385217,37.594943],[-79.396878,37.598822],[-79.404494,37.607511],[-79.416393,37.60627],[-79.424247,37.601149],[-79.431148,37.60177],[-79.436146,37.605494],[-79.434718,37.612011],[-79.43686,37.617132],[-79.426389,37.61558],[-79.419725,37.625667],[-79.401638,37.625977],[-79.39545,37.629546],[-79.380457,37.642736],[-79.365464,37.645684],[-79.358563,37.65577],[-79.345235,37.66058],[-79.345711,37.664149],[-79.340476,37.67858],[-79.327862,37.689598],[-79.322389,37.692856],[-79.320009,37.700149],[-79.315249,37.706512],[-79.318105,37.713029],[-79.309537,37.726529],[-79.305016,37.730563],[-79.308348,37.734287],[-79.301446,37.742201],[-79.298352,37.75027],[-79.289785,37.762063],[-79.279551,37.77277],[-79.271936,37.785339],[-79.264558,37.794649],[-79.260988,37.791391],[-79.254325,37.796356],[-79.245757,37.805512],[-79.234096,37.812339],[-79.223148,37.807218],[-79.216247,37.801322],[-79.217675,37.796046],[-79.209345,37.789218],[-79.19816,37.788132],[-79.18983,37.794184],[-79.180787,37.79527],[-79.171029,37.800391],[-79.171743,37.804425],[-79.166746,37.80908],[-79.155322,37.834684],[-79.15913,37.837943],[-79.152705,37.849115],[-79.144375,37.855943],[-79.150801,37.867115],[-79.146517,37.870218],[-79.147231,37.87596],[-79.152467,37.881081],[-79.151991,37.886201],[-79.157464,37.891012],[-79.150563,37.892563],[-79.146041,37.888839],[-79.129382,37.895512],[-79.122718,37.895822],[-79.118197,37.901098],[-79.099634,37.904977],[-79.091304,37.910874],[-79.078215,37.913822],[-79.068933,37.913512],[-79.062508,37.917546],[-79.052274,37.910098],[-79.045611,37.897684],[-79.044421,37.890856],[-79.037757,37.891943],[-79.017528,37.892253],[-79.016576,37.888063],[-79.005153,37.881701],[-78.998489,37.888218],[-78.987304,37.896443],[-78.981116,37.905908],[-78.970883,37.912425],[-78.956842,37.916615],[-78.958984,37.920339],[-78.956842,37.925925],[-78.942087,37.940201],[-78.925666,37.940356],[-78.919716,37.946253],[-78.91091,37.945322],[-78.899725,37.948736],[-78.902343,37.951374],[-78.899963,37.964253],[-78.894727,37.970615],[-78.893537,37.977132],[-78.903533,37.974805],[-78.908055,37.978839],[-78.906865,37.987529],[-78.896155,37.995443],[-78.88973,37.994977],[-78.882114,38.008012],[-78.881876,38.018253],[-78.873785,38.02865],[-78.863551,38.027874],[-78.858078,38.029425],[-78.854032,38.036718],[-78.850224,38.037805],[-78.829995,38.054098],[-78.821666,38.059218],[-78.806435,38.063253],[-78.792869,38.06946],[-78.792869,38.075977],[-78.785968,38.081719],[-78.779304,38.083425],[-78.777876,38.094443],[-78.783826,38.100805],[-78.779304,38.106856],[-78.780732,38.112753],[-78.78573,38.11446],[-78.787872,38.127184],[-78.779542,38.13215],[-78.779066,38.139908],[-78.775496,38.140994],[-78.774068,38.149839],[-78.770499,38.161012],[-78.771689,38.166132],[-78.768357,38.173425],[-78.756933,38.187236],[-78.752412,38.194994],[-78.751936,38.202598],[-78.745272,38.214391],[-78.737657,38.219356],[-78.726471,38.229908],[-78.708146,38.228822],[-78.693867,38.230374],[-78.688869,38.224167],[-78.683158,38.230839],[-78.661501,38.233943],[-78.662929,38.239684],[-78.657455,38.240615],[-78.654361,38.24496],[-78.641748,38.242788],[-78.633657,38.238443],[-78.627707,38.241236],[-78.596293,38.237356],[-78.596055,38.244339],[-78.605574,38.251167],[-78.606526,38.25815],[-78.522279,38.23115],[-78.499908,38.224477],[-78.416851,38.199339],[-78.39686,38.192046],[-78.368778,38.184132],[-78.344503,38.177925],[-78.2693,38.152477],[-78.209327,38.131063],[-78.187194,38.12765],[-78.180769,38.130132],[-78.169583,38.130753],[-78.161492,38.137425],[-78.155066,38.136805],[-78.144357,38.143012],[-78.133885,38.138512],[-78.114847,38.141305],[-78.112229,38.147667],[-78.101757,38.152632],[-78.092952,38.151546],[-78.075817,38.141305],[-78.070105,38.143167],[-78.058444,38.140684],[-78.047972,38.135874],[-78.033693,38.136029],[-78.02584,38.137581],[-78.021794,38.142081],[-78.012512,38.139132],[-78.002041,38.137581],[-77.989904,38.127805],[-77.983954,38.120822],[-77.979908,38.119581],[-77.968723,38.122374],[-77.958014,38.118029],[-77.944448,38.119581],[-77.934691,38.11415],[-77.922792,38.11477],[-77.916842,38.118339],[-77.912558,38.111512],[-77.900183,38.109494],[-77.889236,38.113063],[-77.882334,38.108874],[-77.869007,38.105615],[-77.859725,38.105305],[-77.858059,38.100339],[-77.848302,38.101891],[-77.839734,38.106081],[-77.836165,38.101115],[-77.824265,38.095994],[-77.819744,38.092425],[-77.817602,38.085598],[-77.806416,38.07846],[-77.793803,38.07846],[-77.786663,38.076287],[-77.782618,38.067598],[-77.784998,38.065115],[-77.778572,38.058753],[-77.771908,38.057512],[-77.756201,38.048201],[-77.747872,38.047891],[-77.748586,38.028805],[-77.74454,38.025081],[-77.739542,38.032994],[-77.730975,38.030977],[-77.728357,38.027718],[-77.731213,38.021201],[-77.722169,38.023218],[-77.719313,38.016701],[-77.711936,38.012667],[-77.700512,38.012667],[-77.695991,38.007546],[-77.684091,38.008167],[-77.67124,38.003822],[-77.665291,37.996684],[-77.661007,37.997615],[-77.657913,37.991718],[-77.649345,37.994046],[-77.643396,37.992805],[-77.643396,37.97977],[-77.636732,37.977908],[-77.630783,37.971081],[-77.632686,37.965184],[-77.621025,37.966581],[-77.613885,37.958977],[-77.618169,37.952615],[-77.611506,37.949822],[-77.608174,37.954477],[-77.599844,37.954477],[-77.593895,37.950598],[-77.586993,37.949201],[-77.581281,37.950598],[-77.57676,37.958046],[-77.570572,37.954943],[-77.564146,37.946563],[-77.566288,37.94377],[-77.561766,37.936012],[-77.556293,37.935856],[-77.547963,37.926236],[-77.554627,37.926236],[-77.557245,37.922822],[-77.546297,37.915994],[-77.53654,37.921115],[-77.528924,37.920805],[-77.526545,37.915374],[-77.514883,37.904356],[-77.503222,37.901718],[-77.493226,37.897218],[-77.492513,37.889149],[-77.484183,37.883408],[-77.477757,37.883563],[-77.470856,37.888994],[-77.462288,37.888218],[-77.452293,37.893029],[-77.445629,37.894736],[-77.442773,37.889305],[-77.43611,37.88496],[-77.433016,37.875029],[-77.428494,37.868977],[-77.422069,37.864943],[-77.428256,37.856408],[-77.42659,37.848029],[-77.42897,37.841822],[-77.424924,37.824908],[-77.411121,37.823046],[-77.415405,37.815287],[-77.422783,37.812029],[-77.413025,37.805201],[-77.407789,37.803339]]]}},{"type":"Feature","properties":{"name":"CD6","district_number":6,"fips":"51-06","lean":0.245133,"lean_desc":"Strong Republican"},"geometry":{"type":"Polygon","coordinates":[[[-78.726471,38.229908],[-78.737657,38.219356],[-78.745272,38.214391],[-78.751936,38.202598],[-78.752412,38.194994],[-78.756933,38.187236],[-78.768357,38.173425],[-78.771689,38.166132],[-78.770499,38.161012],[-78.774068,38.149839],[-78.775496,38.140994],[-78.779066,38.139908],[-78.779542,38.13215],[-78.787872,38.127184],[-78.78573,38.11446],[-78.780732,38.112753],[-78.779304,38.106856],[-78.783826,38.100805],[-78.777876,38.094443],[-78.779304,38.083425],[-78.785968,38.081719],[-78.792869,38.075977],[-78.792869,38.06946],[-78.806435,38.063253],[-78.821666,38.059218],[-78.829995,38.054098],[-78.850224,38.037805],[-78.854032,38.036718],[-78.858078,38.029425],[-78.863551,38.027874],[-78.873785,38.02865],[-78.881876,38.018253],[-78.882114,38.008012],[-78.88973,37.994977],[-78.896155,37.995443],[-78.906865,37.987529],[-78.908055,37.978839],[-78.903533,37.974805],[-78.893537,37.977132],[-78.894727,37.970615],[-78.899963,37.964253],[-78.902343,37.951374],[-78.899725,37.948736],[-78.91091,37.945322],[-78.919716,37.946253],[-78.925666,37.940356],[-78.942087,37.940201],[-78.956842,37.925925],[-78.958984,37.920339],[-78.956842,37.916615],[-78.970883,37.912425],[-78.981116,37.905908],[-78.987304,37.896443],[-78.998489,37.888218],[-79.005153,37.881701],[-79.016576,37.888063],[-79.017528,37.892253],[-79.037757,37.891943],[-79.044421,37.890856],[-79.045611,37.897684],[-79.052274,37.910098],[-79.062508,37.917546],[-79.068933,37.913512],[-79.078215,37.913822],[-79.091304,37.910874],[-79.099634,37.904977],[-79.118197,37.901098],[-79.122718,37.895822],[-79.129382,37.895512],[-79.146041,37.888839],[-79.150563,37.892563],[-79.157464,37.891012],[-79.151991,37.886201],[-79.152467,37.881081],[-79.147231,37.87596],[-79.146517,37.870218],[-79.150801,37.867115],[-79.144375,37.855943],[-79.152705,37.849115],[-79.15913,37.837943],[-79.155322,37.834684],[-79.166746,37.80908],[-79.171743,37.804425],[-79.171029,37.800391],[-79.180787,37.79527],[-79.18983,37.794184],[-79.19816,37.788132],[-79.209345,37.789218],[-79.217675,37.796046],[-79.216247,37.801322],[-79.223148,37.807218],[-79.234096,37.812339],[-79.245757,37.805512],[-79.254325,37.796356],[-79.260988,37.791391],[-79.264558,37.794649],[-79.271936,37.785339],[-79.279551,37.77277],[-79.289785,37.762063],[-79.298352,37.75027],[-79.301446,37.742201],[-79.308348,37.734287],[-79.305016,37.730563],[-79.309537,37.726529],[-79.318105,37.713029],[-79.315249,37.706512],[-79.320009,37.700149],[-79.322389,37.692856],[-79.327862,37.689598],[-79.340476,37.67858],[-79.345711,37.664149],[-79.345235,37.66058],[-79.358563,37.65577],[-79.365464,37.645684],[-79.380457,37.642736],[-79.39545,37.629546],[-79.401638,37.625977],[-79.419725,37.625667],[-79.426389,37.61558],[-79.43686,37.617132],[-79.44519,37.618218],[-79.450663,37.611391],[-79.457327,37.606736],[-79.457565,37.599287],[-79.450187,37.588891],[-79.446142,37.576322],[-79.438764,37.577874],[-79.434004,37.572287],[-79.439716,37.567632],[-79.441144,37.563442],[-79.458279,37.559874],[-79.464228,37.549632],[-79.47113,37.54777],[-79.478984,37.548391],[-79.497547,37.535977],[-79.505638,37.526356],[-79.504686,37.52077],[-79.514206,37.51658],[-79.518965,37.508511],[-79.533007,37.505253],[-79.538718,37.495632],[-79.54562,37.48958],[-79.555139,37.498736],[-79.567277,37.487718],[-79.578462,37.473598],[-79.583222,37.463511],[-79.580604,37.455908],[-79.582746,37.451873],[-79.593693,37.448925],[-79.602261,37.45358],[-79.619634,37.45746],[-79.628201,37.45358],[-79.638434,37.461494],[-79.639862,37.471115],[-79.658901,37.48508],[-79.664851,37.483063],[-79.676512,37.483684],[-79.678654,37.481201],[-79.690077,37.476391],[-79.705785,37.460408],[-79.719112,37.448925],[-79.734819,37.441322],[-79.746956,37.432632],[-79.751716,37.431701],[-79.756238,37.425339],[-79.764091,37.423167],[-79.768137,37.419598],[-79.778846,37.415253],[-79.790508,37.408736],[-79.799551,37.408891],[-79.814068,37.402839],[-79.804549,37.396477],[-79.804787,37.392442],[-79.798361,37.38577],[-79.792887,37.382977],[-79.778608,37.381736],[-79.775277,37.377391],[-79.779322,37.370873],[-79.783368,37.369167],[-79.788604,37.349305],[-79.795267,37.34496],[-79.801931,37.343408],[-79.810736,37.335339],[-79.832631,37.324942],[-79.844293,37.317804],[-79.847386,37.309425],[-79.840723,37.303063],[-79.840723,37.298098],[-79.85048,37.295149],[-79.850718,37.282425],[-79.847862,37.278546],[-79.858334,37.267218],[-79.852146,37.260391],[-79.85286,37.258063],[-79.846434,37.247356],[-79.84691,37.240839],[-79.842627,37.229822],[-79.851908,37.22377],[-79.852146,37.214925],[-79.859048,37.213218],[-79.860714,37.217408],[-79.869519,37.216632],[-79.88237,37.209649],[-79.887368,37.200339],[-79.893794,37.199253],[-79.892128,37.186994],[-79.895222,37.181873],[-79.907121,37.179546],[-79.911881,37.177218],[-79.911881,37.169304],[-79.920924,37.16077],[-79.929968,37.158287],[-79.938535,37.150994],[-79.946389,37.150063],[-79.953766,37.139511],[-79.961858,37.137339],[-79.973281,37.139667],[-79.974947,37.143235],[-79.989702,37.143391],[-79.991368,37.152701],[-80.001125,37.151615],[-80.005409,37.157977],[-80.000887,37.16558],[-80.003029,37.16977],[-79.999698,37.178149],[-80.002315,37.190098],[-79.991844,37.192115],[-79.98399,37.19646],[-79.971139,37.201115],[-79.964714,37.207787],[-79.955908,37.210425],[-79.965903,37.21927],[-79.971377,37.229511],[-79.977565,37.235253],[-79.98518,37.236339],[-79.994224,37.240839],[-80.004219,37.248753],[-80.018974,37.248132],[-80.028732,37.243632],[-80.037537,37.252322],[-80.033492,37.262873],[-80.040869,37.261787],[-80.046343,37.253873],[-80.051103,37.252167],[-80.064668,37.260391],[-80.074425,37.257132],[-80.075853,37.262563],[-80.081803,37.264891],[-80.078709,37.270167],[-80.093702,37.282425],[-80.104887,37.27808],[-80.109885,37.277925],[-80.123212,37.267839],[-80.137492,37.270787],[-80.147249,37.265046],[-80.167954,37.259925],[-80.17319,37.255736],[-80.175807,37.247046],[-80.179377,37.24208],[-80.192228,37.234322],[-80.202462,37.241304],[-80.203414,37.246425],[-80.236732,37.283822],[-80.258627,37.308649],[-80.262196,37.341546],[-80.255771,37.34558],[-80.250059,37.351787],[-80.23816,37.357218],[-80.226022,37.364822],[-80.212695,37.367925],[-80.202224,37.374442],[-80.20032,37.378322],[-80.147725,37.382511],[-80.137968,37.389339],[-80.104173,37.405632],[-80.0987,37.410287],[-80.078947,37.419442],[-80.067286,37.426425],[-80.065382,37.430149],[-80.047533,37.443029],[-80.043011,37.44908],[-80.031588,37.470184],[-80.030398,37.47546],[-80.021116,37.488649],[-80.014453,37.494856],[-80.009455,37.510839],[-79.99827,37.518753],[-79.986608,37.531322],[-79.972329,37.54327],[-79.968997,37.544356],[-79.999698,37.587184],[-80.027542,37.62427],[-80.032064,37.638546],[-80.02064,37.647391],[-80.032778,37.66027],[-80.040631,37.653443],[-80.050627,37.647236],[-80.068714,37.639787],[-80.069903,37.636063],[-80.087514,37.626598],[-80.104887,37.622718],[-80.123212,37.607356],[-80.137016,37.60208],[-80.144393,37.596649],[-80.160576,37.603322],[-80.167716,37.608908],[-80.16843,37.615425],[-80.181757,37.613718],[-80.184613,37.61527],[-80.20508,37.616356],[-80.221025,37.627839],[-80.240778,37.638391],[-80.267432,37.646149],[-80.279331,37.657011],[-80.29599,37.69177],[-80.287185,37.696425],[-80.268146,37.712874],[-80.263862,37.71908],[-80.258151,37.720632],[-80.251963,37.729787],[-80.259579,37.733046],[-80.262672,37.738322],[-80.259341,37.744994],[-80.257437,37.756012],[-80.250773,37.755546],[-80.251725,37.763305],[-80.248393,37.76827],[-80.241492,37.768115],[-80.230782,37.778046],[-80.215551,37.777425],[-80.215789,37.781925],[-80.229592,37.792322],[-80.226974,37.798839],[-80.218645,37.809856],[-80.206508,37.815908],[-80.202938,37.824287],[-80.192942,37.834684],[-80.179377,37.839805],[-80.183661,37.847874],[-80.181757,37.852684],[-80.171524,37.858891],[-80.172,37.862149],[-80.162242,37.875184],[-80.153199,37.882322],[-80.140585,37.883874],[-80.132018,37.88946],[-80.129876,37.894115],[-80.123688,37.897994],[-80.117739,37.897684],[-80.118929,37.903581],[-80.107505,37.91227],[-80.102984,37.918943],[-80.096558,37.918167],[-80.091084,37.926856],[-80.084659,37.933374],[-80.069428,37.945477],[-80.0561,37.951994],[-80.047057,37.959908],[-80.036823,37.96596],[-80.035871,37.968287],[-80.02064,37.980701],[-80.013263,37.98427],[-80.008979,37.990787],[-79.999222,37.995132],[-79.99589,38.005839],[-79.980183,38.027563],[-79.975185,38.030046],[-79.973995,38.039977],[-79.966141,38.050839],[-79.959478,38.064339],[-79.96162,38.067443],[-79.957812,38.072098],[-79.953528,38.081408],[-79.947341,38.084977],[-79.942343,38.09165],[-79.934251,38.097701],[-79.926398,38.107167],[-79.939011,38.111667],[-79.941391,38.117408],[-79.941153,38.125322],[-79.945199,38.131994],[-79.934251,38.135098],[-79.929016,38.139753],[-79.925208,38.15046],[-79.919734,38.153563],[-79.914974,38.167529],[-79.91902,38.171874],[-79.91664,38.177925],[-79.920924,38.179943],[-79.914498,38.188477],[-79.907597,38.188012],[-79.897363,38.193443],[-79.89189,38.204305],[-79.882846,38.206943],[-79.874041,38.215322],[-79.860476,38.225719],[-79.856906,38.230994],[-79.850242,38.233322],[-79.846196,38.240305],[-79.835011,38.241856],[-79.830727,38.24977],[-79.82097,38.248219],[-79.814782,38.251632],[-79.811926,38.260322],[-79.806453,38.259236],[-79.788842,38.268701],[-79.786462,38.274443],[-79.795505,38.29027],[-79.802407,38.291822],[-79.804073,38.29865],[-79.810023,38.304701],[-79.808595,38.309357],[-79.799551,38.317115],[-79.796695,38.323322],[-79.773135,38.335581],[-79.767661,38.34427],[-79.770279,38.347839],[-79.764091,38.356684],[-79.757666,38.357615],[-79.742672,38.353425],[-79.734819,38.355598],[-79.726965,38.36227],[-79.727679,38.371736],[-79.731725,38.374219],[-79.726251,38.387098],[-79.722682,38.389581],[-79.717446,38.401529],[-79.70983,38.408201],[-79.706736,38.415805],[-79.696741,38.426822],[-79.689601,38.431477],[-79.691743,38.437063],[-79.689363,38.442029],[-79.691505,38.446839],[-79.688174,38.450408],[-79.688888,38.458632],[-79.699359,38.47446],[-79.694123,38.478339],[-79.697455,38.487184],[-79.694599,38.494167],[-79.688412,38.496184],[-79.682938,38.501305],[-79.680082,38.510615],[-79.674132,38.51046],[-79.663423,38.514184],[-79.662709,38.518374],[-79.667231,38.524581],[-79.672942,38.52877],[-79.666755,38.538546],[-79.670563,38.540253],[-79.669611,38.550805],[-79.665089,38.560891],[-79.659139,38.562753],[-79.662947,38.570357],[-79.656283,38.575943],[-79.655807,38.581374],[-79.649144,38.59146],[-79.571798,38.563063],[-79.554663,38.55996],[-79.536814,38.55096],[-79.526581,38.53715],[-79.521583,38.533891],[-79.498499,38.495563],[-79.476604,38.457236],[-79.370224,38.427132],[-79.312393,38.411925],[-79.30454,38.415494],[-79.300018,38.414874],[-79.290975,38.420925],[-79.282883,38.418132],[-79.279789,38.424184],[-79.282645,38.431632],[-79.266224,38.439391],[-79.254563,38.455994],[-79.247423,38.453357],[-79.242425,38.454443],[-79.242187,38.464684],[-79.239807,38.470115],[-79.225766,38.476477],[-79.221007,38.480667],[-79.221483,38.484701],[-79.210535,38.492926],[-79.207203,38.503788],[-79.211011,38.507357],[-79.205775,38.524581],[-79.201492,38.527839],[-79.1934,38.542426],[-79.183881,38.551891],[-79.180787,38.55996],[-79.176741,38.565546],[-79.171029,38.568184],[-79.171743,38.572219],[-79.168174,38.579201],[-79.163414,38.58277],[-79.158178,38.593167],[-79.15913,38.601236],[-79.15437,38.606512],[-79.15556,38.610546],[-79.151515,38.620167],[-79.146041,38.626839],[-79.142709,38.634443],[-79.137473,38.638012],[-79.131048,38.653219],[-79.120338,38.660201],[-79.111057,38.659581],[-79.107011,38.656477],[-79.092732,38.660357],[-79.092256,38.668115],[-79.087972,38.673857],[-79.084402,38.686581],[-79.091066,38.692943],[-79.09297,38.701943],[-79.086544,38.716064],[-79.086306,38.722891],[-79.079167,38.737167],[-79.073931,38.742132],[-79.072503,38.747564],[-79.057272,38.760753],[-79.055606,38.770839],[-79.05156,38.772546],[-79.05156,38.777977],[-79.054892,38.785736],[-79.047277,38.791788],[-79.02919,38.791012],[-79.023002,38.798615],[-79.023716,38.809788],[-79.019908,38.81165],[-79.019432,38.817857],[-79.008009,38.822357],[-79.002297,38.836477],[-78.998965,38.840046],[-79.000155,38.845477],[-78.99373,38.849977],[-78.869263,38.762926],[-78.855222,38.783564],[-78.849748,38.793029],[-78.835469,38.809943],[-78.815954,38.839581],[-78.8081,38.856184],[-78.796677,38.873719],[-78.791679,38.877598],[-78.78811,38.885046],[-78.779304,38.892339],[-78.759075,38.900564],[-78.75027,38.911736],[-78.750508,38.916081],[-78.739084,38.927098],[-78.720997,38.932219],[-78.719808,38.90615],[-78.71719,38.904288],[-78.704338,38.915305],[-78.697675,38.914219],[-78.688155,38.92477],[-78.68054,38.925236],[-78.670782,38.93377],[-78.665785,38.941529],[-78.659121,38.947426],[-78.652457,38.960615],[-78.646508,38.968064],[-78.638416,38.966822],[-78.629611,38.980943],[-78.620567,38.98265],[-78.618663,38.974115],[-78.611286,38.976133],[-78.610096,38.970546],[-78.601766,38.96465],[-78.598911,38.969615],[-78.593199,38.971943],[-78.582014,38.988391],[-78.568924,39.002977],[-78.559405,39.011822],[-78.550361,39.018029],[-78.558929,39.024081],[-78.56583,39.026253],[-78.572018,39.031995],[-78.556787,39.044564],[-78.554169,39.048133],[-78.540128,39.060702],[-78.526563,39.06815],[-78.516805,39.077615],[-78.516567,39.081805],[-78.4961,39.099029],[-78.495149,39.101046],[-78.479679,39.109581],[-78.475396,39.107408],[-78.46659,39.112839],[-78.459213,39.114236],[-78.43946,39.132081],[-78.436604,39.141702],[-78.427322,39.152719],[-78.413995,39.15846],[-78.404,39.167771],[-78.406856,39.170874],[-78.418993,39.177391],[-78.426371,39.182822],[-78.430892,39.196167],[-78.438746,39.198029],[-78.430416,39.206874],[-78.423039,39.212615],[-78.405428,39.231702],[-78.404238,39.241167],[-78.399716,39.243805],[-78.408998,39.252495],[-78.419469,39.25746],[-78.401858,39.276702],[-78.40043,39.280891],[-78.39329,39.283064],[-78.387341,39.29346],[-78.374727,39.305098],[-78.36735,39.310219],[-78.364732,39.317357],[-78.360686,39.317667],[-78.346407,39.339081],[-78.346883,39.344202],[-78.339268,39.348546],[-78.340457,39.353667],[-78.349025,39.354753],[-78.366874,39.359253],[-78.352119,39.375081],[-78.343313,39.388736],[-78.351167,39.391374],[-78.349977,39.397891],[-78.35783,39.404253],[-78.359972,39.409064],[-78.357117,39.416667],[-78.351167,39.420546],[-78.346645,39.427684],[-78.353309,39.43684],[-78.347835,39.440564],[-78.345217,39.459495],[-78.347121,39.466012],[-78.287863,39.428771],[-78.262874,39.41434],[-78.245263,39.402702],[-78.206471,39.375702],[-78.187432,39.364064],[-78.15816,39.343426],[-78.141025,39.333805],[-78.108659,39.312391],[-78.05773,39.279805],[-78.030599,39.263046],[-77.91946,39.191202],[-77.828311,39.132391],[-77.83902,39.121839],[-77.84378,39.119822],[-77.853776,39.101046],[-77.85568,39.092822],[-77.862819,39.081029],[-77.874004,39.080098],[-77.877574,39.078081],[-77.887808,39.064581],[-77.893281,39.055426],[-77.898993,39.052943],[-77.906847,39.045805],[-77.917556,39.039133],[-77.926837,39.035253],[-77.929931,39.030288],[-77.941117,39.02346],[-77.956348,39.020822],[-77.965391,39.008719],[-77.974197,39.003288],[-77.981336,39.002357],[-77.99038,38.99646],[-77.989904,38.993977],[-78.002279,38.981719],[-78.014416,38.971633],[-78.028933,38.950219],[-78.037025,38.94727],[-78.041547,38.938115],[-78.059158,38.932529],[-78.064631,38.927098],[-78.063679,38.923995],[-78.075103,38.912667],[-78.072247,38.903667],[-78.061776,38.900253],[-78.061776,38.891874],[-78.073199,38.891098],[-78.073675,38.886598],[-78.092,38.885512],[-78.094856,38.87977],[-78.112229,38.880391],[-78.114133,38.876822],[-78.12627,38.872943],[-78.131268,38.867512],[-78.12984,38.862857],[-78.138407,38.859598],[-78.141977,38.855719],[-78.152686,38.854322],[-78.151496,38.848426],[-78.15697,38.845012],[-78.16292,38.836477],[-78.168631,38.833684],[-78.171011,38.818943],[-78.177437,38.819098],[-78.184814,38.792874],[-78.193382,38.787288],[-78.195524,38.781236],[-78.206709,38.774253],[-78.218847,38.773012],[-78.224796,38.768201],[-78.234554,38.767426],[-78.239313,38.761839],[-78.244311,38.763236],[-78.253355,38.757029],[-78.26335,38.758426],[-78.270965,38.761839],[-78.279295,38.76215],[-78.284769,38.759512],[-78.29048,38.750357],[-78.295954,38.751132],[-78.30357,38.738874],[-78.318801,38.737943],[-78.323798,38.721184],[-78.329748,38.711408],[-78.331652,38.702719],[-78.319991,38.698374],[-78.316421,38.690615],[-78.314993,38.68177],[-78.320705,38.678201],[-78.323798,38.67215],[-78.317611,38.669512],[-78.320229,38.659581],[-78.315469,38.651512],[-78.32594,38.630719],[-78.338078,38.627305],[-78.344503,38.622339],[-78.344741,38.619236],[-78.359972,38.613805],[-78.364256,38.609926],[-78.367826,38.602322],[-78.374014,38.594563],[-78.383295,38.588357],[-78.385675,38.582615],[-78.382581,38.575477],[-78.380915,38.561357],[-78.389007,38.554839],[-78.394242,38.555615],[-78.413757,38.547236],[-78.419707,38.534357],[-78.43232,38.526288],[-78.438508,38.530788],[-78.442792,38.527839],[-78.436366,38.522098],[-78.442792,38.512012],[-78.442316,38.50565],[-78.446837,38.498977],[-78.441364,38.490908],[-78.444457,38.489512],[-78.453263,38.474615],[-78.457785,38.464839],[-78.462544,38.459563],[-78.462068,38.454753],[-78.466828,38.447615],[-78.47254,38.447615],[-78.477776,38.438615],[-78.476586,38.432098],[-78.481583,38.430546],[-78.487057,38.42046],[-78.486819,38.416115],[-78.494435,38.408977],[-78.499432,38.399667],[-78.506572,38.394081],[-78.515139,38.39377],[-78.518709,38.381201],[-78.526325,38.372512],[-78.526325,38.367857],[-78.542032,38.364908],[-78.547268,38.352339],[-78.553693,38.34846],[-78.551551,38.336357],[-78.559167,38.331081],[-78.570114,38.327822],[-78.575588,38.328443],[-78.587487,38.324874],[-78.595341,38.320063],[-78.601766,38.313546],[-78.602242,38.307494],[-78.619377,38.30346],[-78.628421,38.300046],[-78.63437,38.291977],[-78.64032,38.290736],[-78.651268,38.293529],[-78.658407,38.286546],[-78.663881,38.276615],[-78.661263,38.269012],[-78.666499,38.266063],[-78.657217,38.260632],[-78.662215,38.253494],[-78.671496,38.247908],[-78.681016,38.254891],[-78.689821,38.248839],[-78.697675,38.245736],[-78.70648,38.246512],[-78.71124,38.238598],[-78.726233,38.231925],[-78.726471,38.229908]]]}},{"type":"Feature","properties":{"name":"CD7","district_number":7,"fips":"51-07","lean":-0.043866,"lean_desc":"Competitive"},"geometry":{"type":"Polygon","coordinates":[[[-76.997739,38.278012],[-77.013922,38.269788],[-77.028915,38.26777],[-77.034627,38.25877],[-77.044622,38.260477],[-77.048192,38.185994],[-77.050096,38.177925],[-77.064137,38.171874],[-77.063423,38.162098],[-77.069373,38.157753],[-77.066993,38.147667],[-77.069373,38.143787],[-77.075561,38.14115],[-77.0827,38.146891],[-77.084604,38.160236],[-77.094837,38.161632],[-77.101501,38.158684],[-77.116018,38.149994],[-77.113876,38.134477],[-77.107927,38.131839],[-77.105309,38.127805],[-77.116732,38.120667],[-77.130773,38.12346],[-77.144339,38.120822],[-77.141959,38.115081],[-77.145529,38.108408],[-77.141959,38.101891],[-77.145291,38.094287],[-77.152192,38.093201],[-77.15362,38.08777],[-77.160522,38.087305],[-77.170041,38.079546],[-77.163616,38.068374],[-77.159094,38.064029],[-77.14886,38.061391],[-77.146718,38.054718],[-77.15005,38.050063],[-77.145529,38.046339],[-77.135771,38.047736],[-77.129346,38.044943],[-77.12173,38.033615],[-77.127204,38.027718],[-77.130773,38.020581],[-77.128156,38.015615],[-77.120064,38.013132],[-77.114114,38.016236],[-77.103405,38.01127],[-77.088888,38.013598],[-77.082462,38.002891],[-77.076513,38.000718],[-77.072705,37.994667],[-77.076989,37.991098],[-77.068659,37.971546],[-77.071991,37.967977],[-77.080558,37.968753],[-77.08984,37.963787],[-77.099597,37.964408],[-77.105785,37.971391],[-77.122206,37.97046],[-77.148622,37.972012],[-77.153858,37.967667],[-77.166947,37.964098],[-77.18194,37.949512],[-77.178847,37.946718],[-77.183844,37.941753],[-77.178847,37.929029],[-77.181227,37.919098],[-77.186462,37.911184],[-77.182178,37.904512],[-77.1867,37.901253],[-77.179561,37.897063],[-77.181464,37.891632],[-77.192174,37.891787],[-77.204549,37.886822],[-77.210261,37.886201],[-77.215972,37.892408],[-77.212165,37.894425],[-77.211213,37.900632],[-77.218114,37.903891],[-77.227872,37.901718],[-77.233345,37.909167],[-77.241675,37.909477],[-77.245483,37.904356],[-77.242865,37.899856],[-77.248577,37.886201],[-77.247625,37.876115],[-77.251194,37.87146],[-77.262142,37.864012],[-77.271899,37.851753],[-77.279277,37.844305],[-77.28832,37.843374],[-77.2907,37.836236],[-77.306407,37.822425],[-77.330206,37.805667],[-77.333062,37.801477],[-77.350197,37.789374],[-77.353053,37.795115],[-77.36162,37.797443],[-77.371378,37.786736],[-77.37114,37.780994],[-77.378279,37.776339],[-77.387561,37.778822],[-77.396366,37.77727],[-77.405172,37.780218],[-77.403744,37.78596],[-77.393034,37.784563],[-77.39827,37.79077],[-77.395176,37.802408],[-77.402078,37.805667],[-77.407789,37.803339],[-77.413025,37.805201],[-77.422783,37.812029],[-77.415405,37.815287],[-77.411121,37.823046],[-77.424924,37.824908],[-77.42897,37.841822],[-77.42659,37.848029],[-77.428256,37.856408],[-77.422069,37.864943],[-77.428494,37.868977],[-77.433016,37.875029],[-77.43611,37.88496],[-77.442773,37.889305],[-77.445629,37.894736],[-77.452293,37.893029],[-77.462288,37.888218],[-77.470856,37.888994],[-77.477757,37.883563],[-77.484183,37.883408],[-77.492513,37.889149],[-77.493226,37.897218],[-77.503222,37.901718],[-77.514883,37.904356],[-77.526545,37.915374],[-77.528924,37.920805],[-77.53654,37.921115],[-77.546297,37.915994],[-77.557245,37.922822],[-77.554627,37.926236],[-77.547963,37.926236],[-77.556293,37.935856],[-77.561766,37.936012],[-77.566288,37.94377],[-77.564146,37.946563],[-77.570572,37.954943],[-77.57676,37.958046],[-77.581281,37.950598],[-77.586993,37.949201],[-77.593895,37.950598],[-77.599844,37.954477],[-77.608174,37.954477],[-77.611506,37.949822],[-77.618169,37.952615],[-77.613885,37.958977],[-77.621025,37.966581],[-77.632686,37.965184],[-77.630783,37.971081],[-77.636732,37.977908],[-77.643396,37.97977],[-77.643396,37.992805],[-77.649345,37.994046],[-77.657913,37.991718],[-77.661007,37.997615],[-77.665291,37.996684],[-77.67124,38.003822],[-77.684091,38.008167],[-77.695991,38.007546],[-77.700512,38.012667],[-77.711936,38.012667],[-77.719313,38.016701],[-77.722169,38.023218],[-77.731213,38.021201],[-77.728357,38.027718],[-77.730975,38.030977],[-77.739542,38.032994],[-77.74454,38.025081],[-77.748586,38.028805],[-77.747872,38.047891],[-77.756201,38.048201],[-77.771908,38.057512],[-77.778572,38.058753],[-77.784998,38.065115],[-77.782618,38.067598],[-77.786663,38.076287],[-77.793803,38.07846],[-77.806416,38.07846],[-77.817602,38.085598],[-77.819744,38.092425],[-77.824265,38.095994],[-77.836165,38.101115],[-77.839734,38.106081],[-77.848302,38.101891],[-77.858059,38.100339],[-77.859725,38.105305],[-77.869007,38.105615],[-77.882334,38.108874],[-77.889236,38.113063],[-77.900183,38.109494],[-77.912558,38.111512],[-77.916842,38.118339],[-77.922792,38.11477],[-77.934691,38.11415],[-77.944448,38.119581],[-77.958014,38.118029],[-77.968723,38.122374],[-77.979908,38.119581],[-77.983954,38.120822],[-77.989904,38.127805],[-78.002041,38.137581],[-78.012512,38.139132],[-78.021794,38.142081],[-78.02584,38.137581],[-78.033693,38.136029],[-78.047972,38.135874],[-78.058444,38.140684],[-78.070105,38.143167],[-78.075817,38.141305],[-78.092952,38.151546],[-78.101757,38.152632],[-78.112229,38.147667],[-78.114847,38.141305],[-78.133885,38.138512],[-78.144357,38.143012],[-78.155066,38.136805],[-78.161492,38.137425],[-78.169583,38.130753],[-78.180769,38.130132],[-78.187194,38.12765],[-78.209327,38.131063],[-78.2693,38.152477],[-78.344503,38.177925],[-78.368778,38.184132],[-78.39686,38.192046],[-78.416851,38.199339],[-78.499908,38.224477],[-78.522279,38.23115],[-78.606526,38.25815],[-78.605574,38.251167],[-78.596055,38.244339],[-78.596293,38.237356],[-78.627707,38.241236],[-78.633657,38.238443],[-78.641748,38.242788],[-78.654361,38.24496],[-78.657455,38.240615],[-78.662929,38.239684],[-78.661501,38.233943],[-78.683158,38.230839],[-78.688869,38.224167],[-78.693867,38.230374],[-78.708146,38.228822],[-78.726471,38.229908],[-78.726233,38.231925],[-78.71124,38.238598],[-78.70648,38.246512],[-78.697675,38.245736],[-78.689821,38.248839],[-78.681016,38.254891],[-78.671496,38.247908],[-78.662215,38.253494],[-78.657217,38.260632],[-78.666499,38.266063],[-78.661263,38.269012],[-78.663881,38.276615],[-78.658407,38.286546],[-78.651268,38.293529],[-78.64032,38.290736],[-78.63437,38.291977],[-78.628421,38.300046],[-78.619377,38.30346],[-78.602242,38.307494],[-78.601766,38.313546],[-78.595341,38.320063],[-78.587487,38.324874],[-78.575588,38.328443],[-78.570114,38.327822],[-78.559167,38.331081],[-78.551551,38.336357],[-78.553693,38.34846],[-78.547268,38.352339],[-78.542032,38.364908],[-78.526325,38.367857],[-78.526325,38.372512],[-78.518709,38.381201],[-78.515139,38.39377],[-78.506572,38.394081],[-78.499432,38.399667],[-78.494435,38.408977],[-78.486819,38.416115],[-78.487057,38.42046],[-78.481583,38.430546],[-78.476586,38.432098],[-78.477776,38.438615],[-78.47254,38.447615],[-78.466828,38.447615],[-78.462068,38.454753],[-78.462544,38.459563],[-78.457785,38.464839],[-78.453263,38.474615],[-78.444457,38.489512],[-78.441364,38.490908],[-78.446837,38.498977],[-78.442316,38.50565],[-78.442792,38.512012],[-78.436366,38.522098],[-78.442792,38.527839],[-78.438508,38.530788],[-78.43232,38.526288],[-78.419707,38.534357],[-78.413757,38.547236],[-78.394242,38.555615],[-78.389007,38.554839],[-78.380915,38.561357],[-78.382581,38.575477],[-78.385675,38.582615],[-78.383295,38.588357],[-78.374014,38.594563],[-78.367826,38.602322],[-78.364256,38.609926],[-78.359972,38.613805],[-78.344741,38.619236],[-78.344503,38.622339],[-78.338078,38.627305],[-78.266444,38.563684],[-78.26335,38.561977],[-78.231698,38.532494],[-78.221702,38.534357],[-78.214801,38.538391],[-78.208375,38.530632],[-78.203853,38.533115],[-78.199094,38.528305],[-78.191002,38.524115],[-78.188384,38.527374],[-78.178389,38.526598],[-78.177199,38.521943],[-78.168869,38.523805],[-78.124604,38.564305],[-78.090096,38.596736],[-78.011323,38.647012],[-77.935405,38.695736],[-77.914224,38.697908],[-77.906371,38.696046],[-77.902087,38.69046],[-77.903753,38.684098],[-77.894471,38.68146],[-77.903515,38.669977],[-77.896137,38.662063],[-77.884,38.666563],[-77.871387,38.647943],[-77.87329,38.639719],[-77.88043,38.637236],[-77.87686,38.630874],[-77.872339,38.63227],[-77.868531,38.623426],[-77.859963,38.620477],[-77.861153,38.614426],[-77.873052,38.611012],[-77.874004,38.606822],[-77.862343,38.598598],[-77.866389,38.593167],[-77.874242,38.591305],[-77.877098,38.584943],[-77.863771,38.572374],[-77.862819,38.565391],[-77.856155,38.556857],[-77.851158,38.556391],[-77.843542,38.544753],[-77.836403,38.538236],[-77.832119,38.538857],[-77.819506,38.528926],[-77.814508,38.530632],[-77.811414,38.524736],[-77.800467,38.511391],[-77.800467,38.502236],[-77.787853,38.493081],[-77.787615,38.488115],[-77.781428,38.488115],[-77.780714,38.478184],[-77.77524,38.473529],[-77.778096,38.469029],[-77.774288,38.462977],[-77.761199,38.458167],[-77.760485,38.446219],[-77.761913,38.441098],[-77.755011,38.42946],[-77.750728,38.426667],[-77.741446,38.425736],[-77.735972,38.413477],[-77.730737,38.413012],[-77.725501,38.418908],[-77.71146,38.422943],[-77.702178,38.421236],[-77.698847,38.425115],[-77.691945,38.426822],[-77.675048,38.423874],[-77.667194,38.419994],[-77.653153,38.41627],[-77.639112,38.409753],[-77.633876,38.412236],[-77.63459,38.417977],[-77.629831,38.422788],[-77.629117,38.43877],[-77.634114,38.442339],[-77.629831,38.446374],[-77.628879,38.452426],[-77.633876,38.46127],[-77.634114,38.466391],[-77.628165,38.469494],[-77.623881,38.475081],[-77.560815,38.527063],[-77.531304,38.556546],[-77.532732,38.557167],[-77.579377,38.627615],[-77.572952,38.626995],[-77.568906,38.618615],[-77.556769,38.618305],[-77.553199,38.615046],[-77.53059,38.622339],[-77.521309,38.623581],[-77.515597,38.626995],[-77.512503,38.633822],[-77.511551,38.641581],[-77.500604,38.643908],[-77.488229,38.638167],[-77.476805,38.639719],[-77.472998,38.636305],[-77.460622,38.632115],[-77.447533,38.632581],[-77.443249,38.631029],[-77.430636,38.635529],[-77.442297,38.643132],[-77.443963,38.651201],[-77.440632,38.65865],[-77.419213,38.659581],[-77.416595,38.664081],[-77.394224,38.672615],[-77.371853,38.674943],[-77.359954,38.68115],[-77.349007,38.678201],[-77.346627,38.68565],[-77.350435,38.689064],[-77.346389,38.698374],[-77.340915,38.701477],[-77.340439,38.710167],[-77.332348,38.716529],[-77.331158,38.711253],[-77.320686,38.711719],[-77.326874,38.70427],[-77.325446,38.701632],[-77.316165,38.701167],[-77.309025,38.706443],[-77.303313,38.707995],[-77.299506,38.704891],[-77.275469,38.694339],[-77.265236,38.687046],[-77.257382,38.683632],[-77.25048,38.674167],[-77.239533,38.666563],[-77.223588,38.652132],[-77.220494,38.646236],[-77.221208,38.639874],[-77.230252,38.625132],[-77.227396,38.604495],[-77.246435,38.593477],[-77.246911,38.589443],[-77.255716,38.563374],[-77.261428,38.556857],[-77.272851,38.55127],[-77.276421,38.547081],[-77.276421,38.539477],[-77.282847,38.525977],[-77.28713,38.521788],[-77.303075,38.499132],[-77.309263,38.496029],[-77.311405,38.488736],[-77.318545,38.47446],[-77.320448,38.435201],[-77.322828,38.432563],[-77.318783,38.417667],[-77.314975,38.41115],[-77.304979,38.375305],[-77.296412,38.370184],[-77.288082,38.358857],[-77.28832,38.351408],[-77.283799,38.342874],[-77.276659,38.337908],[-77.265236,38.333098],[-77.249767,38.331701],[-77.235249,38.332477],[-77.204787,38.341167],[-77.179323,38.341943],[-77.16314,38.345822],[-77.151478,38.354512],[-77.145767,38.361494],[-77.137675,38.368012],[-77.124348,38.366925],[-77.107213,38.369719],[-77.093648,38.367236],[-77.086746,38.367857],[-77.074609,38.374374],[-77.061281,38.388805],[-77.053428,38.398736],[-77.041529,38.400753],[-77.018444,38.381977],[-77.011542,38.374529],[-77.015826,38.37096],[-77.014636,38.354046],[-77.016778,38.341632],[-77.014874,38.332322],[-77.030581,38.311684],[-77.028201,38.305322],[-77.018206,38.300356],[-77.01059,38.292753],[-77.001071,38.280184],[-76.997739,38.278012]]]}},{"type":"Feature","properties":{"name":"CD8","district_number":8,"fips":"51-08","lean":-0.5159,"lean_desc":"Strong Democratic"},"geometry":{"type":"Polygon","coordinates":[[[-77.227396,38.604495],[-77.230252,38.625132],[-77.221208,38.639874],[-77.220494,38.646236],[-77.223588,38.652132],[-77.239533,38.666563],[-77.230014,38.670288],[-77.224302,38.678667],[-77.206691,38.688598],[-77.192888,38.709391],[-77.188366,38.713581],[-77.18908,38.72165],[-77.182416,38.725064],[-77.173849,38.72196],[-77.170755,38.733598],[-77.164805,38.741512],[-77.167423,38.74896],[-77.164567,38.754391],[-77.158856,38.752684],[-77.155286,38.758581],[-77.155762,38.765408],[-77.14886,38.764167],[-77.143387,38.76727],[-77.149574,38.772081],[-77.140531,38.783253],[-77.136009,38.784029],[-77.137199,38.792564],[-77.135295,38.796443],[-77.152668,38.793805],[-77.170517,38.789926],[-77.180751,38.791167],[-77.186224,38.795201],[-77.19384,38.797219],[-77.205739,38.793184],[-77.214545,38.795512],[-77.211927,38.803426],[-77.220732,38.815684],[-77.22216,38.821736],[-77.217876,38.833064],[-77.21978,38.845477],[-77.220732,38.88427],[-77.215497,38.894512],[-77.216924,38.906615],[-77.213117,38.913443],[-77.19622,38.923529],[-77.201931,38.928495],[-77.210261,38.931443],[-77.202407,38.945564],[-77.195982,38.95177],[-77.190508,38.96015],[-77.182892,38.963564],[-77.179561,38.968374],[-77.170993,38.966512],[-77.165519,38.967753],[-77.150764,38.965736],[-77.145053,38.963098],[-77.135295,38.953477],[-77.128156,38.940908],[-77.119588,38.934236],[-77.112686,38.924615],[-77.106975,38.920115],[-77.103167,38.912822],[-77.093648,38.905995],[-77.086508,38.903046],[-77.070563,38.901184],[-77.067707,38.899477],[-77.064137,38.88877],[-77.05914,38.881012],[-77.054142,38.87977],[-77.049382,38.871391],[-77.043194,38.874029],[-77.038197,38.867512],[-77.037483,38.86115],[-77.032961,38.855098],[-77.032247,38.850288],[-77.034627,38.840046],[-77.04486,38.840201],[-77.045098,38.835236],[-77.037721,38.829184],[-77.041053,38.823288],[-77.037483,38.814908],[-77.039149,38.800477],[-77.038911,38.791632],[-77.041291,38.785426],[-77.041291,38.765719],[-77.042243,38.741357],[-77.041767,38.726926],[-77.043432,38.718391],[-77.052952,38.709857],[-77.071753,38.710012],[-77.078178,38.713426],[-77.08151,38.707995],[-77.088888,38.705046],[-77.098645,38.698995],[-77.104119,38.697443],[-77.122682,38.685184],[-77.132439,38.674167],[-77.136247,38.647167],[-77.129583,38.634753],[-77.166471,38.625132],[-77.180275,38.62327],[-77.191698,38.619236],[-77.203597,38.61815],[-77.227396,38.604495]]]}},{"type":"Feature","properties":{"name":"CD9","district_number":9,"fips":"51-09","lean":0.434233,"lean_desc":"Strong Republican"},"geometry":{"type":"Polygon","coordinates":[[[-79.43686,37.617132],[-79.434718,37.612011],[-79.436146,37.605494],[-79.431148,37.60177],[-79.424247,37.601149],[-79.416393,37.60627],[-79.404494,37.607511],[-79.396878,37.598822],[-79.385217,37.594943],[-79.380457,37.590598],[-79.380457,37.581443],[-79.370224,37.568874],[-79.366892,37.55677],[-79.367368,37.551184],[-79.36237,37.542339],[-79.353327,37.532563],[-79.349995,37.525891],[-79.341666,37.517356],[-79.327386,37.511615],[-79.316439,37.510218],[-79.30573,37.506029],[-79.30097,37.501529],[-79.30692,37.498115],[-79.305254,37.493615],[-79.314297,37.487098],[-79.327386,37.482132],[-79.33643,37.475149],[-79.344759,37.480891],[-79.351185,37.480115],[-79.355945,37.484149],[-79.36475,37.482753],[-79.375222,37.477167],[-79.393071,37.470029],[-79.392833,37.462891],[-79.398544,37.460098],[-79.39902,37.453736],[-79.394261,37.453115],[-79.391405,37.448149],[-79.384741,37.447839],[-79.378553,37.450167],[-79.372604,37.440701],[-79.370938,37.43077],[-79.362846,37.416805],[-79.352851,37.417425],[-79.360229,37.406563],[-79.356183,37.39446],[-79.349043,37.392908],[-79.348805,37.38546],[-79.34238,37.38608],[-79.335002,37.379718],[-79.324531,37.379873],[-79.318819,37.373977],[-79.320723,37.366373],[-79.326434,37.358615],[-79.337858,37.34977],[-79.344283,37.347287],[-79.353565,37.34046],[-79.357135,37.342787],[-79.366654,37.342632],[-79.367606,37.335029],[-79.370224,37.333632],[-79.381409,37.336115],[-79.394737,37.329753],[-79.39902,37.322925],[-79.399258,37.318115],[-79.391643,37.310511],[-79.396164,37.30446],[-79.400686,37.302598],[-79.398306,37.297787],[-79.399972,37.293287],[-79.392119,37.288787],[-79.400448,37.285218],[-79.408064,37.278856],[-79.404256,37.273891],[-79.389739,37.262408],[-79.373556,37.252942],[-79.359515,37.246115],[-79.354279,37.24658],[-79.343093,37.244253],[-79.33048,37.238356],[-79.36713,37.177994],[-79.381885,37.154718],[-79.44281,37.055873],[-79.451139,37.055563],[-79.477794,37.064253],[-79.486123,37.064098],[-79.491359,37.058356],[-79.481601,37.047649],[-79.480174,37.04346],[-79.483267,37.035235],[-79.461135,37.02158],[-79.458755,37.018011],[-79.463039,37.014753],[-79.47232,37.013666],[-79.478032,37.007304],[-79.484457,37.00746],[-79.495167,37.021891],[-79.511826,37.032442],[-79.527295,37.036166],[-79.542288,37.045942],[-79.54919,37.042063],[-79.559423,37.043925],[-79.560851,37.036166],[-79.564421,37.03477],[-79.579414,37.036632],[-79.594169,37.042218],[-79.606068,37.000632],[-79.628677,36.906132],[-79.645812,36.834908],[-79.677464,36.700373],[-79.687698,36.657391],[-79.714828,36.541942],[-79.899505,36.542718],[-79.999698,36.542408],[-80.12226,36.542718],[-80.244109,36.543959],[-80.2948,36.544115],[-80.44616,36.550942],[-80.563487,36.556373],[-80.658443,36.559477],[-80.696283,36.561959],[-80.729839,36.562425],[-80.773629,36.560408],[-80.799807,36.561028],[-80.837647,36.559166],[-80.898572,36.561649],[-80.931652,36.562425],[-80.959734,36.563511],[-81.003761,36.563666],[-81.045171,36.566459],[-81.088485,36.567235],[-81.120137,36.569097],[-81.137748,36.569408],[-81.17059,36.570959],[-81.177015,36.57189],[-81.235322,36.572666],[-81.261501,36.573908],[-81.307432,36.574994],[-81.362169,36.574528],[-81.386205,36.574994],[-81.443084,36.576856],[-81.457839,36.577942],[-81.521382,36.58058],[-81.600393,36.586942],[-81.677501,36.588184],[-81.6468,36.611925],[-81.736997,36.612391],[-81.770315,36.612856],[-81.844805,36.614873],[-81.922626,36.61627],[-81.93405,36.594235],[-82.050901,36.59439],[-82.101592,36.594701],[-82.173702,36.594546],[-82.214159,36.595787],[-82.253665,36.595632],[-82.312686,36.595632],[-82.368375,36.595011],[-82.427871,36.595011],[-82.466663,36.594546],[-82.48713,36.595787],[-82.622544,36.59377],[-82.737729,36.593615],[-82.83459,36.59377],[-82.887899,36.593459],[-82.966196,36.59377],[-83.124933,36.59408],[-83.175624,36.593925],[-83.261061,36.593925],[-83.276292,36.598115],[-83.374818,36.597339],[-83.499999,36.597184],[-83.556878,36.597339],[-83.622086,36.597959],[-83.645647,36.599977],[-83.675395,36.600753],[-83.673015,36.604787],[-83.663496,36.606959],[-83.65707,36.613011],[-83.649217,36.616735],[-83.648027,36.622787],[-83.640649,36.624804],[-83.634937,36.622942],[-83.62399,36.62558],[-83.618278,36.628528],[-83.613995,36.634891],[-83.603047,36.637218],[-83.587102,36.642804],[-83.581628,36.641408],[-83.567825,36.646063],[-83.562352,36.651184],[-83.543789,36.655528],[-83.532841,36.66158],[-83.532365,36.664684],[-83.512136,36.669649],[-83.509281,36.668718],[-83.49286,36.670115],[-83.481436,36.665925],[-83.470489,36.664994],[-83.453592,36.664839],[-83.443596,36.667166],[-83.436457,36.666235],[-83.418608,36.668718],[-83.395523,36.677408],[-83.395761,36.679425],[-83.386718,36.686563],[-83.371011,36.690753],[-83.365061,36.694166],[-83.358397,36.693701],[-83.347688,36.700218],[-83.335075,36.702701],[-83.30961,36.710615],[-83.295807,36.713563],[-83.288191,36.713718],[-83.223697,36.730322],[-83.194187,36.739477],[-83.163011,36.739322],[-83.156585,36.741649],[-83.135166,36.74258],[-83.128979,36.752822],[-83.129931,36.76896],[-83.128979,36.775787],[-83.133262,36.784632],[-83.123743,36.786494],[-83.118983,36.789753],[-83.110654,36.80046],[-83.104228,36.804028],[-83.102562,36.811322],[-83.098516,36.813494],[-83.099944,36.831184],[-83.090901,36.834597],[-83.088283,36.837701],[-83.07805,36.840804],[-83.074004,36.84577],[-83.075908,36.850735],[-83.072814,36.85446],[-83.066864,36.851977],[-83.060677,36.853994],[-83.047825,36.851666],[-83.040924,36.85508],[-83.026407,36.855391],[-83.021885,36.849804],[-83.012841,36.846856],[-83.006654,36.847632],[-82.998562,36.856632],[-82.989043,36.859115],[-82.979523,36.859735],[-82.96929,36.858029],[-82.951679,36.866097],[-82.937638,36.867339],[-82.922645,36.873856],[-82.907889,36.874787],[-82.907889,36.878822],[-82.889326,36.884718],[-82.879093,36.889218],[-82.878379,36.894184],[-82.867908,36.90008],[-82.877427,36.90846],[-82.857674,36.928787],[-82.862196,36.941356],[-82.859816,36.949115],[-82.856008,36.952994],[-82.866242,36.95858],[-82.871002,36.968356],[-82.867194,36.978287],[-82.85696,36.978908],[-82.853867,36.985115],[-82.845061,36.983873],[-82.837683,36.986977],[-82.830782,36.993494],[-82.82864,37.005753],[-82.822214,37.004201],[-82.815789,37.007304],[-82.803889,37.007304],[-82.796988,37.009011],[-82.782947,37.00777],[-82.776997,37.015994],[-82.772237,37.015684],[-82.766526,37.023132],[-82.75891,37.027477],[-82.747725,37.024529],[-82.742727,37.042839],[-82.733445,37.044546],[-82.725116,37.042373],[-82.722498,37.045011],[-82.722974,37.06208],[-82.725592,37.065184],[-82.726544,37.073408],[-82.717976,37.075891],[-82.718452,37.081011],[-82.722736,37.084735],[-82.722022,37.105063],[-82.726544,37.112511],[-82.721308,37.120891],[-82.715121,37.121822],[-82.69275,37.132994],[-82.682992,37.137029],[-82.676805,37.134856],[-82.668237,37.141373],[-82.655862,37.145718],[-82.65015,37.151925],[-82.633967,37.154253],[-82.623496,37.164494],[-82.606599,37.17396],[-82.597555,37.177063],[-82.591844,37.18327],[-82.57923,37.188391],[-82.550196,37.204529],[-82.533061,37.206546],[-82.531871,37.212442],[-82.524494,37.214925],[-82.521876,37.212132],[-82.510928,37.218339],[-82.507835,37.222994],[-82.496649,37.227649],[-82.491651,37.225011],[-82.486416,37.231218],[-82.472375,37.235718],[-82.464759,37.236029],[-82.457143,37.238356],[-82.452146,37.242546],[-82.445006,37.243477],[-82.439532,37.247201],[-82.432869,37.246425],[-82.411926,37.253408],[-82.408594,37.253253],[-82.383606,37.26008],[-82.376704,37.259925],[-82.364805,37.26427],[-82.355761,37.265356],[-82.349098,37.267839],[-82.349336,37.271408],[-82.341958,37.274356],[-82.343862,37.280718],[-82.337198,37.279632],[-82.324823,37.283046],[-82.320301,37.28646],[-82.316256,37.294684],[-82.26842,37.328046],[-82.212256,37.36746],[-82.143002,37.414787],[-82.062086,37.47158],[-82.051139,37.48027],[-82.022343,37.499977],[-81.968082,37.537994],[-81.966892,37.532874],[-81.95761,37.535511],[-81.957372,37.529615],[-81.947615,37.526822],[-81.943569,37.519839],[-81.944283,37.513322],[-81.939999,37.512546],[-81.934764,37.519218],[-81.927148,37.515339],[-81.927624,37.51208],[-81.943093,37.508667],[-81.943807,37.502925],[-81.954041,37.499822],[-81.952613,37.492218],[-81.964036,37.49346],[-81.975697,37.487718],[-81.977601,37.484615],[-81.989738,37.484925],[-81.99664,37.476701],[-81.99307,37.468477],[-81.992356,37.460874],[-81.985455,37.454356],[-81.976173,37.457149],[-81.968796,37.451563],[-81.968082,37.446598],[-81.956896,37.448305],[-81.949043,37.445511],[-81.945711,37.440236],[-81.935716,37.438373],[-81.940475,37.429063],[-81.937857,37.420063],[-81.9281,37.414477],[-81.92453,37.407649],[-81.930004,37.405322],[-81.928814,37.393839],[-81.933812,37.39058],[-81.931432,37.386546],[-81.935954,37.382822],[-81.93167,37.376925],[-81.933336,37.369322],[-81.926196,37.365598],[-81.928576,37.360942],[-81.925244,37.356908],[-81.915011,37.349615],[-81.910251,37.348994],[-81.907157,37.342632],[-81.900494,37.342011],[-81.8974,37.332391],[-81.89026,37.331925],[-81.874077,37.327736],[-81.872887,37.322925],[-81.860274,37.315787],[-81.865748,37.309425],[-81.85956,37.30477],[-81.854562,37.306632],[-81.852182,37.296546],[-81.85361,37.287701],[-81.846709,37.284598],[-81.838855,37.286304],[-81.825766,37.279322],[-81.819578,37.279477],[-81.800777,37.285684],[-81.789354,37.284442],[-81.779359,37.279942],[-81.777217,37.275598],[-81.768887,37.27327],[-81.756988,37.276063],[-81.757464,37.268615],[-81.746041,37.263339],[-81.745803,37.258218],[-81.740805,37.254184],[-81.744375,37.243477],[-81.740091,37.237736],[-81.731285,37.240063],[-81.722718,37.240218],[-81.716292,37.234322],[-81.715816,37.228736],[-81.699395,37.219891],[-81.694636,37.213373],[-81.683926,37.211046],[-81.683212,37.205615],[-81.678214,37.20158],[-81.560649,37.206701],[-81.553748,37.208563],[-81.545656,37.220046],[-81.533043,37.223615],[-81.524237,37.22796],[-81.52043,37.227029],[-81.506864,37.234942],[-81.506626,37.245184],[-81.503057,37.253098],[-81.483542,37.250615],[-81.475926,37.255736],[-81.462123,37.259925],[-81.460457,37.265356],[-81.453555,37.267373],[-81.445464,37.272339],[-81.437134,37.274046],[-81.427853,37.270942],[-81.416668,37.27327],[-81.416668,37.277615],[-81.409528,37.283977],[-81.405006,37.298718],[-81.396915,37.30446],[-81.398819,37.307873],[-81.394297,37.316408],[-81.384777,37.31858],[-81.379304,37.317494],[-81.372402,37.320442],[-81.367642,37.32696],[-81.369546,37.331304],[-81.365501,37.337822],[-81.362169,37.337667],[-81.320045,37.299339],[-81.24508,37.248598],[-81.225089,37.234942],[-81.20486,37.243011],[-81.179395,37.257287],[-81.16702,37.262873],[-81.142507,37.269236],[-81.133702,37.272494],[-81.104192,37.280563],[-81.083963,37.284442],[-81.075871,37.284908],[-81.052787,37.288632],[-81.036128,37.290184],[-81.021848,37.294218],[-81.010187,37.29577],[-80.98734,37.301356],[-80.979011,37.30058],[-80.982105,37.29608],[-80.973775,37.291425],[-80.950929,37.294994],[-80.931176,37.302908],[-80.919276,37.306167],[-80.898096,37.316718],[-80.880009,37.328977],[-80.869061,37.338598],[-80.849546,37.346977],[-80.88334,37.383908],[-80.863112,37.411529],[-80.865491,37.417425],[-80.863588,37.424098],[-80.859542,37.429529],[-80.846215,37.423322],[-80.837647,37.425649],[-80.806233,37.40377],[-80.806233,37.398339],[-80.800521,37.396011],[-80.7841,37.394615],[-80.783386,37.39058],[-80.776723,37.383753],[-80.770059,37.372425],[-80.759826,37.374908],[-80.74864,37.380029],[-80.743405,37.379873],[-80.719606,37.389649],[-80.705089,37.394615],[-80.674151,37.409977],[-80.64583,37.42208],[-80.637025,37.427511],[-80.632265,37.432167],[-80.622746,37.433253],[-80.622032,37.436046],[-80.591331,37.451408],[-80.585858,37.456684],[-80.552064,37.473598],[-80.536832,37.474063],[-80.532311,37.477167],[-80.523505,37.476856],[-80.511368,37.481667],[-80.493043,37.45777],[-80.497327,37.444736],[-80.494947,37.435115],[-80.47567,37.423011],[-80.464723,37.426115],[-80.457345,37.432322],[-80.443066,37.438063],[-80.425693,37.449856],[-80.402846,37.460408],[-80.382617,37.470339],[-80.371908,37.474063],[-80.363103,37.47996],[-80.36691,37.484925],[-80.343826,37.492218],[-80.331926,37.49377],[-80.309318,37.502925],[-80.299798,37.508201],[-80.282425,37.533494],[-80.291707,37.536442],[-80.309318,37.527442],[-80.33026,37.536287],[-80.327405,37.540167],[-80.321455,37.541408],[-80.312411,37.546218],[-80.328595,37.564374],[-80.2948,37.578805],[-80.283377,37.585167],[-80.258865,37.595563],[-80.249821,37.60208],[-80.240302,37.606891],[-80.226022,37.62008],[-80.221025,37.627839],[-80.20508,37.616356],[-80.184613,37.61527],[-80.181757,37.613718],[-80.16843,37.615425],[-80.167716,37.608908],[-80.160576,37.603322],[-80.144393,37.596649],[-80.137016,37.60208],[-80.123212,37.607356],[-80.104887,37.622718],[-80.087514,37.626598],[-80.069903,37.636063],[-80.068714,37.639787],[-80.050627,37.647236],[-80.040631,37.653443],[-80.032778,37.66027],[-80.02064,37.647391],[-80.032064,37.638546],[-80.027542,37.62427],[-79.999698,37.587184],[-79.968997,37.544356],[-79.972329,37.54327],[-79.986608,37.531322],[-79.99827,37.518753],[-80.009455,37.510839],[-80.014453,37.494856],[-80.021116,37.488649],[-80.030398,37.47546],[-80.031588,37.470184],[-80.043011,37.44908],[-80.047533,37.443029],[-80.065382,37.430149],[-80.067286,37.426425],[-80.078947,37.419442],[-80.0987,37.410287],[-80.104173,37.405632],[-80.137968,37.389339],[-80.147725,37.382511],[-80.20032,37.378322],[-80.202224,37.374442],[-80.212695,37.367925],[-80.226022,37.364822],[-80.23816,37.357218],[-80.250059,37.351787],[-80.255771,37.34558],[-80.262196,37.341546],[-80.258627,37.308649],[-80.236732,37.283822],[-80.203414,37.246425],[-80.202462,37.241304],[-80.192228,37.234322],[-80.179377,37.24208],[-80.175807,37.247046],[-80.17319,37.255736],[-80.167954,37.259925],[-80.147249,37.265046],[-80.137492,37.270787],[-80.123212,37.267839],[-80.109885,37.277925],[-80.104887,37.27808],[-80.093702,37.282425],[-80.078709,37.270167],[-80.081803,37.264891],[-80.075853,37.262563],[-80.074425,37.257132],[-80.064668,37.260391],[-80.051103,37.252167],[-80.046343,37.253873],[-80.040869,37.261787],[-80.033492,37.262873],[-80.037537,37.252322],[-80.028732,37.243632],[-80.018974,37.248132],[-80.004219,37.248753],[-79.994224,37.240839],[-79.98518,37.236339],[-79.977565,37.235253],[-79.971377,37.229511],[-79.965903,37.21927],[-79.955908,37.210425],[-79.964714,37.207787],[-79.971139,37.201115],[-79.98399,37.19646],[-79.991844,37.192115],[-80.002315,37.190098],[-79.999698,37.178149],[-80.003029,37.16977],[-80.000887,37.16558],[-80.005409,37.157977],[-80.001125,37.151615],[-79.991368,37.152701],[-79.989702,37.143391],[-79.974947,37.143235],[-79.973281,37.139667],[-79.961858,37.137339],[-79.953766,37.139511],[-79.946389,37.150063],[-79.938535,37.150994],[-79.929968,37.158287],[-79.920924,37.16077],[-79.911881,37.169304],[-79.911881,37.177218],[-79.907121,37.179546],[-79.895222,37.181873],[-79.892128,37.186994],[-79.893794,37.199253],[-79.887368,37.200339],[-79.88237,37.209649],[-79.869519,37.216632],[-79.860714,37.217408],[-79.859048,37.213218],[-79.852146,37.214925],[-79.851908,37.22377],[-79.842627,37.229822],[-79.84691,37.240839],[-79.846434,37.247356],[-79.85286,37.258063],[-79.852146,37.260391],[-79.858334,37.267218],[-79.847862,37.278546],[-79.850718,37.282425],[-79.85048,37.295149],[-79.840723,37.298098],[-79.840723,37.303063],[-79.847386,37.309425],[-79.844293,37.317804],[-79.832631,37.324942],[-79.810736,37.335339],[-79.801931,37.343408],[-79.795267,37.34496],[-79.788604,37.349305],[-79.783368,37.369167],[-79.779322,37.370873],[-79.775277,37.377391],[-79.778608,37.381736],[-79.792887,37.382977],[-79.798361,37.38577],[-79.804787,37.392442],[-79.804549,37.396477],[-79.814068,37.402839],[-79.799551,37.408891],[-79.790508,37.408736],[-79.778846,37.415253],[-79.768137,37.419598],[-79.764091,37.423167],[-79.756238,37.425339],[-79.751716,37.431701],[-79.746956,37.432632],[-79.734819,37.441322],[-79.719112,37.448925],[-79.705785,37.460408],[-79.690077,37.476391],[-79.678654,37.481201],[-79.676512,37.483684],[-79.664851,37.483063],[-79.658901,37.48508],[-79.639862,37.471115],[-79.638434,37.461494],[-79.628201,37.45358],[-79.619634,37.45746],[-79.602261,37.45358],[-79.593693,37.448925],[-79.582746,37.451873],[-79.580604,37.455908],[-79.583222,37.463511],[-79.578462,37.473598],[-79.567277,37.487718],[-79.555139,37.498736],[-79.54562,37.48958],[-79.538718,37.495632],[-79.533007,37.505253],[-79.518965,37.508511],[-79.514206,37.51658],[-79.504686,37.52077],[-79.505638,37.526356],[-79.497547,37.535977],[-79.478984,37.548391],[-79.47113,37.54777],[-79.464228,37.549632],[-79.458279,37.559874],[-79.441144,37.563442],[-79.439716,37.567632],[-79.434004,37.572287],[-79.438764,37.577874],[-79.446142,37.576322],[-79.450187,37.588891],[-79.457565,37.599287],[-79.457327,37.606736],[-79.450663,37.611391],[-79.44519,37.618218],[-79.43686,37.617132]]]}},{"type":"Feature","properties":{"name":"CD10","district_number":10,"fips":"51-10","lean":-0.101833,"lean_desc":"Leans Democratic"},"geometry":{"type":"Polygon","coordinates":[[[-78.338078,38.627305],[-78.32594,38.630719],[-78.315469,38.651512],[-78.320229,38.659581],[-78.317611,38.669512],[-78.323798,38.67215],[-78.320705,38.678201],[-78.314993,38.68177],[-78.316421,38.690615],[-78.319991,38.698374],[-78.331652,38.702719],[-78.329748,38.711408],[-78.323798,38.721184],[-78.318801,38.737943],[-78.30357,38.738874],[-78.295954,38.751132],[-78.29048,38.750357],[-78.284769,38.759512],[-78.279295,38.76215],[-78.270965,38.761839],[-78.26335,38.758426],[-78.253355,38.757029],[-78.244311,38.763236],[-78.239313,38.761839],[-78.234554,38.767426],[-78.224796,38.768201],[-78.218847,38.773012],[-78.206709,38.774253],[-78.195524,38.781236],[-78.193382,38.787288],[-78.184814,38.792874],[-78.177437,38.819098],[-78.171011,38.818943],[-78.168631,38.833684],[-78.16292,38.836477],[-78.15697,38.845012],[-78.151496,38.848426],[-78.152686,38.854322],[-78.141977,38.855719],[-78.138407,38.859598],[-78.12984,38.862857],[-78.131268,38.867512],[-78.12627,38.872943],[-78.114133,38.876822],[-78.112229,38.880391],[-78.094856,38.87977],[-78.092,38.885512],[-78.073675,38.886598],[-78.073199,38.891098],[-78.061776,38.891874],[-78.061776,38.900253],[-78.072247,38.903667],[-78.075103,38.912667],[-78.063679,38.923995],[-78.064631,38.927098],[-78.059158,38.932529],[-78.041547,38.938115],[-78.037025,38.94727],[-78.028933,38.950219],[-78.014416,38.971633],[-78.002279,38.981719],[-77.989904,38.993977],[-77.99038,38.99646],[-77.981336,39.002357],[-77.974197,39.003288],[-77.965391,39.008719],[-77.956348,39.020822],[-77.941117,39.02346],[-77.929931,39.030288],[-77.926837,39.035253],[-77.917556,39.039133],[-77.906847,39.045805],[-77.898993,39.052943],[-77.893281,39.055426],[-77.887808,39.064581],[-77.877574,39.078081],[-77.874004,39.080098],[-77.862819,39.081029],[-77.85568,39.092822],[-77.853776,39.101046],[-77.84378,39.119822],[-77.83902,39.121839],[-77.828311,39.132391],[-77.822123,39.14015],[-77.821647,39.151943],[-77.813556,39.164357],[-77.806654,39.171029],[-77.797849,39.193995],[-77.798087,39.200667],[-77.788805,39.214788],[-77.786426,39.22146],[-77.771432,39.236512],[-77.767387,39.249702],[-77.770718,39.255288],[-77.762865,39.258236],[-77.758581,39.264598],[-77.756915,39.274064],[-77.753107,39.277322],[-77.752631,39.283374],[-77.747634,39.294857],[-77.735496,39.311926],[-77.730737,39.31565],[-77.720741,39.318909],[-77.719551,39.321391],[-77.707652,39.321702],[-77.696705,39.318598],[-77.686471,39.32015],[-77.681712,39.323874],[-77.675524,39.32434],[-77.66767,39.318443],[-77.64411,39.308822],[-77.63102,39.307736],[-77.615551,39.302615],[-77.606032,39.303702],[-77.59913,39.30184],[-77.588659,39.301529],[-77.578664,39.305098],[-77.568668,39.306495],[-77.562718,39.303081],[-77.561529,39.288029],[-77.554389,39.281667],[-77.550819,39.275615],[-77.540824,39.265219],[-77.520595,39.258391],[-77.510599,39.253271],[-77.498462,39.251564],[-77.484659,39.245977],[-77.471094,39.23434],[-77.460622,39.228753],[-77.457767,39.225029],[-77.459908,39.218822],[-77.469904,39.21215],[-77.474902,39.206098],[-77.476805,39.191822],[-77.481089,39.187943],[-77.507506,39.181426],[-77.517739,39.169477],[-77.521309,39.161874],[-77.524165,39.150391],[-77.527258,39.146977],[-77.527021,39.13565],[-77.524641,39.127736],[-77.518453,39.119822],[-77.490609,39.111753],[-77.481089,39.105702],[-77.468714,39.085374],[-77.460622,39.074822],[-77.454673,39.072805],[-77.441583,39.071253],[-77.419927,39.066443],[-77.398984,39.064736],[-77.386847,39.062253],[-77.370188,39.061633],[-77.362334,39.062564],[-77.340201,39.062874],[-77.328302,39.057753],[-77.394224,38.991029],[-77.496796,38.887219],[-77.47276,38.875426],[-77.463716,38.867667],[-77.47157,38.862857],[-77.478471,38.862546],[-77.477519,38.850288],[-77.470142,38.84796],[-77.463478,38.842219],[-77.464906,38.83896],[-77.462288,38.830581],[-77.458242,38.828408],[-77.45967,38.818322],[-77.455863,38.811805],[-77.444915,38.809477],[-77.435396,38.804977],[-77.427304,38.805598],[-77.421355,38.802184],[-77.418499,38.810098],[-77.412311,38.819564],[-77.40422,38.814598],[-77.397556,38.820495],[-77.398746,38.824529],[-77.405172,38.831822],[-77.404934,38.840046],[-77.393272,38.841288],[-77.386847,38.831357],[-77.380659,38.817236],[-77.374947,38.811805],[-77.366142,38.794891],[-77.360906,38.788064],[-77.35448,38.787753],[-77.345437,38.782632],[-77.327588,38.782167],[-77.326636,38.788219],[-77.313547,38.785736],[-77.300934,38.778443],[-77.299982,38.775339],[-77.313547,38.76696],[-77.306645,38.757495],[-77.30141,38.753305],[-77.317355,38.751288],[-77.310453,38.744305],[-77.316641,38.742753],[-77.321638,38.746012],[-77.330682,38.741822],[-77.331158,38.735305],[-77.343057,38.733598],[-77.346627,38.737477],[-77.358764,38.727857],[-77.351387,38.721805],[-77.335442,38.719477],[-77.332348,38.716529],[-77.340439,38.710167],[-77.340915,38.701477],[-77.346389,38.698374],[-77.350435,38.689064],[-77.346627,38.68565],[-77.349007,38.678201],[-77.359954,38.68115],[-77.371853,38.674943],[-77.394224,38.672615],[-77.416595,38.664081],[-77.419213,38.659581],[-77.440632,38.65865],[-77.443963,38.651201],[-77.442297,38.643132],[-77.430636,38.635529],[-77.443249,38.631029],[-77.447533,38.632581],[-77.460622,38.632115],[-77.472998,38.636305],[-77.476805,38.639719],[-77.488229,38.638167],[-77.500604,38.643908],[-77.511551,38.641581],[-77.512503,38.633822],[-77.515597,38.626995],[-77.521309,38.623581],[-77.53059,38.622339],[-77.553199,38.615046],[-77.556769,38.618305],[-77.568906,38.618615],[-77.572952,38.626995],[-77.579377,38.627615],[-77.532732,38.557167],[-77.531304,38.556546],[-77.560815,38.527063],[-77.623881,38.475081],[-77.628165,38.469494],[-77.634114,38.466391],[-77.633876,38.46127],[-77.628879,38.452426],[-77.629831,38.446374],[-77.634114,38.442339],[-77.629117,38.43877],[-77.629831,38.422788],[-77.63459,38.417977],[-77.633876,38.412236],[-77.639112,38.409753],[-77.653153,38.41627],[-77.667194,38.419994],[-77.675048,38.423874],[-77.691945,38.426822],[-77.698847,38.425115],[-77.702178,38.421236],[-77.71146,38.422943],[-77.725501,38.418908],[-77.730737,38.413012],[-77.735972,38.413477],[-77.741446,38.425736],[-77.750728,38.426667],[-77.755011,38.42946],[-77.761913,38.441098],[-77.760485,38.446219],[-77.761199,38.458167],[-77.774288,38.462977],[-77.778096,38.469029],[-77.77524,38.473529],[-77.780714,38.478184],[-77.781428,38.488115],[-77.787615,38.488115],[-77.787853,38.493081],[-77.800467,38.502236],[-77.800467,38.511391],[-77.811414,38.524736],[-77.814508,38.530632],[-77.819506,38.528926],[-77.832119,38.538857],[-77.836403,38.538236],[-77.843542,38.544753],[-77.851158,38.556391],[-77.856155,38.556857],[-77.862819,38.565391],[-77.863771,38.572374],[-77.877098,38.584943],[-77.874242,38.591305],[-77.866389,38.593167],[-77.862343,38.598598],[-77.874004,38.606822],[-77.873052,38.611012],[-77.861153,38.614426],[-77.859963,38.620477],[-77.868531,38.623426],[-77.872339,38.63227],[-77.87686,38.630874],[-77.88043,38.637236],[-77.87329,38.639719],[-77.871387,38.647943],[-77.884,38.666563],[-77.896137,38.662063],[-77.903515,38.669977],[-77.894471,38.68146],[-77.903753,38.684098],[-77.902087,38.69046],[-77.906371,38.696046],[-77.914224,38.697908],[-77.935405,38.695736],[-78.011323,38.647012],[-78.090096,38.596736],[-78.124604,38.564305],[-78.168869,38.523805],[-78.177199,38.521943],[-78.178389,38.526598],[-78.188384,38.527374],[-78.191002,38.524115],[-78.199094,38.528305],[-78.203853,38.533115],[-78.208375,38.530632],[-78.214801,38.538391],[-78.221702,38.534357],[-78.231698,38.532494],[-78.26335,38.561977],[-78.266444,38.563684],[-78.338078,38.627305]]]}},{"type":"Feature","properties":{"name":"CD11","district_number":11,"fips":"51-11","lean":-0.3684,"lean_desc":"Strong Democratic"},"geometry":{"type":"Polygon","coordinates":[[[-77.239533,38.666563],[-77.25048,38.674167],[-77.257382,38.683632],[-77.265236,38.687046],[-77.275469,38.694339],[-77.299506,38.704891],[-77.303313,38.707995],[-77.309025,38.706443],[-77.316165,38.701167],[-77.325446,38.701632],[-77.326874,38.70427],[-77.320686,38.711719],[-77.331158,38.711253],[-77.332348,38.716529],[-77.335442,38.719477],[-77.351387,38.721805],[-77.358764,38.727857],[-77.346627,38.737477],[-77.343057,38.733598],[-77.331158,38.735305],[-77.330682,38.741822],[-77.321638,38.746012],[-77.316641,38.742753],[-77.310453,38.744305],[-77.317355,38.751288],[-77.30141,38.753305],[-77.306645,38.757495],[-77.313547,38.76696],[-77.299982,38.775339],[-77.300934,38.778443],[-77.313547,38.785736],[-77.326636,38.788219],[-77.327588,38.782167],[-77.345437,38.782632],[-77.35448,38.787753],[-77.360906,38.788064],[-77.366142,38.794891],[-77.374947,38.811805],[-77.380659,38.817236],[-77.386847,38.831357],[-77.393272,38.841288],[-77.404934,38.840046],[-77.405172,38.831822],[-77.398746,38.824529],[-77.397556,38.820495],[-77.40422,38.814598],[-77.412311,38.819564],[-77.418499,38.810098],[-77.421355,38.802184],[-77.427304,38.805598],[-77.435396,38.804977],[-77.444915,38.809477],[-77.455863,38.811805],[-77.45967,38.818322],[-77.458242,38.828408],[-77.462288,38.830581],[-77.464906,38.83896],[-77.463478,38.842219],[-77.470142,38.84796],[-77.477519,38.850288],[-77.478471,38.862546],[-77.47157,38.862857],[-77.463716,38.867667],[-77.47276,38.875426],[-77.496796,38.887219],[-77.394224,38.991029],[-77.328302,39.057753],[-77.32021,39.053564],[-77.304741,39.051391],[-77.290462,39.044874],[-77.274993,39.034322],[-77.254288,39.029512],[-77.245007,39.022219],[-77.246911,39.014926],[-77.253336,39.009184],[-77.255716,39.002046],[-77.25286,38.995529],[-77.248577,38.992426],[-77.245007,38.98265],[-77.236201,38.976908],[-77.228824,38.97877],[-77.224064,38.972253],[-77.211451,38.969305],[-77.208595,38.970236],[-77.197886,38.966667],[-77.179561,38.968374],[-77.182892,38.963564],[-77.190508,38.96015],[-77.195982,38.95177],[-77.202407,38.945564],[-77.210261,38.931443],[-77.201931,38.928495],[-77.19622,38.923529],[-77.213117,38.913443],[-77.216924,38.906615],[-77.215497,38.894512],[-77.220732,38.88427],[-77.21978,38.845477],[-77.217876,38.833064],[-77.22216,38.821736],[-77.220732,38.815684],[-77.211927,38.803426],[-77.214545,38.795512],[-77.205739,38.793184],[-77.19384,38.797219],[-77.186224,38.795201],[-77.180751,38.791167],[-77.170517,38.789926],[-77.152668,38.793805],[-77.135295,38.796443],[-77.137199,38.792564],[-77.136009,38.784029],[-77.140531,38.783253],[-77.149574,38.772081],[-77.143387,38.76727],[-77.14886,38.764167],[-77.155762,38.765408],[-77.155286,38.758581],[-77.158856,38.752684],[-77.164567,38.754391],[-77.167423,38.74896],[-77.164805,38.741512],[-77.170755,38.733598],[-77.173849,38.72196],[-77.182416,38.725064],[-77.18908,38.72165],[-77.188366,38.713581],[-77.192888,38.709391],[-77.206691,38.688598],[-77.224302,38.678667],[-77.230014,38.670288],[-77.239533,38.666563]]]}}]}